schema_version,session_id,run_key,run_id,sample_index,task_type,condition,attack_type,attack_variant,attack_severity,attack_target,attack_target_object,attack_target_phase,attack_parameter_value,attack_parameter_unit,attack_event_id,attack_active,attack_source,attack_start_elapsed_seconds,attack_elapsed_seconds,task_phase,received_at,elapsed_seconds,sample_interval_seconds,instantaneous_sample_rate_hz,sampling_gap,ros_time_seconds,reported_ros_time_seconds,reported_state_source,reported_state_age_seconds,shoulder_pan_position,shoulder_pan_velocity,shoulder_pan_effort,reported_shoulder_pan_position,reported_shoulder_pan_velocity,reported_shoulder_pan_effort,shoulder_pan_position_residual,shoulder_pan_velocity_residual,shoulder_pan_effort_residual,shoulder_lift_position,shoulder_lift_velocity,shoulder_lift_effort,reported_shoulder_lift_position,reported_shoulder_lift_velocity,reported_shoulder_lift_effort,shoulder_lift_position_residual,shoulder_lift_velocity_residual,shoulder_lift_effort_residual,elbow_position,elbow_velocity,elbow_effort,reported_elbow_position,reported_elbow_velocity,reported_elbow_effort,elbow_position_residual,elbow_velocity_residual,elbow_effort_residual,wrist_1_position,wrist_1_velocity,wrist_1_effort,reported_wrist_1_position,reported_wrist_1_velocity,reported_wrist_1_effort,wrist_1_position_residual,wrist_1_velocity_residual,wrist_1_effort_residual,wrist_2_position,wrist_2_velocity,wrist_2_effort,reported_wrist_2_position,reported_wrist_2_velocity,reported_wrist_2_effort,wrist_2_position_residual,wrist_2_velocity_residual,wrist_2_effort_residual,wrist_3_position,wrist_3_velocity,wrist_3_effort,reported_wrist_3_position,reported_wrist_3_velocity,reported_wrist_3_effort,wrist_3_position_residual,wrist_3_velocity_residual,wrist_3_effort_residual,gripper_joint_name,gripper_position,gripper_velocity,gripper_effort,reported_gripper_joint_name,reported_gripper_position,reported_gripper_velocity,reported_gripper_effort,gripper_position_residual,gripper_velocity_residual,gripper_effort_residual
sentinel_joint_telemetry_v2,20260731_114715,20260731_114715:1,1,0,short_cube_pick_place,attack,replay_attack,prior_command_replay,medium,arm_trajectory,cube,cube_retreat,3,commands_back,,0,,,,cube_approach,2026-07-31T11:47:19.131+01:00,0.000442,,,0,3507.694000000,3507.694000000,trusted_fallback,0.000000,1.4179905692966157e-07,2.6589516179120753e-15,-0.00024320416443533334,1.4179905692966157e-07,2.6589516179120753e-15,-0.00024320416443533334,0.0,0.0,0.0,-1.569999947468844,1.0003630546541811e-13,-0.057254868041507,-1.569999947468844,1.0003630546541811e-13,-0.057254868041507,0.0,0.0,0.0,-8.45544860168547e-08,-2.5632843287173857e-15,-0.02151416880688496,-8.45544860168547e-08,-2.5632843287173857e-15,-0.02151416880688496,0.0,0.0,0.0,-1.569999726148621,9.016084320107032e-14,-0.004213897190410934,-1.569999726148621,9.016084320107032e-14,-0.004213897190410934,0.0,0.0,0.0,-1.4725015112856024e-07,1.5549356507243983e-14,0.0030189640276666453,-1.4725015112856024e-07,1.5549356507243983e-14,0.0030189640276666453,0.0,0.0,0.0,-3.0082458924247677e-07,1.734723475976807e-17,8.419609638769046e-05,-3.0082458924247677e-07,1.734723475976807e-17,8.419609638769046e-05,0.0,0.0,0.0,robotiq_85_left_knuckle_joint,-2.603006973699759e-16,-1.5246593050577406e-20,,robotiq_85_left_knuckle_joint,-2.603006973699759e-16,-1.5246593050577406e-20,,0.0,0.0,
sentinel_joint_telemetry_v2,20260731_114715,20260731_114715:1,1,1,short_cube_pick_place,attack,replay_attack,prior_command_replay,medium,arm_trajectory,cube,cube_retreat,3,commands_back,,0,,,,cube_approach,2026-07-31T11:47:19.153+01:00,0.022394,0.021951,45.555235,0,3507.716000000,3507.716000000,trusted_fallback,0.000000,1.4179905692966173e-07,2.6589787229663875e-15,-0.00024320416443533843,1.4179905692966173e-07,2.6589787229663875e-15,-0.00024320416443533843,0.0,0.0,0.0,-1.569999947468844,1.0003631901794527e-13,-0.05725486804150697,-1.569999947468844,1.0003631901794527e-13,-0.05725486804150697,0.0,0.0,0.0,-8.455448601685473e-08,-2.5632978812445417e-15,-0.021514168806884948,-8.455448601685473e-08,-2.5632978812445417e-15,-0.021514168806884948,0.0,0.0,0.0,-1.569999726148621,9.016078899096169e-14,-0.004213897190410936,-1.569999726148621,9.016078899096169e-14,-0.004213897190410936,0.0,0.0,0.0,-1.472501511285603e-07,1.5549356507243983e-14,0.003018964027666646,-1.472501511285603e-07,1.5549356507243983e-14,0.003018964027666646,0.0,0.0,0.0,-3.0082458924247677e-07,1.7401444868392346e-17,8.419609638769045e-05,-3.0082458924247677e-07,1.7401444868392346e-17,8.419609638769045e-05,0.0,0.0,0.0,robotiq_85_left_knuckle_joint,-2.603007160047007e-16,7.284483346386983e-20,,robotiq_85_left_knuckle_joint,-2.603007160047007e-16,7.284483346386983e-20,,0.0,0.0,
sentinel_joint_telemetry_v2,20260731_114715,20260731_114715:1,1,2,short_cube_pick_place,attack,replay_attack,prior_command_replay,medium,arm_trajectory,cube,cube_retreat,3,commands_back,,0,,,,cube_approach,2026-07-31T11:47:19.173+01:00,0.042427,0.020034,49.915854,0,3507.736000000,3507.736000000,trusted_fallback,0.000000,-0.00013449835844029482,-0.03252003819853176,-26.084604180117946,-0.00013449835844029482,-0.03252003819853176,-26.084604180117946,0.0,0.0,0.0,-1.5703596467332332,-0.060174777831983134,150.0,-1.5703596467332332,-0.060174777831983134,150.0,0.0,0.0,0.0,0.0021438331365978692,0.5178268224993692,63.05022176522762,0.0021438331365978692,0.5178268224993692,63.05022176522762,0.0,0.0,0.0,-1.5703591030636674,-0.086801374940322,7.4540639648070055,-1.5703591030636674,-0.086801374940322,7.4540639648070055,0.0,0.0,0.0,-0.0017625846803837224,-0.42568675974422676,-5.408484441457927,-0.0017625846803837224,-0.42568675974422676,-5.408484441457927,0.0,0.0,0.0,-3.0048745918863874e-07,8.150314196643266e-08,0.04284220295945465,-3.0048745918863874e-07,8.150314196643266e-08,0.04284220295945465,0.0,0.0,0.0,robotiq_85_left_knuckle_joint,0.0035411430162097827,0.5000000004442158,,robotiq_85_left_knuckle_joint,0.0035411430162097827,0.5000000004442158,,0.0,0.0,
sentinel_joint_telemetry_v2,20260731_114715,20260731_114715:1,1,3,short_cube_pick_place,attack,replay_attack,prior_command_replay,medium,arm_trajectory,cube,cube_retreat,3,commands_back,,0,,,,cube_approach,2026-07-31T11:47:19.195+01:00,0.064395,0.021968,45.520643,0,3507.758000000,3507.758000000,trusted_fallback,0.000000,-0.0016939989165023666,-0.09254795858571485,-0.46903158300694875,-0.0016939989165023666,-0.09254795858571485,-0.46903158300694875,0.0,0.0,0.0,-1.5708928274728173,0.01631547405168795,0.4008427128907067,-1.5708928274728173,0.01631547405168795,0.4008427128907067,0.0,0.0,0.0,0.026976252135910303,1.473670315373759,-0.05658487845405983,0.026976252135910303,1.473670315373759,-0.05658487845405983,0.0,0.0,0.0,-1.5745216686218986,-0.2470258441920444,0.024654427639360606,-1.5745216686218986,-0.2470258441920444,0.024654427639360606,0.0,0.0,0.0,-0.022176420968646002,-1.2114512309731305,-0.28565425335072764,-0.022176420968646002,-1.2114512309731305,-0.28565425335072764,0.0,0.0,0.0,-2.965783030490909e-07,2.320421526352985e-07,4.440640534064987e-05,-2.965783030490909e-07,2.320421526352985e-07,4.440640534064987e-05,0.0,0.0,0.0,robotiq_85_left_knuckle_joint,0.014541094729021783,0.4999517000096241,,robotiq_85_left_knuckle_joint,0.014541094729021783,0.4999517000096241,,0.0,0.0,
sentinel_joint_telemetry_v2,20260731_114715,20260731_114715:1,1,4,short_cube_pick_place,attack,replay_attack,prior_command_replay,medium,arm_trajectory,cube,cube_retreat,3,commands_back,,0,,,,cube_approach,2026-07-31T11:47:19.215+01:00,0.084398,0.020002,49.994566,0,3507.778000000,3507.778000000,trusted_fallback,0.000000,-0.003772158173759801,-0.11042815741245696,-0.28444309096762416,-0.003772158173759801,-0.11042815741245696,-0.28444309096762416,0.0,0.0,0.0,-1.570878659682944,-0.008249461523016357,-0.9848317345874626,-1.570878659682944,-0.008249461523016357,-0.9848317345874626,0.0,0.0,0.0,0.06006743704937277,1.7583823586005192,-1.1128448810824318,0.06006743704937277,1.7583823586005192,-1.1128448810824318,0.0,0.0,0.0,-1.5800686202161873,-0.2947510598450872,-0.13701009229801278,-1.5800686202161873,-0.2947510598450872,-0.13701009229801278,0.0,0.0,0.0,-0.04937949093467131,-1.4455027359507295,-0.1190782371027868,-0.04937949093467131,-1.4455027359507295,-0.1190782371027868,0.0,0.0,0.0,-2.9136832423202107e-07,2.7684983548628e-07,0.00023648676229851852,-2.9136832423202107e-07,2.7684983548628e-07,0.00023648676229851852,0.0,0.0,0.0,robotiq_85_left_knuckle_joint,0.012802062024110071,-0.4999999998244288,,robotiq_85_left_knuckle_joint,0.012802062024110071,-0.4999999998244288,,0.0,0.0,
sentinel_joint_telemetry_v2,20260731_114715,20260731_114715:1,1,5,short_cube_pick_place,attack,replay_attack,prior_command_replay,medium,arm_trajectory,cube,cube_retreat,3,commands_back,,0,,,,cube_approach,2026-07-31T11:47:19.235+01:00,0.104491,0.020093,49.768564,0,3507.798000000,3507.798000000,trusted_fallback,0.000000,-0.0060599410931883105,-0.11666259722676277,0.05341665940943095,-0.0060599410931883105,-0.11666259722676277,0.05341665940943095,0.0,0.0,0.0,-1.5711524859916073,-0.016814724960053398,-2.7644547402229973,-1.5711524859916073,-0.016814724960053398,-2.7644547402229973,0.0,0.0,0.0,0.09649652562171594,1.8576553096591644,-2.4135038917853207,0.09649652562171594,1.8576553096591644,-2.4135038917853207,0.0,0.0,0.0,-1.5861750921231936,-0.3113918136957086,-0.3433532689452671,-1.5861750921231936,-0.3113918136957086,-0.3433532689452671,0.0,0.0,0.0,-0.07932653114534576,-1.5271114495563192,0.14664801270140113,-0.07932653114534576,-1.5271114495563192,0.14664801270140113,0.0,0.0,0.0,-2.856329474272578e-07,2.924681006735014e-07,-4.327436027780116e-05,-2.856329474272578e-07,2.924681006735014e-07,-4.327436027780116e-05,0.0,0.0,0.0,robotiq_85_left_knuckle_joint,0.004887251547690943,-0.2715139748743658,,robotiq_85_left_knuckle_joint,0.004887251547690943,-0.2715139748743658,,0.0,0.0,
sentinel_joint_telemetry_v2,20260731_114715,20260731_114715:1,1,6,short_cube_pick_place,attack,replay_attack,prior_command_replay,medium,arm_trajectory,cube,cube_retreat,3,commands_back,,0,,,,cube_approach,2026-07-31T11:47:19.257+01:00,0.126401,0.021910,45.641189,0,3507.820000000,3507.820000000,trusted_fallback,0.000000,-0.008650847624402937,-0.11939018547065879,0.10585750058628987,-0.008650847624402937,-0.11939018547065879,0.10585750058628987,0.0,0.0,0.0,-1.571569194288114,-0.019819883800301683,-4.035091957875254,-1.571569194288114,-0.019819883800301683,-4.035091957875254,0.0,0.0,0.0,0.13775234702287364,1.9010875573955868,-3.487994479945319,0.13775234702287364,1.9010875573955868,-3.487994479945319,0.0,0.0,0.0,-1.5930906512099516,-0.31867219911344524,-0.49649527475415434,-1.5930906512099516,-0.31867219911344524,-0.49649527475415434,0.0,0.0,0.0,-0.11324145437906102,-1.5628155343885453,0.22786598742276554,-0.11324145437906102,-1.5628155343885453,0.22786598742276554,0.0,0.0,0.0,-2.79137780606131e-07,2.993005888563688e-07,-0.0004402486749747537,-2.79137780606131e-07,2.993005888563688e-07,-0.0004402486749747537,0.0,0.0,0.0,robotiq_85_left_knuckle_joint,0.0015336713215035437,-0.08520396231779816,,robotiq_85_left_knuckle_joint,0.0015336713215035437,-0.08520396231779816,,0.0,0.0,
sentinel_joint_telemetry_v2,20260731_114715,20260731_114715:1,1,7,short_cube_pick_place,attack,replay_attack,prior_command_replay,medium,arm_trajectory,cube,cube_retreat,3,commands_back,,0,,,,cube_approach,2026-07-31T11:47:19.279+01:00,0.148353,0.021953,45.552743,0,3507.842000000,3507.842000000,trusted_fallback,0.000000,-0.011283316923728685,-0.1198087310406426,0.1456151248699917,-0.011283316923728685,-0.1198087310406426,0.1456151248699917,0.0,0.0,0.0,-1.5720204781330804,-0.020904178838280062,-5.275532272616561,-1.5720204781330804,-0.020904178838280062,-5.275532272616561,0.0,0.0,0.0,0.17966998548513216,1.9077521906237291,-4.558051653313959,0.17966998548513216,1.9077521906237291,-4.558051653313959,0.0,0.0,0.0,-1.6001171482171677,-0.31978936673395886,-0.6483105921410193,-1.6001171482171677,-0.31978936673395886,-0.6483105921410193,0.0,0.0,0.0,-0.1477004335557652,-1.568294289051297,0.3009034340654868,-0.1477004335557652,-1.568294289051297,0.3009034340654868,0.0,0.0,0.0,-2.725384637212261e-07,3.0034662135830503e-07,-0.000690588198811462,-2.725384637212261e-07,3.0034662135830503e-07,-0.000690588198811462,0.0,0.0,0.0,robotiq_85_left_knuckle_joint,0.0004812823114002543,-0.026737906206741473,,robotiq_85_left_knuckle_joint,0.0004812823114002543,-0.026737906206741473,,0.0,0.0,
sentinel_joint_telemetry_v2,20260731_114715,20260731_114715:1,1,8,short_cube_pick_place,attack,replay_attack,prior_command_replay,medium,arm_trajectory,cube,cube_retreat,3,commands_back,,0,,,,cube_approach,2026-07-31T11:47:19.299+01:00,0.168400,0.020047,49.883136,0,3507.862000000,3507.862000000,trusted_fallback,0.000000,-0.013681075700541438,-0.11993340099459696,0.17869669623442525,-0.013681075700541438,-0.11993340099459696,0.17869669623442525,0.0,0.0,0.0,-1.572442665665606,-0.02122715206438952,-6.386159599682013,-1.572442665665606,-0.02122715206438952,-6.386159599682013,0.0,0.0,0.0,0.2178502543137412,1.9097373496580528,-5.520803342677125,0.2178502543137412,1.9097373496580528,-5.520803342677125,0.0,0.0,0.0,-1.6065171639273255,-0.3201221315447411,-0.7842413481352969,-1.6065171639273255,-0.3201221315447411,-0.7842413481352969,0.0,0.0,0.0,-0.17908705591298066,-1.5699262167120198,0.3639366951133503,-0.17908705591298066,-1.5699262167120198,0.3639366951133503,0.0,0.0,0.0,-2.6652757508555333e-07,3.006580764908229e-07,-0.0008765100548680555,-2.6652757508555333e-07,3.006580764908229e-07,-0.0008765100548680555,0.0,0.0,0.0,robotiq_85_left_knuckle_joint,0.00016781276534141048,-0.009322931430074084,,robotiq_85_left_knuckle_joint,0.00016781276534141048,-0.009322931430074084,,0.0,0.0,
sentinel_joint_telemetry_v2,20260731_114715,20260731_114715:1,1,9,short_cube_pick_place,attack,replay_attack,prior_command_replay,medium,arm_trajectory,cube,cube_retreat,3,commands_back,,0,,,,cube_approach,2026-07-31T11:47:19.319+01:00,0.188412,0.020012,49.970982,0,3507.882000000,3507.882000000,trusted_fallback,0.000000,-0.016080296081474925,-0.11997687071954877,0.21079198590947107,-0.016080296081474925,-0.11997687071954877,0.21079198590947107,0.0,0.0,0.0,-1.5728686396677893,-0.021339765865274415,-7.483625413624659,-1.5728686396677893,-0.021339765865274415,-7.483625413624659,0.0,0.0,0.0,0.2560537967261701,1.910429531812852,-6.4741310846345,0.2560537967261701,1.910429531812852,-6.4741310846345,0.0,0.0,0.0,-1.6129210809016075,-0.32023815946142714,-0.9182506810219523,-1.6129210809016075,-0.32023815946142714,-0.9182506810219523,0.0,0.0,0.0,-0.21049281064425143,-1.5704952347025487,0.42488171450958345,-0.21049281064425143,-1.5704952347025487,0.42488171450958345,0.0,0.0,0.0,-2.605130346577828e-07,3.0076663373040935e-07,-0.0010483650279096935,-2.605130346577828e-07,3.0076663373040935e-07,-0.0010483650279096935,0.0,0.0,0.0,robotiq_85_left_knuckle_joint,5.8512692958278166e-05,-0.0032507051903762976,,robotiq_85_left_knuckle_joint,5.8512692958278166e-05,-0.0032507051903762976,,0.0,0.0,
sentinel_joint_telemetry_v2,20260731_114715,20260731_114715:1,1,10,short_cube_pick_place,attack,replay_attack,prior_command_replay,medium,arm_trajectory,cube,cube_retreat,3,commands_back,,0,,,,cube_approach,2026-07-31T11:47:19.339+01:00,0.208414,0.020002,49.994266,0,3507.902000000,3507.902000000,trusted_fallback,0.000000,-0.018480026092251696,-0.11999202767538142,0.2415830266313561,-0.018480026092251696,-0.11999202767538142,0.2415830266313561,0.0,0.0,0.0,-1.5732959339303094,-0.02137903186984456,-8.563754594865845,-1.5732959339303094,-0.02137903186984456,-8.563754594865845,0.0,0.0,0.0,0.29426545413549066,1.910670880806382,-7.414858885473635,0.29426545413549066,1.910670880806382,-7.414858885473635,0.0,0.0,0.0,-1.6193263581626047,-0.3202786158956067,-1.0497030922007269,-1.6193263581626047,-0.3202786158956067,-1.0497030922007269,0.0,0.0,0.0,-0.24190523642185496,-1.570693639007435,0.48299804888086234,-0.24190523642185496,-1.570693639007435,0.48299804888086234,0.0,0.0,0.0,-2.544972214281066e-07,3.0080447021782475e-07,-0.0012138528663968732,-2.544972214281066e-07,3.0080447021782475e-07,-0.0012138528663968732,0.0,0.0,0.0,robotiq_85_left_knuckle_joint,-2.618203889098985e-14,-5.097935962261602e-13,,robotiq_85_left_knuckle_joint,-2.618203889098985e-14,-5.097935962261602e-13,,0.0,0.0,
sentinel_joint_telemetry_v2,20260731_114715,20260731_114715:1,1,11,short_cube_pick_place,attack,replay_attack,prior_command_replay,medium,arm_trajectory,cube,cube_retreat,3,commands_back,,0,,,,cube_approach,2026-07-31T11:47:19.361+01:00,0.230452,0.022038,45.375641,0,3507.924000000,3507.924000000,trusted_fallback,0.000000,-0.02111992899096872,-0.11999759550108334,0.277192295961945,-0.02111992899096872,-0.11999759550108334,0.277192295961945,0.0,0.0,0.0,-1.573766475451195,-0.021393456024242072,-9.744474234179865,-1.573766475451195,-0.021393456024242072,-9.744474234179865,0.0,0.0,0.0,0.3363014601473663,1.9107595390529084,-8.441164888658989,0.3363014601473663,1.9107595390529084,-8.441164888658989,0.0,0.0,0.0,-1.626372696680969,-0.32029347734879865,-1.192584556353992,-1.626372696680969,-0.32029347734879865,-1.192584556353992,0.0,0.0,0.0,-0.27646152129299184,-1.570766521755195,0.5466844463332562,-0.27646152129299184,-1.570766521755195,0.5466844463332562,0.0,0.0,0.0,-2.4787932784476e-07,3.008183627438432e-07,-0.0013946942279487045,-2.4787932784476e-07,3.008183627438432e-07,-0.0013946942279487045,0.0,0.0,0.0,robotiq_85_left_knuckle_joint,-2.921089383562097e-14,-1.5341547476843687e-13,,robotiq_85_left_knuckle_joint,-2.921089383562097e-14,-1.5341547476843687e-13,,0.0,0.0,
sentinel_joint_telemetry_v2,20260731_114715,20260731_114715:1,1,12,short_cube_pick_place,attack,replay_attack,prior_command_replay,medium,arm_trajectory,cube,cube_retreat,3,commands_back,,0,,,,cube_approach,2026-07-31T11:47:19.383+01:00,0.252607,0.022155,45.136974,0,3507.946000000,3507.946000000,trusted_fallback,0.000000,-0.023759900660179554,-0.11999934274377093,0.3116913793035495,-0.023759900660179554,-0.11999934274377093,0.3116913793035495,0.0,0.0,0.0,-1.5742371951307161,-0.02139798247684476,-10.901753477002451,-1.5742371951307161,-0.02139798247684476,-10.901753477002451,0.0,0.0,0.0,0.3783385612135247,1.910787360949673,-9.449344044332722,0.3783385612135247,1.910787360949673,-9.449344044332722,0.0,0.0,0.0,-1.6334192187592382,-0.32029814103128923,-1.3318090638267241,-1.6334192187592382,-0.32029814103128923,-1.3318090638267241,0.0,0.0,0.0,-0.3110187063687706,-1.5707893931334003,0.6067978276762469,-0.3110187063687706,-1.5707893931334003,0.6067978276762469,0.0,0.0,0.0,-2.4126126269536725e-07,3.008227184124468e-07,-0.0015719832192759864,-2.4126126269536725e-07,3.008227184124468e-07,-0.0015719832192759864,0.0,0.0,0.0,robotiq_85_left_knuckle_joint,-3.1481098693056197e-14,-1.0360115543228687e-13,,robotiq_85_left_knuckle_joint,-3.1481098693056197e-14,-1.0360115543228687e-13,,0.0,0.0,
sentinel_joint_telemetry_v2,20260731_114715,20260731_114715:1,1,13,short_cube_pick_place,attack,replay_attack,prior_command_replay,medium,arm_trajectory,cube,cube_retreat,3,commands_back,,0,,,,cube_approach,2026-07-31T11:47:19.405+01:00,0.274483,0.021876,45.712248,0,3507.968000000,3507.968000000,trusted_fallback,0.000000,-0.026399893910299843,-0.11999989104703375,0.34604684866794433,-0.026399893910299843,-0.11999989104703375,0.34604684866794433,0.0,0.0,0.0,-1.574707970718307,-0.02139940292570365,-12.03792325904464,-1.574707970718307,-0.02139940292570365,-12.03792325904464,0.0,0.0,0.0,0.42037600591931146,1.9107960917552935,-10.439986760037272,0.42037600591931146,1.9107960917552935,-10.439986760037272,0.0,0.0,0.0,-1.64046579844057,-0.3202996045451898,-1.4675161907483907,-1.64046579844057,-0.3202996045451898,-1.4675161907483907,0.0,0.0,0.0,-0.3455761739382988,-1.5707965704139584,0.6640767607572543,-0.3455761739382988,-1.5707965704139584,0.6640767607572543,0.0,0.0,0.0,-2.3464314376573389e-07,3.008240830187914e-07,-0.0017475552190880095,-2.3464314376573389e-07,3.008240830187914e-07,-0.0017475552190880095,0.0,0.0,0.0,robotiq_85_left_knuckle_joint,-3.3230019145960406e-14,-7.178632688287223e-14,,robotiq_85_left_knuckle_joint,-3.3230019145960406e-14,-7.178632688287223e-14,,0.0,0.0,
sentinel_joint_telemetry_v2,20260731_114715,20260731_114715:1,1,14,short_cube_pick_place,attack,replay_attack,prior_command_replay,medium,arm_trajectory,cube,cube_retreat,3,commands_back,,0,,,,cube_approach,2026-07-31T11:47:19.427+01:00,0.296717,0.022234,44.975360,0,3507.990000000,3507.990000000,trusted_fallback,0.000000,-0.029033516633188986,-0.12035435752985424,0.3815881995205677,-0.029033516633188986,-0.12035435752985424,0.3815881995205677,0.0,0.0,0.0,-1.5751774011811635,-0.021475552526507097,-13.157422862018555,-1.5751774011811635,-0.021475552526507097,-13.157422862018555,0.0,0.0,0.0,0.46231201071200556,1.9164403732878725,-11.407045379381323,0.46231201071200556,1.9164403732878725,-11.407045379381323,0.0,0.0,0.0,-1.6474953741287202,-0.3212457343480238,-1.5980243970799703,-1.6474953741287202,-0.3212457343480238,-1.5980243970799703,0.0,0.0,0.0,-0.3800502514127889,-1.5754365307520684,0.7178109041843296,-0.3800502514127889,-1.5754365307520684,0.7178109041843296,0.0,0.0,0.0,-2.2804100016488253e-07,3.017133459737309e-07,-0.00233701186641756,-2.2804100016488253e-07,3.017133459737309e-07,-0.00233701186641756,0.0,0.0,0.0,robotiq_85_left_knuckle_joint,0.0006457461463127758,-0.03587478594485183,,robotiq_85_left_knuckle_joint,0.0006457461463127758,-0.03587478594485183,,0.0,0.0,
sentinel_joint_telemetry_v2,20260731_114715,20260731_114715:1,1,15,short_cube_pick_place,attack,replay_attack,prior_command_replay,medium,arm_trajectory,cube,cube_retreat,3,commands_back,,0,,,,cube_approach,2026-07-31T11:47:19.449+01:00,0.318464,0.021747,45.983453,0,3508.012000000,3508.012000000,trusted_fallback,0.000000,-0.0316778948162314,-0.12011129844850248,0.4137457667523928,-0.0316778948162314,-0.12011129844850248,0.4137457667523928,0.0,0.0,0.0,-1.5756491348681823,-0.021423745229658495,-14.240341145732259,-1.5756491348681823,-0.021423745229658495,-14.240341145732259,0.0,0.0,0.0,0.5044192780867952,1.9125700669252064,-12.359487515353603,0.5044192780867952,1.9125700669252064,-12.359487515353603,0.0,0.0,0.0,-1.6545536579229256,-0.3205969693720165,-1.7266317769296176,-1.6545536579229256,-0.3205969693720165,-1.7266317769296176,0.0,0.0,0.0,-0.41466511768099185,-1.5722548914384518,0.7685915081409164,-0.41466511768099185,-1.5722548914384518,0.7685915081409164,0.0,0.0,0.0,-2.2141187772058896e-07,3.01103578263448e-07,-0.0027436462941616544,-2.2141187772058896e-07,3.01103578263448e-07,-0.0027436462941616544,0.0,0.0,0.0,robotiq_85_left_knuckle_joint,0.00020264198258155406,-0.011257887960267544,,robotiq_85_left_knuckle_joint,0.00020264198258155406,-0.011257887960267544,,0.0,0.0,
sentinel_joint_telemetry_v2,20260731_114715,20260731_114715:1,1,16,short_cube_pick_place,attack,replay_attack,prior_command_replay,medium,arm_trajectory,cube,cube_retreat,3,commands_back,,0,,,,cube_approach,2026-07-31T11:47:19.469+01:00,0.338676,0.020212,49.476032,0,3508.032000000,3508.032000000,trusted_fallback,0.000000,-0.034079200829214625,-0.12003889972613173,0.44377606326536484,-0.034079200829214625,-0.12003889972613173,0.44377606326536484,0.0,0.0,0.0,-1.576077413686977,-0.02140831366412495,-15.204370378465242,-1.576077413686977,-0.02140831366412495,-15.204370378465242,0.0,0.0,0.0,0.5426560306761263,1.9114172392479034,-13.204557966561763,0.5426560306761263,1.9114172392479034,-13.204557966561763,0.0,0.0,0.0,-1.6609631417953243,-0.32040372518091936,-1.8392685214053583,-1.6609631417953243,-0.32040372518091936,-1.8392685214053583,0.0,0.0,0.0,-0.4460981733012466,-1.5713071933714404,0.8117002700051067,-0.4460981733012466,-1.5713071933714404,0.8117002700051067,0.0,0.0,0.0,-2.153921125567059e-07,3.0092200772879885e-07,-0.0030968600443185617,-2.153921125567059e-07,3.0092200772879885e-07,-0.0030968600443185617,0.0,0.0,0.0,robotiq_85_left_knuckle_joint,7.06568899144674e-05,-0.003925382812258845,,robotiq_85_left_knuckle_joint,7.06568899144674e-05,-0.003925382812258845,,0.0,0.0,
sentinel_joint_telemetry_v2,20260731_114715,20260731_114715:1,1,17,short_cube_pick_place,attack,replay_attack,prior_command_replay,medium,arm_trajectory,cube,cube_retreat,3,commands_back,,0,,,,cube_approach,2026-07-31T11:47:19.491+01:00,0.360438,0.021762,45.951338,0,3508.054000000,3508.054000000,trusted_fallback,0.000000,-0.0367196826638137,-0.12001230444722939,0.4778607613398688,-0.0367196826638137,-0.12001230444722939,0.4778607613398688,0.0,0.0,0.0,-1.576548316879293,-0.021402644961998736,-16.235961560288228,-1.576548316879293,-0.021402644961998736,-16.235961560288228,0.0,0.0,0.0,0.5847012552665479,1.9109937542380622,-14.109237802785941,0.5847012552665479,1.9109937542380622,-14.109237802785941,0.0,0.0,0.0,-1.6680110255897376,-0.3203327379731337,-1.9582150543807242,-1.6680110255897376,-0.3203327379731337,-1.9582150543807242,0.0,0.0,0.0,-0.4806620364334241,-1.5709590616141929,0.8555014223329167,-0.4806620364334241,-1.5709590616141929,0.8555014223329167,0.0,0.0,0.0,-2.0877276582485313e-07,3.008553237336675e-07,-0.0034704969435496603,-2.0877276582485313e-07,3.008553237336675e-07,-0.0034704969435496603,0.0,0.0,0.0,robotiq_85_left_knuckle_joint,-3.453698060572612e-14,-2.2311666403318497e-13,,robotiq_85_left_knuckle_joint,-3.453698060572612e-14,-2.2311666403318497e-13,,0.0,0.0,
sentinel_joint_telemetry_v2,20260731_114715,20260731_114715:1,1,18,short_cube_pick_place,attack,replay_attack,prior_command_replay,medium,arm_trajectory,cube,cube_retreat,3,commands_back,,0,,,,cube_approach,2026-07-31T11:47:19.513+01:00,0.382462,0.022024,45.404959,0,3508.076000000,3508.076000000,trusted_fallback,0.000000,-0.03935983600923821,-0.12000395856691251,0.5101758434939145,-0.03935983600923821,-0.12000395856691251,0.5101758434939145,0.0,0.0,0.0,-1.5770191500551498,-0.02140086606325115,-17.24052551342315,-1.5770191500551498,-0.02140086606325115,-17.24052551342315,0.0,0.0,0.0,0.6267412492202886,1.9108608601544441,-14.989865833568034,0.6267412492202886,1.9108608601544441,-14.989865833568034,0.0,0.0,0.0,-1.6750580325921034,-0.3203104614355847,-2.0724826786567934,-1.6750580325921034,-0.3203104614355847,-2.0724826786567934,0.0,0.0,0.0,-0.515221599647783,-1.5708498141797806,0.895299414080957,-0.515221599647783,-1.5708498141797806,0.895299414080957,0.0,0.0,0.0,-2.0215424294239888e-07,3.0083439840275505e-07,-0.003830284870422192,-2.0215424294239888e-07,3.0083439840275505e-07,-0.003830284870422192,0.0,0.0,0.0,robotiq_85_left_knuckle_joint,-3.4101055004554e-14,1.0540526784730275e-13,,robotiq_85_left_knuckle_joint,-3.4101055004554e-14,1.0540526784730275e-13,,0.0,0.0,
sentinel_joint_telemetry_v2,20260731_114715,20260731_114715:1,1,19,short_cube_pick_place,attack,replay_attack,prior_command_replay,medium,arm_trajectory,cube,cube_retreat,3,commands_back,,0,,,,cube_approach,2026-07-31T11:47:19.535+01:00,0.404407,0.021945,45.569370,0,3508.098000000,3508.098000000,trusted_fallback,0.000000,-0.04199988627127921,-0.12000133954124031,0.543026757869604,-0.04199988627127921,-0.12000133954124031,0.543026757869604,0.0,0.0,0.0,-1.5774899612591005,-0.021400307826005747,-18.21015497327933,-1.5774899612591005,-0.021400307826005747,-18.21015497327933,0.0,0.0,0.0,0.6687796017448087,1.9108191565825976,-15.841727411781863,0.6687796017448087,1.9108191565825976,-15.841727411781863,0.0,0.0,0.0,-1.6821047644478444,-0.3203034708225271,-2.1811919760514833,-1.6821047644478444,-0.3203034708225271,-2.1811919760514833,0.0,0.0,0.0,-0.5497798135023643,-1.5708155311770575,0.9308902438228313,-0.5497798135023643,-1.5708155311770575,0.9308902438228313,0.0,0.0,0.0,-1.9553597866286494e-07,3.008278261218411e-07,-0.004173676215560874,-1.9553597866286494e-07,3.008278261218411e-07,-0.004173676215560874,0.0,0.0,0.0,robotiq_85_left_knuckle_joint,-3.2706611416177857e-14,9.108339082963823e-14,,robotiq_85_left_knuckle_joint,-3.2706611416177857e-14,9.108339082963823e-14,,0.0,0.0,
sentinel_joint_telemetry_v2,20260731_114715,20260731_114715:1,1,20,short_cube_pick_place,attack,replay_attack,prior_command_replay,medium,arm_trajectory,cube,cube_retreat,3,commands_back,,0,,,,cube_approach,2026-07-31T11:47:19.555+01:00,0.424464,0.020057,49.857721,0,3508.118000000,3508.118000000,trusted_fallback,0.000000,-0.04439990314933577,-0.12000055942592287,0.5725453852805646,-0.04439990314933577,-0.12000055942592287,0.5725453852805646,0.0,0.0,0.0,-1.5779179653027446,-0.021400141546852106,-19.061408460924536,-1.5779179653027446,-0.021400141546852106,-19.061408460924536,0.0,0.0,0.0,0.7069958270323219,1.910806734560101,-16.590890289214144,0.7069958270323219,1.910806734560101,-16.590890289214144,0.0,0.0,0.0,-1.6885108074054798,-0.3203013885659732,-2.2751990370929933,-1.6885108074054798,-0.3203013885659732,-2.2751990370929933,0.0,0.0,0.0,-0.5811959943679299,-1.5708053194802265,0.9594484392441831,-0.5811959943679299,-1.5708053194802265,0.9594484392441831,0.0,0.0,0.0,-1.895194471786739e-07,3.008258619317458e-07,-0.004471469903855085,-1.895194471786739e-07,3.008258619317458e-07,-0.004471469903855085,0.0,0.0,0.0,robotiq_85_left_knuckle_joint,-3.098639716735411e-14,1.017068373965202e-13,,robotiq_85_left_knuckle_joint,-3.098639716735411e-14,1.017068373965202e-13,,0.0,0.0,
sentinel_joint_telemetry_v2,20260731_114715,20260731_114715:1,1,21,short_cube_pick_place,attack,replay_attack,prior_command_replay,medium,arm_trajectory,cube,cube_retreat,3,commands_back,,0,,,,cube_approach,2026-07-31T11:47:19.577+01:00,0.446437,0.021973,45.510285,0,3508.140000000,3508.140000000,trusted_fallback,0.000000,-0.04703991142719524,-0.12000027285478333,0.604576057883898,-0.04703991142719524,-0.12000027285478333,0.604576057883898,0.0,0.0,0.0,-1.578388767557898,-0.02140008046510908,-19.9628961440443,-1.578388767557898,-0.02140008046510908,-19.9628961440443,0.0,0.0,0.0,0.7490335110294676,1.9108021713971235,-17.385842885715263,0.7490335110294676,1.9108021713971235,-17.385842885715263,0.0,0.0,0.0,-1.6955574271985054,-0.3203006236607006,-2.3731058806720187,-1.6955574271985054,-0.3203006236607006,-2.3731058806720187,0.0,0.0,0.0,-0.6157536586502603,-1.5708015682684298,0.9865448846799998,-0.6157536586502603,-1.5708015682684298,0.9865448846799998,0.0,0.0,0.0,-1.8290128855737128e-07,3.008251324527686e-07,-0.004782033063038734,-1.8290128855737128e-07,3.008251324527686e-07,-0.004782033063038734,0.0,0.0,0.0,robotiq_85_left_knuckle_joint,-2.860544062431863e-14,1.210039013432862e-13,,robotiq_85_left_knuckle_joint,-2.860544062431863e-14,1.210039013432862e-13,,0.0,0.0,
sentinel_joint_telemetry_v2,20260731_114715,20260731_114715:1,1,22,short_cube_pick_place,attack,replay_attack,prior_command_replay,medium,arm_trajectory,cube,cube_retreat,3,commands_back,,0,,,,cube_approach,2026-07-31T11:47:19.599+01:00,0.468382,0.021945,45.569411,0,3508.162000000,3508.162000000,trusted_fallback,0.000000,-0.049679916165497315,-0.12000018292572383,0.6360865899410368,-0.049679916165497315,-0.12000018292572383,0.6360865899410368,0.0,0.0,0.0,-1.5788595690586065,-0.021400061297046028,-20.826215683779587,-1.5788595690586065,-0.021400061297046028,-20.826215683779587,0.0,0.0,0.0,0.7910711386651172,1.9108007394280202,-18.148930218224514,0.7910711386651172,1.9108007394280202,-18.148930218224514,0.0,0.0,0.0,-1.7026040375438782,-0.320300383625616,-2.4650593969675336,-1.7026040375438782,-0.320300383625616,-2.4650593969675336,0.0,0.0,0.0,-0.6503112765998356,-1.5708003910981954,1.008990955612279,-0.6503112765998356,-1.5708003910981954,1.008990955612279,0.0,0.0,0.0,-1.7628313906535187e-07,3.008248946950384e-07,-0.005073584272563143,-1.7628313906535187e-07,3.008248946950384e-07,-0.005073584272563143,0.0,0.0,0.0,robotiq_85_left_knuckle_joint,-2.5723374510777716e-14,1.4232365286304116e-13,,robotiq_85_left_knuckle_joint,-2.5723374510777716e-14,1.4232365286304116e-13,,0.0,0.0,
sentinel_joint_telemetry_v2,20260731_114715,20260731_114715:1,1,23,short_cube_pick_place,attack,replay_attack,prior_command_replay,medium,arm_trajectory,cube,cube_retreat,3,commands_back,,0,,,,cube_approach,2026-07-31T11:47:19.619+01:00,0.488382,0.020001,49.998115,0,3508.182000000,3508.182000000,trusted_fallback,0.000000,-0.052079919483638715,-0.12000015613903195,0.6642288377574775,-0.052079919483638715,-0.12000015613903195,0.6642288377574775,0.0,0.0,0.0,-1.579287570211998,-0.02140005558760276,-21.57660460475703,-1.579287570211998,-0.02140005558760276,-21.57660460475703,0.0,0.0,0.0,0.8292871480338062,1.9108003128947897,-18.813874378736635,0.8292871480338062,1.9108003128947897,-18.813874378736635,0.0,0.0,0.0,-1.7090100443078826,-0.3203003121279063,-2.543339583198602,-1.7090100443078826,-0.3203003121279063,-2.543339583198602,0.0,0.0,0.0,-0.6817272799663178,-1.5708000404605182,1.0252681825872085,-0.6817272799663178,-1.5708000404605182,1.0252681825872085,0.0,0.0,0.0,-1.702666422468817e-07,3.008248155088149e-07,-0.005321132066963833,-1.702666422468817e-07,3.008248155088149e-07,-0.005321132066963833,0.0,0.0,0.0,robotiq_85_left_knuckle_joint,-2.268031565032529e-14,1.6183235307387633e-13,,robotiq_85_left_knuckle_joint,-2.268031565032529e-14,1.6183235307387633e-13,,0.0,0.0,
sentinel_joint_telemetry_v2,20260731_114715,20260731_114715:1,1,24,short_cube_pick_place,attack,replay_attack,prior_command_replay,medium,arm_trajectory,cube,cube_retreat,3,commands_back,,0,,,,cube_approach,2026-07-31T11:47:19.639+01:00,0.508453,0.020071,49.823190,0,3508.202000000,3508.202000000,trusted_fallback,0.000000,-0.0544799224877386,-0.12000014679909142,0.6918414467438138,-0.0544799224877386,-0.12000014679909142,0.6918414467438138,0.0,0.0,0.0,-1.579715571298454,-0.021400053596820696,-22.293031242448066,-1.579715571298454,-0.021400053596820696,-22.293031242448066,0.0,0.0,0.0,0.867503152401908,1.910800164171702,-19.450435384716922,0.867503152401908,1.910800164171702,-19.450435384716922,0.0,0.0,0.0,-1.7154160502336653,-0.3203002871984151,-2.616439425674106,-1.7154160502336653,-0.3203002871984151,-2.616439425674106,0.0,0.0,0.0,-0.7131432792219955,-1.5707999182005417,1.0375445590292571,-0.7131432792219955,-1.5707999182005417,1.0375445590292571,0.0,0.0,0.0,-1.642501464567911e-07,3.0082477939577523e-07,-0.005551119120211959,-1.642501464567911e-07,3.0082477939577523e-07,-0.005551119120211959,0.0,0.0,0.0,robotiq_85_left_knuckle_joint,-1.9246728902067067e-14,1.8098370024866028e-13,,robotiq_85_left_knuckle_joint,-1.9246728902067067e-14,1.8098370024866028e-13,,0.0,0.0,
sentinel_joint_telemetry_v2,20260731_114715,20260731_114715:1,1,25,short_cube_pick_place,attack,replay_attack,prior_command_replay,medium,arm_trajectory,cube,cube_retreat,3,commands_back,,0,,,,cube_approach,2026-07-31T11:47:19.661+01:00,0.530451,0.021998,45.459060,0,3508.224000000,3508.224000000,trusted_fallback,0.000000,-0.05711992566907527,-0.12000014336811551,0.7215437725078601,-0.05711992566907527,-0.12000014336811551,0.7215437725078601,0.0,0.0,0.0,-1.5801863724673013,-0.02140005286557231,-23.040618044148772,-1.5801863724673013,-0.02140005286557231,-23.040618044148772,0.0,0.0,0.0,0.9095407552454883,1.9108001095389437,-20.116798070912466,0.9095407552454883,1.9108001095389437,-20.116798070912466,0.0,0.0,0.0,-1.7224626564232643,-0.3203002780408951,-2.6907480239089283,-1.7224626564232643,-0.3203002780408951,-2.6907480239089283,0.0,0.0,0.0,-0.7477008767908987,-1.5707998732887969,1.0463671392870408,-0.7477008767908987,-1.5707998732887969,1.0463671392870408,0.0,0.0,0.0,-1.5763200168774678e-07,3.0082475631896567e-07,-0.005782821039995235,-1.5763200168774678e-07,3.0082475631896567e-07,-0.005782821039995235,0.0,0.0,0.0,robotiq_85_left_knuckle_joint,-1.5034789077372815e-14,2.0103883835442815e-13,,robotiq_85_left_knuckle_joint,-1.5034789077372815e-14,2.0103883835442815e-13,,0.0,0.0,
sentinel_joint_telemetry_v2,20260731_114715,20260731_114715:1,1,26,short_cube_pick_place,attack,replay_attack,prior_command_replay,medium,arm_trajectory,cube,cube_retreat,3,commands_back,,0,,,,cube_approach,2026-07-31T11:47:19.683+01:00,0.552394,0.021943,45.573544,0,3508.246000000,3508.246000000,trusted_fallback,0.000000,-0.059759928808034546,-0.1200001422914403,0.7504756875433959,-0.059759928808034546,-0.1200001422914403,0.7504756875433959,0.0,0.0,0.0,-1.580657173627117,-0.021400052636110382,-23.744522939082067,-1.580657173627117,-0.021400052636110382,-23.744522939082067,0.0,0.0,0.0,0.9515783574142752,1.9108000923944637,-20.746604077809074,0.9515783574142752,1.9108000923944637,-20.746604077809074,0.0,0.0,0.0,-1.7295092624997572,-0.3203002751673538,-2.7585593751858646,-1.7295092624997572,-0.3203002751673538,-2.7585593751858646,0.0,0.0,0.0,-0.782258473805076,-1.5707998591947958,1.0502412601683764,-0.782258473805076,-1.5707998591947958,1.0502412601683764,0.0,0.0,0.0,-1.5101385734464364e-07,3.008247383400205e-07,-0.005991180253636883,-1.5101385734464364e-07,3.008247383400205e-07,-0.005991180253636883,0.0,0.0,0.0,robotiq_85_left_knuckle_joint,-1.0386028534192834e-14,2.2047121073232034e-13,,robotiq_85_left_knuckle_joint,-1.0386028534192834e-14,2.2047121073232034e-13,,0.0,0.0,
sentinel_joint_telemetry_v2,20260731_114715,20260731_114715:1,1,27,short_cube_pick_place,attack,replay_attack,prior_command_replay,medium,arm_trajectory,cube,cube_retreat,3,commands_back,,0,,,,cube_approach,2026-07-31T11:47:19.703+01:00,0.572423,0.020029,49.927069,0,3508.266000000,3508.266000000,trusted_fallback,0.000000,-0.06215284576141214,-0.12039380243610656,0.7835004656457034,-0.06215284576141214,-0.12039380243610656,0.7835004656457034,0.0,0.0,0.0,-1.5810789197093205,-0.02174755088159106,-24.361728904581167,-1.5810789197093205,-0.02174755088159106,-24.361728904581167,0.0,0.0,0.0,0.9896815283630411,1.9170684669673796,-21.2856169836826,0.9896815283630411,1.9170684669673796,-21.2856169836826,0.0,0.0,0.0,-1.735896354581429,-0.3213510193556361,-2.814233336500374,-1.735896354581429,-0.3213510193556361,-2.814233336500374,0.0,0.0,0.0,-0.8135817167750983,-1.5759528639150535,1.0507290989501332,-0.8135817167750983,-1.5759528639150535,1.0507290989501332,0.0,0.0,0.0,-1.4501513723073826e-07,3.0181155882647124e-07,-0.005374573843891506,-1.4501513723073826e-07,3.0181155882647124e-07,-0.005374573843891506,0.0,0.0,0.0,robotiq_85_left_knuckle_joint,0.0002596205191409561,-0.014423362181306649,,robotiq_85_left_knuckle_joint,0.0002596205191409561,-0.014423362181306649,,0.0,0.0,
sentinel_joint_telemetry_v2,20260731_114715,20260731_114715:1,1,28,short_cube_pick_place,attack,replay_attack,prior_command_replay,medium,arm_trajectory,cube,cube_retreat,3,commands_back,,0,,,,cube_approach,2026-07-31T11:47:19.725+01:00,0.594418,0.021995,45.464599,0,3508.288000000,3508.288000000,trusted_fallback,0.000000,-0.06479771114463392,-0.12012367667816702,0.8075395162164731,-0.06479771114463392,-0.12012367667816702,0.8075395162164731,0.0,0.0,0.0,-1.581554012959351,-0.021509101195813243,-24.96338713070287,-1.581554012959351,-0.021509101195813243,-24.96338713070287,0.0,0.0,0.0,1.031796553579885,1.9127671693747952,-21.842718764613327,1.031796553579885,1.9127671693747952,-21.842718764613327,0.0,0.0,0.0,-1.7429559387939242,-0.3206300089270389,-2.869836611404746,-1.7429559387939242,-0.3206300089270389,-2.869836611404746,0.0,0.0,0.0,-0.8482029604854734,-1.572416922253562,1.045029071319374,-0.8482029604854734,-1.572416922253562,1.045029071319374,0.0,0.0,0.0,-1.3838480562613452e-07,3.01134145897484e-07,-0.005238902166859766,-1.3838480562613452e-07,3.01134145897484e-07,-0.005238902166859766,0.0,0.0,0.0,robotiq_85_left_knuckle_joint,8.14716698158303e-05,-0.004526203879126556,,robotiq_85_left_knuckle_joint,8.14716698158303e-05,-0.004526203879126556,,0.0,0.0,
sentinel_joint_telemetry_v2,20260731_114715,20260731_114715:1,1,29,short_cube_pick_place,attack,replay_attack,prior_command_replay,medium,arm_trajectory,cube,cube_retreat,3,commands_back,,0,,,,cube_approach,2026-07-31T11:47:19.745+01:00,0.614420,0.020002,49.994716,0,3508.308000000,3508.308000000,trusted_fallback,0.000000,-0.06719916227735821,-0.12004321574798443,0.8303536146167102,-0.06719916227735821,-0.12004321574798443,0.8303536146167102,0.0,0.0,0.0,-1.5819832924734083,-0.021438075449513927,-25.47889770602577,-1.5819832924734083,-0.021438075449513927,-25.47889770602577,0.0,0.0,0.0,1.0700356169565344,1.9114859646203337,-22.31489020823441,1.0700356169565344,1.9114859646203337,-22.31489020823441,0.0,0.0,0.0,-1.7493658100151133,-0.32041524536506905,-2.9141918617421827,-1.7493658100151133,-0.32041524536506905,-2.9141918617421827,0.0,0.0,0.0,-0.8796379157206327,-1.5713636900207288,1.0357680320707578,-0.8796379157206327,-1.5713636900207288,1.0357680320707578,0.0,0.0,0.0,-1.32364685082516e-07,3.0093243264992485e-07,-0.005130548558400973,-1.32364685082516e-07,3.0093243264992485e-07,-0.005130548558400973,0.0,0.0,0.0,robotiq_85_left_knuckle_joint,2.8407414774478758e-05,-0.001578189704311157,,robotiq_85_left_knuckle_joint,2.8407414774478758e-05,-0.001578189704311157,,0.0,0.0,
sentinel_joint_telemetry_v2,20260731_114715,20260731_114715:1,1,30,short_cube_pick_place,attack,replay_attack,prior_command_replay,medium,arm_trajectory,cube,cube_retreat,3,commands_back,,0,,,,cube_approach,2026-07-31T11:47:19.765+01:00,0.634440,0.020020,49.950389,0,3508.328000000,3508.328000000,trusted_fallback,0.000000,-0.06959967010318831,-0.12001516075637267,0.853034338866557,-0.06959967010318831,-0.12001516075637267,0.853034338866557,0.0,0.0,0.0,-1.5824117392966686,-0.021413310303048414,-25.957586984277413,-1.5824117392966686,-0.021413310303048414,-25.957586984277413,0.0,0.0,0.0,1.108259659760155,1.911039236145157,-22.753642919855913,1.108259659760155,1.911039236145157,-22.753642919855913,0.0,0.0,0.0,-1.7557731633938194,-0.3203403619411168,-2.952861758282396,-1.7557731633938194,-0.3203403619411168,-2.952861758282396,0.0,0.0,0.0,-0.9110605230842925,-1.5709964506487484,1.0225531456599106,-0.9110605230842925,-1.5709964506487484,1.0225531456599106,0.0,0.0,0.0,-1.2634692955362933e-07,3.0086212427643533e-07,-0.005034452368884423,-1.2634692955362933e-07,3.0086212427643533e-07,-0.005034452368884423,0.0,0.0,0.0,robotiq_85_left_knuckle_joint,9.905053175998428e-06,-0.0005502807204680327,,robotiq_85_left_knuckle_joint,9.905053175998428e-06,-0.0005502807204680327,,0.0,0.0,
sentinel_joint_telemetry_v2,20260731_114715,20260731_114715:1,1,31,short_cube_pick_place,attack,replay_attack,prior_command_replay,medium,arm_trajectory,cube,cube_retreat,3,commands_back,,0,,,,cube_approach,2026-07-31T11:47:19.787+01:00,0.656377,0.021937,45.584472,0,3508.350000000,3508.350000000,trusted_fallback,0.000000,-0.0722398587280562,-0.12000485490700316,0.8772193971263401,-0.0722398587280562,-0.12000485490700316,0.8772193971263401,0.0,0.0,0.0,-1.5828827042045213,-0.021404212960468367,-26.438910117840926,-1.5828827042045213,-0.021404212960468367,-26.438910117840926,0.0,0.0,0.0,1.1503002154795172,1.910875132856843,-23.197227018277,1.1503002154795172,1.910875132856843,-23.197227018277,0.0,0.0,0.0,-1.7628202645629747,-0.3203128539204861,-2.988981485400992,-1.7628202645629747,-0.3203128539204861,-2.988981485400992,0.0,0.0,0.0,-0.9456205481058838,-1.5708615472523446,1.0034726833648837,-0.9456205481058838,-1.5708615472523446,1.0034726833648837,0.0,0.0,0.0,-1.1972832568202589e-07,3.008363108087525e-07,-0.004942419259188303,-1.1972832568202589e-07,3.008363108087525e-07,-0.004942419259188303,0.0,0.0,0.0,robotiq_85_left_knuckle_joint,3.10831083716527e-06,-0.00017268391677278234,,robotiq_85_left_knuckle_joint,3.10831083716527e-06,-0.00017268391677278234,,0.0,0.0,
sentinel_joint_telemetry_v2,20260731_114715,20260731_114715:1,1,32,short_cube_pick_place,attack,replay_attack,prior_command_replay,medium,arm_trajectory,cube,cube_retreat,3,commands_back,,0,,,,cube_approach,2026-07-31T11:47:19.807+01:00,0.676412,0.020035,49.913017,0,3508.370000000,3508.370000000,trusted_fallback,0.000000,-0.07463019680802502,-0.1205417857966063,0.9054241326944471,-0.07463019680802502,-0.1205417857966063,0.9054241326944471,0.0,0.0,0.0,-1.5833037331707307,-0.021791550983432655,-26.868905617584893,-1.5833037331707307,-0.021791550983432655,-26.868905617584893,0.0,0.0,0.0,1.1883623222140784,1.9194248526627997,-23.565018207795717,1.1883623222140784,1.9194248526627997,-23.565018207795717,0.0,0.0,0.0,-1.7692004732040303,-0.3217460114769177,-3.0146798857822743,-1.7692004732040303,-0.3217460114769177,-3.0146798857822743,0.0,0.0,0.0,-0.9769100336659746,-1.5778899636340404,0.982648267371484,-0.9769100336659746,-1.5778899636340404,0.982648267371484,0.0,0.0,0.0,-1.1373607300946651e-07,3.021829063460865e-07,-0.004902249383378906,-1.1373607300946651e-07,3.021829063460865e-07,-0.004902249383378906,0.0,0.0,0.0,robotiq_85_left_knuckle_joint,1.850955685831078e-05,-0.0010283086895217317,,robotiq_85_left_knuckle_joint,1.850955685831078e-05,-0.0010283086895217317,,0.0,0.0,
sentinel_joint_telemetry_v2,20260731_114715,20260731_114715:1,1,33,short_cube_pick_place,attack,replay_attack,prior_command_replay,medium,arm_trajectory,cube,cube_retreat,3,commands_back,,0,,,,cube_approach,2026-07-31T11:47:19.827+01:00,0.696471,0.020059,49.852822,0,3508.390000000,3508.390000000,trusted_fallback,0.000000,-0.07703654976344802,-0.12018900138315404,0.9211081131525467,-0.07703654976344802,-0.12018900138315404,0.9211081131525467,0.0,0.0,0.0,-1.5837363240662394,-0.021536559600996912,-27.19983804793495,-1.5837363240662394,-0.021536559600996912,-27.19983804793495,0.0,0.0,0.0,1.226679438858693,1.9138073552431214,-23.896827366461366,1.226679438858693,1.9138073552431214,-23.896827366461366,0.0,0.0,0.0,-1.775623428202596,-0.32080437139454576,-3.037108411050637,-1.775623428202596,-0.32080437139454576,-3.037108411050637,0.0,0.0,0.0,-1.0084091536784252,-1.573272021550532,0.95704895301719,-1.0084091536784252,-1.573272021550532,0.95704895301719,0.0,0.0,0.0,-1.0770365577538803e-07,3.012980588079639e-07,-0.004823087995319341,-1.0770365577538803e-07,3.012980588079639e-07,-0.004823087995319341,0.0,0.0,0.0,robotiq_85_left_knuckle_joint,6.453883747293449e-06,-0.00035854906480990603,,robotiq_85_left_knuckle_joint,6.453883747293449e-06,-0.00035854906480990603,,0.0,0.0,
sentinel_joint_telemetry_v2,20260731_114715,20260731_114715:1,1,34,short_cube_pick_place,attack,replay_attack,prior_command_replay,medium,arm_trajectory,cube,cube_retreat,3,commands_back,,0,,,,cube_approach,2026-07-31T11:47:19.849+01:00,0.718591,0.022120,45.208453,0,3508.412000000,3508.412000000,trusted_fallback,0.000000,-0.07967888556504536,-0.12005940793770283,0.9400342895021251,-0.07967888556504536,-0.12005940793770283,0.9400342895021251,0.0,0.0,0.0,-1.5842088112766124,-0.021442889896206307,-27.53358691947498,-1.5842088112766124,-0.021442889896206307,-27.53358691947498,0.0,0.0,0.0,1.2687541847499444,1.9117437979606664,-24.222363029639332,1.2687541847499444,1.9117437979606664,-24.222363029639332,0.0,0.0,0.0,-1.7826762605424111,-0.3204584650041876,-3.0550889228393805,-1.7826762605424111,-0.3204584650041876,-3.0550889228393805,0.0,0.0,0.0,-1.0429972852075466,-1.5715756455127097,0.9248980902842334,-1.0429972852075466,-1.5715756455127097,0.9248980902842334,0.0,0.0,0.0,-1.0107966684604176e-07,3.009731001945605e-07,-0.00476471487719402,-1.0107966684604176e-07,3.009731001945605e-07,-0.00476471487719402,0.0,0.0,0.0,robotiq_85_left_knuckle_joint,2.0252975613033854e-06,-0.0001125164909881282,,robotiq_85_left_knuckle_joint,2.0252975613033854e-06,-0.0001125164909881282,,0.0,0.0,
sentinel_joint_telemetry_v2,20260731_114715,20260731_114715:1,1,35,short_cube_pick_place,attack,replay_attack,prior_command_replay,medium,arm_trajectory,cube,cube_retreat,3,commands_back,,0,,,,cube_approach,2026-07-31T11:47:19.871+01:00,0.740407,0.021816,45.836986,0,3508.434000000,3508.434000000,trusted_fallback,0.000000,-0.08231962070495902,-0.12001874014135022,0.958850241343124,-0.08231962070495902,-0.12001874014135022,0.958850241343124,0.0,0.0,0.0,-1.5846801415341256,-0.02141349535027442,-27.821961078357326,-1.5846801415341256,-0.02141349535027442,-27.821961078357326,0.0,0.0,0.0,1.3108034428006439,1.9110962318199192,-24.504872739414324,1.3108034428006439,1.9110962318199192,-24.504872739414324,0.0,0.0,0.0,-1.7897248204508354,-0.3203499159132873,-3.066378151883193,-1.7897248204508354,-0.3203499159132873,-3.066378151883193,0.0,0.0,0.0,-1.077564464101943,-1.571043304737175,0.8885104973222939,-1.077564464101943,-1.571043304737175,0.8885104973222939,0.0,0.0,0.0,-9.445969180542123e-08,3.0087115721923186e-07,-0.0047263570468199685,-9.445969180542123e-08,3.0087115721923186e-07,-0.0047263570468199685,0.0,0.0,0.0,robotiq_85_left_knuckle_joint,6.35560392379138e-07,-3.5308862366635954e-05,,robotiq_85_left_knuckle_joint,6.35560392379138e-07,-3.5308862366635954e-05,,0.0,0.0,
sentinel_joint_telemetry_v2,20260731_114715,20260731_114715:1,1,36,short_cube_pick_place,attack,replay_attack,prior_command_replay,medium,arm_trajectory,cube,cube_retreat,3,commands_back,,0,,,,cube_approach,2026-07-31T11:47:19.893+01:00,0.762450,0.022042,45.366913,0,3508.456000000,3508.456000000,trusted_fallback,0.000000,-0.08495985354027574,-0.12000597815594115,0.9766106536639027,-0.08495985354027574,-0.12000597815594115,0.9766106536639027,0.0,0.0,0.0,-1.5851511087275727,-0.021404271030252463,-28.060960973416826,-1.5851511087275727,-0.021404271030252463,-28.060960973416826,0.0,0.0,0.0,1.3528447024969088,1.9108930187033257,-24.74413086654395,1.3528447024969088,1.9108930187033257,-24.74413086654395,0.0,0.0,0.0,-1.796772039625013,-0.3203158520582986,-3.071279921275311,-1.796772039625013,-0.3203158520582986,-3.071279921275311,0.0,0.0,0.0,-1.112125067837547,-1.5708762505610374,0.847988913640043,-1.112125067837547,-1.5708762505610374,0.847988913640043,0.0,0.0,0.0,-8.784097589007438e-08,3.00839181423089e-07,-0.004704935658531511,-8.784097589007438e-08,3.00839181423089e-07,-0.004704935658531511,0.0,0.0,0.0,robotiq_85_left_knuckle_joint,1.9944624540598002e-07,-1.1080290347314885e-05,,robotiq_85_left_knuckle_joint,1.9944624540598002e-07,-1.1080290347314885e-05,,0.0,0.0,
sentinel_joint_telemetry_v2,20260731_114715,20260731_114715:1,1,37,short_cube_pick_place,attack,replay_attack,prior_command_replay,medium,arm_trajectory,cube,cube_retreat,3,commands_back,,0,,,,cube_approach,2026-07-31T11:47:19.915+01:00,0.784499,0.022049,45.353765,0,3508.478000000,3508.478000000,trusted_fallback,0.000000,-0.0875999287470876,-0.12000197330969367,0.9929625156112113,-0.0875999287470876,-0.12000197330969367,0.9929625156112113,0.0,0.0,0.0,-1.5856219619876672,-0.02140137634090376,-28.249175280361218,-1.5856219619876672,-0.02140137634090376,-28.249175280361218,0.0,0.0,0.0,1.394883452224801,1.9108292482740494,-24.939906689520576,1.394883452224801,1.9108292482740494,-24.939906689520576,0.0,0.0,0.0,-1.8038188380625766,-0.32030516245963625,-3.069986841646424,-1.8038188380625766,-0.32030516245963625,-3.069986841646424,0.0,0.0,0.0,-1.146683608218649,-1.5708238271903463,0.8034994959532323,-1.146683608218649,-1.5708238271903463,0.8034994959532323,0.0,0.0,0.0,-8.12226548468486e-08,3.0082915676663685e-07,-0.004699519164734542,-8.12226548468486e-08,3.0082915676663685e-07,-0.004699519164734542,0.0,0.0,0.0,robotiq_85_left_knuckle_joint,6.258910877800916e-08,-3.4771076524008765e-06,,robotiq_85_left_knuckle_joint,6.258910877800916e-08,-3.4771076524008765e-06,,0.0,0.0,
sentinel_joint_telemetry_v2,20260731_114715,20260731_114715:1,1,38,short_cube_pick_place,attack,replay_attack,prior_command_replay,medium,arm_trajectory,cube,cube_retreat,3,commands_back,,0,,,,cube_approach,2026-07-31T11:47:19.937+01:00,0.806427,0.021928,45.603474,0,3508.500000000,3508.500000000,trusted_fallback,0.000000,-0.09023023447691482,-0.12054071718484037,1.0167749473542131,-0.09023023447691482,-0.12054071718484037,1.0167749473542131,0.0,0.0,0.0,-1.586090977040619,-0.02150060427054699,-28.42239466498591,-1.586090977040619,-0.02150060427054699,-28.42239466498591,0.0,0.0,0.0,1.43676663949112,1.919407836821207,-25.092320682203336,1.43676663949112,1.919407836821207,-25.092320682203336,0.0,0.0,0.0,-1.8108395601464646,-0.321743159175954,-3.0611658927437095,-1.8108395601464646,-0.321743159175954,-3.0611658927437095,0.0,0.0,0.0,-1.1811142663091005,-1.5778759755225333,0.7558960670779926,-1.1811142663091005,-1.5778759755225333,0.7558960670779926,0.0,0.0,0.0,-7.462883091475935e-08,3.0218014880102617e-07,-0.0047509465661845236,-7.462883091475935e-08,3.0218014880102617e-07,-0.0047509465661845236,0.0,0.0,0.0,robotiq_85_left_knuckle_joint,1.9642016735524633e-08,-1.0911495830975837e-06,,robotiq_85_left_knuckle_joint,1.9642016735524633e-08,-1.0911495830975837e-06,,0.0,0.0,
sentinel_joint_telemetry_v2,20260731_114715,20260731_114715:1,1,39,short_cube_pick_place,attack,replay_attack,prior_command_replay,medium,arm_trajectory,cube,cube_retreat,3,commands_back,,0,,,,cube_approach,2026-07-31T11:47:19.959+01:00,0.828455,0.022028,45.395993,0,3508.522000000,3508.522000000,trusted_fallback,0.000000,-0.09287691446432596,-0.1201697800830617,1.0237302194627815,-0.09287691446432596,-0.1201697800830617,1.0237302194627815,0.0,0.0,0.0,-1.5865630201519891,-0.0214316067326025,-28.482998711653444,-1.5865630201519891,-0.0214316067326025,-28.482998711653444,0.0,0.0,0.0,1.478910559222457,1.9135012884226115,-25.200570510396687,1.478910559222457,1.9135012884226115,-25.200570510396687,0.0,0.0,0.0,-1.817903987838374,-0.32075306655825203,-3.0490530070793134,-1.817903987838374,-0.32075306655825203,-3.0490530070793134,0.0,0.0,0.0,-1.2157592631579897,-1.5730204150520053,0.7036402359182576,-1.2157592631579897,-1.5730204150520053,0.7036402359182576,0.0,0.0,0.0,-6.799394606386958e-08,3.012499019926229e-07,-0.004749230581312541,-6.799394606386958e-08,3.012499019926229e-07,-0.004749230581312541,0.0,0.0,0.0,robotiq_85_left_knuckle_joint,6.164843484340816e-09,-3.4240910778103595e-07,,robotiq_85_left_knuckle_joint,6.164843484340816e-09,-3.4240910778103595e-07,,0.0,0.0,
sentinel_joint_telemetry_v2,20260731_114715,20260731_114715:1,1,40,short_cube_pick_place,attack,replay_attack,prior_command_replay,medium,arm_trajectory,cube,cube_retreat,3,commands_back,,0,,,,cube_approach,2026-07-31T11:47:19.981+01:00,0.850390,0.021934,45.590852,0,3508.544000000,3508.544000000,trusted_fallback,0.000000,-0.0955190128557786,-0.12005337609010025,1.0321586362207498,-0.0955190128557786,-0.12005337609010025,1.0321586362207498,0.0,0.0,0.0,-1.587034211046531,-0.02140995457397078,-28.51172662808312,-1.587034211046531,-0.02140995457397078,-28.51172662808312,0.0,0.0,0.0,1.5209815247571403,1.9116477509492695,-25.264967565725367,1.5209815247571403,1.9116477509492695,-25.264967565725367,0.0,0.0,0.0,-1.8249561864911636,-0.3204423650026307,-3.029867780274414,-1.8249561864911636,-0.3204423650026307,-3.029867780274414,0.0,0.0,0.0,-1.2503442869922456,-1.5714966887276882,0.6477650377536348,-1.2503442869922456,-1.5714966887276882,0.6477650377536348,0.0,0.0,0.0,-6.137054921919366e-08,3.0095819905390925e-07,-0.005139489584791705,-6.137054921919366e-08,3.0095819905390925e-07,-0.005139489584791705,0.0,0.0,0.0,robotiq_85_left_knuckle_joint,1.935673425530341e-09,-1.0744658512917837e-07,,robotiq_85_left_knuckle_joint,1.935673425530341e-09,-1.0744658512917837e-07,,0.0,0.0,
sentinel_joint_telemetry_v2,20260731_114715,20260731_114715:1,1,41,short_cube_pick_place,attack,replay_attack,prior_command_replay,medium,arm_trajectory,cube,cube_retreat,3,commands_back,,0,,,,cube_approach,2026-07-31T11:47:20.001+01:00,0.870504,0.020114,49.715960,0,3508.564000000,3508.564000000,trusted_fallback,0.000000,-0.09791963979930657,-0.12001870344861998,1.0403703775742001,-0.09791963979930657,-0.12001870344861998,1.0403703775742001,0.0,0.0,0.0,-1.5874623281866056,-0.021403505160037768,-28.495991159869142,-1.5874623281866056,-0.021403505160037768,-28.495991159869142,0.0,0.0,0.0,1.559207464309392,1.911095647549622,-25.28599133115962,1.559207464309392,1.911095647549622,-25.28599133115962,0.0,0.0,0.0,-1.8313638578147546,-0.3203498179741543,-3.008191566138504,-1.8313638578147546,-0.3203498179741543,-3.008191566138504,0.0,0.0,0.0,-1.2817684536045446,-1.5710428244291437,0.5947595860361929,-1.2817684536045446,-1.5710428244291437,0.5947595860361929,0.0,0.0,0.0,-5.535249065565857e-08,3.0087119368225196e-07,-0.005194131388288361,-5.535249065565857e-08,3.0087119368225196e-07,-0.005194131388288361,0.0,0.0,0.0,robotiq_85_left_knuckle_joint,6.760485045525459e-10,-3.745959189886683e-08,,robotiq_85_left_knuckle_joint,6.760485045525459e-10,-3.745959189886683e-08,,0.0,0.0,
sentinel_joint_telemetry_v2,20260731_114715,20260731_114715:1,1,42,short_cube_pick_place,attack,replay_attack,prior_command_replay,medium,arm_trajectory,cube,cube_retreat,3,commands_back,,0,,,,cube_approach,2026-07-31T11:47:20.023+01:00,0.892426,0.021923,45.615061,0,3508.586000000,3508.586000000,trusted_fallback,0.000000,-0.10055987218141643,-0.12000596664137798,1.0479919114093117,-0.10055987218141643,-0.12000596664137798,1.0479919114093117,0.0,0.0,0.0,-1.587933171987123,-0.02140113600274756,-28.431546702247243,-1.587933171987123,-0.02140113600274756,-28.431546702247243,0.0,0.0,0.0,1.601248716789094,1.9108928353530426,-25.267490426478744,1.601248716789094,1.9108928353530426,-25.267490426478744,0.0,0.0,0.0,-1.838411075779245,-0.32031582132387265,-2.9792470446083414,-1.838411075779245,-0.32031582132387265,-2.9792470446083414,0.0,0.0,0.0,-1.3163290514076595,-1.5708760998347346,0.5337447243705606,-1.3163290514076595,-1.5708760998347346,0.5337447243705606,0.0,0.0,0.0,-4.873377372313836e-08,3.0083923545625585e-07,-0.005250478788744223,-4.873377372313836e-08,3.0083923545625585e-07,-0.005250478788744223,0.0,0.0,0.0,robotiq_85_left_knuckle_joint,2.1343520968137618e-10,-1.1750291368378685e-08,,robotiq_85_left_knuckle_joint,2.1343520968137618e-10,-1.1750291368378685e-08,,0.0,0.0,
sentinel_joint_telemetry_v2,20260731_114715,20260731_114715:1,1,43,short_cube_pick_place,attack,replay_attack,prior_command_replay,medium,arm_trajectory,cube,cube_retreat,3,commands_back,,0,,,,cube_approach,2026-07-31T11:47:20.045+01:00,0.914412,0.021986,45.484286,0,3508.608000000,3508.608000000,trusted_fallback,0.000000,-0.10319119923566777,-0.12048797027073962,1.0623836734038217,-0.10319119923566777,-0.12048797027073962,1.0623836734038217,0.0,0.0,0.0,-1.5884024264613885,-0.02148706274827827,-28.35010785344015,-1.5884024264613885,-0.02148706274827827,-28.35010785344015,0.0,0.0,0.0,1.6431481669261483,1.9185679310815096,-25.206919231574105,1.6431481669261483,1.9185679310815096,-25.206919231574105,0.0,0.0,0.0,-1.8454345239473218,-0.3216023689184702,-2.9441474425575644,-1.8454345239473218,-0.3216023689184702,-2.9441474425575644,0.0,0.0,0.0,-1.3507730786177632,-1.577185519296588,0.47074836133149234,-1.3507730786177632,-1.577185519296588,0.47074836133149234,0.0,0.0,0.0,-4.213738541326691e-08,3.02047797681379e-07,-0.005343732394631937,-4.213738541326691e-08,3.02047797681379e-07,-0.005343732394631937,0.0,0.0,0.0,robotiq_85_left_knuckle_joint,6.836457764642683e-11,-3.6822686393100934e-09,,robotiq_85_left_knuckle_joint,6.836457764642683e-11,-3.6822686393100934e-09,,0.0,0.0,
sentinel_joint_telemetry_v2,20260731_114715,20260731_114715:1,1,44,short_cube_pick_place,attack,replay_attack,prior_command_replay,medium,arm_trajectory,cube,cube_retreat,3,commands_back,,0,,,,cube_approach,2026-07-31T11:47:20.065+01:00,0.934519,0.020107,49.734087,0,3508.627000000,3508.627000000,trusted_fallback,0.000000,-0.10559692126926983,-0.12017023706957905,1.0604960399809498,-0.10559692126926983,-0.12017023706957905,1.0604960399809498,0.0,0.0,0.0,-1.5888314476013565,-0.02143039111808353,-28.18080091324116,-1.5888314476013565,-0.02143039111808353,-28.18080091324116,0.0,0.0,0.0,1.6814552372037388,1.9135085651629473,-25.112614848241662,1.6814552372037388,1.9135085651629473,-25.112614848241662,0.0,0.0,0.0,-1.8518557949109764,-0.3207542863309322,-2.9098253709639628,-1.8518557949109764,-0.3207542863309322,-2.9098253709639628,0.0,0.0,0.0,-1.3822639398740693,-1.5730263969972584,0.4106204111533662,-1.3822639398740693,-1.5730263969972584,0.4106204111533662,0.0,0.0,0.0,-3.610655237584079e-08,3.012510614219463e-07,-0.005357374362262102,-3.610655237584079e-08,3.012510614219463e-07,-0.005357374362262102,0.0,0.0,0.0,robotiq_85_left_knuckle_joint,2.524925680509088e-11,-1.279428403500038e-09,,robotiq_85_left_knuckle_joint,2.524925680509088e-11,-1.279428403500038e-09,,0.0,0.0,
sentinel_joint_telemetry_v2,20260731_114715,20260731_114715:1,1,45,short_cube_pick_place,attack,replay_attack,prior_command_replay,medium,arm_trajectory,cube,cube_retreat,3,commands_back,,0,,,,cube_approach,2026-07-31T11:47:20.087+01:00,0.956533,0.022014,45.425153,0,3508.650000000,3508.650000000,trusted_fallback,0.000000,-0.10823484115892454,-0.12028597206540886,1.0646910896229487,-0.10823484115892454,-0.12028597206540886,1.0646910896229487,0.0,0.0,0.0,-1.5893018773076542,-0.021451027195195073,-27.97871762514652,-1.5893018773076542,-0.021451027195195073,-27.97871762514652,0.0,0.0,0.0,1.7234596671371283,1.9153514499838162,-24.96944427248419,1.7234596671371283,1.9153514499838162,-24.96944427248419,0.0,0.0,0.0,-1.8588968404497117,-0.3210632022223742,-2.8667158470762715,-1.8588968404497117,-0.3210632022223742,-2.8667158470762715,0.0,0.0,0.0,-1.4167942671895433,-1.5745413661604553,0.34312443797849324,-1.4167942671895433,-1.5745413661604553,0.34312443797849324,0.0,0.0,0.0,-2.9493633416951295e-08,3.0154121106757553e-07,-0.005407091771376455,-2.9493633416951295e-08,3.0154121106757553e-07,-0.005407091771376455,0.0,0.0,0.0,robotiq_85_left_knuckle_joint,9.507614218426769e-12,-3.9667465492887466e-10,,robotiq_85_left_knuckle_joint,9.507614218426769e-12,-3.9667465492887466e-10,,0.0,0.0,
sentinel_joint_telemetry_v2,20260731_114715,20260731_114715:1,1,46,short_cube_pick_place,attack,replay_attack,prior_command_replay,medium,arm_trajectory,cube,cube_retreat,3,commands_back,,0,,,,cube_approach,2026-07-31T11:47:20.109+01:00,0.978440,0.021906,45.648585,0,3508.672000000,3508.672000000,trusted_fallback,0.000000,-0.11087199738556881,-0.12044413278404159,1.0675975336261174,-0.11087199738556881,-0.12044413278404159,1.0675975336261174,0.0,0.0,0.0,-1.58977217078575,-0.02147923150574178,-27.730203083388865,-1.58977217078575,-0.02147923150574178,-27.730203083388865,0.0,0.0,0.0,1.7654519370236776,1.9178698929624682,-24.784305239155906,1.7654519370236776,1.9178698929624682,-24.784305239155906,0.0,0.0,0.0,-1.8659358476452776,-0.3214853594008979,-2.8192900603083233,-1.8659358476452776,-0.3214853594008979,-2.8192900603083233,0.0,0.0,0.0,-1.451314598168956,-1.576611687327017,0.27398689853522673,-1.451314598168956,-1.576611687327017,0.27398689853522673,0.0,0.0,0.0,-2.2882629426328244e-08,3.019377464849246e-07,-0.0054544171548192005,-2.2882629426328244e-08,3.019377464849246e-07,-0.0054544171548192005,0.0,0.0,0.0,robotiq_85_left_knuckle_joint,4.661994111874005e-12,-1.194395936321424e-10,,robotiq_85_left_knuckle_joint,4.661994111874005e-12,-1.194395936321424e-10,,0.0,0.0,
sentinel_joint_telemetry_v2,20260731_114715,20260731_114715:1,1,47,short_cube_pick_place,attack,replay_attack,prior_command_replay,medium,arm_trajectory,cube,cube_retreat,3,commands_back,,0,,,,cube_approach,2026-07-31T11:47:20.131+01:00,1.000527,0.022088,45.274341,0,3508.694000000,3508.694000000,trusted_fallback,0.000000,-0.11351748441951631,-0.12013947087470252,1.060223903636822,-0.11351748441951631,-0.12013947087470252,1.060223903636822,0.0,0.0,0.0,-1.5902439499133554,-0.02142489973245921,-27.402039600400325,-1.5902439499133554,-0.02142489973245921,-27.402039600400325,0.0,0.0,0.0,1.8075768609809777,1.913018665343749,-24.555644058433288,1.8075768609809777,1.913018665343749,-24.555644058433288,0.0,0.0,0.0,-1.8729970911466576,-0.32067216625662853,-2.7687417270986425,-1.8729970911466576,-0.32067216625662853,-2.7687417270986425,0.0,0.0,0.0,-1.4859439792768951,-1.5726236680197219,0.2029988774802839,-1.4859439792768951,-1.5726236680197219,0.2029988774802839,0.0,0.0,0.0,-1.6250739106558072e-08,3.0117388604127687e-07,-0.005453693851690853,-1.6250739106558072e-08,3.0117388604127687e-07,-0.005453693851690853,0.0,0.0,0.0,robotiq_85_left_knuckle_joint,3.2481282680272774e-12,-3.3231511292752813e-11,,robotiq_85_left_knuckle_joint,3.2481282680272774e-12,-3.3231511292752813e-11,,0.0,0.0,
sentinel_joint_telemetry_v2,20260731_114715,20260731_114715:1,1,48,short_cube_pick_place,attack,replay_attack,prior_command_replay,medium,arm_trajectory,cube,cube_retreat,3,commands_back,,0,,,,cube_approach,2026-07-31T11:47:20.153+01:00,1.022376,0.021849,45.768386,0,3508.716000000,3508.716000000,trusted_fallback,0.000000,-0.11615920844953233,-0.12004386473934443,1.0544571441691106,-0.11615920844953233,-0.12004386473934443,1.0544571441691106,0.0,0.0,0.0,-1.5907150579669929,-0.021407849846254875,-27.04039197471083,-1.5907150579669929,-0.021407849846254875,-27.04039197471083,0.0,0.0,0.0,1.8496418654404911,1.9114962987132678,-24.28660452190441,1.8496418654404911,1.9114962987132678,-24.28660452190441,0.0,0.0,0.0,-1.8800482905667062,-0.32041697763059385,-2.7140739394864695,-1.8800482905667062,-0.32041697763059385,-2.7140739394864695,0.0,0.0,0.0,-1.520524102726188,-1.5713721853039533,0.1312113778276642,-1.520524102726188,-1.5713721853039533,0.1312113778276642,0.0,0.0,0.0,-9.62828369308165e-09,3.0093420097434403e-07,-0.005465118371687613,-9.62828369308165e-09,3.0093420097434403e-07,-0.005465118371687613,0.0,0.0,0.0,robotiq_85_left_knuckle_joint,2.895782872111945e-12,-6.225436832707487e-12,,robotiq_85_left_knuckle_joint,2.895782872111945e-12,-6.225436832707487e-12,,0.0,0.0,
sentinel_joint_telemetry_v2,20260731_114715,20260731_114715:1,1,49,short_cube_pick_place,attack,replay_attack,prior_command_replay,medium,arm_trajectory,cube,cube_retreat,3,commands_back,,0,,,,cube_approach,2026-07-31T11:47:20.173+01:00,1.042485,0.020108,49.730547,0,3508.736000000,3508.736000000,trusted_fallback,0.000000,-0.11842508372493638,-0.08749534861080768,-3.4926394514017907,-0.11842508372493638,-0.08749534861080768,-3.4926394514017907,0.0,0.0,0.0,-1.5911191395725184,-0.015603357038451598,-59.72108561369394,-1.5911191395725184,-0.015603357038451598,-59.72108561369394,0.0,0.0,0.0,1.8858834354621088,1.386695553875616,-75.3628896623533,1.8858834354621088,1.386695553875616,-75.3628896623533,0.0,0.0,0.0,-1.886096287343815,-0.23353959153793874,-10.871771657784024,-1.886096287343815,-0.23353959153793874,-10.871771657784024,0.0,0.0,0.0,-1.5501843722528648,-1.1453126526448527,0.14919311350764713,-1.5501843722528648,-1.1453126526448527,0.14919311350764713,0.0,0.0,0.0,-3.947996331068465e-09,2.1933711821624235e-07,-0.004297347817544842,-3.947996331068465e-09,2.1933711821624235e-07,-0.004297347817544842,0.0,0.0,0.0,robotiq_85_left_knuckle_joint,3.69753822866175e-12,2.4155560190974867e-10,,robotiq_85_left_knuckle_joint,3.69753822866175e-12,2.4155560190974867e-10,,0.0,0.0,
sentinel_joint_telemetry_v2,20260731_114715,20260731_114715:1,1,50,short_cube_pick_place,attack,replay_attack,prior_command_replay,medium,arm_trajectory,cube,cube_retreat,3,commands_back,,0,,,,cube_approach,2026-07-31T11:47:20.193+01:00,1.062690,0.020205,49.492783,0,3508.756000000,3508.756000000,trusted_fallback,0.000000,-0.11945086064996767,-0.030507741668787582,0.06650980623600329,-0.11945086064996767,-0.030507741668787582,0.06650980623600329,0.0,0.0,0.0,-1.5913020700238056,-0.005440554215294503,-23.02978976343619,-1.5913020700238056,-0.005440554215294503,-23.02978976343619,0.0,0.0,0.0,1.9021289665115535,0.4817240827567935,-23.73026521021452,1.9021289665115535,0.4817240827567935,-23.73026521021452,0.0,0.0,0.0,-1.8888342560236162,-0.08143022077763096,-2.7439684062715757,-1.8888342560236162,-0.08143022077763096,-2.7439684062715757,0.0,0.0,0.0,-1.5636117750765024,-0.3993458290899395,0.016720499250974033,-1.5636117750765024,-0.3993458290899395,0.016720499250974033,0.0,0.0,0.0,-1.3765299028916081e-09,7.647437976363784e-08,-0.0003525665204566614,-1.3765299028916081e-09,7.647437976363784e-08,-0.0003525665204566614,0.0,0.0,0.0,robotiq_85_left_knuckle_joint,4.021036930446469e-12,-6.921758131939182e-11,,robotiq_85_left_knuckle_joint,4.021036930446469e-12,-6.921758131939182e-11,,0.0,0.0,
sentinel_joint_telemetry_v2,20260731_114715,20260731_114715:1,1,51,short_cube_pick_place,attack,replay_attack,prior_command_replay,medium,arm_trajectory,cube,cube_retreat,3,commands_back,,0,,,,cube_approach,2026-07-31T11:47:20.215+01:00,1.084498,0.021808,45.853696,0,3508.778000000,3508.778000000,trusted_fallback,0.000000,-0.1197089320167757,-0.00011950942004316859,0.012800338046368986,-0.1197089320167757,-0.00011950942004316859,0.012800338046368986,0.0,0.0,0.0,-1.590453768245617,0.13929398947329616,-22.809449484798233,-1.590453768245617,0.13929398947329616,-22.809449484798233,0.0,0.0,0.0,1.9069628270468466,0.10645064855396341,-23.649778941213462,1.9069628270468466,0.10645064855396341,-23.649778941213462,0.0,0.0,0.0,-1.891111424332334,-0.24774493242252477,-2.7387479572269573,-1.891111424332334,-0.24774493242252477,-2.7387479572269573,0.0,0.0,0.0,-1.566989924960204,-0.0015643762764421013,0.007691532728748308,-1.566989924960204,-0.0015643762764421013,0.007691532728748308,0.0,0.0,0.0,-7.295961804780616e-10,2.9891989904650643e-10,-1.340175412374216e-06,-7.295961804780616e-10,2.9891989904650643e-10,-1.340175412374216e-06,0.0,0.0,0.0,robotiq_85_left_knuckle_joint,2.61627110941836e-12,-8.227014555717282e-12,,robotiq_85_left_knuckle_joint,2.61627110941836e-12,-8.227014555717282e-12,,0.0,0.0,
sentinel_joint_telemetry_v2,20260731_114715,20260731_114715:1,1,52,short_cube_pick_place,attack,replay_attack,prior_command_replay,medium,arm_trajectory,cube,cube_retreat,3,commands_back,,0,,,,cube_approach,2026-07-31T11:47:20.237+01:00,1.106451,0.021953,45.551541,0,3508.800000000,3508.800000000,trusted_fallback,0.000000,-0.11971322392457892,-0.00023775752233480595,0.051952259355399634,-0.11971322392457892,-0.00023775752233480595,0.051952259355399634,0.0,0.0,0.0,-1.5854513427579184,0.2771178530415309,-23.069363592180874,-1.5854513427579184,0.2771178530415309,-23.069363592180874,0.0,0.0,0.0,1.9108702974687428,0.2177900217596868,-23.523942088832523,1.9108702974687428,0.2177900217596868,-23.523942088832523,0.0,0.0,0.0,-1.9000086177384738,-0.4928751344007578,-2.7246070238290288,-1.9000086177384738,-0.4928751344007578,-2.7246070238290288,0.0,0.0,0.0,-1.567046105961573,-0.0031122419619270324,0.007577796385412596,-1.567046105961573,-0.0031122419619270324,0.007577796385412596,0.0,0.0,0.0,-7.188459935948856e-10,5.957830472323516e-10,-1.929680874672131e-06,-7.188459935948856e-10,5.957830472323516e-10,-1.929680874672131e-06,0.0,0.0,0.0,robotiq_85_left_knuckle_joint,1.955910558454726e-12,3.615245082466689e-11,,robotiq_85_left_knuckle_joint,1.955910558454726e-12,3.615245082466689e-11,,0.0,0.0,
sentinel_joint_telemetry_v2,20260731_114715,20260731_114715:1,1,53,short_cube_pick_place,attack,replay_attack,prior_command_replay,medium,arm_trajectory,cube,cube_retreat,3,commands_back,,0,,,,cube_approach,2026-07-31T11:47:20.259+01:00,1.128417,0.021966,45.525078,0,3508.822000000,3508.822000000,trusted_fallback,0.000000,-0.11971897636310704,-0.0002748650285110142,0.06968802796210814,-0.11971897636310704,-0.0002748650285110142,0.06968802796210814,0.0,0.0,0.0,-1.5787465983239908,0.3203684418182221,-23.33064229636883,-1.5787465983239908,0.3203684418182221,-23.33064229636883,0.0,0.0,0.0,1.9161529660571388,0.2527294968247384,-23.409595256690068,1.9161529660571388,0.2527294968247384,-23.409595256690068,0.0,0.0,0.0,-1.911933514593544,-0.5697995892189187,-2.7185273570460815,-1.911933514593544,-0.5697995892189187,-2.7185273570460815,0.0,0.0,0.0,-1.567121405285522,-0.003597978615184304,0.0074276203241548915,-1.567121405285522,-0.003597978615184304,0.0074276203241548915,0.0,0.0,0.0,-7.044290327748254e-10,6.889349052670307e-10,-2.183169646096342e-06,-7.044290327748254e-10,6.889349052670307e-10,-2.183169646096342e-06,0.0,0.0,0.0,robotiq_85_left_knuckle_joint,2.227267535273962e-12,2.351782830978255e-11,,robotiq_85_left_knuckle_joint,2.227267535273962e-12,2.351782830978255e-11,,0.0,0.0,
sentinel_joint_telemetry_v2,20260731_114715,20260731_114715:1,1,54,short_cube_pick_place,attack,replay_attack,prior_command_replay,medium,arm_trajectory,cube,cube_retreat,3,commands_back,,0,,,,cube_approach,2026-07-31T11:47:20.279+01:00,1.148476,0.020058,49.854341,0,3508.842000000,3508.842000000,trusted_fallback,0.000000,-0.11972461411212322,-0.0002859180446607012,0.07547830831864484,-0.11972461411212322,-0.0002859180446607012,0.07547830831864484,0.0,0.0,0.0,-1.5721755300365967,0.3332512658469505,-23.55499378049302,-1.5721755300365967,0.3332512658469505,-23.55499378049302,0.0,0.0,0.0,1.9213397986531597,0.26313673338710064,-23.313677910644106,1.9213397986531597,0.26313673338710064,-23.313677910644106,0.0,0.0,0.0,-1.9236206582764068,-0.5927126695554064,-2.7168138506073913,-1.9236206582764068,-0.5927126695554064,-2.7168138506073913,0.0,0.0,0.0,-1.5671952033258256,-0.0037426624218998552,0.007281337186174118,-1.5671952033258256,-0.0037426624218998552,0.007281337186174118,0.0,0.0,0.0,-6.902978143963413e-10,7.166795573543424e-10,-2.249731456702603e-06,-6.902978143963413e-10,7.166795573543424e-10,-2.249731456702603e-06,0.0,0.0,0.0,robotiq_85_left_knuckle_joint,2.446791698010702e-12,1.2073108138221933e-11,,robotiq_85_left_knuckle_joint,2.446791698010702e-12,1.2073108138221933e-11,,0.0,0.0,
sentinel_joint_telemetry_v2,20260731_114715,20260731_114715:1,1,55,short_cube_pick_place,attack,replay_attack,prior_command_replay,medium,arm_trajectory,cube,cube_retreat,3,commands_back,,0,,,,cube_approach,2026-07-31T11:47:20.301+01:00,1.170444,0.021969,45.519672,0,3508.864000000,3508.864000000,trusted_fallback,0.000000,-0.11973096140098034,-0.0002899783102109989,0.07765873044722374,-0.11973096140098034,-0.0002899783102109989,0.07765873044722374,0.0,0.0,0.0,-1.5647774588473358,0.33798370154914387,-23.79333739291155,-1.5647774588473358,0.33798370154914387,-23.79333739291155,0.0,0.0,0.0,1.9271825630359842,0.2669597754276583,-23.209351965624304,1.9271825630359842,0.2669597754276583,-23.209351965624304,0.0,0.0,0.0,-1.9367786893886203,-0.6011296656444269,-2.7164457479891033,-1.9367786893886203,-0.6011296656444269,-2.7164457479891033,0.0,0.0,0.0,-1.5672782892308887,-0.003795811235473586,0.0071168759671169195,-1.5672782892308887,-0.003795811235473586,0.0071168759671169195,0.0,0.0,0.0,-6.743875740538986e-10,7.268707065551886e-10,-2.2564951660789807e-06,-6.743875740538986e-10,7.268707065551886e-10,-2.2564951660789807e-06,0.0,0.0,0.0,robotiq_85_left_knuckle_joint,2.577005511700641e-12,5.139940556508904e-12,,robotiq_85_left_knuckle_joint,2.577005511700641e-12,5.139940556508904e-12,,0.0,0.0,
sentinel_joint_telemetry_v2,20260731_114715,20260731_114715:1,1,56,short_cube_pick_place,attack,replay_attack,prior_command_replay,medium,arm_trajectory,cube,cube_retreat,3,commands_back,,0,,,,cube_approach,2026-07-31T11:47:20.323+01:00,1.192386,0.021942,45.575727,0,3508.886000000,3508.886000000,trusted_fallback,0.000000,-0.1197373588398396,-0.00029125246452039034,0.07833490904769064,-0.1197373588398396,-0.00029125246452039034,0.07833490904769064,0.0,0.0,0.0,-1.5573209354078685,0.3394687900176205,-24.026114263534343,-1.5573209354078685,0.3394687900176205,-24.026114263534343,0.0,0.0,0.0,1.9330725473757138,0.2681594865289745,-23.10300757306775,1.9330725473757138,0.2681594865289745,-23.10300757306775,0.0,0.0,0.0,-1.950040682264348,-0.60377100820496,-2.7166108479142768,-1.950040682264348,-0.60377100820496,-2.7166108479142768,0.0,0.0,0.0,-1.5673620315987,-0.003812489896338302,0.0069511225516087505,-1.5673620315987,-0.003812489896338302,0.0069511225516087505,0.0,0.0,0.0,-6.583514556903552e-10,7.300685655250039e-10,-2.239424808816701e-06,-6.583514556903552e-10,7.300685655250039e-10,-2.239424808816701e-06,0.0,0.0,0.0,robotiq_85_left_knuckle_joint,2.634751838518185e-12,2.0511630588471164e-12,,robotiq_85_left_knuckle_joint,2.634751838518185e-12,2.0511630588471164e-12,,0.0,0.0,
sentinel_joint_telemetry_v2,20260731_114715,20260731_114715:1,1,57,short_cube_pick_place,attack,replay_attack,prior_command_replay,medium,arm_trajectory,cube,cube_retreat,3,commands_back,,0,,,,cube_approach,2026-07-31T11:47:20.343+01:00,1.212415,0.020029,49.927844,0,3508.906000000,3508.906000000,trusted_fallback,0.000000,-0.11974318871168513,-0.0002916319901108797,0.07851572510282516,-0.11974318871168513,-0.0002916319901108797,0.07851572510282516,0.0,0.0,0.0,-1.5505259386859542,0.3399111454617575,-24.23396655429218,-1.5505259386859542,0.3399111454617575,-24.23396655429218,0.0,0.0,0.0,1.9384402779010936,0.26851683812668237,-23.003608703442566,1.9384402779010936,0.26851683812668237,-23.003608703442566,0.0,0.0,0.0,-1.9621260996640846,-0.6045577709376834,-2.7169105504991764,-1.9621260996640846,-0.6045577709376834,-2.7169105504991764,0.0,0.0,0.0,-1.5674383445238045,-0.00381745788078641,0.00680002801198312,-1.5674383445238045,-0.00381745788078641,0.00680002801198312,0.0,0.0,0.0,-6.437379823179895e-10,7.310210365643263e-10,-2.2170435224638156e-06,-6.437379823179895e-10,7.310210365643263e-10,-2.2170435224638156e-06,0.0,0.0,0.0,robotiq_85_left_knuckle_joint,2.65710098709165e-12,8.670598961035836e-13,,robotiq_85_left_knuckle_joint,2.65710098709165e-12,8.670598961035836e-13,,0.0,0.0,
sentinel_joint_telemetry_v2,20260731_114715,20260731_114715:1,1,58,short_cube_pick_place,attack,replay_attack,prior_command_replay,medium,arm_trajectory,cube,cube_retreat,3,commands_back,,0,,,,cube_approach,2026-07-31T11:47:20.365+01:00,1.234369,0.021955,45.548116,0,3508.928000000,3508.928000000,trusted_fallback,0.000000,-0.11974960657582186,-0.00029177140677950615,0.07855014884516141,-0.11974960657582186,-0.00029177140677950615,0.07855014884516141,0.0,0.0,0.0,-1.5430456085978757,0.3400736423406958,-24.45886176729563,-1.5430456085978757,0.3400736423406958,-24.45886176729563,0.0,0.0,0.0,1.94434949415948,0.2686481093025671,-22.890946382712865,1.94434949415948,0.2686481093025671,-22.890946382712865,0.0,0.0,0.0,-1.975430434471308,-0.6048467839707348,-2.717294586383545,-1.975430434471308,-0.6048467839707348,-2.717294586383545,0.0,0.0,0.0,-1.5675223542581922,-0.0038192828429689275,0.006633631111384278,-1.5675223542581922,-0.0038192828429689275,0.006633631111384278,0.0,0.0,0.0,-6.276506003927996e-10,7.313708964894281e-10,-2.1898276915427405e-06,-6.276506003927996e-10,7.313708964894281e-10,-2.1898276915427405e-06,0.0,0.0,0.0,robotiq_85_left_knuckle_joint,2.66742665796554e-12,3.3828148615633324e-13,,robotiq_85_left_knuckle_joint,2.66742665796554e-12,3.3828148615633324e-13,,0.0,0.0,
sentinel_joint_telemetry_v2,20260731_114715,20260731_114715:1,1,59,short_cube_pick_place,attack,replay_attack,prior_command_replay,medium,arm_trajectory,cube,cube_retreat,3,commands_back,,0,,,,cube_approach,2026-07-31T11:47:20.385+01:00,1.254390,0.020021,49.947473,0,3508.948000000,3508.948000000,trusted_fallback,0.000000,-0.11975544253163653,-0.0002918129340827631,0.07852300837900306,-0.11975544253163653,-0.0002918129340827631,0.07852300837900306,0.0,0.0,0.0,-1.5362435207155067,0.3401220444262299,-24.660028775332798,-1.5362435207155067,0.3401220444262299,-24.660028775332798,0.0,0.0,0.0,1.9497229531947085,0.2686872103531073,-22.785422459472628,1.9497229531947085,0.2686872103531073,-22.785422459472628,0.0,0.0,0.0,-1.987528464038141,-0.6049328707536876,-2.717661624772155,-1.987528464038141,-0.6049328707536876,-2.717661624772155,0.0,0.0,0.0,-1.5675987468223636,-0.003819826434820291,0.00648226237378185,-1.5675987468223636,-0.003819826434820291,0.00648226237378185,0.0,0.0,0.0,-6.130218584273492e-10,7.314751020604665e-10,-2.1641653564615157e-06,-6.130218584273492e-10,7.314751020604665e-10,-2.1641653564615157e-06,0.0,0.0,0.0,robotiq_85_left_knuckle_joint,2.6714117185109814e-12,1.5174667078454718e-13,,robotiq_85_left_knuckle_joint,2.6714117185109814e-12,1.5174667078454718e-13,,0.0,0.0,
sentinel_joint_telemetry_v2,20260731_114715,20260731_114715:1,1,60,short_cube_pick_place,attack,replay_attack,prior_command_replay,medium,arm_trajectory,cube,cube_retreat,3,commands_back,,0,,,,cube_approach,2026-07-31T11:47:20.407+01:00,1.276389,0.021999,45.457469,0,3508.970000000,3508.970000000,trusted_fallback,0.000000,-0.11976186263068633,-0.00029182818891216564,0.07846337906268919,-0.11976186263068633,-0.00029182818891216564,0.07846337906268919,0.0,0.0,0.0,-1.5287605857280029,0.340139824670447,-24.87774811705694,-1.5287605857280029,0.340139824670447,-24.87774811705694,0.0,0.0,0.0,1.9556342737901915,0.2687015739124836,-22.665915035460312,1.9556342737901915,0.2687015739124836,-22.665915035460312,0.0,0.0,0.0,-2.000837431856709,-0.6049644942676239,-2.718073317517128,-2.000837431856709,-0.6049644942676239,-2.718073317517128,0.0,0.0,0.0,-1.567682785811732,-0.003820026120311759,0.006315677726234166,-1.567682785811732,-0.003820026120311759,0.006315677726234166,0.0,0.0,0.0,-5.969288680327955e-10,7.315133765655596e-10,-2.135468524804106e-06,-5.969288680327955e-10,7.315133765655596e-10,-2.135468524804106e-06,0.0,0.0,0.0,robotiq_85_left_knuckle_joint,2.6734805237075787e-12,7.269705670776005e-14,,robotiq_85_left_knuckle_joint,2.6734805237075787e-12,7.269705670776005e-14,,0.0,0.0,
sentinel_joint_telemetry_v2,20260731_114715,20260731_114715:1,1,61,short_cube_pick_place,attack,replay_attack,prior_command_replay,medium,arm_trajectory,cube,cube_retreat,3,commands_back,,0,,,,cube_approach,2026-07-31T11:47:20.427+01:00,1.296422,0.020033,49.918523,0,3508.990000000,3508.990000000,trusted_fallback,0.000000,-0.11976769925220271,-0.00029183273278797077,0.07839213093368906,-0.11976769925220271,-0.00029183273278797077,0.07839213093368906,0.0,0.0,0.0,-1.5219577219380254,0.3401451207777046,-25.07244988305282,-1.5219577219380254,0.3401451207777046,-25.07244988305282,0.0,0.0,0.0,1.9610083596331762,0.26870585230988836,-22.554159955583174,1.9610083596331762,0.26870585230988836,-22.554159955583174,0.0,0.0,0.0,-2.0129368414341164,-0.6049739137964476,-2.718451413937633,-2.0129368414341164,-0.6049739137964476,-2.718451413937633,0.0,0.0,0.0,-1.5677591870899292,-0.0038200855996130445,0.006164174156680921,-1.5677591870899292,-0.0038200855996130445,0.006164174156680921,0.0,0.0,0.0,-5.822984556371121e-10,7.31524774295108e-10,-2.109112840535721e-06,-5.822984556371121e-10,7.31524774295108e-10,-2.109112840535721e-06,0.0,0.0,0.0,robotiq_85_left_knuckle_joint,2.674536375294296e-12,4.586608870482678e-14,,robotiq_85_left_knuckle_joint,2.674536375294296e-12,4.586608870482678e-14,,0.0,0.0,
sentinel_joint_telemetry_v2,20260731_114715,20260731_114715:1,1,62,short_cube_pick_place,attack,replay_attack,prior_command_replay,medium,arm_trajectory,cube,cube_retreat,3,commands_back,,0,,,,cube_approach,2026-07-31T11:47:20.447+01:00,1.316436,0.020015,49.963567,0,3509.010000000,3509.010000000,trusted_fallback,0.000000,-0.11977353592699053,-0.0002918343171394863,0.07830792423612655,-0.11977353592699053,-0.0002918343171394863,0.07830792423612655,0.0,0.0,0.0,-1.5151547960576084,0.3401469674161513,-25.264087127631207,-1.5151547960576084,0.3401469674161513,-25.264087127631207,0.0,0.0,0.0,1.966382495635185,0.2687073440948213,-22.43945498717462,1.966382495635185,0.2687073440948213,-22.43945498717462,0.0,0.0,0.0,-2.025036361444085,-0.6049771981829963,-2.718832025335068,-2.025036361444085,-0.6049771981829963,-2.718832025335068,0.0,0.0,0.0,-1.5678355890654492,-0.0038201063387587816,0.006012613617029558,-1.5678355890654492,-0.0038201063387587816,0.006012613617029558,0.0,0.0,0.0,-5.676679095956213e-10,7.315287496850037e-10,-2.082553756601776e-06,-5.676679095956213e-10,7.315287496850037e-10,-2.082553756601776e-06,0.0,0.0,0.0,robotiq_85_left_knuckle_joint,2.6752903589753412e-12,3.52808060544163e-14,,robotiq_85_left_knuckle_joint,2.6752903589753412e-12,3.52808060544163e-14,,0.0,0.0,
sentinel_joint_telemetry_v2,20260731_114715,20260731_114715:1,1,63,short_cube_pick_place,attack,replay_attack,prior_command_replay,medium,arm_trajectory,cube,cube_retreat,3,commands_back,,0,,,,cube_approach,2026-07-31T11:47:20.467+01:00,1.336445,0.020009,49.977550,0,3509.030000000,3509.030000000,trusted_fallback,0.000000,-0.11977937262035296,-0.00029183486956645637,0.07821185530207929,-0.11977937262035296,-0.00029183486956645637,0.07821185530207929,0.0,0.0,0.0,-1.5083518485275935,0.34014761129913584,-25.452664114516317,-1.5083518485275935,0.34014761129913584,-25.452664114516317,0.0,0.0,0.0,1.9717566491265643,0.2687078642480593,-22.32181611913509,1.9717566491265643,0.2687078642480593,-22.32181611913509,0.0,0.0,0.0,-2.0371359199595056,-0.6049783433778186,-2.7192147339373673,-2.0371359199595056,-0.6049783433778186,-2.7192147339373673,0.0,0.0,0.0,-1.5679119912841106,-0.0038201135700541367,0.0058609972036868605,-1.5679119912841106,-0.0038201135700541367,0.0058609972036868605,0.0,0.0,0.0,-5.530373169399426e-10,7.315301355122206e-10,-2.0558085868218505e-06,-5.530373169399426e-10,7.315301355122206e-10,-2.0558085868218505e-06,0.0,0.0,0.0,robotiq_85_left_knuckle_joint,2.6759239077443428e-12,3.1096653030360244e-14,,robotiq_85_left_knuckle_joint,2.6759239077443428e-12,3.1096653030360244e-14,,0.0,0.0,
sentinel_joint_telemetry_v2,20260731_114715,20260731_114715:1,1,64,short_cube_pick_place,attack,replay_attack,prior_command_replay,medium,arm_trajectory,cube,cube_retreat,3,commands_back,,0,,,,cube_approach,2026-07-31T11:47:20.487+01:00,1.356490,0.020044,49.889460,0,3509.050000000,3509.050000000,trusted_fallback,0.000000,-0.1197852093201919,-0.00029183506218887677,0.07810433898890727,-0.1197852093201919,-0.00029183506218887677,0.07810433898890727,0.0,0.0,0.0,-1.5015488934488317,0.3401478358072632,-25.638184613462514,-1.5015488934488317,0.3401478358072632,-25.638184613462514,0.0,0.0,0.0,1.97713080871611,0.2687080456142681,-22.201260449290753,1.97713080871611,0.2687080456142681,-22.201260449290753,0.0,0.0,0.0,-2.049235491900946,-0.6049787426825887,-2.719599341193727,-2.049235491900946,-0.6049787426825887,-2.719599341193727,0.0,0.0,0.0,-1.56798839358755,-0.00382011609145035,0.005709325410765666,-1.56798839358755,-0.00382011609145035,0.005709325410765666,0.0,0.0,0.0,-5.384067080337537e-10,7.315306231321476e-10,-2.028883943077427e-06,-5.384067080337537e-10,7.315306231321476e-10,-2.028883943077427e-06,0.0,0.0,0.0,robotiq_85_left_knuckle_joint,2.676508221591651e-12,2.9320296190959994e-14,,robotiq_85_left_knuckle_joint,2.676508221591651e-12,2.9320296190959994e-14,,0.0,0.0,
sentinel_joint_telemetry_v2,20260731_114715,20260731_114715:1,1,65,short_cube_pick_place,attack,replay_attack,prior_command_replay,medium,arm_trajectory,cube,cube_retreat,3,commands_back,,0,,,,cube_approach,2026-07-31T11:47:20.509+01:00,1.378445,0.021955,45.547392,0,3509.072000000,3509.072000000,trusted_fallback,0.000000,-0.11979162969255502,-0.0002918351329462308,0.07797305951287738,-0.11979162969255502,-0.0002918351329462308,0.07797305951287738,0.0,0.0,0.0,-1.4940656399014254,0.34014791827912033,-25.838731556589835,-1.4940656399014254,0.34014791827912033,-25.838731556589835,0.0,0.0,0.0,1.9830423866564306,0.26870811223816016,-22.06530151727598,1.9830423866564306,0.26870811223816016,-22.06530151727598,0.0,0.0,0.0,-2.062545026302484,-0.604978889364953,-2.7200244551901505,-2.062545026302484,-0.604978889364953,-2.7200244551901505,0.0,0.0,0.0,-1.568072436154585,-0.003820117017666072,0.005542422819288125,-1.568072436154585,-0.003820117017666072,0.005542422819288125,0.0,0.0,0.0,-5.223130318731942e-10,7.315307974176469e-10,-1.9990629678367327e-06,-5.223130318731942e-10,7.315307974176469e-10,-1.9990629678367327e-06,0.0,0.0,0.0,robotiq_85_left_knuckle_joint,2.6771261821354976e-12,2.847028168773136e-14,,robotiq_85_left_knuckle_joint,2.6771261821354976e-12,2.847028168773136e-14,,0.0,0.0,
sentinel_joint_telemetry_v2,20260731_114715,20260731_114715:1,1,66,short_cube_pick_place,attack,replay_attack,prior_command_replay,medium,arm_trajectory,cube,cube_retreat,3,commands_back,,0,,,,cube_approach,2026-07-31T11:47:20.531+01:00,1.400594,0.022149,45.149018,0,3509.094000000,3509.094000000,trusted_fallback,0.000000,-0.11979805006579208,-0.00029183515515145044,0.0778282711282749,-0.11979805006579208,-0.00029183515515145044,0.0778282711282749,0.0,0.0,0.0,-1.4865823853353752,0.3401479441596346,-26.035590464540395,-1.4865823853353752,0.3401479441596346,-26.035590464540395,0.0,0.0,0.0,1.9889539654196506,0.26870813314542275,-21.92585909661329,1.9889539654196506,0.26870813314542275,-21.92585909661329,0.0,0.0,0.0,-2.0758545625157545,-0.6049789353954638,-2.72045158652941,-2.0758545625157545,-0.6049789353954638,-2.72045158652941,0.0,0.0,0.0,-1.5681564787330606,-0.003820117308312457,0.005375453871306812,-1.5681564787330606,-0.003820117308312457,0.005375453871306812,0.0,0.0,0.0,-5.062193535257447e-10,7.315308529287981e-10,-1.9690304785965436e-06,-5.062193535257447e-10,7.315308529287981e-10,-1.9690304785965436e-06,0.0,0.0,0.0,robotiq_85_left_knuckle_joint,2.6777310767421227e-12,2.8005375796169574e-14,,robotiq_85_left_knuckle_joint,2.6777310767421227e-12,2.8005375796169574e-14,,0.0,0.0,
sentinel_joint_telemetry_v2,20260731_114715,20260731_114715:1,1,67,short_cube_pick_place,attack,replay_attack,prior_command_replay,medium,arm_trajectory,cube,cube_retreat,3,commands_back,,0,,,,cube_approach,2026-07-31T11:47:20.553+01:00,1.422394,0.021800,45.870691,0,3509.116000000,3509.116000000,trusted_fallback,0.000000,-0.11980447043930342,-0.000291835162118165,0.07767006472610968,-0.11980447043930342,-0.000291835162118165,0.07767006472610968,0.0,0.0,0.0,-1.4790991304496646,0.34014795228124345,-26.228767532995864,-1.4790991304496646,0.34014795228124345,-26.228767532995864,0.0,0.0,0.0,1.9948655444411045,0.2687081397063402,-21.782958191237157,1.9948655444411045,0.2687081397063402,-21.782958191237157,0.0,0.0,0.0,-2.0891640992975664,-0.6049789498403628,-2.720880616209384,-2.0891640992975664,-0.6049789498403628,-2.720880616209384,0.0,0.0,0.0,-1.5682405213151258,-0.0038201173995294803,0.0052084188542146515,-1.5682405213151258,-0.0038201173995294803,0.0052084188542146515,0.0,0.0,0.0,-4.901256744895018e-10,7.315308724444372e-10,-1.938788053358153e-06,-4.901256744895018e-10,7.315308724444372e-10,-1.938788053358153e-06,0.0,0.0,0.0,robotiq_85_left_knuckle_joint,2.678327901415138e-12,2.7727820040013285e-14,,robotiq_85_left_knuckle_joint,2.678327901415138e-12,2.7727820040013285e-14,,0.0,0.0,
sentinel_joint_telemetry_v2,20260731_114715,20260731_114715:1,1,68,short_cube_pick_place,attack,replay_attack,prior_command_replay,medium,arm_trajectory,cube,cube_retreat,3,commands_back,,0,,,,cube_approach,2026-07-31T11:47:20.573+01:00,1.442439,0.020045,49.886747,0,3509.136000000,3509.136000000,trusted_fallback,0.000000,-0.11981030714257218,-0.00029183516419371586,0.0775146650979215,-0.11981030714257218,-0.00029183516419371586,0.0775146650979215,0.0,0.0,0.0,-1.472296171373301,0.340147954700379,-26.401193784487663,-1.472296171373301,0.340147954700379,-26.401193784487663,0.0,0.0,0.0,2.0002397072600644,0.268708141660606,-21.650068672867576,2.0002397072600644,0.268708141660606,-21.650068672867576,0.0,0.0,0.0,-2.101263678349047,-0.6049789541430084,-2.721272193219636,-2.101263678349047,-0.6049789541430084,-2.721272193219636,0.0,0.0,0.0,-1.5683169236634618,-0.003820117426676407,0.005056511756005599,-1.5683169236634618,-0.003820117426676407,0.005056511756005599,0.0,0.0,0.0,-4.754950570010397e-10,7.315308786243896e-10,-1.9111139622441016e-06,-4.754950570010397e-10,7.315308786243896e-10,-1.9111139622441016e-06,0.0,0.0,0.0,robotiq_85_left_knuckle_joint,2.6788645311835377e-12,2.74051614734816e-14,,robotiq_85_left_knuckle_joint,2.6788645311835377e-12,2.74051614734816e-14,,0.0,0.0,
sentinel_joint_telemetry_v2,20260731_114715,20260731_114715:1,1,69,short_cube_pick_place,attack,replay_attack,prior_command_replay,medium,arm_trajectory,cube,cube_retreat,3,commands_back,,0,,,,cube_approach,2026-07-31T11:47:20.593+01:00,1.462521,0.020082,49.796817,0,3509.156000000,3509.156000000,trusted_fallback,0.000000,-0.11981614384586528,-0.0002918351649189568,0.07734830265085033,-0.11981614384586528,-0.0002918351649189568,0.07734830265085033,0.0,0.0,0.0,-1.4654932122685755,0.34014795554389726,-26.570588379760117,-1.4654932122685755,0.34014795554389726,-26.570588379760117,0.0,0.0,0.0,2.0056138701019357,0.2687081423420377,-21.514361787352346,2.0056138701019357,0.2687081423420377,-21.514361787352346,0.0,0.0,0.0,-2.1133632574509704,-0.6049789556432389,-2.721665157384828,-2.1133632574509704,-0.6049789556432389,-2.721665157384828,0.0,0.0,0.0,-1.5683933260121157,-0.003820117436159712,0.00490455053739975,-1.5683933260121157,-0.003820117436159712,0.00490455053739975,0.0,0.0,0.0,-4.6086443945197064e-10,7.315308810096344e-10,-1.8832685994984333e-06,-4.6086443945197064e-10,7.315308810096344e-10,-1.8832685994984333e-06,0.0,0.0,0.0,robotiq_85_left_knuckle_joint,2.679396161478879e-12,2.7221280785028057e-14,,robotiq_85_left_knuckle_joint,2.679396161478879e-12,2.7221280785028057e-14,,0.0,0.0,
sentinel_joint_telemetry_v2,20260731_114715,20260731_114715:1,1,70,short_cube_pick_place,attack,replay_attack,prior_command_replay,medium,arm_trajectory,cube,cube_retreat,3,commands_back,,0,,,,cube_approach,2026-07-31T11:47:20.615+01:00,1.484376,0.021855,45.755381,0,3509.178000000,3509.178000000,trusted_fallback,0.000000,-0.11982255291320477,-0.0002924632925457376,0.07748556587390185,-0.11982255291320477,-0.0002924632925457376,0.07748556587390185,0.0,0.0,0.0,-1.4580231352709987,0.34088006856183495,-26.753959885409493,-1.4580231352709987,0.34088006856183495,-26.753959885409493,0.0,0.0,0.0,2.0115150389329735,0.2692864928149226,-21.361630558613616,2.0115150389329735,0.2692864928149226,-21.361630558613616,0.0,0.0,0.0,-2.1266493563585622,-0.606281074211499,-2.7220181281862885,-2.1266493563585622,-0.606281074211499,-2.7220181281862885,0.0,0.0,0.0,-1.5684772205965836,-0.003828339616131021,0.004737690516450017,-1.5684772205965836,-0.003828339616131021,0.004737690516450017,0.0,0.0,0.0,-4.4479910222325255e-10,7.331054442975479e-10,-1.857464704591654e-06,-4.4479910222325255e-10,7.331054442975479e-10,-1.857464704591654e-06,0.0,0.0,0.0,robotiq_85_left_knuckle_joint,2.6728498563142672e-12,4.640246520359881e-13,,robotiq_85_left_knuckle_joint,2.6728498563142672e-12,4.640246520359881e-13,,0.0,0.0,
sentinel_joint_telemetry_v2,20260731_114715,20260731_114715:1,1,71,short_cube_pick_place,attack,replay_attack,prior_command_replay,medium,arm_trajectory,cube,cube_retreat,3,commands_back,,0,,,,cube_approach,2026-07-31T11:47:20.637+01:00,1.506527,0.022151,45.145431,0,3509.200000000,3509.200000000,trusted_fallback,0.000000,-0.1198289810450982,-0.0002920322782844452,0.07704811608856424,-0.1198289810450982,-0.0002920322782844452,0.07704811608856424,0.0,0.0,0.0,-1.450530837617159,0.34037770067626094,-26.932784026048154,-1.450530837617159,0.34037770067626094,-26.932784026048154,0.0,0.0,0.0,2.017433761511411,0.2688896350989518,-21.205922384107193,2.017433761511411,0.2688896350989518,-21.205922384107193,0.0,0.0,0.0,-2.1399749763898166,-0.6053875747985613,-2.7225096210391526,-2.1399749763898166,-0.6053875747985613,-2.7225096210391526,0.0,0.0,0.0,-1.568561364735738,-0.0038226976468292086,0.0045701603284528085,-1.568561364735738,-0.0038226976468292086,0.0045701603284528085,0.0,0.0,0.0,-4.2868597446074287e-10,7.32024974382621e-10,-1.8229786314495395e-06,-4.2868597446074287e-10,7.32024974382621e-10,-1.8229786314495395e-06,0.0,0.0,0.0,robotiq_85_left_knuckle_joint,2.6807781289360173e-12,2.6891683324592464e-14,,robotiq_85_left_knuckle_joint,2.6807781289360173e-12,2.6891683324592464e-14,,0.0,0.0,
sentinel_joint_telemetry_v2,20260731_114715,20260731_114715:1,1,72,short_cube_pick_place,attack,replay_attack,prior_command_replay,medium,arm_trajectory,cube,cube_retreat,3,commands_back,,0,,,,cube_approach,2026-07-31T11:47:20.659+01:00,1.528594,0.022067,45.317550,0,3509.222000000,3509.222000000,trusted_fallback,0.000000,-0.11983540385335802,-0.0002918970214467648,0.0767548598004685,-0.11983540385335802,-0.0002918970214467648,0.0767548598004685,0.0,0.0,0.0,-1.443044744914679,0.340220052310672,-27.10821271665592,-1.443044744914679,0.340220052310672,-27.10821271665592,0.0,0.0,0.0,2.0233475823377747,0.26876509694256306,-21.04677508037505,2.0233475823377747,0.26876509694256306,-21.04677508037505,0.0,0.0,0.0,-2.1532895604441404,-0.6051071852150994,-2.7229632671390074,-2.1532895604441404,-0.6051071852150994,-2.7229632671390074,0.0,0.0,0.0,-1.5686454391886202,-0.0038209271370914792,0.004402733719728599,-1.5686454391886202,-0.0038209271370914792,0.004402733719728599,0.0,0.0,0.0,-4.12586192272228e-10,7.316859241971244e-10,-1.790666544618356e-06,-4.12586192272228e-10,7.316859241971244e-10,-1.790666544618356e-06,0.0,0.0,0.0,robotiq_85_left_knuckle_joint,2.6819605719683947e-12,-1.6393136847980827e-14,,robotiq_85_left_knuckle_joint,2.6819605719683947e-12,-1.6393136847980827e-14,,0.0,0.0,
sentinel_joint_telemetry_v2,20260731_114715,20260731_114715:1,1,73,short_cube_pick_place,attack,replay_attack,prior_command_replay,medium,arm_trajectory,cube,cube_retreat,3,commands_back,,0,,,,cube_approach,2026-07-31T11:47:20.681+01:00,1.550433,0.021839,45.788714,0,3509.244000000,3509.244000000,trusted_fallback,0.000000,-0.11984182499100529,-0.00029185457641807573,0.07649781701441383,-0.11984182499100529,-0.00029185457641807573,0.07649781701441383,0.0,0.0,0.0,-1.4355605993916833,0.34017058058309735,-27.280086533552325,-1.4355605993916833,0.34017058058309735,-27.280086533552325,0.0,0.0,0.0,2.0292598649424005,0.26872601554945363,-20.884294148095577,2.0292598649424005,0.26872601554945363,-20.884294148095577,0.0,0.0,0.0,-2.166600681291964,-0.6050191959928053,-2.7234062444330385,-2.166600681291964,-0.6050191959928053,-2.7234062444330385,0.0,0.0,0.0,-1.5687294917732122,-0.0038203715323858684,0.0042352962410464965,-1.5687294917732122,-0.0038203715323858684,0.0042352962410464965,0.0,0.0,0.0,-3.964905978757533e-10,7.315795306789968e-10,-1.7588945104427318e-06,-3.964905978757533e-10,7.315795306789968e-10,-1.7588945104427318e-06,0.0,0.0,0.0,robotiq_85_left_knuckle_joint,2.682185704381107e-12,-7.840950111415168e-16,,robotiq_85_left_knuckle_joint,2.682185704381107e-12,-7.840950111415168e-16,,0.0,0.0,
sentinel_joint_telemetry_v2,20260731_114715,20260731_114715:1,1,74,short_cube_pick_place,attack,replay_attack,prior_command_replay,medium,arm_trajectory,cube,cube_retreat,3,commands_back,,0,,,,cube_approach,2026-07-31T11:47:20.703+01:00,1.572403,0.021970,45.517536,0,3509.266000000,3509.266000000,trusted_fallback,0.000000,-0.11984824560439664,-0.0002918412567179423,0.07624330167382604,-0.11984824560439664,-0.0002918412567179423,0.07624330167382604,0.0,0.0,0.0,-1.4280770649142418,0.34015505583077615,-27.448362243512847,-1.4280770649142418,0.34015505583077615,-27.448362243512847,0.0,0.0,0.0,2.035171664836745,0.2687137513941662,-20.718531779808757,2.035171664836745,0.2687137513941662,-20.718531779808757,0.0,0.0,0.0,-2.179910715348891,-0.6049915840425064,-2.723846725071069,-2.179910715348891,-0.6049915840425064,-2.723846725071069,0.0,0.0,0.0,-1.568813537495303,-0.003820197177722921,0.004067811946311239,-1.568813537495303,-0.003820197177722921,0.004067811946311239,0.0,0.0,0.0,-3.8039631761948167e-10,7.315461462509623e-10,-1.7271540295398308e-06,-3.8039631761948167e-10,7.315461462509623e-10,-1.7271540295398308e-06,0.0,0.0,0.0,robotiq_85_left_knuckle_joint,2.682470539036969e-12,1.3173490076567873e-14,,robotiq_85_left_knuckle_joint,2.682470539036969e-12,1.3173490076567873e-14,,0.0,0.0,
sentinel_joint_telemetry_v2,20260731_114715,20260731_114715:1,1,75,short_cube_pick_place,attack,replay_attack,prior_command_replay,medium,arm_trajectory,cube,cube_retreat,3,commands_back,,0,,,,cube_approach,2026-07-31T11:47:20.723+01:00,1.592454,0.020052,49.870551,0,3509.286000000,3509.286000000,trusted_fallback,0.000000,-0.11985408237911718,-0.00029183728925075115,0.07600513575085009,-0.11985408237911718,-0.00029183728925075115,0.07600513575085009,0.0,0.0,0.0,-1.4212740225573677,0.3401504315549196,-27.59821249800913,-1.4212740225573677,0.3401504315549196,-27.59821249800913,0.0,0.0,0.0,2.0405458934459424,0.268710098335174,-20.565022128797455,2.0405458934459424,0.268710098335174,-20.565022128797455,0.0,0.0,0.0,-2.192010442521081,-0.6049833594169137,-2.7242470566435713,-2.192010442521081,-0.6049833594169137,-2.7242470566435713,0.0,0.0,0.0,-1.5688899407789418,-0.003820145243612368,0.003915503377582516,-1.5688899407789418,-0.003820145243612368,0.003915503377582516,0.0,0.0,0.0,-3.6576552105529833e-10,7.315361990212904e-10,-1.6981912658911334e-06,-3.6576552105529833e-10,7.315361990212904e-10,-1.6981912658911334e-06,0.0,0.0,0.0,robotiq_85_left_knuckle_joint,2.6828429355950034e-12,1.9907686610309838e-14,,robotiq_85_left_knuckle_joint,2.6828429355950034e-12,1.9907686610309838e-14,,0.0,0.0,
sentinel_joint_telemetry_v2,20260731_114715,20260731_114715:1,1,76,short_cube_pick_place,attack,replay_attack,prior_command_replay,medium,arm_trajectory,cube,cube_retreat,3,commands_back,,0,,,,cube_approach,2026-07-31T11:47:20.743+01:00,1.612567,0.020113,49.719149,0,3509.306000000,3509.306000000,trusted_fallback,0.000000,-0.11985991910732396,-0.0002918359058817762,0.07575785165123106,-0.11985991910732396,-0.0002918359058817762,0.07575785165123106,0.0,0.0,0.0,-1.4144710344145242,0.34014881916963363,-27.745088559235075,-1.4144710344145242,0.34014881916963363,-27.745088559235075,0.0,0.0,0.0,2.0459200792274506,0.2687088245922084,-20.40885523282375,2.0459200792274506,0.2687088245922084,-20.40885523282375,0.0,0.0,0.0,-2.2041100732695034,-0.6049804916673196,-2.72464782860253,-2.2041100732695034,-0.6049804916673196,-2.72464782860253,0.0,0.0,0.0,-1.5689663434537158,-0.0038201271353106424,0.0037631444349643176,-1.5689663434537158,-0.0038201271353106424,0.0037631444349643176,0.0,0.0,0.0,-3.511348410591114e-10,7.315327349953493e-10,-1.6690861331730162e-06,-3.511348410591114e-10,7.315327349953493e-10,-1.6690861331730162e-06,0.0,0.0,0.0,robotiq_85_left_knuckle_joint,2.6832794058993466e-12,2.2776919239575477e-14,,robotiq_85_left_knuckle_joint,2.6832794058993466e-12,2.2776919239575477e-14,,0.0,0.0,
sentinel_joint_telemetry_v2,20260731_114715,20260731_114715:1,1,77,short_cube_pick_place,attack,replay_attack,prior_command_replay,medium,arm_trajectory,cube,cube_retreat,3,commands_back,,0,,,,cube_approach,2026-07-31T11:47:20.765+01:00,1.634445,0.021878,45.707865,0,3509.328000000,3509.328000000,trusted_fallback,0.000000,-0.11986633949010786,-0.0002918353977064131,0.07547435692999789,-0.11986633949010786,-0.0002918353977064131,0.07547435692999789,0.0,0.0,0.0,-1.406987768721207,0.34014822686864465,-27.903226212291603,-1.406987768721207,0.34014822686864465,-27.903226212291603,0.0,0.0,0.0,2.051831666789245,0.2687083566897177,-20.234030804252903,2.051831666789245,0.2687083566897177,-20.234030804252903,0.0,0.0,0.0,-2.2174196292734676,-0.6049794382149931,-2.725089315473345,-2.2174196292734676,-0.6049794382149931,-2.725089315473345,0.0,0.0,0.0,-1.5690503861571585,-0.0038201204833216715,0.0035954906949638415,-1.5690503861571585,-0.0038201204833216715,0.0035954906949638415,0.0,0.0,0.0,-3.3504113881584616e-10,7.315314545525836e-10,-1.6368919920622511e-06,-3.3504113881584616e-10,7.315314545525836e-10,-1.6368919920622511e-06,0.0,0.0,0.0,robotiq_85_left_knuckle_joint,2.6837922179144212e-12,2.4192453595972552e-14,,robotiq_85_left_knuckle_joint,2.6837922179144212e-12,2.4192453595972552e-14,,0.0,0.0,
sentinel_joint_telemetry_v2,20260731_114715,20260731_114715:1,1,78,short_cube_pick_place,attack,replay_attack,prior_command_replay,medium,arm_trajectory,cube,cube_retreat,3,commands_back,,0,,,,cube_approach,2026-07-31T11:47:20.785+01:00,1.654449,0.020003,49.992366,0,3509.347000000,3509.347000000,trusted_fallback,0.000000,-0.1198721761961386,-0.0002918352463394377,0.07520595533946385,-0.1198721761961386,-0.0002918352463394377,0.07520595533946385,0.0,0.0,0.0,-1.4001848064256386,0.3401480504430996,-28.04388297734798,-1.4001848064256386,0.3401480504430996,-28.04388297734798,0.0,0.0,0.0,2.057205832152071,0.2687082173179582,-20.072360861459362,2.057205832152071,0.2687082173179582,-20.072360861459362,0.0,0.0,0.0,-2.2295192140505486,-0.6049791244288193,-2.7254912226116144,-2.2295192140505486,-0.6049791244288193,-2.7254912226116144,0.0,0.0,0.0,-1.5691267885416482,-0.0038201185019419606,0.003443024703031212,-1.5691267885416482,-0.0038201185019419606,0.003443024703031212,0.0,0.0,0.0,-3.2041051441873936e-10,7.315310779007489e-10,-1.6074589106029965e-06,-3.2041051441873936e-10,7.315310779007489e-10,-1.6074589106029965e-06,0.0,0.0,0.0,robotiq_85_left_knuckle_joint,2.6842687950255292e-12,2.442143709480149e-14,,robotiq_85_left_knuckle_joint,2.6842687950255292e-12,2.442143709480149e-14,,0.0,0.0,
sentinel_joint_telemetry_v2,20260731_114715,20260731_114715:1,1,79,short_cube_pick_place,attack,replay_attack,prior_command_replay,medium,arm_trajectory,cube,cube_retreat,3,commands_back,,0,,,,cube_approach,2026-07-31T11:47:20.807+01:00,1.676420,0.021971,45.513581,0,3509.370000000,3509.370000000,trusted_fallback,0.000000,-0.11987858639511306,-0.000292400505357237,0.07518991888355564,-0.11987858639511306,-0.000292400505357237,0.07518991888355564,0.0,0.0,0.0,-1.3927134104530485,0.34080688707141793,-28.195732263112653,-1.3927134104530485,0.34080688707141793,-28.195732263112653,0.0,0.0,0.0,2.0631080429395676,0.269228681320888,-19.891417504878625,2.0631080429395676,0.269228681320888,-19.891417504878625,0.0,0.0,0.0,-2.2428076588553125,-0.6061509153765432,-2.7258817581059867,-2.2428076588553125,-0.6061509153765432,-2.7258817581059867,0.0,0.0,0.0,-1.569210697939197,-0.0038275177329487823,0.003275591543381201,-1.569210697939197,-0.0038275177329487823,0.003275591543381201,0.0,0.0,0.0,-3.0434234008230244e-10,7.329480288757045e-10,-1.5792047730120445e-06,-3.0434234008230244e-10,7.329480288757045e-10,-1.5792047730120445e-06,0.0,0.0,0.0,robotiq_85_left_knuckle_joint,2.6791959570425186e-12,3.7237227190622946e-13,,robotiq_85_left_knuckle_joint,2.6791959570425186e-12,3.7237227190622946e-13,,0.0,0.0,
sentinel_joint_telemetry_v2,20260731_114715,20260731_114715:1,1,80,short_cube_pick_place,attack,replay_attack,prior_command_replay,medium,arm_trajectory,cube,cube_retreat,3,commands_back,,0,,,,cube_approach,2026-07-31T11:47:20.829+01:00,1.698440,0.022020,45.413271,0,3509.392000000,3509.392000000,trusted_fallback,0.000000,-0.11988501375149617,-0.00029201257500188966,0.07467051268336677,-0.11988501375149617,-0.00029201257500188966,0.07467051268336677,0.0,0.0,0.0,-1.3852220166937483,0.34035473554914863,-28.34313768901502,-1.3852220166937483,0.34035473554914863,-28.34313768901502,0.0,0.0,0.0,2.069026051464581,0.26887149323946974,-19.70759180928153,2.069026051464581,0.26887149323946974,-19.70759180928153,0.0,0.0,0.0,-2.2561316712415276,-0.6053467295770514,-2.7263613390377794,-2.2561316712415276,-0.6053467295770514,-2.7263613390377794,0.0,0.0,0.0,-1.5692948319269358,-0.003822439731186368,0.003107527868988169,-1.5692948319269358,-0.003822439731186368,0.003107527868988169,0.0,0.0,0.0,-2.88231156773397e-10,7.319755812758288e-10,-1.5434922797860834e-06,-2.88231156773397e-10,7.319755812758288e-10,-1.5434922797860834e-06,0.0,0.0,0.0,robotiq_85_left_knuckle_joint,2.6857161442104762e-12,1.3714723801072637e-14,,robotiq_85_left_knuckle_joint,2.6857161442104762e-12,1.3714723801072637e-14,,0.0,0.0,
sentinel_joint_telemetry_v2,20260731_114715,20260731_114715:1,1,81,short_cube_pick_place,attack,replay_attack,prior_command_replay,medium,arm_trajectory,cube,cube_retreat,3,commands_back,,0,,,,cube_approach,2026-07-31T11:47:20.851+01:00,1.720439,0.021999,45.457159,0,3509.414000000,3509.414000000,trusted_fallback,0.000000,-0.1198914150416086,-0.00029307277079972983,0.07488047841814466,-0.1198914150416086,-0.00029307277079972983,0.07488047841814466,0.0,0.0,0.0,-1.3777610044289474,0.34159044483243545,-28.488386649108573,-1.3777610044289474,0.34159044483243545,-28.488386649108573,0.0,0.0,0.0,2.074920059389804,0.26984767181313246,-19.52042065358004,2.074920059389804,0.26984767181313246,-19.52042065358004,0.0,0.0,0.0,-2.269401647833897,-0.6075445323244594,-2.72671658903333,-2.269401647833897,-0.6075445323244594,-2.72671658903333,0.0,0.0,0.0,-1.569378624707635,-0.0038363176760697146,0.0029402710117369625,-1.569378624707635,-0.0038363176760697146,0.0029402710117369625,0.0,0.0,0.0,-2.7218531521169546e-10,7.346332465962835e-10,-1.5185228928734021e-06,-2.7218531521169546e-10,7.346332465962835e-10,-1.5185228928734021e-06,0.0,0.0,0.0,robotiq_85_left_knuckle_joint,2.6660020076372743e-12,1.2065175247766291e-12,,robotiq_85_left_knuckle_joint,2.6660020076372743e-12,1.2065175247766291e-12,,0.0,0.0,
sentinel_joint_telemetry_v2,20260731_114715,20260731_114715:1,1,82,short_cube_pick_place,attack,replay_attack,prior_command_replay,medium,arm_trajectory,cube,cube_retreat,3,commands_back,,0,,,,cube_approach,2026-07-31T11:47:20.873+01:00,1.742386,0.021948,45.562767,0,3509.436000000,3509.436000000,trusted_fallback,0.000000,-0.11989785070141741,-0.00029222353901718547,0.07410182695447627,-0.11989785070141741,-0.00029222353901718547,0.07410182695447627,0.0,0.0,0.0,-1.3702599326270535,0.3406006242771709,-28.628282850639167,-1.3702599326270535,0.3406006242771709,-28.628282850639167,0.0,0.0,0.0,2.080845713319722,0.2690657390147921,-19.330586578005885,2.080845713319722,0.2690657390147921,-19.330586578005885,0.0,0.0,0.0,-2.2827428733534,-0.6057840613423101,-2.727233113625246,-2.2827428733534,-0.6057840613423101,-2.727233113625246,0.0,0.0,0.0,-1.569462867387073,-0.003825201246582809,0.002771810222995272,-1.569462867387073,-0.003825201246582809,0.002771810222995272,0.0,0.0,0.0,-2.5605331700545834e-10,7.325044058727886e-10,-1.4789864827320557e-06,-2.5605331700545834e-10,7.325044058727886e-10,-1.4789864827320557e-06,0.0,0.0,0.0,robotiq_85_left_knuckle_joint,2.684803592925937e-12,1.3492679196147606e-13,,robotiq_85_left_knuckle_joint,2.684803592925937e-12,1.3492679196147606e-13,,0.0,0.0,
sentinel_joint_telemetry_v2,20260731_114715,20260731_114715:1,1,83,short_cube_pick_place,attack,replay_attack,prior_command_replay,medium,arm_trajectory,cube,cube_retreat,3,commands_back,,0,,,,cube_approach,2026-07-31T11:47:20.893+01:00,1.762480,0.020094,49.766857,0,3509.456000000,3509.456000000,trusted_fallback,0.000000,-0.11990369195793465,-0.00029197058284380903,0.07365030226843855,-0.11990369195793465,-0.00029197058284380903,0.07365030226843855,0.0,0.0,0.0,-1.36345166652014,0.34030579166577746,-28.75291177115865,-1.36345166652014,0.34030579166577746,-28.75291177115865,0.0,0.0,0.0,2.0862240685571907,0.2688328288295567,-19.15530630277606,2.0862240685571907,0.2688328288295567,-19.15530630277606,0.0,0.0,0.0,-2.294851891361509,-0.6052596791658043,-2.7276571552716278,-2.294851891361509,-0.6052596791658043,-2.7276571552716278,0.0,0.0,0.0,-1.569539329337354,-0.0038218900545642703,0.0026189237784940245,-1.569539329337354,-0.0038218900545642703,0.0026189237784940245,0.0,0.0,0.0,-2.414112859076807e-10,7.318703191226683e-10,-1.446819688899315e-06,-2.414112859076807e-10,7.318703191226683e-10,-1.446819688899315e-06,0.0,0.0,0.0,robotiq_85_left_knuckle_joint,2.687749299104918e-12,-1.9810542095655137e-14,,robotiq_85_left_knuckle_joint,2.687749299104918e-12,-1.9810542095655137e-14,,0.0,0.0,
sentinel_joint_telemetry_v2,20260731_114715,20260731_114715:1,1,84,short_cube_pick_place,attack,replay_attack,prior_command_replay,medium,arm_trajectory,cube,cube_retreat,3,commands_back,,0,,,,cube_approach,2026-07-31T11:47:20.913+01:00,1.782482,0.020002,49.995515,0,3509.476000000,3509.476000000,trusted_fallback,0.000000,-0.1199095302488473,-0.00029188238248160307,0.07327305885217379,-0.1199095302488473,-0.00029188238248160307,0.07327305885217379,0.0,0.0,0.0,-1.356646856968281,0.34020298989076136,-28.874812358273363,-1.356646856968281,0.34020298989076136,-28.874812358273363,0.0,0.0,0.0,2.091599693205006,0.2687516180695382,-18.977547785087772,2.091599693205006,0.2687516180695382,-18.977547785087772,0.0,0.0,0.0,-2.3069547616241097,-0.6050768384064149,-2.728067420592424,-2.3069547616241097,-0.6050768384064149,-2.728067420592424,0.0,0.0,0.0,-1.5696157524679215,-0.0038207355132815653,0.0024660876879402807,-1.5696157524679215,-0.0038207355132815653,0.0024660876879402807,0.0,0.0,0.0,-2.2677668876721565e-10,7.316492323019425e-10,-1.4157396153319773e-06,-2.2677668876721565e-10,7.316492323019425e-10,-1.4157396153319773e-06,0.0,0.0,0.0,robotiq_85_left_knuckle_joint,2.688109080753835e-12,-2.01574867908505e-14,,robotiq_85_left_knuckle_joint,2.688109080753835e-12,-2.01574867908505e-14,,0.0,0.0,
sentinel_joint_telemetry_v2,20260731_114715,20260731_114715:1,1,85,short_cube_pick_place,attack,replay_attack,prior_command_replay,medium,arm_trajectory,cube,cube_retreat,3,commands_back,,0,,,,cube_approach,2026-07-31T11:47:20.935+01:00,1.804540,0.022058,45.335879,0,3509.498000000,3509.498000000,trusted_fallback,0.000000,-0.11991595120568269,-0.00029184998255725827,0.07287967208703802,-0.11991595120568269,-0.00029184998255725827,0.07287967208703802,0.0,0.0,0.0,-1.3491629221902164,0.34016522621493195,-29.00564679803334,-1.3491629221902164,0.34016522621493195,-29.00564679803334,0.0,0.0,0.0,2.0975118093265537,0.26872178573617744,-18.779207032629472,2.0975118093265537,0.26872178573617744,-18.779207032629472,0.0,0.0,0.0,-2.3202655076460807,-0.6050096728427253,-2.7285134650914045,-2.3202655076460807,-0.6050096728427253,-2.7285134650914045,0.0,0.0,0.0,-1.5696998026856894,-0.003820311398794775,0.002297951386962117,-1.5696998026856894,-0.003820311398794775,0.002297951386962117,0.0,0.0,0.0,-2.1068154764411914e-10,7.315680151508824e-10,-1.381860541500834e-06,-2.1068154764411914e-10,7.315680151508824e-10,-1.381860541500834e-06,0.0,0.0,0.0,robotiq_85_left_knuckle_joint,2.6882078628474505e-12,-3.469446951953614e-16,,robotiq_85_left_knuckle_joint,2.6882078628474505e-12,-3.469446951953614e-16,,0.0,0.0,
sentinel_joint_telemetry_v2,20260731_114715,20260731_114715:1,1,86,short_cube_pick_place,attack,replay_attack,prior_command_replay,medium,arm_trajectory,cube,cube_retreat,3,commands_back,,0,,,,cube_approach,2026-07-31T11:47:20.957+01:00,1.826456,0.021916,45.627923,0,3509.520000000,3509.520000000,trusted_fallback,0.000000,-0.11992237176233339,-0.00029183981511544596,0.07248585909703066,-0.11992237176233339,-0.00029183981511544596,0.07248585909703066,0.0,0.0,0.0,-1.3416794538467673,0.3401533755732994,-29.133042882965015,-1.3416794538467673,0.3401533755732994,-29.133042882965015,0.0,0.0,0.0,2.103423556976742,0.2687124240339351,-18.577968968077002,2.103423556976742,0.2687124240339351,-18.577968968077002,0.0,0.0,0.0,-2.333575424078686,-0.6049885955771618,-2.728957613123081,-2.333575424078686,-0.6049885955771618,-2.728957613123081,0.0,0.0,0.0,-1.5697838476650459,-0.0038201783071693486,0.0021297710697774776,-1.5697838476650459,-0.0038201783071693486,0.0021297710697774776,0.0,0.0,0.0,-1.9458740961793372e-10,7.315425268588499e-10,-1.3479667492923967e-06,-1.9458740961793372e-10,7.315425268588499e-10,-1.3479667492923967e-06,0.0,0.0,0.0,robotiq_85_left_knuckle_joint,2.6884542213366145e-12,1.2399803406282217e-14,,robotiq_85_left_knuckle_joint,2.6884542213366145e-12,1.2399803406282217e-14,,0.0,0.0,
sentinel_joint_telemetry_v2,20260731_114715,20260731_114715:1,1,87,short_cube_pick_place,attack,replay_attack,prior_command_replay,medium,arm_trajectory,cube,cube_retreat,3,commands_back,,0,,,,cube_approach,2026-07-31T11:47:20.979+01:00,1.848389,0.021933,45.592725,0,3509.542000000,3509.542000000,trusted_fallback,0.000000,-0.11992879219340183,-0.00029183662446569873,0.07208400692776396,-0.11992879219340183,-0.00029183662446569873,0.07208400692776396,0.0,0.0,0.0,-1.3341961318754434,0.34014965671639075,-29.257003498217465,-1.3341961318754434,0.34014965671639075,-29.257003498217465,0.0,0.0,0.0,2.1093351889967145,0.26870948623254354,-18.37387222612348,2.1093351889967145,0.26870948623254354,-18.37387222612348,0.0,0.0,0.0,-2.346885080177358,-0.6049819813079248,-2.7294009334704747,-2.346885080177358,-0.6049819813079248,-2.7294009334704747,0.0,0.0,0.0,-1.5698678910005328,-0.0038201365416128986,0.0019615382631213586,-1.5698678910005328,-0.0038201365416128986,0.0019615382631213586,0.0,0.0,0.0,-1.7849358636968285e-10,7.315345326025513e-10,-1.313946854230264e-06,-1.7849358636968285e-10,7.315345326025513e-10,-1.313946854230264e-06,0.0,0.0,0.0,robotiq_85_left_knuckle_joint,2.6888265068723465e-12,1.8381129951450248e-14,,robotiq_85_left_knuckle_joint,2.6888265068723465e-12,1.8381129951450248e-14,,0.0,0.0,
sentinel_joint_telemetry_v2,20260731_114715,20260731_114715:1,1,88,short_cube_pick_place,attack,replay_attack,prior_command_replay,medium,arm_trajectory,cube,cube_retreat,3,commands_back,,0,,,,cube_approach,2026-07-31T11:47:20.999+01:00,1.868412,0.020022,49.944302,0,3509.562000000,3509.562000000,trusted_fallback,0.000000,-0.11993462891381482,-0.0002918356740850862,0.07170974086760477,-0.11993462891381482,-0.0002918356740850862,0.07170974086760477,0.0,0.0,0.0,-1.3273931528166427,0.34014854900017294,-29.366725088616374,-1.3273931528166427,0.34014854900017294,-29.366725088616374,0.0,0.0,0.0,2.1147093676020607,0.26870861116518324,-18.185880492835203,2.1147093676020607,0.26870861116518324,-18.185880492835203,0.0,0.0,0.0,-2.358984694769125,-0.6049800111504843,-2.7298034385587138,-2.358984694769125,-0.6049800111504843,-2.7298034385587138,0.0,0.0,0.0,-1.5699442935732861,-0.003820124101121933,0.001808551920275416,-1.5699442935732861,-0.003820124101121933,0.001808551920275416,0.0,0.0,0.0,-1.6386292594540519e-10,7.315321527787827e-10,-1.282881678464968e-06,-1.6386292594540519e-10,7.315321527787827e-10,-1.282881678464968e-06,0.0,0.0,0.0,robotiq_85_left_knuckle_joint,2.6892198103177146e-12,2.0664026045835726e-14,,robotiq_85_left_knuckle_joint,2.6892198103177146e-12,2.0664026045835726e-14,,0.0,0.0,
sentinel_joint_telemetry_v2,20260731_114715,20260731_114715:1,1,89,short_cube_pick_place,attack,replay_attack,prior_command_replay,medium,arm_trajectory,cube,cube_retreat,3,commands_back,,0,,,,cube_approach,2026-07-31T11:47:21.019+01:00,1.888468,0.020057,49.858989,0,3509.582000000,3509.582000000,trusted_fallback,0.000000,-0.11994046562308577,-0.0002918353427065492,0.07132642674416954,-0.11994046562308577,-0.0002918353427065492,0.07132642674416954,0.0,0.0,0.0,-1.320590186744472,0.3401481627633985,-29.47363154925524,-1.320590186744472,0.3401481627633985,-29.47363154925524,0.0,0.0,0.0,2.1200835359483032,0.26870830604806195,-17.995585123039866,2.1200835359483032,0.26870830604806195,-17.995585123039866,0.0,0.0,0.0,-2.3710842862631822,-0.6049793241991086,-2.7302054516738803,-2.3710842862631822,-0.6049793241991086,-2.7302054516738803,0.0,0.0,0.0,-1.5700206960001908,-0.0038201197633605938,0.0016555202147917295,-1.5700206960001908,-0.0038201197633605938,0.0016555202147917295,0.0,0.0,0.0,-1.4923229346969113e-10,7.315313207620355e-10,-1.2516776050019492e-06,-1.4923229346969113e-10,7.315313207620355e-10,-1.2516776050019492e-06,0.0,0.0,0.0,robotiq_85_left_knuckle_joint,2.6896339512614763e-12,2.1441182163073336e-14,,robotiq_85_left_knuckle_joint,2.6896339512614763e-12,2.1441182163073336e-14,,0.0,0.0,
sentinel_joint_telemetry_v2,20260731_114715,20260731_114715:1,1,90,short_cube_pick_place,attack,replay_attack,prior_command_replay,medium,arm_trajectory,cube,cube_retreat,3,commands_back,,0,,,,cube_approach,2026-07-31T11:47:21.041+01:00,1.910475,0.022007,45.440678,0,3509.604000000,3509.604000000,trusted_fallback,0.000000,-0.11994688599891365,-0.00029183522097691195,0.07089420422041201,-0.11994688599891365,-0.00029183522097691195,0.07089420422041201,0.0,0.0,0.0,-1.313106929158697,0.3401480208814189,-29.58799397366828,-1.313106929158697,0.3401480208814189,-29.58799397366828,0.0,0.0,0.0,2.1259951171053473,0.26870819396491785,-17.783633272899905,2.1259951171053473,0.26870819396491785,-17.783633272899905,0.0,0.0,0.0,-2.3843938278472696,-0.6049790718512812,-2.730647026253858,-2.3843938278472696,-0.6049790718512812,-2.730647026253858,0.0,0.0,0.0,-1.5701047386125797,-0.003820118169925361,0.0014871333103016718,-1.5701047386125797,-0.003820118169925361,0.0014871333103016718,0.0,0.0,0.0,-1.331386086809966e-10,7.315310158843846e-10,-1.217191137618953e-06,-1.331386086809966e-10,7.315310158843846e-10,-1.217191137618953e-06,0.0,0.0,0.0,robotiq_85_left_knuckle_joint,2.6900978301967408e-12,2.1670165661902274e-14,,robotiq_85_left_knuckle_joint,2.6900978301967408e-12,2.1670165661902274e-14,,0.0,0.0,
sentinel_joint_telemetry_v2,20260731_114715,20260731_114715:1,1,91,short_cube_pick_place,attack,replay_attack,prior_command_replay,medium,arm_trajectory,cube,cube_retreat,3,commands_back,,0,,,,cube_approach,2026-07-31T11:47:21.063+01:00,1.932470,0.021995,45.465488,0,3509.626000000,3509.626000000,trusted_fallback,0.000000,-0.11995328509845404,-0.00029301711522053734,0.07102432651152511,-0.11995328509845404,-0.00029301711522053734,0.07102432651152511,0.0,0.0,0.0,-1.3056484701113593,0.34152557557933655,-29.70022680453096,-1.3056484701113593,0.34152557557933655,-29.70022680453096,0.0,0.0,0.0,2.1318871080543964,0.26979642677035953,-17.568913614176005,2.1318871080543964,0.26979642677035953,-17.568913614176005,0.0,0.0,0.0,-2.3976592633485985,-0.6074291574344297,-2.7310367090400196,-2.3976592633485985,-0.6074291574344297,-2.7310367090400196,0.0,0.0,0.0,-1.5701885027187261,-0.0038355891455272868,0.0013193813141191147,-1.5701885027187261,-0.0038355891455272868,0.0013193813141191147,0.0,0.0,0.0,-1.170982570654664e-10,7.344936726969703e-10,-1.190763275028236e-06,-1.170982570654664e-10,7.344936726969703e-10,-1.190763275028236e-06,0.0,0.0,0.0,robotiq_85_left_knuckle_joint,2.6709959295799168e-12,1.1834491719930895e-12,,robotiq_85_left_knuckle_joint,2.6709959295799168e-12,1.1834491719930895e-12,,0.0,0.0,
sentinel_joint_telemetry_v2,20260731_114715,20260731_114715:1,1,92,short_cube_pick_place,attack,replay_attack,prior_command_replay,medium,arm_trajectory,cube,cube_retreat,3,commands_back,,0,,,,cube_approach,2026-07-31T11:47:21.083+01:00,1.952471,0.020001,49.996568,0,3509.645000000,3509.645000000,trusted_fallback,0.000000,-0.11995913565869055,-0.00029224728575409057,0.07023697137830678,-0.11995913565869055,-0.00029224728575409057,0.07023697137830678,0.0,0.0,0.0,-1.298829360071396,0.34062830224296364,-29.79741694140615,-1.298829360071396,0.34062830224296364,-29.79741694140615,0.0,0.0,0.0,2.1372740297202637,0.26908760389629727,-17.371478262149644,2.1372740297202637,0.26908760389629727,-17.371478262149644,0.0,0.0,0.0,-2.409787568114658,-0.6058332887052452,-2.7314715707888233,-2.409787568114658,-0.6058332887052452,-2.7314715707888233,0.0,0.0,0.0,-1.5702650864545329,-0.003825512090938684,0.001165757091197739,-1.5702650864545329,-0.003825512090938684,0.001165757091197739,0.0,0.0,0.0,-1.0243290427827406e-10,7.325639287888985e-10,-1.153726695622376e-06,-1.0243290427827406e-10,7.325639287888985e-10,-1.153726695622376e-06,0.0,0.0,0.0,robotiq_85_left_knuckle_joint,2.6884432231897783e-12,1.8830770276423436e-13,,robotiq_85_left_knuckle_joint,2.6884432231897783e-12,1.8830770276423436e-13,,0.0,0.0,
sentinel_joint_telemetry_v2,20260731_114715,20260731_114715:1,1,93,short_cube_pick_place,attack,replay_attack,prior_command_replay,medium,arm_trajectory,cube,cube_retreat,3,commands_back,,0,,,,cube_approach,2026-07-31T11:47:21.105+01:00,1.974473,0.022002,45.450529,0,3509.668000000,3509.668000000,trusted_fallback,0.000000,-0.11996555094693252,-0.0002925298076865482,0.06990696728180587,-0.11996555094693252,-0.0002925298076865482,0.06990696728180587,0.0,0.0,0.0,-1.2913520323122727,0.34095759517498053,-29.90233780499955,-1.2913520323122727,0.34095759517498053,-29.90233780499955,0.0,0.0,0.0,2.143180926466661,0.26934773684906477,-17.151736411372248,2.143180926466661,0.26934773684906477,-17.151736411372248,0.0,0.0,0.0,-2.4230865630519847,-0.6064189611775015,-2.7319023606787587,-2.4230865630519847,-0.6064189611775015,-2.7319023606787587,0.0,0.0,0.0,-1.5703490624705079,-0.0038292102983025697,0.0009973763270681997,-1.5703490624705079,-0.0038292102983025697,0.0009973763270681997,0.0,0.0,0.0,-8.635197237188007e-11,7.332721183722635e-10,-1.1206584386759555e-06,-8.635197237188007e-11,7.332721183722635e-10,-1.1206584386759555e-06,0.0,0.0,0.0,robotiq_85_left_knuckle_joint,2.6869151746687284e-12,3.1605967842907035e-13,,robotiq_85_left_knuckle_joint,2.6869151746687284e-12,3.1605967842907035e-13,,0.0,0.0,
sentinel_joint_telemetry_v2,20260731_114715,20260731_114715:1,1,94,short_cube_pick_place,attack,replay_attack,prior_command_replay,medium,arm_trajectory,cube,cube_retreat,3,commands_back,,0,,,,cube_approach,2026-07-31T11:47:21.127+01:00,1.996525,0.022052,45.347741,0,3509.690000000,3509.690000000,trusted_fallback,0.000000,-0.11997197990038164,-0.00029205315144271754,0.0692031893973228,-0.11997197990038164,-0.00029205315144271754,0.0692031893973228,0.0,0.0,0.0,-1.2838587770955046,0.340402029348943,-30.00313866502245,-1.2838587770955046,0.340402029348943,-30.00313866502245,0.0,0.0,0.0,2.1491004054952287,0.26890885412570925,-16.929402854907035,2.1491004054952287,0.26890885412570925,-16.929402854907035,0.0,0.0,0.0,-2.4364138861815916,-0.6054308451897753,-2.732357993261511,-2.4364138861815916,-0.6054308451897753,-2.732357993261511,0.0,0.0,0.0,-1.5704332173638138,-0.003822970876124967,0.0008285078100655587,-1.5704332173638138,-0.003822970876124967,0.0008285078100655587,0.0,0.0,0.0,-7.023678627962678e-11,7.320772902816297e-10,-1.0822507856285125e-06,-7.023678627962678e-11,7.320772902816297e-10,-1.0822507856285125e-06,0.0,0.0,0.0,robotiq_85_left_knuckle_joint,2.6929294678988338e-12,-2.343264471349471e-14,,robotiq_85_left_knuckle_joint,2.6929294678988338e-12,-2.343264471349471e-14,,0.0,0.0,
sentinel_joint_telemetry_v2,20260731_114715,20260731_114715:1,1,95,short_cube_pick_place,attack,replay_attack,prior_command_replay,medium,arm_trajectory,cube,cube_retreat,3,commands_back,,0,,,,cube_approach,2026-07-31T11:47:21.149+01:00,2.018428,0.021904,45.654754,0,3509.711000000,3509.711000000,trusted_fallback,0.000000,-0.11997840296645439,-0.00029190357166496497,0.0686465163060152,-0.11997840296645439,-0.00029190357166496497,0.0686465163060152,0.0,0.0,0.0,-1.276372383899631,0.34022768690595623,-30.100997959439244,-1.276372383899631,0.34022768690595623,-30.100997959439244,0.0,0.0,0.0,2.1550144637036572,0.2687711280767052,-16.70449765327627,2.1550144637036572,0.2687711280767052,-16.70449765327627,0.0,0.0,0.0,-2.4497290046862283,-0.6051207639226113,-2.732799636846516,-2.4497290046862283,-0.6051207639226113,-2.732799636846516,0.0,0.0,0.0,-1.5705172951914632,-0.0038210128793504904,0.0006597778807930466,-1.5705172951914632,-0.0038210128793504904,0.0006597778807930466,0.0,0.0,0.0,-5.413635799367862e-11,7.317023451979682e-10,-1.0459383278271313e-06,-5.413635799367862e-11,7.317023451979682e-10,-1.0459383278271313e-06,0.0,0.0,0.0,robotiq_85_left_knuckle_joint,2.6934258902465076e-12,-3.594347042223944e-14,,robotiq_85_left_knuckle_joint,2.6934258902465076e-12,-3.594347042223944e-14,,0.0,0.0,
sentinel_joint_telemetry_v2,20260731_114715,20260731_114715:1,1,96,short_cube_pick_place,attack,replay_attack,prior_command_replay,medium,arm_trajectory,cube,cube_retreat,3,commands_back,,0,,,,cube_approach,2026-07-31T11:47:21.169+01:00,2.038466,0.020038,49.905173,0,3509.732000000,3509.732000000,trusted_fallback,0.000000,-0.11998422916544982,-0.0002924871444825504,0.06846980592748386,-0.11998422916544982,-0.0002924871444825504,0.06846980592748386,0.0,0.0,0.0,-1.2695816680601695,0.34090786915303134,-30.187908347742297,-1.2695816680601695,0.34090786915303134,-30.187908347742297,0.0,0.0,0.0,2.160378954680915,0.269308454569841,-16.49786342396605,2.160378954680915,0.269308454569841,-16.49786342396605,0.0,0.0,0.0,-2.4618068082116498,-0.6063305196733318,-2.7331822937518164,-2.4618068082116498,-0.6063305196733318,-2.7331822937518164,0.0,0.0,0.0,-1.5705935600390377,-0.0038286518376853106,0.0005067488275982926,-1.5705935600390377,-0.0038286518376853106,0.0005067488275982926,0.0,0.0,0.0,-3.9532071269716687e-11,7.331651722362886e-10,-1.0175802981404896e-06,-3.9532071269716687e-11,7.331651722362886e-10,-1.0175802981404896e-06,0.0,0.0,0.0,robotiq_85_left_knuckle_joint,2.687070820997887e-12,3.7538722130747715e-13,,robotiq_85_left_knuckle_joint,2.687070820997887e-12,3.7538722130747715e-13,,0.0,0.0,
sentinel_joint_telemetry_v2,20260731_114715,20260731_114715:1,1,97,short_cube_pick_place,attack,replay_attack,prior_command_replay,medium,arm_trajectory,cube,cube_retreat,3,commands_back,,0,,,,cube_approach,2026-07-31T11:47:21.189+01:00,2.058493,0.020027,49.933257,0,3509.752000000,3509.752000000,trusted_fallback,0.000000,-0.11999007351242168,-0.0002920624963865849,0.06781094316616167,-0.11999007351242168,-0.0002920624963865849,0.06781094316616167,0.0,0.0,0.0,-1.2627697998794432,0.3404129213298207,-30.271039774149646,-1.2627697998794432,0.3404129213298207,-30.271039774149646,0.0,0.0,0.0,2.165760155464114,0.2689174585106343,-16.28915329747884,2.165760155464114,0.2689174585106343,-16.28915329747884,0.0,0.0,0.0,-2.4739222327814256,-0.6054502174044093,-2.7335876569365793,-2.4739222327814256,-0.6054502174044093,-2.7335876569365793,0.0,0.0,0.0,-1.570670062443318,-0.0038230932012586604,0.0003531121266998372,-1.570670062443318,-0.0038230932012586604,0.0003531121266998372,0.0,0.0,0.0,-2.4882293590784757e-11,7.321007162042897e-10,-9.823926840715222e-07,-2.4882293590784757e-11,7.321007162042897e-10,-9.823926840715222e-07,0.0,0.0,0.0,robotiq_85_left_knuckle_joint,2.6934415582689433e-12,1.677130656574377e-14,,robotiq_85_left_knuckle_joint,2.6934415582689433e-12,1.677130656574377e-14,,0.0,0.0,
sentinel_joint_telemetry_v2,20260731_114715,20260731_114715:1,1,98,short_cube_pick_place,attack,replay_attack,prior_command_replay,medium,arm_trajectory,cube,cube_retreat,3,commands_back,,0,,,,cube_grasp,2026-07-31T11:47:21.209+01:00,2.079038,0.020545,48.672508,0,3509.772000000,3509.772000000,trusted_fallback,0.000000,-0.11999574361477248,-0.0002364656748346551,-134.0277827469403,-0.11999574361477248,-0.0002364656748346551,-134.0277827469403,0.0,0.0,0.0,-1.262797363532521,-0.07263356577391494,150.0,-1.262797363532521,-0.07263356577391494,150.0,0.0,0.0,0.0,2.170980921569351,0.21772657949945992,-8.202945532619363,2.170980921569351,0.21772657949945992,-8.202945532619363,0.0,0.0,0.0,-2.4845426055247763,-0.43132904170165776,-28.0,-2.4845426055247763,-0.43132904170165776,-28.0,0.0,0.0,0.0,-1.5706862852974228,-0.00026271750647419937,-28.0,-1.5706862852974228,-0.00026271750647419937,-28.0,0.0,0.0,0.0,-8.154325516533395e-11,-3.3218104345759253e-09,10.165356867492584,-8.154325516533395e-11,-3.3218104345759253e-09,10.165356867492584,0.0,0.0,0.0,robotiq_85_left_knuckle_joint,2.880553246648442e-07,-1.6036103261313217e-05,,robotiq_85_left_knuckle_joint,2.880553246648442e-07,-1.6036103261313217e-05,,0.0,0.0,
sentinel_joint_telemetry_v2,20260731_114715,20260731_114715:1,1,99,short_cube_pick_place,attack,replay_attack,prior_command_replay,medium,arm_trajectory,cube,cube_retreat,3,commands_back,,0,,,,cube_grasp,2026-07-31T11:47:21.231+01:00,2.100713,0.021675,46.136717,0,3509.794000000,3509.794000000,trusted_fallback,0.000000,-0.11999866429930385,-7.420545422656905e-05,-109.19467154300114,-0.11999866429930385,-7.420545422656905e-05,-109.19467154300114,0.0,0.0,0.0,-1.2637091907158728,-0.024022287740975007,150.0,-1.2637091907158728,-0.024022287740975007,150.0,0.0,0.0,0.0,2.173670151661891,0.06832490769285635,-9.316768104849189,2.173670151661891,0.06832490769285635,-9.316768104849189,0.0,0.0,0.0,-2.489866208708938,-0.13485573032744883,-28.0,-2.489866208708938,-0.13485573032744883,-28.0,0.0,0.0,0.0,-1.5706944315214268,-0.000382485234285441,-28.0,-1.5706944315214268,-0.000382485234285441,-28.0,0.0,0.0,0.0,-1.247326709837856e-10,-1.3147783042410238e-09,10.658466274324642,-1.247326709837856e-10,-1.3147783042410238e-09,10.658466274324642,0.0,0.0,0.0,robotiq_85_left_knuckle_joint,9.006811652448842e-08,-5.025460805899162e-06,,robotiq_85_left_knuckle_joint,9.006811652448842e-08,-5.025460805899162e-06,,0.0,0.0,
sentinel_joint_telemetry_v2,20260731_114715,20260731_114715:1,1,100,short_cube_pick_place,attack,replay_attack,prior_command_replay,medium,arm_trajectory,cube,cube_retreat,3,commands_back,,0,,,,cube_grasp,2026-07-31T11:47:21.253+01:00,2.122870,0.022156,45.133552,0,3509.816000000,3509.816000000,trusted_fallback,0.000000,-0.11999958084122087,-2.328644643618703e-05,-118.74238949131171,-0.11999958084122087,-2.328644643618703e-05,-118.74238949131171,0.0,0.0,0.0,-1.2640263765284419,-0.008920624753649777,150.0,-1.2640263765284419,-0.008920624753649777,150.0,0.0,0.0,0.0,2.174514060560198,0.02144108000925756,-9.550835600406073,2.174514060560198,0.02144108000925756,-9.550835600406073,0.0,0.0,0.0,-2.4915203328819695,-0.0415443199885438,-28.0,-2.4915203328819695,-0.0415443199885438,-28.0,0.0,0.0,0.0,-1.5707039951560136,-0.0005385484444157115,-28.0,-1.5707039951560136,-0.0005385484444157115,-28.0,0.0,0.0,0.0,-1.4091878704323373e-10,-3.6486739324326223e-10,10.588403848773945,-1.4091878704323373e-10,-3.6486739324326223e-10,10.588403848773945,0.0,0.0,0.0,robotiq_85_left_knuckle_joint,2.7992934197798234e-08,-1.5811451190700376e-06,,robotiq_85_left_knuckle_joint,2.7992934197798234e-08,-1.5811451190700376e-06,,0.0,0.0,
sentinel_joint_telemetry_v2,20260731_114715,20260731_114715:1,1,101,short_cube_pick_place,attack,replay_attack,prior_command_replay,medium,arm_trajectory,cube,cube_retreat,3,commands_back,,0,,,,cube_grasp,2026-07-31T11:47:21.275+01:00,2.144741,0.021871,45.722431,0,3509.838000000,3509.838000000,trusted_fallback,0.000000,-0.11999986846171307,-7.307537664200071e-06,-112.88545553523043,-0.11999986846171307,-7.307537664200071e-06,-112.88545553523043,0.0,0.0,0.0,-1.2641519742548022,-0.0038312928943138713,150.0,-1.2641519742548022,-0.0038312928943138713,150.0,0.0,0.0,0.0,2.174778888114602,0.006728438098084322,-9.682326109090342,2.174778888114602,0.006728438098084322,-9.682326109090342,0.0,0.0,0.0,-2.4920247640128337,-0.01245785089198322,-28.0,-2.4920247640128337,-0.01245785089198322,-28.0,0.0,0.0,0.0,-1.570715716928164,-0.0005270328536492938,-28.0,-1.570715716928164,-0.0005270328536492938,-28.0,0.0,0.0,0.0,-1.4589134181048564e-10,-1.534925214274202e-10,10.670821031889355,-1.4589134181048564e-10,-1.534925214274202e-10,10.670821031889355,0.0,0.0,0.0,robotiq_85_left_knuckle_joint,8.486357020094294e-09,-4.947746584799129e-07,,robotiq_85_left_knuckle_joint,8.486357020094294e-09,-4.947746584799129e-07,,0.0,0.0,
sentinel_joint_telemetry_v2,20260731_114715,20260731_114715:1,1,102,short_cube_pick_place,attack,replay_attack,prior_command_replay,medium,arm_trajectory,cube,cube_retreat,3,commands_back,,0,,,,cube_grasp,2026-07-31T11:47:21.295+01:00,2.164968,0.020227,49.438610,0,3509.858000000,3509.858000000,trusted_fallback,0.000000,-0.11999995413376587,-2.547983149674398e-06,-109.77554349360885,-0.11999995413376587,-2.547983149674398e-06,-109.77554349360885,0.0,0.0,0.0,-1.2642075806395996,-0.002130813443203785,150.0,-1.2642075806395996,-0.002130813443203785,150.0,0.0,0.0,0.0,2.1748577708969643,0.0023460613002315184,-9.729063932181866,2.1748577708969643,0.0023460613002315184,-9.729063932181866,0.0,0.0,0.0,-2.492164910653606,-0.003907876767991411,-28.0,-2.492164910653606,-0.003907876767991411,-28.0,0.0,0.0,0.0,-1.570726124615853,-0.0005142746659349265,-28.0,-1.570726124615853,-0.0005142746659349265,-28.0,0.0,0.0,0.0,-1.4790216523210324e-10,-7.292422460163095e-11,10.710636961574176,-1.4790216523210324e-10,-7.292422460163095e-11,10.710636961574176,0.0,0.0,0.0,robotiq_85_left_knuckle_joint,2.6965661033672466e-09,-1.7170345693873212e-07,,robotiq_85_left_knuckle_joint,2.6965661033672466e-09,-1.7170345693873212e-07,,0.0,0.0,
sentinel_joint_telemetry_v2,20260731_114715,20260731_114715:1,1,103,short_cube_pick_place,attack,replay_attack,prior_command_replay,medium,arm_trajectory,cube,cube_retreat,3,commands_back,,0,,,,cube_grasp,2026-07-31T11:47:21.317+01:00,2.186810,0.021842,45.783475,0,3509.880000000,3509.880000000,trusted_fallback,0.000000,-0.11999998560497448,-7.99585985611492e-07,-107.1876414173738,-0.11999998560497448,-7.99585985611492e-07,-107.1876414173738,0.0,0.0,0.0,-1.2642439698814456,-0.0013419344985431472,150.0,-1.2642439698814456,-0.0013419344985431472,150.0,0.0,0.0,0.0,2.174886748060259,0.0007362188950316914,-9.754662776329198,2.174886748060259,0.0007362188950316914,-9.754662776329198,0.0,0.0,0.0,-2.492207784282445,-0.0008695406851402937,-28.0,-2.492207784282445,-0.0008695406851402937,-28.0,0.0,0.0,0.0,-1.570737271128503,-0.0004997112330599601,-28.0,-1.570737271128503,-0.0004997112330599601,-28.0,0.0,0.0,0.0,-1.4898481545244552e-10,-3.697704837636595e-11,10.741746867931766,-1.4898481545244552e-10,-3.697704837636595e-11,10.741746867931766,0.0,0.0,0.0,robotiq_85_left_knuckle_joint,5.850664899203249e-10,-5.322093610260481e-08,,robotiq_85_left_knuckle_joint,5.850664899203249e-10,-5.322093610260481e-08,,0.0,0.0,
sentinel_joint_telemetry_v2,20260731_114715,20260731_114715:1,1,104,short_cube_pick_place,attack,replay_attack,prior_command_replay,medium,arm_trajectory,cube,cube_retreat,3,commands_back,,0,,,,cube_grasp,2026-07-31T11:47:21.339+01:00,2.208689,0.021880,45.704854,0,3509.902000000,3509.902000000,trusted_fallback,0.000000,-0.11999999548101284,-2.5092071799666903e-07,-104.43721846094716,-0.11999999548101284,-2.5092071799666903e-07,-104.43721846094716,0.0,0.0,0.0,-1.2642685843712782,-0.0009598055335277664,150.0,-1.2642685843712782,-0.0009598055335277664,150.0,0.0,0.0,0.0,2.1748958414011446,0.00023103329027780208,-9.763753524850117,2.1748958414011446,0.00023103329027780208,-9.763753524850117,0.0,0.0,0.0,-2.492214364094455,8.095758194673341e-06,-28.0,-2.492214364094455,8.095758194673341e-06,-28.0,0.0,0.0,0.0,-1.570747913175797,-0.0004402520521016055,-28.0,-1.570747913175797,-0.0004402520521016055,-28.0,0.0,0.0,0.0,-1.4534480181731864e-10,9.759410469437763e-10,9.174865596592634,-1.4534480181731864e-10,9.759410469437763e-10,9.174865596592634,0.0,0.0,0.0,robotiq_85_left_knuckle_joint,-1.1055073656864945e-11,-2.29466119716637e-10,,robotiq_85_left_knuckle_joint,-1.1055073656864945e-11,-2.29466119716637e-10,,0.0,0.0,
sentinel_joint_telemetry_v2,20260731_114715,20260731_114715:1,1,105,short_cube_pick_place,attack,replay_attack,prior_command_replay,medium,arm_trajectory,cube,cube_retreat,3,commands_back,,0,,,,cube_grasp,2026-07-31T11:47:21.359+01:00,2.228732,0.020042,49.894565,0,3509.922000000,3509.922000000,trusted_fallback,0.000000,-0.11999999842278367,-8.749273606827035e-08,-101.53092484658816,-0.11999999842278367,-8.749273606827035e-08,-101.53092484658816,0.0,0.0,0.0,-1.2642854841063091,-0.0007505507301737435,150.0,-1.2642854841063091,-0.0007505507301737435,150.0,0.0,0.0,0.0,2.1748985499864784,8.055632727726157e-05,-9.752354952290448,2.1748985499864784,8.055632727726157e-05,-9.752354952290448,0.0,0.0,0.0,-2.492211179786476,0.00022976718111193326,-28.0,-2.492211179786476,0.00022976718111193326,-28.0,0.0,0.0,0.0,-1.570755237263549,-0.0003007618440587067,-28.0,-1.570755237263549,-0.0003007618440587067,-28.0,0.0,0.0,0.0,-1.0734530444330647e-10,2.264516016543816e-09,4.7815109397662585,-1.0734530444330647e-10,2.264516016543816e-09,4.7815109397662585,0.0,0.0,0.0,robotiq_85_left_knuckle_joint,4.1863823562812533e-07,-2.3248749366079624e-05,,robotiq_85_left_knuckle_joint,4.1863823562812533e-07,-2.3248749366079624e-05,,0.0,0.0,
sentinel_joint_telemetry_v2,20260731_114715,20260731_114715:1,1,106,short_cube_pick_place,attack,replay_attack,prior_command_replay,medium,arm_trajectory,cube,cube_retreat,3,commands_back,,0,,,,cube_grasp,2026-07-31T11:47:21.381+01:00,2.250758,0.022026,45.400653,0,3509.944000000,3509.944000000,trusted_fallback,0.000000,-0.11999999950347241,-2.7458661961809322e-08,-98.26809071145901,-0.11999999950347241,-2.7458661961809322e-08,-98.26809071145901,0.0,0.0,0.0,-1.2643000556978186,-0.0005898005064718763,150.0,-1.2643000556978186,-0.0005898005064718763,150.0,0.0,0.0,0.0,2.1748995449706454,2.5279429106000312e-05,-9.751615581599934,2.1748995449706454,2.5279429106000312e-05,-9.751615581599934,0.0,0.0,0.0,-2.4922054590423515,0.00026171985990486313,-28.0,-2.4922054590423515,0.00026171985990486313,-28.0,0.0,0.0,0.0,-1.5707609435884433,-0.00025006069091876217,-28.0,-1.5707609435884433,-0.00025006069091876217,-28.0,0.0,0.0,0.0,-5.874902944941106e-11,2.038553738141491e-09,1.584721134274112,-5.874902944941106e-11,2.038553738141491e-09,1.584721134274112,0.0,0.0,0.0,robotiq_85_left_knuckle_joint,1.315660653660506e-07,-7.293395970428551e-06,,robotiq_85_left_knuckle_joint,1.315660653660506e-07,-7.293395970428551e-06,,0.0,0.0,
sentinel_joint_telemetry_v2,20260731_114715,20260731_114715:1,1,107,short_cube_pick_place,attack,replay_attack,prior_command_replay,medium,arm_trajectory,cube,cube_retreat,3,commands_back,,0,,,,cube_grasp,2026-07-31T11:47:21.403+01:00,2.272810,0.022053,45.346117,0,3509.966000000,3509.966000000,trusted_fallback,0.000000,-0.11999999984266549,-8.61966573486618e-09,-94.32443247324818,-0.11999999984266549,-8.61966573486618e-09,-94.32443247324818,0.0,0.0,0.0,-1.264311570014985,-0.00046796178540300763,150.0,-1.264311570014985,-0.00046796178540300763,150.0,0.0,0.0,0.0,2.17489985720722,7.932952730882459e-06,-9.758731680890087,2.17489985720722,7.932952730882459e-06,-9.758731680890087,0.0,0.0,0.0,-2.4922000198895233,0.00022853554699772682,-28.0,-2.4922000198895233,0.00022853554699772682,-28.0,0.0,0.0,0.0,-1.5707664210912038,-0.00024775091809074636,-28.0,-1.5707664210912038,-0.00024775091809074636,-28.0,0.0,0.0,0.0,-1.6310682166015746e-11,1.845845068156396e-09,-1.2124441589726196,-1.6310682166015746e-11,1.845845068156396e-09,-1.2124441589726196,0.0,0.0,0.0,robotiq_85_left_knuckle_joint,4.1464009441561696e-08,-2.290029490696621e-06,,robotiq_85_left_knuckle_joint,4.1464009441561696e-08,-2.290029490696621e-06,,0.0,0.0,
sentinel_joint_telemetry_v2,20260731_114715,20260731_114715:1,1,108,short_cube_pick_place,attack,replay_attack,prior_command_replay,medium,arm_trajectory,cube,cube_retreat,3,commands_back,,0,,,,cube_grasp,2026-07-31T11:47:21.425+01:00,2.294701,0.021890,45.682432,0,3509.988000000,3509.988000000,trusted_fallback,0.000000,-0.11999999994914237,-2.7058037089123382e-09,-93.1380406154114,-0.11999999994914237,-2.7058037089123382e-09,-93.1380406154114,0.0,0.0,0.0,-1.2643207173507667,-0.0003718235323240133,150.0,-1.2643207173507667,-0.0003718235323240133,150.0,0.0,0.0,0.0,2.174899955190366,2.4894446560980166e-06,-9.766007253248329,2.174899955190366,2.4894446560980166e-06,-9.766007253248329,0.0,0.0,0.0,-2.492195542227781,0.00018029174717655583,-28.0,-2.492195542227781,0.00018029174717655583,-28.0,0.0,0.0,0.0,-1.5707718306858727,-0.0002441290677994718,-28.0,-1.5707718306858727,-0.0002441290677994718,-28.0,0.0,0.0,0.0,6.766742116501181e-12,5.828294544034385e-10,-1.2386636680067176,6.766742116501181e-12,5.828294544034385e-10,-1.2386636680067176,0.0,0.0,0.0,robotiq_85_left_knuckle_joint,1.3177436685869224e-08,-7.187284824516915e-07,,robotiq_85_left_knuckle_joint,1.3177436685869224e-08,-7.187284824516915e-07,,0.0,0.0,
sentinel_joint_telemetry_v2,20260731_114715,20260731_114715:1,1,109,short_cube_pick_place,attack,replay_attack,prior_command_replay,medium,arm_trajectory,cube,cube_retreat,3,commands_back,,0,,,,cube_grasp,2026-07-31T11:47:21.445+01:00,2.314802,0.020102,49.747472,0,3510.008000000,3510.008000000,trusted_fallback,0.000000,-0.11999999998087416,-9.442478108006441e-10,-92.1088645896524,-0.11999999998087416,-9.442478108006441e-10,-92.1088645896524,0.0,0.0,0.0,-1.264327394052783,-0.0003017814856892294,150.0,-1.264327394052783,-0.0003017814856892294,150.0,0.0,0.0,0.0,2.1748999843760872,8.680157219161794e-07,-9.77269770978313,2.1748999843760872,8.680157219161794e-07,-9.77269770978313,0.0,0.0,0.0,-2.4921923667392525,0.00014002044027324953,-28.0,-2.4921923667392525,0.00014002044027324953,-28.0,0.0,0.0,0.0,-1.5707766774242777,-0.00024070553131429282,-28.0,-1.5707766774242777,-0.00024070553131429282,-28.0,0.0,0.0,0.0,1.3552970762802669e-11,1.9921299028793915e-10,-1.2301615235698273,1.3552970762802669e-11,1.9921299028793915e-10,-1.2301615235698273,0.0,0.0,0.0,robotiq_85_left_knuckle_joint,4.750219895604575e-09,-2.50687707710473e-07,,robotiq_85_left_knuckle_joint,4.750219895604575e-09,-2.50687707710473e-07,,0.0,0.0,
sentinel_joint_telemetry_v2,20260731_114715,20260731_114715:1,1,110,short_cube_pick_place,attack,replay_attack,prior_command_replay,medium,arm_trajectory,cube,cube_retreat,3,commands_back,,0,,,,cube_grasp,2026-07-31T11:47:21.467+01:00,2.336644,0.021842,45.782865,0,3510.030000000,3510.030000000,trusted_fallback,0.000000,-0.11999999999256691,-2.988041103609007e-10,-88.87518542620181,-0.11999999999256691,-2.988041103609007e-10,-88.87518542620181,0.0,0.0,0.0,-1.2643332844774213,-0.00023878034881051093,150.0,-1.2643332844774213,-0.00023878034881051093,150.0,0.0,0.0,0.0,2.174899995097304,2.7239258489075713e-07,-9.779935803691016,2.174899995097304,2.7239258489075713e-07,-9.779935803691016,0.0,0.0,0.0,-2.4921897724571136,9.830845535352753e-05,-28.0,-2.4921897724571136,9.830845535352753e-05,-28.0,0.0,0.0,0.0,-1.570781926849237,-0.00023666537275046206,-28.0,-1.570781926849237,-0.00023666537275046206,-28.0,0.0,0.0,0.0,2.7698733077784776e-11,1.0863256722122572e-09,-3.3901854757399366,2.7698733077784776e-11,1.0863256722122572e-09,-3.3901854757399366,0.0,0.0,0.0,robotiq_85_left_knuckle_joint,1.6410170149952892e-09,-7.977959350091712e-08,,robotiq_85_left_knuckle_joint,1.6410170149952892e-09,-7.977959350091712e-08,,0.0,0.0,
sentinel_joint_telemetry_v2,20260731_114715,20260731_114715:1,1,111,short_cube_pick_place,attack,replay_attack,prior_command_replay,medium,arm_trajectory,cube,cube_retreat,3,commands_back,,0,,,,cube_grasp,2026-07-31T11:47:21.487+01:00,2.356699,0.020055,49.862870,0,3510.050000000,3510.050000000,trusted_fallback,0.000000,-0.11999999999610265,-1.0696858199557568e-10,-85.29945292119423,-0.11999999999610265,-1.0696858199557568e-10,-85.29945292119423,0.0,0.0,0.0,-1.264337554315235,-0.0001919525204868884,150.0,-1.264337554315235,-0.0001919525204868884,150.0,0.0,0.0,0.0,2.174899998290776,9.497745078780595e-08,-9.78790089618,2.174899998290776,9.497745078780595e-08,-9.78790089618,0.0,0.0,0.0,-2.492188164622907,6.441930753865732e-05,-28.0,-2.492188164622907,6.441930753865732e-05,-28.0,0.0,0.0,0.0,-1.5707866411975377,-0.0002411802237584455,-28.0,-1.5707866411975377,-0.0002411802237584455,-28.0,0.0,0.0,0.0,5.4500744242055054e-11,1.4823977134790361e-09,-5.825457071814948,5.4500744242055054e-11,1.4823977134790361e-09,-5.825457071814948,0.0,0.0,0.0,robotiq_85_left_knuckle_joint,6.939094350561344e-10,-2.767531558089953e-08,,robotiq_85_left_knuckle_joint,6.939094350561344e-10,-2.767531558089953e-08,,0.0,0.0,
sentinel_joint_telemetry_v2,20260731_114715,20260731_114715:1,1,112,short_cube_pick_place,attack,replay_attack,prior_command_replay,medium,arm_trajectory,cube,cube_retreat,3,commands_back,,0,,,,cube_grasp,2026-07-31T11:47:21.509+01:00,2.378714,0.022014,45.424926,0,3510.072000000,3510.072000000,trusted_fallback,0.000000,-0.11999999999774198,-1.2367867602454397e-10,-4.802521519345628,-0.11999999999774198,-1.2367867602454397e-10,-4.802521519345628,0.0,0.0,0.0,-1.2643797203896803,-0.01967405145896501,150.0,-1.2643797203896803,-0.01967405145896501,150.0,0.0,0.0,0.0,2.1748999994638716,2.980507459240944e-08,-9.871144642510206,2.1748999994638716,2.980507459240944e-08,-9.871144642510206,0.0,0.0,0.0,-2.492162550173059,0.012720844186525616,-28.0,-2.492162550173059,0.012720844186525616,-28.0,0.0,0.0,0.0,-1.5709738154679584,-0.0003813778428663761,-0.0949099931355562,-1.5709738154679584,-0.0003813778428663761,-0.0949099931355562,0.0,0.0,0.0,8.085780620991417e-11,-1.2852736947649435e-08,12.017297124144374,8.085780620991417e-11,-1.2852736947649435e-08,12.017297124144374,0.0,0.0,0.0,robotiq_85_left_knuckle_joint,0.0006308590085724624,0.1308586473577688,,robotiq_85_left_knuckle_joint,0.0006308590085724624,0.1308586473577688,,0.0,0.0,
sentinel_joint_telemetry_v2,20260731_114715,20260731_114715:1,1,113,short_cube_pick_place,attack,replay_attack,prior_command_replay,medium,arm_trajectory,cube,cube_retreat,3,commands_back,,0,,,,cube_grasp,2026-07-31T11:47:21.531+01:00,2.400769,0.022055,45.340401,0,3510.094000000,3510.094000000,trusted_fallback,0.000000,-0.1199999999986481,2.2120616319579178e-11,-76.74923201032937,-0.1199999999986481,2.2120616319579178e-11,-76.74923201032937,0.0,0.0,0.0,-1.2648651172055503,-0.029956937503975826,150.0,-1.2648651172055503,-0.029956937503975826,150.0,0.0,0.0,0.0,2.17489999983201,9.348276349199769e-09,-7.485255107832097,2.17489999983201,9.348276349199769e-09,-7.485255107832097,0.0,0.0,0.0,-2.491852011244932,0.019339221112386625,-28.0,-2.491852011244932,0.019339221112386625,-28.0,0.0,0.0,0.0,-1.5709644297434788,0.06735458907545708,-28.0,-1.5709644297434788,0.06735458907545708,-28.0,0.0,0.0,0.0,-4.071314232621015e-11,-7.208519363886834e-09,12.218064769031763,-4.071314232621015e-11,-7.208519363886834e-09,12.218064769031763,0.0,0.0,0.0,robotiq_85_left_knuckle_joint,0.0058195483048692,-0.08663350456578944,,robotiq_85_left_knuckle_joint,0.0058195483048692,-0.08663350456578944,,0.0,0.0,
sentinel_joint_telemetry_v2,20260731_114715,20260731_114715:1,1,114,short_cube_pick_place,attack,replay_attack,prior_command_replay,medium,arm_trajectory,cube,cube_retreat,3,commands_back,,0,,,,cube_grasp,2026-07-31T11:47:21.553+01:00,2.422673,0.021904,45.654131,0,3510.116000000,3510.116000000,trusted_fallback,0.000000,-0.11999999999892927,3.65720088761623e-11,-75.0560230130729,-0.11999999999892927,3.65720088761623e-11,-75.0560230130729,0.0,0.0,0.0,-1.2653318324863405,-0.023182439221726962,150.0,-1.2653318324863405,-0.023182439221726962,150.0,0.0,0.0,0.0,2.1748999999475402,2.9265477038270538e-09,-5.2912788988992006,2.1748999999475402,2.9265477038270538e-09,-5.2912788988992006,0.0,0.0,0.0,-2.491622538535577,0.014946138252243215,-28.0,-2.491622538535577,0.014946138252243215,-28.0,0.0,0.0,0.0,-1.5709575496190986,0.05267668616538539,-28.0,-1.5709575496190986,0.05267668616538539,-28.0,0.0,0.0,0.0,-7.848953450336182e-11,-5.283752259072766e-09,12.50614885634476,-7.848953450336182e-11,-5.283752259072766e-09,12.50614885634476,0.0,0.0,0.0,robotiq_85_left_knuckle_joint,0.01103806309047769,-0.0743088204100193,,robotiq_85_left_knuckle_joint,0.01103806309047769,-0.0743088204100193,,0.0,0.0,
sentinel_joint_telemetry_v2,20260731_114715,20260731_114715:1,1,115,short_cube_pick_place,attack,replay_attack,prior_command_replay,medium,arm_trajectory,cube,cube_retreat,3,commands_back,,0,,,,cube_grasp,2026-07-31T11:47:21.575+01:00,2.444703,0.022030,45.391997,0,3510.138000000,3510.138000000,trusted_fallback,0.000000,-0.11999999999901187,4.207067029818323e-11,-75.74619430317856,-0.11999999999901187,4.207067029818323e-11,-75.74619430317856,0.0,0.0,0.0,-1.2657721912845628,-0.023008346511300015,150.0,-1.2657721912845628,-0.023008346511300015,150.0,0.0,0.0,0.0,2.17489999998379,9.115253534613954e-10,-4.698341054799217,2.17489999998379,9.115253534613954e-10,-4.698341054799217,0.0,0.0,0.0,-2.4914699750308587,0.014833512270626344,-28.0,-2.4914699750308587,0.014833512270626344,-28.0,0.0,0.0,0.0,-1.5709632607937225,0.052844559880669495,-28.0,-1.5709632607937225,0.052844559880669495,-28.0,0.0,0.0,0.0,-9.089734294703219e-11,-4.628183621502996e-09,12.527462287507984,-9.089734294703219e-11,-4.628183621502996e-09,12.527462287507984,0.0,0.0,0.0,robotiq_85_left_knuckle_joint,0.016210681770127706,-0.08101940501507421,,robotiq_85_left_knuckle_joint,0.016210681770127706,-0.08101940501507421,,0.0,0.0,
sentinel_joint_telemetry_v2,20260731_114715,20260731_114715:1,1,116,short_cube_pick_place,attack,replay_attack,prior_command_replay,medium,arm_trajectory,cube,cube_retreat,3,commands_back,,0,,,,cube_grasp,2026-07-31T11:47:21.597+01:00,2.466648,0.021944,45.569787,0,3510.160000000,3510.160000000,trusted_fallback,0.000000,-0.11999999999903062,4.411175287891145e-11,-76.51356221970933,-0.11999999999903062,4.411175287891145e-11,-76.51356221970933,0.0,0.0,0.0,-1.2661886850390371,-0.02278967252982048,150.0,-1.2661886850390371,-0.02278967252982048,150.0,0.0,0.0,0.0,2.174899999995163,2.7878314934337567e-10,-4.226988720259617,2.174899999995163,2.7878314934337567e-10,-4.226988720259617,0.0,0.0,0.0,-2.4914054476148175,0.014694723181320875,-28.0,-2.4914054476148175,0.014694723181320875,-28.0,0.0,0.0,0.0,-1.5709658316857495,0.05289999374265719,-28.0,-1.5709658316857495,0.05289999374265719,-28.0,0.0,0.0,0.0,-9.525544407570654e-11,-4.4072827418834e-09,12.53094735886788,-9.525544407570654e-11,-4.4072827418834e-09,12.53094735886788,0.0,0.0,0.0,robotiq_85_left_knuckle_joint,0.021344626894233793,-0.08811067149603569,,robotiq_85_left_knuckle_joint,0.021344626894233793,-0.08811067149603569,,0.0,0.0,
sentinel_joint_telemetry_v2,20260731_114715,20260731_114715:1,1,117,short_cube_pick_place,attack,replay_attack,prior_command_replay,medium,arm_trajectory,cube,cube_retreat,3,commands_back,,0,,,,cube_grasp,2026-07-31T11:47:21.619+01:00,2.488664,0.022016,45.420658,0,3510.182000000,3510.182000000,trusted_fallback,0.000000,-0.11999999999902965,4.52661660325232e-11,-77.46050806266625,-0.11999999999902965,4.52661660325232e-11,-77.46050806266625,0.0,0.0,0.0,-1.2665901434341311,-0.02255225198877476,150.0,-1.2665901434341311,-0.02255225198877476,150.0,0.0,0.0,0.0,2.1748999999987304,8.018188543679194e-11,-4.025299490480997,2.1748999999987304,8.018188543679194e-11,-4.025299490480997,0.0,0.0,0.0,-2.4913853378766966,0.014545062632169866,-28.0,-2.4913853378766966,0.014545062632169866,-28.0,0.0,0.0,0.0,-1.5709712948635504,0.05289774030543625,-28.0,-1.5709712948635504,0.05289774030543625,-28.0,0.0,0.0,0.0,-9.678477632248534e-11,-4.312782497448153e-09,12.49087091979749,-9.678477632248534e-11,-4.312782497448153e-09,12.49087091979749,0.0,0.0,0.0,robotiq_85_left_knuckle_joint,0.026431758013412934,-0.09521734403684678,,robotiq_85_left_knuckle_joint,0.026431758013412934,-0.09521734403684678,,0.0,0.0,
sentinel_joint_telemetry_v2,20260731_114715,20260731_114715:1,1,118,short_cube_pick_place,attack,replay_attack,prior_command_replay,medium,arm_trajectory,cube,cube_retreat,3,commands_back,,0,,,,cube_grasp,2026-07-31T11:47:21.641+01:00,2.510680,0.022016,45.421563,0,3510.204000000,3510.204000000,trusted_fallback,0.000000,-0.11999999999902237,4.623055996182124e-11,-78.54126077173535,-0.11999999999902237,4.623055996182124e-11,-78.54126077173535,0.0,0.0,0.0,-1.2669808020291284,-0.022309188355410445,150.0,-1.2669808020291284,-0.022309188355410445,150.0,0.0,0.0,0.0,2.1748999999998473,1.7953869294040636e-11,-3.9490332775384376,2.1748999999998473,1.7953869294040636e-11,-3.9490332775384376,0.0,0.0,0.0,-2.4913888862869573,0.014392266343692707,-28.0,-2.4913888862869573,0.014392266343692707,-28.0,0.0,0.0,0.0,-1.570982755598117,0.05286888012463693,-28.0,-1.570982755598117,0.05286888012463693,-28.0,0.0,0.0,0.0,-9.73286532711713e-11,-4.259964107161673e-09,12.432556808750586,-9.73286532711713e-11,-4.259964107161673e-09,12.432556808750586,0.0,0.0,0.0,robotiq_85_left_knuckle_joint,0.0314677624884401,-0.10237892982514574,,robotiq_85_left_knuckle_joint,0.0314677624884401,-0.10237892982514574,,0.0,0.0,
sentinel_joint_telemetry_v2,20260731_114715,20260731_114715:1,1,119,short_cube_pick_place,attack,replay_attack,prior_command_replay,medium,arm_trajectory,cube,cube_retreat,3,commands_back,,0,,,,cube_grasp,2026-07-31T11:47:21.663+01:00,2.532648,0.021968,45.521081,0,3510.226000000,3510.226000000,trusted_fallback,0.000000,-0.11999999999901316,4.7216891637877345e-11,-79.72864053039758,-0.11999999999901316,4.7216891637877345e-11,-79.72864053039758,0.0,0.0,0.0,-1.2673637964528304,-0.022063961615452213,150.0,-1.2673637964528304,-0.022063961615452213,150.0,0.0,0.0,0.0,2.174900000000196,-1.5568241140684336e-12,-3.882491639677574,2.174900000000196,-1.5568241140684336e-12,-3.882491639677574,0.0,0.0,0.0,-2.49139979277707,0.014238004682432293,-28.0,-2.49139979277707,0.014238004682432293,-28.0,0.0,0.0,0.0,-1.5710030219466045,0.05282185389368972,-28.0,-1.5710030219466045,0.05282185389368972,-28.0,0.0,0.0,0.0,-9.730908660105555e-11,-4.239717738777765e-09,12.376239389843175,-9.730908660105555e-11,-4.239717738777765e-09,12.376239389843175,0.0,0.0,0.0,robotiq_85_left_knuckle_joint,0.03644594373879761,-0.10963369239416654,,robotiq_85_left_knuckle_joint,0.03644594373879761,-0.10963369239416654,,0.0,0.0,
sentinel_joint_telemetry_v2,20260731_114715,20260731_114715:1,1,120,short_cube_pick_place,attack,replay_attack,prior_command_replay,medium,arm_trajectory,cube,cube_retreat,3,commands_back,,0,,,,cube_grasp,2026-07-31T11:47:21.685+01:00,2.554477,0.021830,45.809251,0,3510.248000000,3510.248000000,trusted_fallback,0.000000,-0.11999999999904089,1.8884187399578756e-11,-55.2845024185453,-0.11999999999904089,1.8884187399578756e-11,-55.2845024185453,0.0,0.0,0.0,-1.2677393173650782,-0.02120192475415524,150.0,-1.2677393173650782,-0.02120192475415524,150.0,0.0,0.0,0.0,2.1749000000003065,-8.08632154292166e-12,-3.6706620716829916,2.1749000000003065,-8.08632154292166e-12,-3.6706620716829916,0.0,0.0,0.0,-2.491420205059786,0.013698963575971647,-28.0,-2.491420205059786,0.013698963575971647,-28.0,0.0,0.0,0.0,-1.5710295280669064,0.05151521630370796,-28.0,-1.5710295280669064,0.05151521630370796,-28.0,0.0,0.0,0.0,-9.545029474212427e-11,-3.7791083565448524e-09,11.598777655725383,-9.545029474212427e-11,-3.7791083565448524e-09,11.598777655725383,0.0,0.0,0.0,robotiq_85_left_knuckle_joint,0.041986434790168024,0.5000000000945924,,robotiq_85_left_knuckle_joint,0.041986434790168024,0.5000000000945924,,0.0,0.0,
sentinel_joint_telemetry_v2,20260731_114715,20260731_114715:1,1,121,short_cube_pick_place,attack,replay_attack,prior_command_replay,medium,arm_trajectory,cube,cube_retreat,3,commands_back,,0,,,,cube_grasp,2026-07-31T11:47:21.705+01:00,2.574696,0.020219,49.458391,0,3510.268000000,3510.268000000,trusted_fallback,0.000000,-0.11999999999908052,-9.782869718304166e-11,42.60573172218068,-0.11999999999908052,-9.782869718304166e-11,42.60573172218068,0.0,0.0,0.0,-1.2680863393013901,-0.011966808186224646,150.0,-1.2680863393013901,-0.011966808186224646,150.0,0.0,0.0,0.0,2.1749000000003464,1.4148855698170593e-11,-16.347882637207157,2.1749000000003464,1.4148855698170593e-11,-16.347882637207157,0.0,0.0,0.0,-2.4914690652715277,-0.05012206805803918,-28.0,-2.4914690652715277,-0.05012206805803918,-28.0,0.0,0.0,0.0,-1.5711099660740508,-0.15317327167142322,28.0,-1.5711099660740508,-0.15317327167142322,28.0,0.0,0.0,0.0,-8.786779775094266e-11,1.1141450376650139e-08,-8.947485184155264,-8.786779775094266e-11,1.1141450376650139e-08,-8.947485184155264,0.0,0.0,0.0,robotiq_85_left_knuckle_joint,0.04641375198004607,0.49999990133090894,,robotiq_85_left_knuckle_joint,0.04641375198004607,0.49999990133090894,,0.0,0.0,
sentinel_joint_telemetry_v2,20260731_114715,20260731_114715:1,1,122,short_cube_pick_place,attack,replay_attack,prior_command_replay,medium,arm_trajectory,cube,cube_retreat,3,commands_back,,0,,,,cube_grasp,2026-07-31T11:47:21.727+01:00,2.596685,0.021989,45.477234,0,3510.290000000,3510.290000000,trusted_fallback,0.000000,-0.11999999999908088,-1.0396735902751253e-10,47.545752394055015,-0.11999999999908088,-1.0396735902751253e-10,47.545752394055015,0.0,0.0,0.0,-1.2684538412953028,-0.017044995865619195,150.0,-1.2684538412953028,-0.017044995865619195,150.0,0.0,0.0,0.0,2.1749000000003504,4.184383742278364e-12,-11.634059796255695,2.1749000000003504,4.184383742278364e-12,-11.634059796255695,0.0,0.0,0.0,-2.4914810213349923,-0.01749795890631109,-28.0,-2.4914810213349923,-0.01749795890631109,-28.0,0.0,0.0,0.0,-1.5711516432352,-0.16304947727214422,28.0,-1.5711516432352,-0.16304947727214422,28.0,0.0,0.0,0.0,-8.646818664923088e-11,1.1439124300354972e-08,-9.448142434207599,-8.646818664923088e-11,1.1439124300354972e-08,-9.448142434207599,0.0,0.0,0.0,robotiq_85_left_knuckle_joint,0.051237794379445194,0.49999989813737655,,robotiq_85_left_knuckle_joint,0.051237794379445194,0.49999989813737655,,0.0,0.0,
sentinel_joint_telemetry_v2,20260731_114715,20260731_114715:1,1,123,short_cube_pick_place,attack,replay_attack,prior_command_replay,medium,arm_trajectory,cube,cube_retreat,3,commands_back,,0,,,,cube_grasp,2026-07-31T11:47:21.749+01:00,2.618704,0.022019,45.415828,0,3510.312000000,3510.312000000,trusted_fallback,0.000000,-0.11999999999896688,5.380567822885207e-11,-87.80203125125865,-0.11999999999896688,5.380567822885207e-11,-87.80203125125865,0.0,0.0,0.0,-1.268820382014403,-0.027579888299741437,150.0,-1.268820382014403,-0.027579888299741437,150.0,0.0,0.0,0.0,2.1749000000003433,-5.180031750762204e-12,-6.802797135224287,2.1749000000003433,-5.180031750762204e-12,-6.802797135224287,0.0,0.0,0.0,-2.491474927280211,0.01784311305098198,-28.0,-2.491474927280211,0.01784311305098198,-28.0,0.0,0.0,0.0,-1.5709749120318137,0.06875370335794169,-28.0,-1.5709749120318137,0.06875370335794169,-28.0,0.0,0.0,0.0,-9.965970198156593e-11,-3.70794028098885e-09,11.638599774755852,-9.965970198156593e-11,-3.70794028098885e-09,11.638599774755852,0.0,0.0,0.0,robotiq_85_left_knuckle_joint,0.0559405784811799,-0.18534316767994596,,robotiq_85_left_knuckle_joint,0.0559405784811799,-0.18534316767994596,,0.0,0.0,
sentinel_joint_telemetry_v2,20260731_114715,20260731_114715:1,1,124,short_cube_pick_place,attack,replay_attack,prior_command_replay,medium,arm_trajectory,cube,cube_retreat,3,commands_back,,0,,,,cube_grasp,2026-07-31T11:47:21.771+01:00,2.640654,0.021950,45.558682,0,3510.334000000,3510.334000000,trusted_fallback,0.000000,-0.1199999999989839,5.42921439142946e-11,-86.67686663517875,-0.1199999999989839,5.42921439142946e-11,-86.67686663517875,0.0,0.0,0.0,-1.269164783913026,-0.02080795454201574,150.0,-1.269164783913026,-0.02080795454201574,150.0,0.0,0.0,0.0,2.1749000000003473,-8.76590987297643e-12,-4.5559196945255955,2.1749000000003473,-8.76590987297643e-12,-4.5559196945255955,0.0,0.0,0.0,-2.4915447856835304,0.013446446337130194,-28.0,-2.4915447856835304,0.013446446337130194,-28.0,0.0,0.0,0.0,-1.5710262074992924,0.05232445197599166,-28.0,-1.5710262074992924,0.05232445197599166,-28.0,0.0,0.0,0.0,-9.812720293723376e-11,-3.972611699668005e-09,11.939499809512762,-9.812720293723376e-11,-3.972611699668005e-09,11.939499809512762,0.0,0.0,0.0,robotiq_85_left_knuckle_joint,0.060639992752353586,-0.1487019890594662,,robotiq_85_left_knuckle_joint,0.060639992752353586,-0.1487019890594662,,0.0,0.0,
sentinel_joint_telemetry_v2,20260731_114715,20260731_114715:1,1,125,short_cube_pick_place,attack,replay_attack,prior_command_replay,medium,arm_trajectory,cube,cube_retreat,3,commands_back,,0,,,,cube_grasp,2026-07-31T11:47:21.791+01:00,2.660684,0.020030,49.924080,0,3510.354000000,3510.354000000,trusted_fallback,0.000000,-0.11999999999905514,-9.62252363293642e-11,40.38991212073298,-0.11999999999905514,-9.62252363293642e-11,40.38991212073298,0.0,0.0,0.0,-1.2694866560791256,-0.009199732484921076,150.0,-1.2694866560791256,-0.009199732484921076,150.0,0.0,0.0,0.0,2.174900000000358,1.4487461577616934e-11,-16.85778871802469,2.174900000000358,1.4487461577616934e-11,-16.85778871802469,0.0,0.0,0.0,-2.4916077309126554,-0.054495941949189,-28.0,-2.4916077309126554,-0.054495941949189,-28.0,0.0,0.0,0.0,-1.5711437596516735,-0.15831935761793825,27.999999999999996,-1.5711437596516735,-0.15831935761793825,27.999999999999996,0.0,0.0,0.0,-8.857168903300939e-11,1.0950363402064539e-08,-8.556165095187424,-8.857168903300939e-11,1.0950363402064539e-08,-8.556165095187424,0.0,0.0,0.0,robotiq_85_left_knuckle_joint,0.06546950138037208,0.49999990151539725,,robotiq_85_left_knuckle_joint,0.06546950138037208,0.49999990151539725,,0.0,0.0,
sentinel_joint_telemetry_v2,20260731_114715,20260731_114715:1,1,126,short_cube_pick_place,attack,replay_attack,prior_command_replay,medium,arm_trajectory,cube,cube_retreat,3,commands_back,,0,,,,cube_grasp,2026-07-31T11:47:21.813+01:00,2.682637,0.021953,45.552641,0,3510.376000000,3510.376000000,trusted_fallback,0.000000,-0.11999999999899633,6.133846425573908e-11,-92.53988450968465,-0.11999999999899633,6.133846425573908e-11,-92.53988450968465,0.0,0.0,0.0,-1.26983084177466,-0.02686745020059493,150.0,-1.26983084177466,-0.02686745020059493,150.0,0.0,0.0,0.0,2.1749000000003393,-5.466850930280209e-12,-6.640313216221442,2.1749000000003393,-5.466850930280209e-12,-6.640313216221442,0.0,0.0,0.0,-2.491632670666467,0.017399869523070776,-28.0,-2.491632670666467,0.017399869523070776,-28.0,0.0,0.0,0.0,-1.5709869873218463,0.06894893007171038,-28.0,-1.5709869873218463,0.06894893007171038,-28.0,0.0,0.0,0.0,-1.0126063712838619e-10,-3.578831382720221e-09,11.499440191177511,-1.0126063712838619e-10,-3.578831382720221e-09,11.499440191177511,0.0,0.0,0.0,robotiq_85_left_knuckle_joint,0.06998082334639832,-0.22105368161716699,,robotiq_85_left_knuckle_joint,0.06998082334639832,-0.22105368161716699,,0.0,0.0,
sentinel_joint_telemetry_v2,20260731_114715,20260731_114715:1,1,127,short_cube_pick_place,attack,replay_attack,prior_command_replay,medium,arm_trajectory,cube,cube_retreat,3,commands_back,,0,,,,cube_grasp,2026-07-31T11:47:21.835+01:00,2.704427,0.021790,45.892249,0,3510.398000000,3510.398000000,trusted_fallback,0.000000,-0.11999999999908423,1.904797587021223e-11,-55.55359773427459,-0.11999999999908423,1.904797587021223e-11,-55.55359773427459,0.0,0.0,0.0,-1.270152002564066,-0.019482181635410933,150.0,-1.270152002564066,-0.019482181635410933,150.0,0.0,0.0,0.0,2.1749000000003447,-1.2978252153517111e-11,-2.24774639163052,2.1749000000003447,-1.2978252153517111e-11,-2.24774639163052,0.0,0.0,0.0,-2.4917227747702113,0.012620009144408612,-28.0,-2.4917227747702113,0.012620009144408612,-28.0,0.0,0.0,0.0,-1.5710716379184182,0.050815532210310314,-28.0,-1.5710716379184182,0.050815532210310314,-28.0,0.0,0.0,0.0,-9.675281062330053e-11,-3.6058979593477786e-09,11.263773255488502,-9.675281062330053e-11,-3.6058979593477786e-09,11.263773255488502,0.0,0.0,0.0,robotiq_85_left_knuckle_joint,0.07514950916743664,0.5000000000847513,,robotiq_85_left_knuckle_joint,0.07514950916743664,0.5000000000847513,,0.0,0.0,
sentinel_joint_telemetry_v2,20260731_114715,20260731_114715:1,1,128,short_cube_pick_place,attack,replay_attack,prior_command_replay,medium,arm_trajectory,cube,cube_retreat,3,commands_back,,0,,,,cube_grasp,2026-07-31T11:47:21.855+01:00,2.724650,0.020223,49.447731,0,3510.418000000,3510.418000000,trusted_fallback,0.000000,-0.11999999999903836,6.823323676907744e-11,-96.11556608395432,-0.11999999999903836,6.823323676907744e-11,-96.11556608395432,0.0,0.0,0.0,-1.2704637074736989,-0.0266107784201803,150.0,-1.2704637074736989,-0.0266107784201803,150.0,0.0,0.0,0.0,2.1749000000003376,-5.261811819590179e-12,-6.608575054872932,2.1749000000003376,-5.261811819590179e-12,-6.608575054872932,0.0,0.0,0.0,-2.4917785428476162,0.01724654601246553,-28.0,-2.4917785428476162,0.01724654601246553,-28.0,0.0,0.0,0.0,-1.5709749185099429,0.06958850558392957,-28.0,-1.5709749185099429,0.06958850558392957,-28.0,0.0,0.0,0.0,-1.0219889105693003e-10,-3.4763697881728256e-09,11.400001859874608,-1.0219889105693003e-10,-3.4763697881728256e-09,11.400001859874608,0.0,0.0,0.0,robotiq_85_left_knuckle_joint,0.07907016528105243,-0.24908089351110052,,robotiq_85_left_knuckle_joint,0.07907016528105243,-0.24908089351110052,,0.0,0.0,
sentinel_joint_telemetry_v2,20260731_114715,20260731_114715:1,1,129,short_cube_pick_place,attack,replay_attack,prior_command_replay,medium,arm_trajectory,cube,cube_retreat,3,commands_back,,0,,,,cube_grasp,2026-07-31T11:47:21.877+01:00,2.746448,0.021797,45.877320,0,3510.440000000,3510.440000000,trusted_fallback,0.000000,-0.1199999999991592,2.0264835816352633e-11,-54.955376416902624,-0.1199999999991592,2.0264835816352633e-11,-54.955376416902624,0.0,0.0,0.0,-1.27076790862384,-0.018974803687467283,149.99999999999997,-1.27076790862384,-0.018974803687467283,149.99999999999997,0.0,0.0,0.0,2.1749000000003433,-1.5737426986572878e-11,-0.7541819507857856,2.1749000000003433,-1.5737426986572878e-11,-0.7541819507857856,0.0,0.0,0.0,-2.491887170367998,0.01230233782952879,-28.0,-2.491887170367998,0.01230233782952879,-28.0,0.0,0.0,0.0,-1.5710834845028727,0.05047944121956338,-28.0,-1.5710834845028727,0.05047944121956338,-28.0,0.0,0.0,0.0,-9.717505742766215e-11,-3.6946936196255442e-09,11.34410282242835,-9.717505742766215e-11,-3.6946936196255442e-09,11.34410282242835,0.0,0.0,0.0,robotiq_85_left_knuckle_joint,0.08411151136775478,0.5000000000885936,,robotiq_85_left_knuckle_joint,0.08411151136775478,0.5000000000885936,,0.0,0.0,
sentinel_joint_telemetry_v2,20260731_114715,20260731_114715:1,1,130,short_cube_pick_place,attack,replay_attack,prior_command_replay,medium,arm_trajectory,cube,cube_retreat,3,commands_back,,0,,,,cube_grasp,2026-07-31T11:47:21.897+01:00,2.766655,0.020207,49.486711,0,3510.460000000,3510.460000000,trusted_fallback,0.000000,-0.11999999999918448,8.178125494515132e-11,-100.52669165160204,-0.11999999999918448,8.178125494515132e-11,-100.52669165160204,0.0,0.0,0.0,-1.2710578357490572,-0.0261283608798172,150.0,-1.2710578357490572,-0.0261283608798172,150.0,0.0,0.0,0.0,2.174900000000335,-5.567386829330445e-12,-6.506458635041676,2.174900000000335,-5.567386829330445e-12,-6.506458635041676,0.0,0.0,0.0,-2.4919888156476993,0.016946858221410118,-28.0,-2.4919888156476993,0.016946858221410118,-28.0,0.0,0.0,0.0,-1.5710046919949168,0.06957329816142716,-28.0,-1.5710046919949168,0.06957329816142716,-28.0,0.0,0.0,0.0,-1.0328426452576536e-10,-3.41578345014297e-09,11.336766852579073,-1.0328426452576536e-10,-3.41578345014297e-09,11.336766852579073,0.0,0.0,0.0,robotiq_85_left_knuckle_joint,0.08787154836073895,-0.275896130059611,,robotiq_85_left_knuckle_joint,0.08787154836073895,-0.275896130059611,,0.0,0.0,
sentinel_joint_telemetry_v2,20260731_114715,20260731_114715:1,1,131,short_cube_pick_place,attack,replay_attack,prior_command_replay,medium,arm_trajectory,cube,cube_retreat,3,commands_back,,0,,,,cube_grasp,2026-07-31T11:47:21.917+01:00,2.786697,0.020042,49.895860,0,3510.480000000,3510.480000000,trusted_fallback,0.000000,-0.11999999999930742,-7.958879714130285e-11,38.79245231648506,-0.11999999999930742,-7.958879714130285e-11,38.79245231648506,0.0,0.0,0.0,-1.2713317473856771,-0.009204117694773542,150.0,-1.2713317473856771,-0.009204117694773542,150.0,0.0,0.0,0.0,2.1749000000003473,1.3163468579047155e-11,-15.91656903643776,2.1749000000003473,1.3163468579047155e-11,-15.91656903643776,0.0,0.0,0.0,-2.4921194570945047,-0.04085030184448605,-28.0,-2.4921194570945047,-0.04085030184448605,-28.0,0.0,0.0,0.0,-1.571178221925284,-0.1692362444270292,28.0,-1.571178221925284,-0.1692362444270292,28.0,0.0,0.0,0.0,-9.277690571222584e-11,1.1122694539922665e-08,-8.357408020118337,-9.277690571222584e-11,1.1122694539922665e-08,-8.357408020118337,0.0,0.0,0.0,robotiq_85_left_knuckle_joint,0.09232722435891033,0.49999990064993594,,robotiq_85_left_knuckle_joint,0.09232722435891033,0.49999990064993594,,0.0,0.0,
sentinel_joint_telemetry_v2,20260731_114715,20260731_114715:1,1,132,short_cube_pick_place,attack,replay_attack,prior_command_replay,medium,arm_trajectory,cube,cube_retreat,3,commands_back,,0,,,,cube_grasp,2026-07-31T11:47:21.939+01:00,2.808430,0.021733,46.012125,0,3510.502000000,3510.502000000,trusted_fallback,0.000000,-0.1199999999993481,3.1191669689831225e-11,-56.29149606093001,-0.1199999999993481,3.1191669689831225e-11,-56.29149606093001,0.0,0.0,0.0,-1.271627682645235,-0.018611859655434597,149.99999999999997,-1.271627682645235,-0.018611859655434597,149.99999999999997,0.0,0.0,0.0,2.174900000000339,-1.2928512427290428e-11,-2.1220281031218136,2.174900000000339,-1.2928512427290428e-11,-2.1220281031218136,0.0,0.0,0.0,-2.492201649326872,0.012088730395370624,-28.0,-2.492201649326872,0.012088730395370624,-28.0,0.0,0.0,0.0,-1.5710809484482764,0.050955298302241284,-28.0,-1.5710809484482764,0.050955298302241284,-28.0,0.0,0.0,0.0,-1.0152864485724319e-10,-3.2006500533688503e-09,10.91977271618731,-1.0152864485724319e-10,-3.2006500533688503e-09,10.91977271618731,0.0,0.0,0.0,robotiq_85_left_knuckle_joint,0.09709504537689748,0.500000000076046,,robotiq_85_left_knuckle_joint,0.09709504537689748,0.500000000076046,,0.0,0.0,
sentinel_joint_telemetry_v2,20260731_114715,20260731_114715:1,1,133,short_cube_pick_place,attack,replay_attack,prior_command_replay,medium,arm_trajectory,cube,cube_retreat,3,commands_back,,0,,,,cube_grasp,2026-07-31T11:47:21.959+01:00,2.828638,0.020207,49.486956,0,3510.522000000,3510.522000000,trusted_fallback,0.000000,-0.11999999999926533,9.604615301868347e-11,-108.33115394310948,-0.11999999999926533,9.604615301868347e-11,-108.33115394310948,0.0,0.0,0.0,-1.2719139503833048,-0.02524374344171232,150.0,-1.2719139503833048,-0.02524374344171232,150.0,0.0,0.0,0.0,2.174900000000331,-5.709445069501662e-12,-6.267886354990239,2.174900000000331,-5.709445069501662e-12,-6.267886354990239,0.0,0.0,0.0,-2.492238449563315,0.016386684240307033,-28.0,-2.492238449563315,0.016386684240307033,-28.0,0.0,0.0,0.0,-1.5710456567807043,0.06897779761450959,-28.0,-1.5710456567807043,0.06897779761450959,-28.0,0.0,0.0,0.0,-1.0409591850199953e-10,-3.3629628506861436e-09,11.269191132976472,-1.0409591850199953e-10,-3.3629628506861436e-09,11.269191132976472,0.0,0.0,0.0,robotiq_85_left_knuckle_joint,0.10059487722987438,-0.31678387423562615,,robotiq_85_left_knuckle_joint,0.10059487722987438,-0.31678387423562615,,0.0,0.0,
sentinel_joint_telemetry_v2,20260731_114715,20260731_114715:1,1,134,short_cube_pick_place,attack,replay_attack,prior_command_replay,medium,arm_trajectory,cube,cube_retreat,3,commands_back,,0,,,,cube_grasp,2026-07-31T11:47:21.979+01:00,2.848773,0.020136,49.663098,0,3510.542000000,3510.542000000,trusted_fallback,0.000000,-0.11999999999923112,9.71831645105864e-11,-110.71750293999253,-0.11999999999923112,9.71831645105864e-11,-110.71750293999253,0.0,0.0,0.0,-1.272189546449767,-0.02521528374689926,150.0,-1.272189546449767,-0.02521528374689926,150.0,0.0,0.0,0.0,2.174900000000331,-5.531294172689272e-12,-6.2801749440329075,2.174900000000331,-5.531294172689272e-12,-6.2801749440329075,0.0,0.0,0.0,-2.492306492463461,0.016373141818994234,-28.0,-2.492306492463461,0.016373141818994234,-28.0,0.0,0.0,0.0,-1.5710128104628354,0.06949713848924796,-28.0,-1.5710128104628354,0.06949713848924796,-28.0,0.0,0.0,0.0,-1.0618800413650462e-10,-3.217221493118788e-09,11.219329194879359,-1.0618800413650462e-10,-3.217221493118788e-09,11.219329194879359,0.0,0.0,0.0,robotiq_85_left_knuckle_joint,0.10475748126248106,-0.3356443634577302,,robotiq_85_left_knuckle_joint,0.10475748126248106,-0.3356443634577302,,0.0,0.0,
sentinel_joint_telemetry_v2,20260731_114715,20260731_114715:1,1,135,short_cube_pick_place,attack,replay_attack,prior_command_replay,medium,arm_trajectory,cube,cube_retreat,3,commands_back,,0,,,,cube_grasp,2026-07-31T11:47:22.001+01:00,2.870440,0.021667,46.152859,0,3510.564000000,3510.564000000,trusted_fallback,0.000000,-0.1199999999992703,2.1314354144499892e-11,-52.204967418487065,-0.1199999999992703,2.1314354144499892e-11,-52.204967418487065,0.0,0.0,0.0,-1.2724868934845988,-0.016459950369005917,150.0,-1.2724868934845988,-0.016459950369005917,150.0,0.0,0.0,0.0,2.174900000000336,-7.954231023843406e-12,-4.506116895188607,2.174900000000336,-7.954231023843406e-12,-4.506116895188607,0.0,0.0,0.0,-2.4923848867814935,0.010684732225882593,-28.0,-2.4923848867814935,0.010684732225882593,-28.0,0.0,0.0,0.0,-1.571125643367663,0.046209342247726576,-28.0,-1.571125643367663,0.046209342247726576,-28.0,0.0,0.0,0.0,-9.744749486116907e-11,-2.171698642748285e-09,10.210717822997736,-9.744749486116907e-11,-2.171698642748285e-09,10.210717822997736,0.0,0.0,0.0,robotiq_85_left_knuckle_joint,0.10920808243007601,-0.1337967764438559,,robotiq_85_left_knuckle_joint,0.10920808243007601,-0.1337967764438559,,0.0,0.0,
sentinel_joint_telemetry_v2,20260731_114715,20260731_114715:1,1,136,short_cube_pick_place,attack,replay_attack,prior_command_replay,medium,arm_trajectory,cube,cube_retreat,3,commands_back,,0,,,,cube_grasp,2026-07-31T11:47:22.021+01:00,2.890462,0.020022,49.945552,0,3510.584000000,3510.584000000,trusted_fallback,0.000000,-0.11999999999925208,2.0252218305150116e-11,-52.12005634133469,-0.11999999999925208,2.0252218305150116e-11,-52.12005634133469,0.0,0.0,0.0,-1.2727555985504746,-0.016068927834610766,150.0,-1.2727555985504746,-0.016068927834610766,150.0,0.0,0.0,0.0,2.1749000000003345,-8.322325467657876e-12,-4.276356855616309,2.1749000000003345,-8.322325467657876e-12,-4.276356855616309,0.0,0.0,0.0,-2.492424912717249,0.010434729040509183,-28.0,-2.492424912717249,0.010434729040509183,-28.0,0.0,0.0,0.0,-1.5711258012549585,0.04552815220388934,-28.0,-1.5711258012549585,0.04552815220388934,-28.0,0.0,0.0,0.0,-9.74836932750101e-11,-2.1628826407833757e-09,10.178090502548287,-9.74836932750101e-11,-2.1628826407833757e-09,10.178090502548287,0.0,0.0,0.0,robotiq_85_left_knuckle_joint,0.11321001208935101,-0.13667133509122087,,robotiq_85_left_knuckle_joint,0.11321001208935101,-0.13667133509122087,,0.0,0.0,
sentinel_joint_telemetry_v2,20260731_114715,20260731_114715:1,1,137,short_cube_pick_place,attack,replay_attack,prior_command_replay,medium,arm_trajectory,cube,cube_retreat,3,commands_back,,0,,,,cube_grasp,2026-07-31T11:47:22.041+01:00,2.910507,0.020044,49.889363,0,3510.604000000,3510.604000000,trusted_fallback,0.000000,-0.11999999999923283,1.909410823897062e-11,-51.998435415657646,-0.11999999999923283,1.909410823897062e-11,-51.998435415657646,0.0,0.0,0.0,-1.2730185781124412,-0.01567923308825274,150.0,-1.2730185781124412,-0.01567923308825274,150.0,0.0,0.0,0.0,2.174900000000333,-8.788391889225089e-12,-3.9829971499683983,2.174900000000333,-8.788391889225089e-12,-3.9829971499683983,0.0,0.0,0.0,-2.4924640019672877,0.010185746936065068,-28.0,-2.4924640019672877,0.010185746936065068,-28.0,0.0,0.0,0.0,-1.571140267553692,0.04483197785991502,-28.0,-1.571140267553692,0.04483197785991502,-28.0,0.0,0.0,0.0,-9.756203407608727e-11,-2.1612639039547688e-09,10.155656624766282,-9.756203407608727e-11,-2.1612639039547688e-09,10.155656624766282,0.0,0.0,0.0,robotiq_85_left_knuckle_joint,0.11713278570715609,-0.13928590681891106,,robotiq_85_left_knuckle_joint,0.11713278570715609,-0.13928590681891106,,0.0,0.0,
sentinel_joint_telemetry_v2,20260731_114715,20260731_114715:1,1,138,short_cube_pick_place,attack,replay_attack,prior_command_replay,medium,arm_trajectory,cube,cube_retreat,3,commands_back,,0,,,,cube_grasp,2026-07-31T11:47:22.063+01:00,2.932452,0.021945,45.567835,0,3510.626000000,3510.626000000,trusted_fallback,0.000000,-0.11999999999925552,2.8570153838211598e-11,-58.285535654208076,-0.11999999999925552,2.8570153838211598e-11,-58.285535654208076,0.0,0.0,0.0,-1.2732949940097227,-0.017136761445332938,150.0,-1.2732949940097227,-0.017136761445332938,150.0,0.0,0.0,0.0,2.1749000000003313,-8.730124262390504e-12,-4.166655379274857,2.1749000000003313,-8.730124262390504e-12,-4.166655379274857,0.0,0.0,0.0,-2.4924947052080038,0.01116335749386876,-28.0,-2.4924947052080038,0.01116335749386876,-28.0,0.0,0.0,0.0,-1.5711090050116445,0.049652282456389585,-28.0,-1.5711090050116445,0.049652282456389585,-28.0,0.0,0.0,0.0,-1.033606240629483e-10,-2.6513493358269746e-09,10.1991920093916,-1.033606240629483e-10,-2.6513493358269746e-09,10.1991920093916,0.0,0.0,0.0,robotiq_85_left_knuckle_joint,0.1219763539659391,0.5000000000473156,,robotiq_85_left_knuckle_joint,0.1219763539659391,0.5000000000473156,,0.0,0.0,
sentinel_joint_telemetry_v2,20260731_114715,20260731_114715:1,1,139,short_cube_pick_place,attack,replay_attack,prior_command_replay,medium,arm_trajectory,cube,cube_retreat,3,commands_back,,0,,,,cube_grasp,2026-07-31T11:47:22.083+01:00,2.952475,0.020023,49.941636,0,3510.646000000,3510.646000000,trusted_fallback,0.000000,-0.11999999999925272,2.8095982571724187e-11,-57.97495730437293,-0.11999999999925272,2.8095982571724187e-11,-57.97495730437293,0.0,0.0,0.0,-1.2735539516381957,-0.016665206193552384,150.0,-1.2735539516381957,-0.016665206193552384,150.0,0.0,0.0,0.0,2.1749000000003322,-9.973041489863554e-12,-3.521204272870026,2.1749000000003322,-9.973041489863554e-12,-3.521204272870026,0.0,0.0,0.0,-2.4925159351291923,0.010862357752500405,-28.0,-2.4925159351291923,0.010862357752500405,-28.0,0.0,0.0,0.0,-1.571142569144005,0.04874265859428422,-28.0,-1.571142569144005,0.04874265859428422,-28.0,0.0,0.0,0.0,-1.018049776162185e-10,-2.770775288677904e-09,10.228347382451046,-1.018049776162185e-10,-2.770775288677904e-09,10.228347382451046,0.0,0.0,0.0,robotiq_85_left_knuckle_joint,0.1258071193630156,0.50000000004621,,robotiq_85_left_knuckle_joint,0.1258071193630156,0.50000000004621,,0.0,0.0,
sentinel_joint_telemetry_v2,20260731_114715,20260731_114715:1,1,140,short_cube_pick_place,attack,replay_attack,prior_command_replay,medium,arm_trajectory,cube,cube_retreat,3,commands_back,,0,,,,cube_grasp,2026-07-31T11:47:22.103+01:00,2.972678,0.020202,49.499280,0,3510.666000000,3510.666000000,trusted_fallback,0.000000,-0.11999999999915853,2.323616472843515e-11,-58.2717166867684,-0.11999999999915853,2.323616472843515e-11,-58.2717166867684,0.0,0.0,0.0,-1.2738536718010522,-0.016460408181574356,150.0,-1.2738536718010522,-0.016460408181574356,150.0,0.0,0.0,0.0,2.174900000000333,-9.516897686578929e-12,-3.797716801115099,2.174900000000333,-9.516897686578929e-12,-3.797716801115099,0.0,0.0,0.0,-2.492490330824347,0.01074699899800894,-28.0,-2.492490330824347,0.01074699899800894,-28.0,0.0,0.0,0.0,-1.5710865778723644,0.04866292347022158,-28.0,-1.5710865778723644,0.04866292347022158,-28.0,0.0,0.0,0.0,-9.909258806801036e-11,-2.85397048962327e-09,10.117679356645276,-9.909258806801036e-11,-2.85397048962327e-09,10.117679356645276,0.0,0.0,0.0,robotiq_85_left_knuckle_joint,0.1301282010652077,0.5000000000407052,,robotiq_85_left_knuckle_joint,0.1301282010652077,0.5000000000407052,,0.0,0.0,
sentinel_joint_telemetry_v2,20260731_114715,20260731_114715:1,1,141,short_cube_pick_place,attack,replay_attack,prior_command_replay,medium,arm_trajectory,cube,cube_retreat,3,commands_back,,0,,,,cube_grasp,2026-07-31T11:47:22.125+01:00,2.994449,0.021771,45.932342,0,3510.688000000,3510.688000000,trusted_fallback,0.000000,-0.1199999999991589,2.3582839457289562e-11,-58.530027303025975,-0.1199999999991589,2.3582839457289562e-11,-58.530027303025975,0.0,0.0,0.0,-1.2741779585328632,-0.016214642812443045,150.0,-1.2741779585328632,-0.016214642812443045,150.0,0.0,0.0,0.0,2.17490000000033,-9.093868019727225e-12,-3.9510876039284133,2.17490000000033,-9.093868019727225e-12,-3.9510876039284133,0.0,0.0,0.0,-2.49247365759391,0.010579822296946432,-28.0,-2.49247365759391,0.010579822296946432,-28.0,0.0,0.0,0.0,-1.5711196386107578,0.04843740944656454,-28.0,-1.5711196386107578,0.04843740944656454,-28.0,0.0,0.0,0.0,-9.300818401667636e-11,-3.1290408139972997e-09,10.011256011911096,-9.300818401667636e-11,-3.1290408139972997e-09,10.011256011911096,0.0,0.0,0.0,robotiq_85_left_knuckle_joint,0.13495002241068024,0.5000000000372405,,robotiq_85_left_knuckle_joint,0.13495002241068024,0.5000000000372405,,0.0,0.0,
sentinel_joint_telemetry_v2,20260731_114715,20260731_114715:1,1,142,short_cube_pick_place,attack,replay_attack,prior_command_replay,medium,arm_trajectory,cube,cube_retreat,3,commands_back,,0,,,,cube_grasp,2026-07-31T11:47:22.145+01:00,3.014499,0.020050,49.874807,0,3510.708000000,3510.708000000,trusted_fallback,0.000000,-0.11999999999903568,1.3217454257821726e-11,-56.237322547139065,-0.11999999999903568,1.3217454257821726e-11,-56.237322547139065,0.0,0.0,0.0,-1.2745330190909663,-0.020881066681097602,150.0,-1.2745330190909663,-0.020881066681097602,150.0,0.0,0.0,0.0,2.174900000000324,-1.5232988481717058e-12,-7.555615588129238,2.174900000000324,-1.5232988481717058e-12,-7.555615588129238,0.0,0.0,0.0,-2.492399141248275,0.013643197580209092,-28.0,-2.492399141248275,0.013643197580209092,-28.0,0.0,0.0,0.0,-1.5711122589250428,0.06305249617169081,-28.0,-1.5711122589250428,0.06305249617169081,-28.0,0.0,0.0,0.0,-8.195070835891485e-11,-2.4330684867020225e-09,9.29600151777311,-8.195070835891485e-11,-2.4330684867020225e-09,9.29600151777311,0.0,0.0,0.0,robotiq_85_left_knuckle_joint,0.1394512925859841,-0.12662481483497223,,robotiq_85_left_knuckle_joint,0.1394512925859841,-0.12662481483497223,,0.0,0.0,
sentinel_joint_telemetry_v2,20260731_114715,20260731_114715:1,1,143,short_cube_pick_place,attack,replay_attack,prior_command_replay,medium,arm_trajectory,cube,cube_retreat,3,commands_back,,0,,,,cube_grasp,2026-07-31T11:47:22.165+01:00,3.034783,0.020284,49.300777,0,3510.728000000,3510.728000000,trusted_fallback,0.000000,-0.11999999999894927,-1.0272504570064955e-10,42.61715583176062,-0.11999999999894927,-1.0272504570064955e-10,42.61715583176062,0.0,0.0,0.0,-1.2748602889257838,-0.02275103640664792,150.0,-1.2748602889257838,-0.02275103640664792,150.0,0.0,0.0,0.0,2.174900000000318,1.8782440880382723e-12,-9.671684078588179,2.174900000000318,1.8782440880382723e-12,-9.671684078588179,0.0,0.0,0.0,-2.4923543347403383,0.0021846761259727886,-28.0,-2.4923543347403383,0.0021846761259727886,-28.0,0.0,0.0,0.0,-1.57116504224426,-0.1556663961693035,28.0,-1.57116504224426,-0.1556663961693035,28.0,0.0,0.0,0.0,-7.418871699957971e-11,1.0502062252823463e-08,-8.495029464630813,-7.418871699957971e-11,1.0502062252823463e-08,-8.495029464630813,0.0,0.0,0.0,robotiq_85_left_knuckle_joint,0.14460061912430494,0.49999989745182527,,robotiq_85_left_knuckle_joint,0.14460061912430494,0.49999989745182527,,0.0,0.0,
sentinel_joint_telemetry_v2,20260731_114715,20260731_114715:1,1,144,short_cube_pick_place,attack,replay_attack,prior_command_replay,medium,arm_trajectory,cube,cube_retreat,3,commands_back,,0,,,,cube_grasp,2026-07-31T11:47:22.187+01:00,3.056555,0.021773,45.928842,0,3510.750000000,3510.750000000,trusted_fallback,0.000000,-0.1199999999989955,2.3252317606081707e-11,-60.29938797730109,-0.1199999999989955,2.3252317606081707e-11,-60.29938797730109,0.0,0.0,0.0,-1.2751576222040626,-0.01837784356739279,150.0,-1.2751576222040626,-0.01837784356739279,150.0,0.0,0.0,0.0,2.1749000000003162,-6.26231878853023e-12,-4.967213155200356,2.1749000000003162,-6.26231878853023e-12,-4.967213155200356,0.0,0.0,0.0,-2.4923865640026905,0.01202939601196752,-28.0,-2.4923865640026905,0.01202939601196752,-28.0,0.0,0.0,0.0,-1.5710026188151607,0.05681139812127831,-28.0,-1.5710026188151607,0.05681139812127831,-28.0,0.0,0.0,0.0,-8.338474323088452e-11,-3.3469238587199857e-09,9.630682322646294,-8.338474323088452e-11,-3.3469238587199857e-09,9.630682322646294,0.0,0.0,0.0,robotiq_85_left_knuckle_joint,0.14958259690884496,0.5000000000431504,,robotiq_85_left_knuckle_joint,0.14958259690884496,0.5000000000431504,,0.0,0.0,
sentinel_joint_telemetry_v2,20260731_114715,20260731_114715:1,1,145,short_cube_pick_place,attack,replay_attack,prior_command_replay,medium,arm_trajectory,cube,cube_retreat,3,commands_back,,0,,,,cube_grasp,2026-07-31T11:47:22.207+01:00,3.076716,0.020160,49.602820,0,3510.770000000,3510.770000000,trusted_fallback,0.000000,-0.11999999999885866,9.49652548438984e-11,-125.1114271846302,-0.11999999999885866,9.49652548438984e-11,-125.1114271846302,0.0,0.0,0.0,-1.275448396060385,-0.031974959546180765,150.0,-1.275448396060385,-0.031974959546180765,150.0,0.0,0.0,0.0,2.1749000000003047,-9.6001800259371e-12,-3.4133723756244563,2.1749000000003047,-9.6001800259371e-12,-3.4133723756244563,0.0,0.0,0.0,-2.4923951162594062,0.020661539581550453,-28.0,-2.4923951162594062,0.020661539581550453,-28.0,0.0,0.0,0.0,-1.5709056892300473,0.07383693900795524,-28.0,-1.5709056892300473,0.07383693900795524,-28.0,0.0,0.0,0.0,-8.375165619682337e-11,-1.099027047320178e-09,6.744939766560124,-8.375165619682337e-11,-1.099027047320178e-09,6.744939766560124,0.0,0.0,0.0,robotiq_85_left_knuckle_joint,0.1536702659145061,0.009925559222315972,,robotiq_85_left_knuckle_joint,0.1536702659145061,0.009925559222315972,,0.0,0.0,
sentinel_joint_telemetry_v2,20260731_114715,20260731_114715:1,1,146,short_cube_pick_place,attack,replay_attack,prior_command_replay,medium,arm_trajectory,cube,cube_retreat,3,commands_back,,0,,,,cube_grasp,2026-07-31T11:47:22.229+01:00,3.098625,0.021910,45.642108,0,3510.792000000,3510.792000000,trusted_fallback,0.000000,-0.11999999999899695,-7.304599850335713e-11,16.983244374270626,-0.11999999999899695,-7.304599850335713e-11,16.983244374270626,0.0,0.0,0.0,-1.2756967613525547,0.03016926819981417,150.0,-1.2756967613525547,0.03016926819981417,150.0,0.0,0.0,0.0,2.1749000000003345,2.351682910906039e-11,-20.90605175724039,2.1749000000003345,2.351682910906039e-11,-20.90605175724039,0.0,0.0,0.0,-2.49251473289671,-0.1037801725689699,-24.555419935508482,-2.49251473289671,-0.1037801725689699,-24.555419935508482,0.0,0.0,0.0,-1.5709968154446878,-0.01699444822030932,28.0,-1.5709968154446878,-0.01699444822030932,28.0,0.0,0.0,0.0,-7.924478171622123e-11,-1.9978655841235843e-09,7.546836377710885,-7.924478171622123e-11,-1.9978655841235843e-09,7.546836377710885,0.0,0.0,0.0,robotiq_85_left_knuckle_joint,0.1570372218203673,-0.47943397715061986,,robotiq_85_left_knuckle_joint,0.1570372218203673,-0.47943397715061986,,0.0,0.0,
sentinel_joint_telemetry_v2,20260731_114715,20260731_114715:1,1,147,short_cube_pick_place,attack,replay_attack,prior_command_replay,medium,arm_trajectory,cube,cube_retreat,3,commands_back,,0,,,,cube_grasp,2026-07-31T11:47:22.251+01:00,3.120661,0.022036,45.380503,0,3510.814000000,3510.814000000,trusted_fallback,0.000000,-0.119999999999083,-8.530818261000273e-11,34.356888585141846,-0.119999999999083,-8.530818261000273e-11,34.356888585141846,0.0,0.0,0.0,-1.2759551937147222,-0.017062116744982037,150.0,-1.2759551937147222,-0.017062116744982037,150.0,0.0,0.0,0.0,2.1749000000003056,1.6368515917686288e-11,-16.492051790821527,2.1749000000003056,1.6368515917686288e-11,-16.492051790821527,0.0,0.0,0.0,-2.4925796334948824,-0.03945720803030436,-28.0,-2.4925796334948824,-0.03945720803030436,-28.0,0.0,0.0,0.0,-1.5711695550871312,-0.1360579140667009,28.0,-1.5711695550871312,-0.1360579140667009,28.0,0.0,0.0,0.0,-7.503364808366256e-11,9.845650776867804e-09,-7.446204023198481,-7.503364808366256e-11,9.845650776867804e-09,-7.446204023198481,0.0,0.0,0.0,robotiq_85_left_knuckle_joint,0.1624295193218224,0.4999999017664101,,robotiq_85_left_knuckle_joint,0.1624295193218224,0.4999999017664101,,0.0,0.0,
sentinel_joint_telemetry_v2,20260731_114715,20260731_114715:1,1,148,short_cube_pick_place,attack,replay_attack,prior_command_replay,medium,arm_trajectory,cube,cube_retreat,3,commands_back,,0,,,,cube_grasp,2026-07-31T11:47:22.271+01:00,3.140956,0.020295,49.274203,0,3510.834000000,3510.834000000,trusted_fallback,0.000000,-0.11999999999921876,-8.146159376394568e-11,37.3226648553315,-0.11999999999921876,-8.146159376394568e-11,37.3226648553315,0.0,0.0,0.0,-1.2762097829072554,-0.019719719972855418,150.0,-1.2762097829072554,-0.019719719972855418,150.0,0.0,0.0,0.0,2.1749000000003007,1.0016159776582434e-11,-13.214572072446806,2.1749000000003007,1.0016159776582434e-11,-13.214572072446806,0.0,0.0,0.0,-2.492576320920976,-0.018612715748468102,-28.0,-2.492576320920976,-0.018612715748468102,-28.0,0.0,0.0,0.0,-1.5711791730816795,-0.14568488917406763,28.0,-1.5711791730816795,-0.14568488917406763,28.0,0.0,0.0,0.0,-7.547042925392246e-11,1.0135149399641621e-08,-7.7594463181661055,-7.547042925392246e-11,1.0135149399641621e-08,-7.7594463181661055,0.0,0.0,0.0,robotiq_85_left_knuckle_joint,0.16629478892935576,0.49999989971291203,,robotiq_85_left_knuckle_joint,0.16629478892935576,0.49999989971291203,,0.0,0.0,
sentinel_joint_telemetry_v2,20260731_114715,20260731_114715:1,1,149,short_cube_pick_place,attack,replay_attack,prior_command_replay,medium,arm_trajectory,cube,cube_retreat,3,commands_back,,0,,,,cube_grasp,2026-07-31T11:47:22.293+01:00,3.162682,0.021726,46.027693,0,3510.856000000,3510.856000000,trusted_fallback,0.000000,-0.11999999999905088,1.99911348326004e-11,-58.140659341014896,-0.11999999999905088,1.99911348326004e-11,-58.140659341014896,0.0,0.0,0.0,-1.2764915499489504,-0.020053497871368942,150.0,-1.2764915499489504,-0.020053497871368942,150.0,0.0,0.0,0.0,2.174900000000299,-7.9543541892102e-12,-3.4504170260017264,2.174900000000299,-7.9543541892102e-12,-3.4504170260017264,0.0,0.0,0.0,-2.492532889602947,0.013112435008883604,-28.0,-2.492532889602947,0.013112435008883604,-28.0,0.0,0.0,0.0,-1.5710487801938442,0.06499395118713308,-28.0,-1.5710487801938442,0.06499395118713308,-28.0,0.0,0.0,0.0,-7.797517279822366e-11,-2.8162615165264193e-09,9.317914342534674,-7.797517279822366e-11,-2.8162615165264193e-09,9.317914342534674,0.0,0.0,0.0,robotiq_85_left_knuckle_joint,0.16983098358293994,-0.782928956348996,,robotiq_85_left_knuckle_joint,0.16983098358293994,-0.782928956348996,,0.0,0.0,
sentinel_joint_telemetry_v2,20260731_114715,20260731_114715:1,1,150,short_cube_pick_place,attack,replay_attack,prior_command_replay,medium,arm_trajectory,cube,cube_retreat,3,commands_back,,0,,,,cube_grasp,2026-07-31T11:47:22.315+01:00,3.184864,0.022182,45.081992,0,3510.878000000,3510.878000000,trusted_fallback,0.000000,-0.11999999999924428,-8.120691489046927e-11,38.20204958514327,-0.11999999999924428,-8.120691489046927e-11,38.20204958514327,0.0,0.0,0.0,-1.2766804830327023,-0.021181231256186116,150.0,-1.2766804830327023,-0.021181231256186116,150.0,0.0,0.0,0.0,2.1749000000002794,8.413870294932124e-12,-11.827538455325715,2.1749000000002794,8.413870294932124e-12,-11.827538455325715,0.0,0.0,0.0,-2.4926659815336945,-0.008125659638053265,-28.0,-2.4926659815336945,-0.008125659638053265,-28.0,0.0,0.0,0.0,-1.5711746181584672,-0.1490011093576896,28.0,-1.5711746181584672,-0.1490011093576896,28.0,0.0,0.0,0.0,-8.026365747927724e-11,1.0588687794415783e-08,-7.941038388504415,-8.026365747927724e-11,1.0588687794415783e-08,-7.941038388504415,0.0,0.0,0.0,robotiq_85_left_knuckle_joint,0.1741516592425616,0.4999998988744737,,robotiq_85_left_knuckle_joint,0.1741516592425616,0.4999998988744737,,0.0,0.0,
sentinel_joint_telemetry_v2,20260731_114715,20260731_114715:1,1,151,short_cube_pick_place,attack,replay_attack,prior_command_replay,medium,arm_trajectory,cube,cube_retreat,3,commands_back,,0,,,,cube_grasp,2026-07-31T11:47:22.337+01:00,3.206818,0.021955,45.548618,0,3510.900000000,3510.900000000,trusted_fallback,0.000000,-0.11999999999904142,1.0282908834320648e-10,-122.43444100562043,-0.11999999999904142,1.0282908834320648e-10,-122.43444100562043,0.0,0.0,0.0,-1.2769877942347876,-0.02451522054383561,150.0,-1.2769877942347876,-0.02451522054383561,150.0,0.0,0.0,0.0,2.174900000000285,-1.0487735679909349e-11,-2.004764262009159,2.174900000000285,-1.0487735679909349e-11,-2.004764262009159,0.0,0.0,0.0,-2.4926068117997957,0.015808740596749405,-28.0,-2.4926068117997957,0.015808740596749405,-28.0,0.0,0.0,0.0,-1.5709882384419294,0.05764416426896346,-28.0,-1.5709882384419294,0.05764416426896346,-28.0,0.0,0.0,0.0,-7.740152691677615e-11,-4.363913275878817e-10,5.461676738531157,-7.740152691677615e-11,-4.363913275878817e-10,5.461676738531157,0.0,0.0,0.0,robotiq_85_left_knuckle_joint,0.17860276067358108,0.0056113317792422235,,robotiq_85_left_knuckle_joint,0.17860276067358108,0.0056113317792422235,,0.0,0.0,
sentinel_joint_telemetry_v2,20260731_114715,20260731_114715:1,1,152,short_cube_pick_place,attack,replay_attack,prior_command_replay,medium,arm_trajectory,cube,cube_retreat,3,commands_back,,0,,,,cube_grasp,2026-07-31T11:47:22.359+01:00,3.228681,0.021863,45.739580,0,3510.922000000,3510.922000000,trusted_fallback,0.000000,-0.11999999999888576,-5.2366585460289494e-12,-40.989312051661,-0.11999999999888576,-5.2366585460289494e-12,-40.989312051661,0.0,0.0,0.0,-1.2772212896399437,0.03683258849351969,149.99999999999997,-1.2772212896399437,0.03683258849351969,149.99999999999997,0.0,0.0,0.0,2.174900000000319,2.5088190205857508e-11,-21.294539036157357,2.174900000000319,2.5088190205857508e-11,-21.294539036157357,0.0,0.0,0.0,-2.492665067074785,-0.09589944434929126,-24.158191897033134,-2.492665067074785,-0.09589944434929126,-24.158191897033134,0.0,0.0,0.0,-1.5710232018946915,0.015184765381285867,5.582477655027169,-1.5710232018946915,0.015184765381285867,5.582477655027169,0.0,0.0,0.0,-5.786396299916039e-11,7.660305205046611e-09,-6.014947561918293,-5.786396299916039e-11,7.660305205046611e-09,-6.014947561918293,0.0,0.0,0.0,robotiq_85_left_knuckle_joint,0.18189637434925024,-0.172220119422813,,robotiq_85_left_knuckle_joint,0.18189637434925024,-0.172220119422813,,0.0,0.0,
sentinel_joint_telemetry_v2,20260731_114715,20260731_114715:1,1,153,short_cube_pick_place,attack,replay_attack,prior_command_replay,medium,arm_trajectory,cube,cube_retreat,3,commands_back,,0,,,,cube_grasp,2026-07-31T11:47:22.381+01:00,3.250639,0.021958,45.542001,0,3510.944000000,3510.944000000,trusted_fallback,0.000000,-0.11999999999896858,-8.906113476911393e-11,32.06610365483019,-0.11999999999896858,-8.906113476911393e-11,32.06610365483019,0.0,0.0,0.0,-1.277484102279194,-0.0145488227629959,150.0,-1.277484102279194,-0.0145488227629959,150.0,0.0,0.0,0.0,2.174900000000295,1.835103249914205e-11,-17.226032157767076,2.174900000000295,1.835103249914205e-11,-17.226032157767076,0.0,0.0,0.0,-2.4926799250960756,-0.04615165827134729,-28.0,-2.4926799250960756,-0.04615165827134729,-28.0,0.0,0.0,0.0,-1.5711164847770611,-0.13673003506968695,28.0,-1.5711164847770611,-0.13673003506968695,28.0,0.0,0.0,0.0,-5.7387848165187206e-11,8.721315834878812e-09,-7.094293903854397,-5.7387848165187206e-11,8.721315834878812e-09,-7.094293903854397,0.0,0.0,0.0,robotiq_85_left_knuckle_joint,0.18722434049629486,0.4999999021052295,,robotiq_85_left_knuckle_joint,0.18722434049629486,0.4999999021052295,,0.0,0.0,
sentinel_joint_telemetry_v2,20260731_114715,20260731_114715:1,1,154,short_cube_pick_place,attack,replay_attack,prior_command_replay,medium,arm_trajectory,cube,cube_retreat,3,commands_back,,0,,,,cube_grasp,2026-07-31T11:47:22.401+01:00,3.270649,0.020010,49.974705,0,3510.964000000,3510.964000000,trusted_fallback,0.000000,-0.11999999999886897,-1.0015755911273183e-10,36.46470776465266,-0.11999999999886897,-1.0015755911273183e-10,36.46470776465266,0.0,0.0,0.0,-1.2777223832979756,-0.015706489611665667,150.0,-1.2777223832979756,-0.015706489611665667,150.0,0.0,0.0,0.0,2.1749000000002936,7.939556997960118e-12,-12.176636609832286,2.1749000000002936,7.939556997960118e-12,-12.176636609832286,0.0,0.0,0.0,-2.4926751082945784,-0.015767547390469285,-28.0,-2.4926751082945784,-0.015767547390469285,-28.0,0.0,0.0,0.0,-1.5712469132976403,-0.16261785169500548,28.0,-1.5712469132976403,-0.16261785169500548,28.0,0.0,0.0,0.0,-5.133051918975841e-11,8.588913262682837e-09,-7.620255097538331,-5.133051918975841e-11,8.588913262682837e-09,-7.620255097538331,0.0,0.0,0.0,robotiq_85_left_knuckle_joint,0.1910212736288843,0.49999989885559076,,robotiq_85_left_knuckle_joint,0.1910212736288843,0.49999989885559076,,0.0,0.0,
sentinel_joint_telemetry_v2,20260731_114715,20260731_114715:1,1,155,short_cube_pick_place,attack,replay_attack,prior_command_replay,medium,arm_trajectory,cube,cube_retreat,3,commands_back,,0,,,,cube_grasp,2026-07-31T11:47:22.423+01:00,3.292583,0.021934,45.591230,0,3510.986000000,3510.986000000,trusted_fallback,0.000000,-0.11999999999882506,-4.161316452012953e-11,-12.785009194531959,-0.11999999999882506,-4.161316452012953e-11,-12.785009194531959,0.0,0.0,0.0,-1.278088671290341,-0.0036692402241158203,150.0,-1.278088671290341,-0.0036692402241158203,150.0,0.0,0.0,0.0,2.1749000000003096,1.715081549003017e-11,-17.073187170369447,2.1749000000003096,1.715081549003017e-11,-17.073187170369447,0.0,0.0,0.0,-2.492554013866742,0.002403016850700248,-28.0,-2.492554013866742,0.002403016850700248,-28.0,0.0,0.0,0.0,-1.5710847115267939,-0.15033177036325904,28.0,-1.5710847115267939,-0.15033177036325904,28.0,0.0,0.0,0.0,-5.684509691564449e-11,8.717332812199774e-09,-7.0561382104416515,-5.684509691564449e-11,8.717332812199774e-09,-7.0561382104416515,0.0,0.0,0.0,robotiq_85_left_knuckle_joint,0.19694168750073904,0.49999994892166194,,robotiq_85_left_knuckle_joint,0.19694168750073904,0.49999994892166194,,0.0,0.0,
sentinel_joint_telemetry_v2,20260731_114715,20260731_114715:1,1,156,short_cube_pick_place,attack,replay_attack,prior_command_replay,medium,arm_trajectory,cube,cube_retreat,3,commands_back,,0,,,,cube_grasp,2026-07-31T11:47:22.443+01:00,3.312655,0.020072,49.821256,0,3511.006000000,3511.006000000,trusted_fallback,0.000000,-0.11999999999897755,2.4894363697194888e-11,-62.16537907495422,-0.11999999999897755,2.4894363697194888e-11,-62.16537907495422,0.0,0.0,0.0,-1.2783114403977078,-0.01660277602498987,150.0,-1.2783114403977078,-0.01660277602498987,150.0,0.0,0.0,0.0,2.1749000000002834,-4.779822371236975e-12,-4.824994914648214,2.1749000000002834,-4.779822371236975e-12,-4.824994914648214,0.0,0.0,0.0,-2.4925828098683747,0.010903439447613746,-28.0,-2.4925828098683747,0.010903439447613746,-28.0,0.0,0.0,0.0,-1.5710206778514904,0.057980539873943,-28.0,-1.5710206778514904,0.057980539873943,-28.0,0.0,0.0,0.0,-6.569422506854425e-11,-3.853703897443647e-09,8.8088206887871,-6.569422506854425e-11,-3.853703897443647e-09,8.8088206887871,0.0,0.0,0.0,robotiq_85_left_knuckle_joint,0.2008125035686972,0.5000000000199502,,robotiq_85_left_knuckle_joint,0.2008125035686972,0.5000000000199502,,0.0,0.0,
sentinel_joint_telemetry_v2,20260731_114715,20260731_114715:1,1,157,short_cube_pick_place,attack,replay_attack,prior_command_replay,medium,arm_trajectory,cube,cube_retreat,3,commands_back,,0,,,,cube_grasp,2026-07-31T11:47:22.463+01:00,3.332735,0.020080,49.800045,0,3511.026000000,3511.026000000,trusted_fallback,0.000000,-0.11999999999887444,-3.91021522886531e-11,-12.71819524369924,-0.11999999999887444,-3.91021522886531e-11,-12.71819524369924,0.0,0.0,0.0,-1.2786396735210703,0.0008670824226487267,150.0,-1.2786396735210703,0.0008670824226487267,150.0,0.0,0.0,0.0,2.174900000000303,1.4807374076886148e-11,-15.774722838741633,2.174900000000303,1.4807374076886148e-11,-15.774722838741633,0.0,0.0,0.0,-2.492475290486306,-0.0005756212166834313,-28.0,-2.492475290486306,-0.0005756212166834313,-28.0,0.0,0.0,0.0,-1.5711624685272243,-0.1607182726500257,28.0,-1.5711624685272243,-0.1607182726500257,28.0,0.0,0.0,0.0,-4.8479608669080034e-11,8.347595110373002e-09,-7.044878820783069,-4.8479608669080034e-11,8.347595110373002e-09,-7.044878820783069,0.0,0.0,0.0,robotiq_85_left_knuckle_joint,0.20587375967104674,0.4999999506875709,,robotiq_85_left_knuckle_joint,0.20587375967104674,0.4999999506875709,,0.0,0.0,
sentinel_joint_telemetry_v2,20260731_114715,20260731_114715:1,1,158,short_cube_pick_place,attack,replay_attack,prior_command_replay,medium,arm_trajectory,cube,cube_retreat,3,commands_back,,0,,,,cube_grasp,2026-07-31T11:47:22.483+01:00,3.352775,0.020040,49.899669,0,3511.046000000,3511.046000000,trusted_fallback,0.000000,-0.11999999999880809,7.843523920636475e-11,-116.07246334767815,-0.11999999999880809,7.843523920636475e-11,-116.07246334767815,0.0,0.0,0.0,-1.2789710341511953,-0.027314325418686444,150.0,-1.2789710341511953,-0.027314325418686444,150.0,0.0,0.0,0.0,2.1749000000002883,-1.5437056147260542e-11,0.6135122324337546,2.1749000000002883,-1.5437056147260542e-11,0.6135122324337546,0.0,0.0,0.0,-2.492412716081528,0.017519240335422865,-28.0,-2.492412716081528,0.017519240335422865,-28.0,0.0,0.0,0.0,-1.5710818576378098,0.06546991854453843,-28.0,-1.5710818576378098,0.06546991854453843,-28.0,0.0,0.0,0.0,-4.847148332102941e-11,-3.1251829691811284e-09,7.467315558424975,-4.847148332102941e-11,-3.1251829691811284e-09,7.467315558424975,0.0,0.0,0.0,robotiq_85_left_knuckle_joint,0.2109490464107089,0.004182839487004819,,robotiq_85_left_knuckle_joint,0.2109490464107089,0.004182839487004819,,0.0,0.0,
sentinel_joint_telemetry_v2,20260731_114715,20260731_114715:1,1,159,short_cube_pick_place,attack,replay_attack,prior_command_replay,medium,arm_trajectory,cube,cube_retreat,3,commands_back,,0,,,,cube_grasp,2026-07-31T11:47:22.505+01:00,3.374500,0.021724,46.031083,0,3511.068000000,3511.068000000,trusted_fallback,0.000000,-0.11999999999890484,-8.771350833158831e-11,24.662188254156035,-0.11999999999890484,-8.771350833158831e-11,24.662188254156035,0.0,0.0,0.0,-1.2793051429900908,-0.002350746389044419,150.0,-1.2793051429900908,-0.002350746389044419,150.0,0.0,0.0,0.0,2.174900000000306,1.0264131558579415e-11,-13.418540229902494,2.174900000000306,1.0264131558579415e-11,-13.418540229902494,0.0,0.0,0.0,-2.4924176635264823,-0.008125868475720336,-28.0,-2.4924176635264823,-0.008125868475720336,-28.0,0.0,0.0,0.0,-1.571120504368527,0.018969620004101233,28.0,-1.571120504368527,0.018969620004101233,28.0,0.0,0.0,0.0,-4.5479872343423294e-11,-5.322131792998702e-09,9.119100615173467,-4.5479872343423294e-11,-5.322131792998702e-09,9.119100615173467,0.0,0.0,0.0,robotiq_85_left_knuckle_joint,0.21687406366355383,0.49999999919184235,,robotiq_85_left_knuckle_joint,0.21687406366355383,0.49999999919184235,,0.0,0.0,
sentinel_joint_telemetry_v2,20260731_114715,20260731_114715:1,1,160,short_cube_pick_place,attack,replay_attack,prior_command_replay,medium,arm_trajectory,cube,cube_retreat,3,commands_back,,0,,,,cube_grasp,2026-07-31T11:47:22.527+01:00,3.396556,0.022056,45.338450,0,3511.090000000,3511.090000000,trusted_fallback,0.000000,-0.11999999999893506,2.3621320177635852e-11,-62.90253451510776,-0.11999999999893506,2.3621320177635852e-11,-62.90253451510776,0.0,0.0,0.0,-1.279670670468656,-0.015827454689022073,150.0,-1.279670670468656,-0.015827454689022073,150.0,0.0,0.0,0.0,2.174900000000299,-5.762331584113767e-12,-4.763366784290331,2.174900000000299,-5.762331584113767e-12,-4.763366784290331,0.0,0.0,0.0,-2.492323784988701,0.010402678725331922,-28.0,-2.492323784988701,0.010402678725331922,-28.0,0.0,0.0,0.0,-1.5710419395981705,0.05844689750953561,-28.0,-1.5710419395981705,0.05844689750953561,-28.0,0.0,0.0,0.0,-4.2875137130964846e-11,-4.892618049199757e-09,8.437392640333119,-4.2875137130964846e-11,-4.892618049199757e-09,8.437392640333119,0.0,0.0,0.0,robotiq_85_left_knuckle_joint,0.22310051870363148,0.500000000009742,,robotiq_85_left_knuckle_joint,0.22310051870363148,0.500000000009742,,0.0,0.0,
sentinel_joint_telemetry_v2,20260731_114715,20260731_114715:1,1,161,short_cube_pick_place,attack,replay_attack,prior_command_replay,medium,arm_trajectory,cube,cube_retreat,3,commands_back,,0,,,,cube_grasp,2026-07-31T11:47:22.549+01:00,3.418912,0.022356,44.731185,0,3511.112000000,3511.112000000,trusted_fallback,0.000000,-0.11999999999896352,-1.0999659733404443e-11,-34.226368472514125,-0.11999999999896352,-1.0999659733404443e-11,-34.226368472514125,0.0,0.0,0.0,-1.2800547626605177,-0.02722365549972593,150.0,-1.2800547626605177,-0.02722365549972593,150.0,0.0,0.0,0.0,2.1749000000002883,-8.496625278353598e-12,-3.516593691035844,2.1749000000002883,-8.496625278353598e-12,-3.516593691035844,0.0,0.0,0.0,-2.492221769954568,0.01790400657391565,-28.0,-2.492221769954568,0.01790400657391565,-28.0,0.0,0.0,0.0,-1.5710524394909755,0.016377790593490364,13.782491452148443,-1.5710524394909755,0.016377790593490364,13.782491452148443,0.0,0.0,0.0,-2.200996817095555e-11,8.058823592607331e-09,-8.711025937510543,-2.200996817095555e-11,8.058823592607331e-09,-8.711025937510543,0.0,0.0,0.0,robotiq_85_left_knuckle_joint,0.2292710420585365,0.15995813052744506,,robotiq_85_left_knuckle_joint,0.2292710420585365,0.15995813052744506,,0.0,0.0,
sentinel_joint_telemetry_v2,20260731_114715,20260731_114715:1,1,162,short_cube_pick_place,attack,replay_attack,prior_command_replay,medium,arm_trajectory,cube,cube_retreat,3,commands_back,,0,,,,cube_grasp,2026-07-31T11:47:22.571+01:00,3.440616,0.021704,46.074051,0,3511.134000000,3511.134000000,trusted_fallback,0.000000,-0.11999999999907111,3.150758885565874e-11,-63.11643456179047,-0.11999999999907111,3.150758885565874e-11,-63.11643456179047,0.0,0.0,0.0,-1.2804240375289655,-0.01488113199647265,150.0,-1.2804240375289655,-0.01488113199647265,150.0,0.0,0.0,0.0,2.1749000000002976,-6.2567607345132e-12,-4.501823886990384,2.1749000000002976,-6.2567607345132e-12,-4.501823886990384,0.0,0.0,0.0,-2.4921084052005202,0.009783017919507857,-28.0,-2.4921084052005202,0.009783017919507857,-28.0,0.0,0.0,0.0,-1.5710504895034298,0.056762473566997096,-28.0,-1.5710504895034298,0.056762473566997096,-28.0,0.0,0.0,0.0,-2.484407926476696e-11,-5.783843979494455e-09,8.251401304535047,-2.484407926476696e-11,-5.783843979494455e-09,8.251401304535047,0.0,0.0,0.0,robotiq_85_left_knuckle_joint,0.23555756599133035,0.49910874411550366,,robotiq_85_left_knuckle_joint,0.23555756599133035,0.49910874411550366,,0.0,0.0,
sentinel_joint_telemetry_v2,20260731_114715,20260731_114715:1,1,163,short_cube_pick_place,attack,replay_attack,prior_command_replay,medium,arm_trajectory,cube,cube_retreat,3,commands_back,,0,,,,cube_grasp,2026-07-31T11:47:22.593+01:00,3.462693,0.022077,45.296266,0,3511.156000000,3511.156000000,trusted_fallback,0.000000,-0.11999999999921229,-3.04716321619658e-13,-31.655808293158824,-0.11999999999921229,-3.04716321619658e-13,-31.655808293158824,0.0,0.0,0.0,-1.2807939753510962,-0.027051114957242765,150.0,-1.2807939753510962,-0.027051114957242765,150.0,0.0,0.0,0.0,2.1749000000002847,-8.728916894851224e-12,-3.311381753058644,2.1749000000002847,-8.728916894851224e-12,-3.311381753058644,0.0,0.0,0.0,-2.492044930543991,0.017799409646276125,-28.0,-2.492044930543991,0.017799409646276125,-28.0,0.0,0.0,0.0,-1.571077528150371,0.017716115238450958,14.95886408184675,-1.571077528150371,0.017716115238450958,14.95886408184675,0.0,0.0,0.0,-1.4242735181356919e-11,7.504474441822825e-09,-8.495530868766478,-1.4242735181356919e-11,7.504474441822825e-09,-8.495530868766478,0.0,0.0,0.0,robotiq_85_left_knuckle_joint,0.24183264352905606,0.15594790352544952,,robotiq_85_left_knuckle_joint,0.24183264352905606,0.15594790352544952,,0.0,0.0,
sentinel_joint_telemetry_v2,20260731_114715,20260731_114715:1,1,164,short_cube_pick_place,attack,replay_attack,prior_command_replay,medium,arm_trajectory,cube,cube_retreat,3,commands_back,,0,,,,cube_grasp,2026-07-31T11:47:22.615+01:00,3.484815,0.022122,45.202960,0,3511.178000000,3511.178000000,trusted_fallback,0.000000,-0.11999999999937311,-7.776057814150306e-11,36.310428936708696,-0.11999999999937311,-7.776057814150306e-11,36.310428936708696,0.0,0.0,0.0,-1.2811398297395613,-0.019656319987808576,150.0,-1.2811398297395613,-0.019656319987808576,150.0,0.0,0.0,0.0,2.174900000000289,8.547976562689463e-12,-12.135231860343044,2.174900000000289,8.547976562689463e-12,-12.135231860343044,0.0,0.0,0.0,-2.4921362517251793,-0.0276328486679154,-28.0,-2.4921362517251793,-0.0276328486679154,-28.0,0.0,0.0,0.0,-1.5711506322838846,-0.12509475813141377,28.0,-1.5711506322838846,-0.12509475813141377,28.0,0.0,0.0,0.0,-2.2004280925792898e-11,7.343471006195784e-09,-6.890994476891105,-2.2004280925792898e-11,7.343471006195784e-09,-6.890994476891105,0.0,0.0,0.0,robotiq_85_left_knuckle_joint,0.2486098086333607,0.4999999018332508,,robotiq_85_left_knuckle_joint,0.2486098086333607,0.4999999018332508,,0.0,0.0,
sentinel_joint_telemetry_v2,20260731_114715,20260731_114715:1,1,165,short_cube_pick_place,attack,replay_attack,prior_command_replay,medium,arm_trajectory,cube,cube_retreat,3,commands_back,,0,,,,cube_grasp,2026-07-31T11:47:22.637+01:00,3.506562,0.021746,45.984599,0,3511.200000000,3511.200000000,trusted_fallback,0.000000,-0.1199999999993617,5.04187314728094e-11,-65.83330120462755,-0.1199999999993617,5.04187314728094e-11,-65.83330120462755,0.0,0.0,0.0,-1.2814611756723164,-0.01872704862348231,150.0,-1.2814611756723164,-0.01872704862348231,150.0,0.0,0.0,0.0,2.1749000000002856,-3.5751800825378766e-12,-6.038664178740655,2.1749000000002856,-3.5751800825378766e-12,-6.038664178740655,0.0,0.0,0.0,-2.492205704175059,0.012328126243898983,-28.0,-2.492205704175059,0.012328126243898983,-28.0,0.0,0.0,0.0,-1.5710032847161082,0.07507845935554494,-28.0,-1.5710032847161082,0.07507845935554494,-28.0,0.0,0.0,0.0,-4.463025264374213e-11,-4.399909905817775e-09,7.7764797554110805,-4.463025264374213e-11,-4.399909905817775e-09,7.7764797554110805,0.0,0.0,0.0,robotiq_85_left_knuckle_joint,0.2550472066373474,0.5000000000399731,,robotiq_85_left_knuckle_joint,0.2550472066373474,0.5000000000399731,,0.0,0.0,
sentinel_joint_telemetry_v2,20260731_114715,20260731_114715:1,1,166,short_cube_pick_place,attack,replay_attack,prior_command_replay,medium,arm_trajectory,cube,cube_retreat,3,commands_back,,0,,,,cube_grasp,2026-07-31T11:47:22.657+01:00,3.526913,0.020351,49.136678,0,3511.220000000,3511.220000000,trusted_fallback,0.000000,-0.11999999999945624,-7.224128890578885e-11,35.513498373496375,-0.11999999999945624,-7.224128890578885e-11,35.513498373496375,0.0,0.0,0.0,-1.2817875648188544,-0.01965254321433961,150.0,-1.2817875648188544,-0.01965254321433961,150.0,0.0,0.0,0.0,2.1749000000002843,8.39368852201261e-12,-11.937079808380748,2.1749000000002843,8.39368852201261e-12,-11.937079808380748,0.0,0.0,0.0,-2.4922332854376568,-0.023830328276070806,-28.0,-2.4922332854376568,-0.023830328276070806,-28.0,0.0,0.0,0.0,-1.5712223918512516,-0.12718087592817667,28.0,-1.5712223918512516,-0.12718087592817667,28.0,0.0,0.0,0.0,-2.3027656116372183e-11,7.31822600782972e-09,-6.752369805181741,-2.3027656116372183e-11,7.31822600782972e-09,-6.752369805181741,0.0,0.0,0.0,robotiq_85_left_knuckle_joint,0.26110747169510706,0.49999990242580583,,robotiq_85_left_knuckle_joint,0.26110747169510706,0.49999990242580583,,0.0,0.0,
sentinel_joint_telemetry_v2,20260731_114715,20260731_114715:1,1,167,short_cube_pick_place,attack,replay_attack,prior_command_replay,medium,arm_trajectory,cube,cube_retreat,3,commands_back,,0,,,,cube_grasp,2026-07-31T11:47:22.679+01:00,3.548602,0.021689,46.106021,0,3511.242000000,3511.242000000,trusted_fallback,0.000000,-0.11999999999943955,-5.5221536978539154e-11,22.515729005039425,-0.11999999999943955,-5.5221536978539154e-11,22.515729005039425,0.0,0.0,0.0,-1.2821098274037082,0.000681217712116362,150.0,-1.2821098274037082,0.000681217712116362,150.0,0.0,0.0,0.0,2.174900000000295,1.2336085278286113e-11,-14.011805447499897,2.174900000000295,1.2336085278286113e-11,-14.011805447499897,0.0,0.0,0.0,-2.4922600304035356,-0.01959024956626839,-28.0,-2.4922600304035356,-0.01959024956626839,-28.0,0.0,0.0,0.0,-1.5711449831496054,0.020146538080798623,28.0,-1.5711449831496054,0.020146538080798623,28.0,0.0,0.0,0.0,-3.0593390685157495e-11,-5.635100981324359e-09,8.307973793580908,-3.0593390685157495e-11,-5.635100981324359e-09,8.307973793580908,0.0,0.0,0.0,robotiq_85_left_knuckle_joint,0.26709765668867913,0.4999999991367314,,robotiq_85_left_knuckle_joint,0.26709765668867913,0.4999999991367314,,0.0,0.0,
sentinel_joint_telemetry_v2,20260731_114715,20260731_114715:1,1,168,short_cube_pick_place,attack,replay_attack,prior_command_replay,medium,arm_trajectory,cube,cube_retreat,3,commands_back,,0,,,,cube_grasp,2026-07-31T11:47:22.699+01:00,3.568611,0.020009,49.977955,0,3511.262000000,3511.262000000,trusted_fallback,0.000000,-0.11999999999945611,4.7031910701059165e-11,-63.32338789979888,-0.11999999999945611,4.7031910701059165e-11,-63.32338789979888,0.0,0.0,0.0,-1.2824036781152972,-0.012895797986972029,150.0,-1.2824036781152972,-0.012895797986972029,150.0,0.0,0.0,0.0,2.174900000000285,-9.499526165690497e-12,-2.4813320593005557,2.174900000000285,-9.499526165690497e-12,-2.4813320593005557,0.0,0.0,0.0,-2.492267396313073,0.008474673490372508,-28.0,-2.492267396313073,0.008474673490372508,-28.0,0.0,0.0,0.0,-1.5712102167287372,0.05431552078175802,-28.0,-1.5712102167287372,0.05431552078175802,-28.0,0.0,0.0,0.0,-2.5788674220406513e-11,-5.6063678651775695e-09,7.877142613568919,-2.5788674220406513e-11,-5.6063678651775695e-09,7.877142613568919,0.0,0.0,0.0,robotiq_85_left_knuckle_joint,0.27303481173133526,0.49020739707867433,,robotiq_85_left_knuckle_joint,0.27303481173133526,0.49020739707867433,,0.0,0.0,
sentinel_joint_telemetry_v2,20260731_114715,20260731_114715:1,1,169,short_cube_pick_place,attack,replay_attack,prior_command_replay,medium,arm_trajectory,cube,cube_retreat,3,commands_back,,0,,,,cube_grasp,2026-07-31T11:47:22.719+01:00,3.588785,0.020174,49.568101,0,3511.282000000,3511.282000000,trusted_fallback,0.000000,-0.11999999999937218,6.648587062840772e-12,-29.869928500553126,-0.11999999999937218,6.648587062840772e-12,-29.869928500553126,0.0,0.0,0.0,-1.2827183865756413,-0.028369945171298618,150.0,-1.2827183865756413,-0.028369945171298618,150.0,0.0,0.0,0.0,2.1749000000002763,-8.052265451641283e-12,-3.3412159857963255,2.1749000000002763,-8.052265451641283e-12,-3.3412159857963255,0.0,0.0,0.0,-2.492257453894578,0.018702737648657597,-28.0,-2.492257453894578,0.018702737648657597,-28.0,0.0,0.0,0.0,-1.5710233904807378,0.015677608105167433,15.711171185738566,-1.5710233904807378,0.015677608105167433,15.711171185738566,0.0,0.0,0.0,-2.884957435640788e-11,7.935688004293007e-09,-7.844649580585267,-2.884957435640788e-11,7.935688004293007e-09,-7.844649580585267,0.0,0.0,0.0,robotiq_85_left_knuckle_joint,0.2789906672563915,0.17831017840429342,,robotiq_85_left_knuckle_joint,0.2789906672563915,0.17831017840429342,,0.0,0.0,
sentinel_joint_telemetry_v2,20260731_114715,20260731_114715:1,1,170,short_cube_pick_place,attack,replay_attack,prior_command_replay,medium,arm_trajectory,cube,cube_retreat,3,commands_back,,0,,,,cube_grasp,2026-07-31T11:47:22.741+01:00,3.610516,0.021731,46.017865,0,3511.304000000,3511.304000000,trusted_fallback,0.000000,-0.11999999999939637,3.8900818330467324e-11,-59.934686963765714,-0.11999999999939637,3.8900818330467324e-11,-59.934686963765714,0.0,0.0,0.0,-1.2830502749599315,-0.0180199812176973,150.0,-1.2830502749599315,-0.0180199812176973,150.0,0.0,0.0,0.0,2.1749000000002834,-3.2892352036517636e-12,-5.544633348145358,2.1749000000002834,-3.2892352036517636e-12,-5.544633348145358,0.0,0.0,0.0,-2.4922729496552725,0.011874285828225861,-28.0,-2.4922729496552725,0.011874285828225861,-28.0,0.0,0.0,0.0,-1.5711081284194661,0.0785774365057923,-28.0,-1.5711081284194661,0.0785774365057923,-28.0,0.0,0.0,0.0,-2.2462030631988165e-11,-4.613631837679932e-09,7.2070674602904585,-2.2462030631988165e-11,-4.613631837679932e-09,7.2070674602904585,0.0,0.0,0.0,robotiq_85_left_knuckle_joint,0.2852541965008497,-0.15308398926510447,,robotiq_85_left_knuckle_joint,0.2852541965008497,-0.15308398926510447,,0.0,0.0,
sentinel_joint_telemetry_v2,20260731_114715,20260731_114715:1,1,171,short_cube_pick_place,attack,replay_attack,prior_command_replay,medium,arm_trajectory,cube,cube_retreat,3,commands_back,,0,,,,cube_grasp,2026-07-31T11:47:22.761+01:00,3.630527,0.020011,49.971833,0,3511.324000000,3511.324000000,trusted_fallback,0.000000,-0.11999999999947146,4.093704064969672e-11,-57.98561649143529,-0.11999999999947146,4.093704064969672e-11,-57.98561649143529,0.0,0.0,0.0,-1.283328756732004,-0.01345663618994719,150.0,-1.283328756732004,-0.01345663618994719,150.0,0.0,0.0,0.0,2.174900000000285,-7.294964979309704e-12,-3.6011891096582653,2.174900000000285,-7.294964979309704e-12,-3.6011891096582653,0.0,0.0,0.0,-2.4923296582790098,0.008840810926428175,-28.0,-2.4923296582790098,0.008840810926428175,-28.0,0.0,0.0,0.0,-1.57132667850444,0.05959854890119207,-28.0,-1.57132667850444,0.05959854890119207,-28.0,0.0,0.0,0.0,-1.4650374107443438e-11,-5.15929756252434e-09,7.306376890979237,-1.4650374107443438e-11,-5.15929756252434e-09,7.306376890979237,0.0,0.0,0.0,robotiq_85_left_knuckle_joint,0.29086199594419604,-0.18696781486783876,,robotiq_85_left_knuckle_joint,0.29086199594419604,-0.18696781486783876,,0.0,0.0,
sentinel_joint_telemetry_v2,20260731_114715,20260731_114715:1,1,172,short_cube_pick_place,attack,replay_attack,prior_command_replay,medium,arm_trajectory,cube,cube_retreat,3,commands_back,,0,,,,cube_grasp,2026-07-31T11:47:22.781+01:00,3.650785,0.020258,49.363032,0,3511.344000000,3511.344000000,trusted_fallback,0.000000,-0.1199999999994518,-6.922503694405113e-11,32.585034205910205,-0.1199999999994518,-6.922503694405113e-11,32.585034205910205,0.0,0.0,0.0,-1.283622847824125,-0.016479490409767275,150.0,-1.283622847824125,-0.016479490409767275,150.0,0.0,0.0,0.0,2.1749000000002807,9.697987204959624e-12,-12.51192871260261,2.1749000000002807,9.697987204959624e-12,-12.51192871260261,0.0,0.0,0.0,-2.492320231338373,-0.030577400721737095,-28.0,-2.492320231338373,-0.030577400721737095,-28.0,0.0,0.0,0.0,-1.5711777378588934,-0.1274920389580149,28.0,-1.5711777378588934,-0.1274920389580149,28.0,0.0,0.0,0.0,-1.8454957860953858e-11,6.679552259393484e-09,-6.192492171210616,-1.8454957860953858e-11,6.679552259393484e-09,-6.192492171210616,0.0,0.0,0.0,robotiq_85_left_knuckle_joint,0.29741682159286575,0.49999990216952633,,robotiq_85_left_knuckle_joint,0.29741682159286575,0.49999990216952633,,0.0,0.0,
sentinel_joint_telemetry_v2,20260731_114715,20260731_114715:1,1,173,short_cube_pick_place,attack,replay_attack,prior_command_replay,medium,arm_trajectory,cube,cube_retreat,3,commands_back,,0,,,,cube_grasp,2026-07-31T11:47:22.803+01:00,3.672687,0.021902,45.658404,0,3511.366000000,3511.366000000,trusted_fallback,0.000000,-0.11999999999951712,-5.808012339299229e-11,28.275656821499833,-0.11999999999951712,-5.808012339299229e-11,28.275656821499833,0.0,0.0,0.0,-1.2839284108437865,-0.006077164493572003,150.0,-1.2839284108437865,-0.006077164493572003,150.0,0.0,0.0,0.0,2.174900000000283,1.0055059215807738e-11,-12.619069583105556,2.174900000000283,1.0055059215807738e-11,-12.619069583105556,0.0,0.0,0.0,-2.4923615968273847,-0.0443444051318431,-28.0,-2.4923615968273847,-0.0443444051318431,-28.0,0.0,0.0,0.0,-1.5713034754540287,-0.163355942224609,28.0,-1.5713034754540287,-0.163355942224609,28.0,0.0,0.0,0.0,-1.336259132967636e-11,5.634659680899337e-09,-6.043168187582986,-1.336259132967636e-11,5.634659680899337e-09,-6.043168187582986,0.0,0.0,0.0,robotiq_85_left_knuckle_joint,0.30363891143575406,0.49999989777608567,,robotiq_85_left_knuckle_joint,0.30363891143575406,0.49999989777608567,,0.0,0.0,
sentinel_joint_telemetry_v2,20260731_114715,20260731_114715:1,1,174,short_cube_pick_place,attack,replay_attack,prior_command_replay,medium,arm_trajectory,cube,cube_retreat,3,commands_back,,0,,,,cube_grasp,2026-07-31T11:47:22.823+01:00,3.692810,0.020123,49.693530,0,3511.386000000,3511.386000000,trusted_fallback,0.000000,-0.11999999999945063,4.4904880595192376e-12,-24.653900205350908,-0.11999999999945063,4.4904880595192376e-12,-24.653900205350908,0.0,0.0,0.0,-1.2842082133597243,-0.025365867809586093,150.0,-1.2842082133597243,-0.025365867809586093,150.0,0.0,0.0,0.0,2.1749000000002643,-9.15869810547143e-12,-2.591590173761882,2.1749000000002643,-9.15869810547143e-12,-2.591590173761882,0.0,0.0,0.0,-2.4923283176692066,0.016753085498516736,-28.0,-2.4923283176692066,0.016753085498516736,-28.0,0.0,0.0,0.0,-1.5711543863662896,0.021784561766743073,17.733467028527162,-1.5711543863662896,0.021784561766743073,17.733467028527162,0.0,0.0,0.0,-1.8156656083577192e-11,7.044499027945156e-09,-7.361433166450936,-1.8156656083577192e-11,7.044499027945156e-09,-7.361433166450936,0.0,0.0,0.0,robotiq_85_left_knuckle_joint,0.3094909782892398,0.13806076149722868,,robotiq_85_left_knuckle_joint,0.3094909782892398,0.13806076149722868,,0.0,0.0,
sentinel_joint_telemetry_v2,20260731_114715,20260731_114715:1,1,175,short_cube_pick_place,attack,replay_attack,prior_command_replay,medium,arm_trajectory,cube,cube_retreat,3,commands_back,,0,,,,cube_grasp,2026-07-31T11:47:22.845+01:00,3.714572,0.021762,45.951720,0,3511.408000000,3511.408000000,trusted_fallback,0.000000,-0.11999999999946685,-5.358454435375193e-11,22.31329724796644,-0.11999999999946685,-5.358454435375193e-11,22.31329724796644,0.0,0.0,0.0,-1.2844943390126327,-0.0005016350033704635,150.0,-1.2844943390126327,-0.0005016350033704635,150.0,0.0,0.0,0.0,2.1749000000002803,7.915725366847148e-12,-11.59340240420453,2.1749000000002803,7.915725366847148e-12,-11.59340240420453,0.0,0.0,0.0,-2.492372907298296,-0.00611343777550295,-28.0,-2.492372907298296,-0.00611343777550295,-28.0,0.0,0.0,0.0,-1.5713279246181988,0.011458914719956768,28.0,-1.5713279246181988,0.011458914719956768,28.0,0.0,0.0,0.0,-1.4740112698784293e-11,-6.325538886089999e-09,7.874127122305705,-1.4740112698784293e-11,-6.325538886089999e-09,7.874127122305705,0.0,0.0,0.0,robotiq_85_left_knuckle_joint,0.315657351313999,0.4999999990689774,,robotiq_85_left_knuckle_joint,0.315657351313999,0.4999999990689774,,0.0,0.0,
sentinel_joint_telemetry_v2,20260731_114715,20260731_114715:1,1,176,short_cube_pick_place,attack,replay_attack,prior_command_replay,medium,arm_trajectory,cube,cube_retreat,3,commands_back,,0,,,,cube_grasp,2026-07-31T11:47:22.867+01:00,3.736798,0.022225,44.993857,0,3511.430000000,3511.430000000,trusted_fallback,0.000000,-0.11999999999934496,-1.0620768587515927e-12,-24.74074837050789,-0.11999999999934496,-1.0620768587515927e-12,-24.74074837050789,0.0,0.0,0.0,-1.284812783459184,-0.02751417827162126,150.0,-1.284812783459184,-0.02751417827162126,150.0,0.0,0.0,0.0,2.1749000000002634,-8.585456998111418e-12,-2.7070402926978625,2.1749000000002634,-8.585456998111418e-12,-2.7070402926978625,0.0,0.0,0.0,-2.492309110709056,0.018177230683863538,-28.0,-2.492309110709056,0.018177230683863538,-28.0,0.0,0.0,0.0,-1.5711096521736387,0.020260937161231334,17.81774449455734,-1.5711096521736387,0.020260937161231334,17.81774449455734,0.0,0.0,0.0,-1.3562631887362597e-11,6.650283360890713e-09,-7.127411289070338,-1.3562631887362597e-11,6.650283360890713e-09,-7.127411289070338,0.0,0.0,0.0,robotiq_85_left_knuckle_joint,0.32240310852803394,0.162959511915589,,robotiq_85_left_knuckle_joint,0.32240310852803394,0.162959511915589,,0.0,0.0,
sentinel_joint_telemetry_v2,20260731_114715,20260731_114715:1,1,177,short_cube_pick_place,attack,replay_attack,prior_command_replay,medium,arm_trajectory,cube,cube_retreat,3,commands_back,,0,,,,cube_grasp,2026-07-31T11:47:22.889+01:00,3.758806,0.022008,45.437994,0,3511.452000000,3511.452000000,trusted_fallback,0.000000,-0.11999999999939591,-3.169310885779708e-11,-1.0556626676081458,-0.11999999999939591,-3.169310885779708e-11,-1.0556626676081458,0.0,0.0,0.0,-1.2851145730590634,-0.023502485775818604,150.0,-1.2851145730590634,-0.023502485775818604,150.0,0.0,0.0,0.0,2.1749000000002643,-1.390982294624532e-11,0.36962274669492373,2.1749000000002643,-1.390982294624532e-11,0.36962274669492373,0.0,0.0,0.0,-2.4922713407281276,0.015532924673677846,-28.0,-2.4922713407281276,0.015532924673677846,-28.0,0.0,0.0,0.0,-1.571216714148885,0.01440574713735765,26.430390190026593,-1.571216714148885,0.01440574713735765,26.430390190026593,0.0,0.0,0.0,6.0047135902837425e-12,6.164397612588163e-09,-7.14861768762098,6.0047135902837425e-12,6.164397612588163e-09,-7.14861768762098,0.0,0.0,0.0,robotiq_85_left_knuckle_joint,0.32881782972492596,0.14996923617818503,,robotiq_85_left_knuckle_joint,0.32881782972492596,0.14996923617818503,,0.0,0.0,
sentinel_joint_telemetry_v2,20260731_114715,20260731_114715:1,1,178,short_cube_pick_place,attack,replay_attack,prior_command_replay,medium,arm_trajectory,cube,cube_retreat,3,commands_back,,0,,,,cube_grasp,2026-07-31T11:47:22.911+01:00,3.780493,0.021688,46.109402,0,3511.474000000,3511.474000000,trusted_fallback,0.000000,-0.11999988756703993,-6.246304421955642e-06,21.805833875094265,-0.11999988756703993,-6.246304421955642e-06,21.805833875094265,0.0,0.0,0.0,-1.2863596839326343,-0.14448596531135127,150.0,-1.2863596839326343,-0.14448596531135127,150.0,0.0,0.0,0.0,2.1749019949980988,-0.00011083320498525735,-11.336067375285452,2.1749019949980988,-0.00011083320498525735,-11.336067375285452,0.0,0.0,0.0,-2.493190237831625,-0.06918958364039024,-25.755997355275326,-2.493190237831625,-0.06918958364039024,-25.755997355275326,0.0,0.0,0.0,-1.5713597486030195,0.006142622660182688,28.0,-1.5713597486030195,0.006142622660182688,28.0,0.0,0.0,0.0,7.244967676512139e-07,-4.0245218307756805e-05,-4.856393354787847,7.244967676512139e-07,-4.0245218307756805e-05,-4.856393354787847,0.0,0.0,0.0,robotiq_85_left_knuckle_joint,0.3373844165119276,0.5000000002806058,,robotiq_85_left_knuckle_joint,0.3373844165119276,0.5000000002806058,,0.0,0.0,
sentinel_joint_telemetry_v2,20260731_114715,20260731_114715:1,1,179,short_cube_pick_place,attack,replay_attack,prior_command_replay,medium,arm_trajectory,cube,cube_retreat,3,commands_back,,0,,,,cube_grasp,2026-07-31T11:47:22.933+01:00,3.802486,0.021993,45.469687,0,3511.496000000,3511.496000000,trusted_fallback,0.000000,-0.11999996471762323,-1.960163909183821e-06,24.162378652513635,-0.11999996471762323,-1.960163909183821e-06,24.162378652513635,0.0,0.0,0.0,-1.2891040668148213,-0.15596966214112346,150.00000000000003,-1.2891040668148213,-0.15596966214112346,150.00000000000003,0.0,0.0,0.0,2.1749006260512824,-3.478061893122733e-05,-3.72079011237915,2.1749006260512824,-3.478061893122733e-05,-3.72079011237915,0.0,0.0,0.0,-2.4939872458442633,-0.026977937920052916,-23.008750216441864,-2.4939872458442633,-0.026977937920052916,-23.008750216441864,0.0,0.0,0.0,-1.5711555515279287,0.0032381616277776066,28.0,-1.5711555515279287,0.0032381616277776066,28.0,0.0,0.0,0.0,2.2739677977045535e-07,-1.2628430421552988e-05,-4.9493120631972625,2.2739677977045535e-07,-1.2628430421552988e-05,-4.9493120631972625,0.0,0.0,0.0,robotiq_85_left_knuckle_joint,0.34748138926156175,0.5000000002629086,,robotiq_85_left_knuckle_joint,0.34748138926156175,0.5000000002629086,,0.0,0.0,
sentinel_joint_telemetry_v2,20260731_114715,20260731_114715:1,1,180,short_cube_pick_place,attack,replay_attack,prior_command_replay,medium,arm_trajectory,cube,cube_retreat,3,commands_back,,0,,,,cube_grasp,2026-07-31T11:47:22.953+01:00,3.822591,0.020105,49.738342,0,3511.516000000,3511.516000000,trusted_fallback,0.000000,-0.11999998769797193,-6.834708816216926e-07,18.78468625420029,-0.11999998769797193,-6.834708816216926e-07,18.78468625420029,0.0,0.0,0.0,-1.291912379367598,-0.17555392568149245,150.0,-1.291912379367598,-0.17555392568149245,150.0,0.0,0.0,0.0,2.1749002182903245,-1.2127257227186397e-05,8.270770746600814,2.1749002182903245,-1.2127257227186397e-05,8.270770746600814,0.0,0.0,0.0,-2.494270957256071,-0.012724596208836137,-15.718891463670616,-2.494270957256071,-0.012724596208836137,-15.718891463670616,0.0,0.0,0.0,-1.5710392612404702,0.0030092585475418173,28.0,-1.5710392612404702,0.0030092585475418173,28.0,0.0,0.0,0.0,7.928910714896629e-08,-4.410687035678179e-06,6.22107642909421,7.928910714896629e-08,-4.410687035678179e-06,6.22107642909421,0.0,0.0,0.0,robotiq_85_left_knuckle_joint,0.35672116989427893,0.5000000001356476,,robotiq_85_left_knuckle_joint,0.35672116989427893,0.5000000001356476,,0.0,0.0,
sentinel_joint_telemetry_v2,20260731_114715,20260731_114715:1,1,181,short_cube_pick_place,attack,replay_attack,prior_command_replay,medium,arm_trajectory,cube,cube_retreat,3,commands_back,,0,,,,cube_grasp,2026-07-31T11:47:22.973+01:00,3.842794,0.020203,49.497345,0,3511.536000000,3511.536000000,trusted_fallback,0.000000,-0.11999999571049375,-2.3829882317980347e-07,-5.357755053554866,-0.11999999571049375,-2.3829882317980347e-07,-5.357755053554866,0.0,0.0,0.0,-1.2923040394755516,-0.000140246373364971,150.0,-1.2923040394755516,-0.000140246373364971,150.0,0.0,0.0,0.0,2.1749000761134,-4.228494398725302e-06,-13.265183524948714,2.1749000761134,-4.228494398725302e-06,-13.265183524948714,0.0,0.0,0.0,-2.4941616657708248,-0.001975225402439256,-28.0,-2.4941616657708248,-0.001975225402439256,-28.0,0.0,0.0,0.0,-1.5710365353274025,0.00026738303790176197,28.0,-1.5710365353274025,0.00026738303790176197,28.0,0.0,0.0,0.0,2.7586070857104896e-08,-1.5401036625489924e-06,8.078775132815297,2.7586070857104896e-08,-1.5401036625489924e-06,8.078775132815297,0.0,0.0,0.0,robotiq_85_left_knuckle_joint,0.35730490508327567,-1.3993734307091166e-06,,robotiq_85_left_knuckle_joint,0.35730490508327567,-1.3993734307091166e-06,,0.0,0.0,
sentinel_joint_telemetry_v2,20260731_114715,20260731_114715:1,1,182,short_cube_pick_place,attack,replay_attack,prior_command_replay,medium,arm_trajectory,cube,cube_retreat,3,commands_back,,0,,,,cube_grasp,2026-07-31T11:47:22.993+01:00,3.862827,0.020033,49.917529,0,3511.556000000,3511.556000000,trusted_fallback,0.000000,-0.1199999985042663,-8.308742313741999e-08,-6.591487320004794,-0.1199999985042663,-8.308742313741999e-08,-6.591487320004794,0.0,0.0,0.0,-1.292306941659133,-0.00012761241561024504,150.0,-1.292306941659133,-0.00012761241561024504,150.0,0.0,0.0,0.0,2.1749000265394303,-1.4743838364483092e-06,-13.833286137916765,2.1749000265394303,-1.4743838364483092e-06,-13.833286137916765,0.0,0.0,0.0,-2.494197882975874,-0.0017135214025584995,-28.0,-2.494197882975874,-0.0017135214025584995,-28.0,0.0,0.0,0.0,-1.5710308844620962,3.263167737453058e-05,28.0,-1.5710308844620962,3.263167737453058e-05,28.0,0.0,0.0,0.0,9.53178928303941e-09,-5.375179256495236e-07,8.540096296763807,9.53178928303941e-09,-5.375179256495236e-07,8.540096296763807,0.0,0.0,0.0,robotiq_85_left_knuckle_joint,0.35730274716421695,0.0009850611613177948,,robotiq_85_left_knuckle_joint,0.35730274716421695,0.0009850611613177948,,0.0,0.0,
sentinel_joint_telemetry_v2,20260731_114715,20260731_114715:1,1,183,short_cube_pick_place,attack,replay_attack,prior_command_replay,medium,arm_trajectory,cube,cube_retreat,3,commands_back,,0,,,,cube_grasp,2026-07-31T11:47:23.013+01:00,3.882828,0.020001,49.998468,0,3511.576000000,3511.576000000,trusted_fallback,0.000000,-0.11999999947840446,-2.8971165690408474e-08,-4.855536986242921,-0.11999999947840446,-2.8971165690408474e-08,-4.855536986242921,0.0,0.0,0.0,-1.2923089448449947,-4.8305116108232626e-05,150.0,-1.2923089448449947,-4.8305116108232626e-05,150.0,0.0,0.0,0.0,2.1749000092540696,-5.140851666654567e-07,-14.204530728363476,2.1749000092540696,-5.140851666654567e-07,-14.204530728363476,0.0,0.0,0.0,-2.494229390865968,-0.0014902216082516608,-28.0,-2.494229390865968,-0.0014902216082516608,-28.0,0.0,0.0,0.0,-1.5710242781968629,0.00022203666630775474,28.0,-1.5710242781968629,0.00022203666630775474,28.0,0.0,0.0,0.0,3.231245020987218e-09,-1.8773600161990991e-07,8.804305533897079,3.231245020987218e-09,-1.8773600161990991e-07,8.804305533897079,0.0,0.0,0.0,robotiq_85_left_knuckle_joint,0.35729711377130396,-5.6497721936069056e-05,,robotiq_85_left_knuckle_joint,0.35729711377130396,-5.6497721936069056e-05,,0.0,0.0,
sentinel_joint_telemetry_v2,20260731_114715,20260731_114715:1,1,184,short_cube_pick_place,attack,replay_attack,prior_command_replay,medium,arm_trajectory,cube,cube_retreat,3,commands_back,,0,,,,cube_grasp,2026-07-31T11:47:23.033+01:00,3.902942,0.020114,49.715842,0,3511.596000000,3511.596000000,trusted_fallback,0.000000,-0.11999999981805529,-1.0103088268114194e-08,-3.72095897209374,-0.11999999981805529,-1.0103088268114194e-08,-3.72095897209374,0.0,0.0,0.0,-1.2923103747740892,-0.00012855766305284663,150.0,-1.2923103747740892,-0.00012855766305284663,150.0,0.0,0.0,0.0,2.174900003227048,-1.7925046242803222e-07,-14.25958655712995,2.174900003227048,-1.7925046242803222e-07,-14.25958655712995,0.0,0.0,0.0,-2.4942569642688786,-0.0012225517653272622,-28.0,-2.4942569642688786,-0.0012225517653272622,-28.0,0.0,0.0,0.0,-1.5710201675555018,0.0002810607823270552,28.0,-1.5710201675555018,0.0002810607823270552,28.0,0.0,0.0,0.0,1.0332791483267134e-09,-6.461209367016052e-08,7.659269918368557,1.0332791483267134e-09,-6.461209367016052e-08,7.659269918368557,0.0,0.0,0.0,robotiq_85_left_knuckle_joint,0.35729836117220565,-0.0002403296169636096,,robotiq_85_left_knuckle_joint,0.35729836117220565,-0.0002403296169636096,,0.0,0.0,
sentinel_joint_telemetry_v2,20260731_114715,20260731_114715:1,1,185,short_cube_pick_place,attack,replay_attack,prior_command_replay,medium,arm_trajectory,cube,cube_retreat,3,commands_back,,0,,,,cube_grasp,2026-07-31T11:47:23.055+01:00,3.924875,0.021933,45.593038,0,3511.618000000,3511.618000000,trusted_fallback,0.000000,-0.11999999994282609,-3.1663628544207484e-09,-7.6603588753699015,-0.11999999994282609,-3.1663628544207484e-09,-7.6603588753699015,0.0,0.0,0.0,-1.2923111364502886,-5.772739805365648e-05,150.0,-1.2923111364502886,-5.772739805365648e-05,150.0,0.0,0.0,0.0,2.1749000010130675,-5.6250316321504457e-08,-14.856278551348574,2.1749000010130675,-5.6250316321504457e-08,-14.856278551348574,0.0,0.0,0.0,-2.4942836757115354,-0.0011461967177889484,-28.0,-2.4942836757115354,-0.0011461967177889484,-28.0,0.0,0.0,0.0,-1.571017249241328,-0.0006710122996867879,28.0,-1.571017249241328,-0.0006710122996867879,28.0,0.0,0.0,0.0,2.2463693289078904e-10,-2.03810733092908e-08,8.438743042518759,2.2463693289078904e-10,-2.03810733092908e-08,8.438743042518759,0.0,0.0,0.0,robotiq_85_left_knuckle_joint,0.3573038185074399,0.0027804436475766803,,robotiq_85_left_knuckle_joint,0.3573038185074399,0.0027804436475766803,,0.0,0.0,
sentinel_joint_telemetry_v2,20260731_114715,20260731_114715:1,1,186,short_cube_pick_place,attack,replay_attack,prior_command_replay,medium,arm_trajectory,cube,cube_retreat,3,commands_back,,0,,,,cube_grasp,2026-07-31T11:47:23.075+01:00,3.944984,0.020109,49.729909,0,3511.638000000,3511.638000000,trusted_fallback,0.000000,-0.11999999997999106,-1.111637760141393e-09,0.1497029914625102,-0.11999999997999106,-1.111637760141393e-09,0.1497029914625102,0.0,0.0,0.0,-1.2923118489064758,-6.664417607008324e-05,150.0,-1.2923118489064758,-6.664417607008324e-05,150.0,0.0,0.0,0.0,2.1749000003536088,-1.9612973413754564e-08,-15.213621280395198,2.1749000003536088,-1.9612973413754564e-08,-15.213621280395198,0.0,0.0,0.0,-2.49430486304637,-0.0009626051791400379,-28.0,-2.49430486304637,-0.0009626051791400379,-28.0,0.0,0.0,0.0,-1.5710160528428911,0.000946942064702967,28.0,-1.5710160528428911,0.000946942064702967,28.0,0.0,0.0,0.0,-1.5556961689816376e-11,-6.951357156125687e-09,8.368529954729256,-1.5556961689816376e-11,-6.951357156125687e-09,8.368529954729256,0.0,0.0,0.0,robotiq_85_left_knuckle_joint,0.35731492237537826,-0.0023498557302693637,,robotiq_85_left_knuckle_joint,0.35731492237537826,-0.0023498557302693637,,0.0,0.0,
sentinel_joint_telemetry_v2,20260731_114715,20260731_114715:1,1,187,short_cube_pick_place,attack,replay_attack,prior_command_replay,medium,arm_trajectory,cube,cube_retreat,3,commands_back,,0,,,,cube_grasp,2026-07-31T11:47:23.098+01:00,3.967111,0.022127,45.192746,0,3511.660000000,3511.660000000,trusted_fallback,0.000000,-0.11999999999364588,-3.435479667673186e-10,-7.259545424767059,-0.11999999999364588,-3.435479667673186e-10,-7.259545424767059,0.0,0.0,0.0,-1.2923116321170205,-1.9482996412859693e-05,150.0,-1.2923116321170205,-1.9482996412859693e-05,150.0,0.0,0.0,0.0,2.174900000111364,-6.154729089227762e-09,-15.319046210581075,2.174900000111364,-6.154729089227762e-09,-15.319046210581075,0.0,0.0,0.0,-2.494325797708022,-0.0008916166834057049,-28.0,-2.494325797708022,-0.0008916166834057049,-28.0,0.0,0.0,0.0,-1.5710142382190544,-0.0006408108427034247,28.0,-1.5710142382190544,-0.0006408108427034247,28.0,0.0,0.0,0.0,-1.0833045953863493e-10,-2.1206862815294214e-09,8.68738730280081,-1.0833045953863493e-10,-2.1206862815294214e-09,8.68738730280081,0.0,0.0,0.0,robotiq_85_left_knuckle_joint,0.3573220986845914,0.002538194904624959,,robotiq_85_left_knuckle_joint,0.3573220986845914,0.002538194904624959,,0.0,0.0,
sentinel_joint_telemetry_v2,20260731_114715,20260731_114715:1,1,188,short_cube_pick_place,attack,replay_attack,prior_command_replay,medium,arm_trajectory,cube,cube_retreat,3,commands_back,,0,,,,cube_grasp,2026-07-31T11:47:23.120+01:00,3.989752,0.022641,44.167797,0,3511.678000000,3511.678000000,trusted_fallback,0.000000,-0.12000014699616607,8.166459343191945e-06,-3.874370392052791,-0.12000014699616607,8.166459343191945e-06,-3.874370392052791,0.0,0.0,0.0,-1.2923595931784155,-0.00013314934169872915,150.0,-1.2923595931784155,-0.00013314934169872915,150.0,0.0,0.0,0.0,2.1748991081978084,4.954458561552341e-05,-9.245640557698376,2.1748991081978084,4.954458561552341e-05,-9.245640557698376,0.0,0.0,0.0,-2.494287291785906,-0.0010069290154370372,-28.0,-2.494287291785906,-0.0010069290154370372,-28.0,0.0,0.0,0.0,-1.5710271879472433,0.0008909275061667575,28.0,-1.5710271879472433,0.0008909275061667575,28.0,0.0,0.0,0.0,4.583397869316841e-07,-2.5471863256676212e-05,9.11129891068322,4.583397869316841e-07,-2.5471863256676212e-05,9.11129891068322,0.0,0.0,0.0,robotiq_85_left_knuckle_joint,0.3578432718597565,-0.005959526068306194,,robotiq_85_left_knuckle_joint,0.3578432718597565,-0.005959526068306194,,0.0,0.0,
sentinel_joint_telemetry_v2,20260731_114715,20260731_114715:1,1,189,short_cube_pick_place,attack,replay_attack,prior_command_replay,medium,arm_trajectory,cube,cube_retreat,3,commands_back,,0,,,,cube_grasp,2026-07-31T11:47:23.140+01:00,4.009971,0.020219,49.459252,0,3511.694000000,3511.694000000,trusted_fallback,0.000000,-0.12000006327699878,3.5153948995557058e-06,-5.373352949971916,-0.12000006327699878,3.5153948995557058e-06,-5.373352949971916,0.0,0.0,0.0,-1.2923596411469571,-8.464118467054783e-05,150.0,-1.2923596411469571,-8.464118467054783e-05,150.0,0.0,0.0,0.0,2.1748996161085747,2.1327320063170216e-05,-9.400425216583823,2.1748996161085747,2.1327320063170216e-05,-9.400425216583823,0.0,0.0,0.0,-2.4943029064414097,-0.0008925663510300878,-28.0,-2.4943029064414097,-0.0008925663510300878,-28.0,0.0,0.0,0.0,-1.571023123656406,0.00034882926995820004,28.0,-1.571023123656406,0.00034882926995820004,28.0,0.0,0.0,0.0,1.9722893034522195e-07,-1.0965498751604186e-05,9.487618570831746,1.9722893034522195e-07,-1.0965498751604186e-05,9.487618570831746,0.0,0.0,0.0,robotiq_85_left_knuckle_joint,0.35778144657478195,-0.004054266824445589,,robotiq_85_left_knuckle_joint,0.35778144657478195,-0.004054266824445589,,0.0,0.0,
sentinel_joint_telemetry_v2,20260731_114715,20260731_114715:1,1,190,short_cube_pick_place,attack,replay_attack,prior_command_replay,medium,arm_trajectory,cube,cube_retreat,3,commands_back,,0,,,,cube_grasp,2026-07-31T11:47:23.163+01:00,4.032401,0.022430,44.583092,0,3511.712000000,3511.712000000,trusted_fallback,0.000000,-0.12000002451476709,1.361935648604238e-06,-3.1740338218005792,-0.12000002451476709,1.361935648604238e-06,-3.1740338218005792,0.0,0.0,0.0,-1.2923592121751808,5.23090780430082e-05,150.0,-1.2923592121751808,5.23090780430082e-05,150.0,0.0,0.0,0.0,2.174899851272845,8.262644513873027e-06,-11.83591348886775,2.174899851272845,8.262644513873027e-06,-11.83591348886775,0.0,0.0,0.0,-2.494319423750691,-0.000929414327013274,-28.0,-2.494319423750691,-0.000929414327013274,-28.0,0.0,0.0,0.0,-1.5710166463986466,0.0002859933037439328,28.0,-1.5710166463986466,0.0002859933037439328,28.0,0.0,0.0,0.0,7.631905620308244e-08,-4.24833750692832e-06,9.032788831714164,7.631905620308244e-08,-4.24833750692832e-06,9.032788831714164,0.0,0.0,0.0,robotiq_85_left_knuckle_joint,0.3577134056637455,-0.003360325848448656,,robotiq_85_left_knuckle_joint,0.3577134056637455,-0.003360325848448656,,0.0,0.0,
sentinel_joint_telemetry_v2,20260731_114715,20260731_114715:1,1,191,short_cube_pick_place,attack,replay_attack,prior_command_replay,medium,arm_trajectory,cube,cube_retreat,3,commands_back,,0,,,,cube_grasp,2026-07-31T11:47:23.185+01:00,4.054273,0.021872,45.719737,0,3511.730000000,3511.730000000,trusted_fallback,0.000000,-0.12000000949745036,5.276432059142609e-07,-5.38312213508057,-0.12000000949745036,5.276432059142609e-07,-5.38312213508057,0.0,0.0,0.0,-1.292358355138815,5.5193450301185484e-05,150.0,-1.292358355138815,5.5193450301185484e-05,150.0,0.0,0.0,0.0,2.174899942380338,3.2011189000265283e-06,-12.662898336890802,2.174899942380338,3.2011189000265283e-06,-12.662898336890802,0.0,0.0,0.0,-2.4943352378114065,-0.0008519656696314125,-28.0,-2.4943352378114065,-0.0008519656696314125,-28.0,0.0,0.0,0.0,-1.5710143970879102,0.00013362424209932382,28.0,-1.5710143970879102,0.00013362424209932382,28.0,0.0,0.0,0.0,2.947586484644448e-08,-1.645986363391994e-06,9.032752162298507,2.947586484644448e-08,-1.645986363391994e-06,9.032752162298507,0.0,0.0,0.0,robotiq_85_left_knuckle_joint,0.35766835683793263,-0.0022641355202354385,,robotiq_85_left_knuckle_joint,0.35766835683793263,-0.0022641355202354385,,0.0,0.0,
sentinel_joint_telemetry_v2,20260731_114715,20260731_114715:1,1,192,short_cube_pick_place,attack,replay_attack,prior_command_replay,medium,arm_trajectory,cube,cube_retreat,3,commands_back,,0,,,,cube_grasp,2026-07-31T11:47:23.205+01:00,4.074901,0.020628,48.478881,0,3511.748000000,3511.748000000,trusted_fallback,0.000000,-0.1200000036794811,2.0441593801641053e-07,-0.26202696222642946,-0.1200000036794811,2.0441593801641053e-07,-0.26202696222642946,0.0,0.0,0.0,-1.2923576312582719,6.81462340240413e-05,150.0,-1.2923576312582719,6.81462340240413e-05,150.0,0.0,0.0,0.0,2.174899977677249,1.2401783370651759e-06,-12.160856716889594,2.174899977677249,1.2401783370651759e-06,-12.160856716889594,0.0,0.0,0.0,-2.4943480159170006,-0.0006327602892316972,-28.0,-2.4943480159170006,-0.0006327602892316972,-28.0,0.0,0.0,0.0,-1.5710115136569256,0.0002597247354518195,28.0,-1.5710115136569256,0.0002597247354518195,28.0,0.0,0.0,0.0,1.1344184022308905e-08,-6.364965418040238e-07,6.705858895542634,1.1344184022308905e-08,-6.364965418040238e-07,6.705858895542634,0.0,0.0,0.0,robotiq_85_left_knuckle_joint,0.357629015204878,-0.002485337408913102,,robotiq_85_left_knuckle_joint,0.357629015204878,-0.002485337408913102,,0.0,0.0,
sentinel_joint_telemetry_v2,20260731_114715,20260731_114715:1,1,193,short_cube_pick_place,attack,replay_attack,prior_command_replay,medium,arm_trajectory,cube,cube_retreat,3,commands_back,,0,,,,cube_grasp,2026-07-31T11:47:23.226+01:00,4.095782,0.020881,47.890723,0,3511.766000000,3511.766000000,trusted_fallback,0.000000,-0.12000000142550114,7.919577755936304e-08,-1.0172282574493035,-0.12000000142550114,7.919577755936304e-08,-1.0172282574493035,0.0,0.0,0.0,-1.292356815932891,6.176982510700327e-05,150.0,-1.292356815932891,6.176982510700327e-05,150.0,0.0,0.0,0.0,2.174899991352,4.804712600212091e-07,-12.772512029484929,2.174899991352,4.804712600212091e-07,-12.772512029484929,0.0,0.0,0.0,-2.4943586976061725,-0.0005834133214081584,-28.0,-2.4943586976061725,-0.0005834133214081584,-28.0,0.0,0.0,0.0,-1.5710080576901886,0.000173179499124247,28.0,-1.5710080576901886,0.000173179499124247,28.0,0.0,0.0,0.0,4.3266197508091506e-09,-2.466303960786242e-07,6.70409561365173,4.3266197508091506e-09,-2.466303960786242e-07,6.70409561365173,0.0,0.0,0.0,robotiq_85_left_knuckle_joint,0.3575933931282028,-0.001837645844322687,,robotiq_85_left_knuckle_joint,0.3575933931282028,-0.001837645844322687,,0.0,0.0,
sentinel_joint_telemetry_v2,20260731_114715,20260731_114715:1,1,194,short_cube_pick_place,attack,replay_attack,prior_command_replay,medium,arm_trajectory,cube,cube_retreat,3,commands_back,,0,,,,cube_grasp,2026-07-31T11:47:23.248+01:00,4.117375,0.021593,46.310361,0,3511.784000000,3511.784000000,trusted_fallback,0.000000,-0.12000000055228063,3.067538714056697e-08,5.203360918074868,-0.12000000055228063,3.067538714056697e-08,5.203360918074868,0.0,0.0,0.0,-1.292356088896588,-1.8647675458198162e-05,150.0,-1.292356088896588,-1.8647675458198162e-05,150.0,0.0,0.0,0.0,2.174899996649885,1.8614224280358305e-07,-11.7509332565507,2.174899996649885,1.8614224280358305e-07,-11.7509332565507,0.0,0.0,0.0,-2.4943685256696138,-0.00045547576412090576,-28.0,-2.4943685256696138,-0.00045547576412090576,-28.0,0.0,0.0,0.0,-1.571003621795771,0.00048236704605466446,28.0,-1.571003621795771,0.00048236704605466446,28.0,0.0,0.0,0.0,1.6084350548695396e-09,-9.52185432142108e-08,6.272933622508991,1.6084350548695396e-09,-9.52185432142108e-08,6.272933622508991,0.0,0.0,0.0,robotiq_85_left_knuckle_joint,0.3575591818477691,-0.0027038909986277573,,robotiq_85_left_knuckle_joint,0.3575591818477691,-0.0027038909986277573,,0.0,0.0,
sentinel_joint_telemetry_v2,20260731_114715,20260731_114715:1,1,195,short_cube_pick_place,attack,replay_attack,prior_command_replay,medium,arm_trajectory,cube,cube_retreat,3,commands_back,,0,,,,cube_grasp,2026-07-31T11:47:23.270+01:00,4.139450,0.022075,45.301028,0,3511.802000000,3511.802000000,trusted_fallback,0.000000,-0.12000000021398542,1.1890193159268606e-08,-1.6644790148238413,-0.12000000021398542,1.1890193159268606e-08,-1.6644790148238413,0.0,0.0,0.0,-1.292354762845406,4.063608341217141e-05,150.0,-1.292354762845406,4.063608341217141e-05,150.0,0.0,0.0,0.0,2.1748999987024087,7.211907536441853e-08,-14.623775088368706,2.1748999987024087,7.211907536441853e-08,-14.623775088368706,0.0,0.0,0.0,-2.494378259100434,-0.0005171359151159571,-28.0,-2.494378259100434,-0.0005171359151159571,-28.0,0.0,0.0,0.0,-1.5709980377841632,-0.0005053445867548483,28.0,-1.5709980377841632,-0.0005053445867548483,28.0,0.0,0.0,0.0,5.539167614284899e-10,-3.6944640912067034e-08,6.602372668315526,5.539167614284899e-10,-3.6944640912067034e-08,6.602372668315526,0.0,0.0,0.0,robotiq_85_left_knuckle_joint,0.3575221753709992,0.0010386113517122167,,robotiq_85_left_knuckle_joint,0.3575221753709992,0.0010386113517122167,,0.0,0.0,
sentinel_joint_telemetry_v2,20260731_114715,20260731_114715:1,1,196,short_cube_pick_place,attack,replay_attack,prior_command_replay,medium,arm_trajectory,cube,cube_retreat,3,commands_back,,0,,,,cube_grasp,2026-07-31T11:47:23.292+01:00,4.161417,0.021967,45.522057,0,3511.820000000,3511.820000000,trusted_fallback,0.000000,-0.1200000000828972,4.601428874647512e-09,3.251110241442102,-0.1200000000828972,4.601428874647512e-09,3.251110241442102,0.0,0.0,0.0,-1.292354406055856,-2.906414959149943e-05,150.0,-1.292354406055856,-2.906414959149943e-05,150.0,0.0,0.0,0.0,2.174899999497628,2.7939270249785486e-08,-14.158218735443452,2.174899999497628,2.7939270249785486e-08,-14.158218735443452,0.0,0.0,0.0,-2.4943869724081837,-0.00047434635483065146,-28.0,-2.4943869724081837,-0.00047434635483065146,-28.0,0.0,0.0,0.0,-1.5709984791712908,0.0009052263702033526,28.0,-1.5709984791712908,0.0009052263702033526,28.0,0.0,0.0,0.0,1.4792818134981776e-10,-1.4998430327350584e-08,7.259042632483683,1.4792818134981776e-10,-1.4998430327350584e-08,7.259042632483683,0.0,0.0,0.0,robotiq_85_left_knuckle_joint,0.35751474432805636,-0.0034103505729226186,,robotiq_85_left_knuckle_joint,0.35751474432805636,-0.0034103505729226186,,0.0,0.0,
sentinel_joint_telemetry_v2,20260731_114715,20260731_114715:1,1,197,short_cube_pick_place,attack,replay_attack,prior_command_replay,medium,arm_trajectory,cube,cube_retreat,3,commands_back,,0,,,,cube_lift,2026-07-31T11:47:23.313+01:00,4.182470,0.021053,47.499478,0,3511.838000000,3511.838000000,trusted_fallback,0.000000,-0.12000000003213607,1.7866740858064195e-09,-1.0833346224858296,-0.12000000003213607,1.7866740858064195e-09,-1.0833346224858296,0.0,0.0,0.0,-1.2923530188994672,0.00010203554047974635,150.0,-1.2923530188994672,0.00010203554047974635,150.0,0.0,0.0,0.0,2.1748999998057004,1.0825566219493932e-08,-14.879141884969426,2.1748999998057004,1.0825566219493932e-08,-14.879141884969426,0.0,0.0,0.0,-2.4943963995417193,-0.0005171970197541224,-28.0,-2.4943963995417193,-0.0005171970197541224,-28.0,0.0,0.0,0.0,-1.5709922288441436,-0.00037771899239390574,28.0,-1.5709922288441436,-0.00037771899239390574,28.0,0.0,0.0,0.0,-1.9268740557484143e-11,-5.61420384725779e-09,7.136983300549404,-1.9268740557484143e-11,-5.61420384725779e-09,7.136983300549404,0.0,0.0,0.0,robotiq_85_left_knuckle_joint,0.35748119604101225,0.0005669440198329753,,robotiq_85_left_knuckle_joint,0.35748119604101225,0.0005669440198329753,,0.0,0.0,
sentinel_joint_telemetry_v2,20260731_114715,20260731_114715:1,1,198,short_cube_pick_place,attack,replay_attack,prior_command_replay,medium,arm_trajectory,cube,cube_retreat,3,commands_back,,0,,,,cube_lift,2026-07-31T11:47:23.333+01:00,4.202744,0.020274,49.324708,0,3511.856000000,3511.856000000,trusted_fallback,0.000000,-0.12000000001245358,6.904914977463872e-10,0.8338900500443759,-0.12000000001245358,6.904914977463872e-10,0.8338900500443759,0.0,0.0,0.0,-1.2923518990336327,0.0001219565093493382,150.0,-1.2923518990336327,0.0001219565093493382,150.0,0.0,0.0,0.0,2.174899999925072,4.1929296250298176e-09,-14.415701302965989,2.174899999925072,4.1929296250298176e-09,-14.415701302965989,0.0,0.0,0.0,-2.494405447226686,-0.0005053866732946354,-28.0,-2.494405447226686,-0.0005053866732946354,-28.0,0.0,0.0,0.0,-1.570989666005932,0.000204941161052582,28.0,-1.570989666005932,0.000204941161052582,28.0,0.0,0.0,0.0,-8.400710671772165e-11,-2.329521643293364e-09,7.502085647277942,-8.400710671772165e-11,-2.329521643293364e-09,7.502085647277942,0.0,0.0,0.0,robotiq_85_left_knuckle_joint,0.3574660964610069,-0.001285708132912844,,robotiq_85_left_knuckle_joint,0.3574660964610069,-0.001285708132912844,,0.0,0.0,
sentinel_joint_telemetry_v2,20260731_114715,20260731_114715:1,1,199,short_cube_pick_place,attack,replay_attack,prior_command_replay,medium,arm_trajectory,cube,cube_retreat,3,commands_back,,0,,,,cube_lift,2026-07-31T11:47:23.355+01:00,4.224358,0.021614,46.267167,0,3511.876000000,3511.876000000,trusted_fallback,0.000000,-0.1200000154849842,1.8991622510733386e-12,3.5535146120985446,-0.1200000154849842,1.8991622510733386e-12,3.5535146120985446,0.0,0.0,0.0,-1.2924117204204644,-0.011541735496083607,-9.455343589889466,-1.2924117204204644,-0.011541735496083607,-9.455343589889466,0.0,0.0,0.0,2.1747805251302785,-0.022697400012749072,4.291815473824702,2.1747805251302785,-0.022697400012749072,4.291815473824702,0.0,0.0,0.0,-2.4941351921011896,0.051717050549248064,4.239588842763834,-2.4941351921011896,0.051717050549248064,4.239588842763834,0.0,0.0,0.0,-1.5709877418779346,0.00011570953765049994,1.8891990103494953,-1.5709877418779346,0.00011570953765049994,1.8891990103494953,0.0,0.0,0.0,1.7857132904624408e-07,5.535354735339282e-10,0.4099131456191403,1.7857132904624408e-07,5.535354735339282e-10,0.4099131456191403,0.0,0.0,0.0,robotiq_85_left_knuckle_joint,0.35861915310612263,0.49999983853552005,,robotiq_85_left_knuckle_joint,0.35861915310612263,0.49999983853552005,,0.0,0.0,
sentinel_joint_telemetry_v2,20260731_114715,20260731_114715:1,1,200,short_cube_pick_place,attack,replay_attack,prior_command_replay,medium,arm_trajectory,cube,cube_retreat,3,commands_back,,0,,,,cube_lift,2026-07-31T11:47:23.376+01:00,4.245884,0.021527,46.453488,0,3511.894000000,3511.894000000,trusted_fallback,0.000000,-0.1200000060027924,3.331461587451935e-07,-7.724027678136736,-0.1200000060027924,3.331461587451935e-07,-7.724027678136736,0.0,0.0,0.0,-1.2927730074301247,-0.025029800478577658,-33.540082448356245,-1.2927730074301247,-0.025029800478577658,-33.540082448356245,0.0,0.0,0.0,2.174070015442184,-0.04922308218370892,-28.15021597514793,2.174070015442184,-0.04922308218370892,-28.15021597514793,0.0,0.0,0.0,-2.4924874303090117,0.11150838249767699,-7.839645840831164,-2.4924874303090117,0.11150838249767699,-7.839645840831164,0.0,0.0,0.0,-1.5709840748933845,0.00015014505590719984,-3.512018998727654,-1.5709840748933845,0.00015014505590719984,-3.512018998727654,0.0,0.0,0.0,6.912608671712192e-08,-3.8449062768409255e-06,-0.8944780102397106,6.912608671712192e-08,-3.8449062768409255e-06,-0.8944780102397106,0.0,0.0,0.0,robotiq_85_left_knuckle_joint,0.35824380519894106,-0.007569148400497737,,robotiq_85_left_knuckle_joint,0.35824380519894106,-0.007569148400497737,,0.0,0.0,
sentinel_joint_telemetry_v2,20260731_114715,20260731_114715:1,1,201,short_cube_pick_place,attack,replay_attack,prior_command_replay,medium,arm_trajectory,cube,cube_retreat,3,commands_back,,0,,,,cube_lift,2026-07-31T11:47:23.397+01:00,4.266546,0.020661,48.400042,0,3511.904000000,3511.904000000,trusted_fallback,0.000000,-0.12000000354718424,1.9671455629027314e-07,0.0023293413325725775,-0.12000000354718424,1.9671455629027314e-07,0.0023293413325725775,0.0,0.0,0.0,-1.2930457332453333,-0.02852354012003839,-29.68970183155043,-1.2930457332453333,-0.02852354012003839,-29.68970183155043,0.0,0.0,0.0,2.1735336811232013,-0.0560933977958436,-17.174030406718334,2.1735336811232013,-0.0560933977958436,-17.174030406718334,0.0,0.0,0.0,-2.491272019470643,0.12737899113402582,-2.9097726238874,-2.491272019470643,0.12737899113402582,-2.9097726238874,0.0,0.0,0.0,-1.570982590854795,0.0001656476190874676,0.00026169363608126623,-1.570982590854795,0.0001656476190874676,0.00026169363608126623,0.0,0.0,0.0,4.077833414881675e-08,-2.2709190475025606e-06,-3.38475600281207e-06,4.077833414881675e-08,-2.2709190475025606e-06,-3.38475600281207e-06,0.0,0.0,0.0,robotiq_85_left_knuckle_joint,0.3581426479132541,-0.009703507782088644,,robotiq_85_left_knuckle_joint,0.3581426479132541,-0.009703507782088644,,0.0,0.0,
sentinel_joint_telemetry_v2,20260731_114715,20260731_114715:1,1,202,short_cube_pick_place,attack,replay_attack,prior_command_replay,medium,arm_trajectory,cube,cube_retreat,3,commands_back,,0,,,,cube_lift,2026-07-31T11:47:23.419+01:00,4.288198,0.021652,46.184683,0,3511.932000000,3511.932000000,trusted_fallback,0.000000,-0.11999999178346744,-4.568123938961024e-07,0.0015534761441009844,-0.11999999178346744,-4.568123938961024e-07,0.0015534761441009844,0.0,0.0,0.0,-1.2939155146290646,-0.032408838820510565,-29.69499671731914,-1.2939155146290646,-0.032408838820510565,-29.69499671731914,0.0,0.0,0.0,2.1718232045307753,-0.06373358702852053,-17.216671441041896,2.1718232045307753,-0.06373358702852053,-17.216671441041896,0.0,0.0,0.0,-2.4873735193885023,0.14551187878313465,-2.907644377419936,-2.4873735193885023,0.14551187878313465,-2.907644377419936,0.0,0.0,0.0,-1.5709768837677645,0.00021428367517803762,-0.00017038463274317737,-1.5709768837677645,0.00021428367517803762,-0.00017038463274317737,0.0,0.0,0.0,2.98181641565597e-07,-1.657090284720329e-05,9.97479029854858e-06,2.98181641565597e-07,-1.657090284720329e-05,9.97479029854858e-06,0.0,0.0,0.0,robotiq_85_left_knuckle_joint,0.35819739022549996,-0.0066661426447634856,,robotiq_85_left_knuckle_joint,0.35819739022549996,-0.0066661426447634856,,0.0,0.0,
sentinel_joint_telemetry_v2,20260731_114715,20260731_114715:1,1,203,short_cube_pick_place,attack,replay_attack,prior_command_replay,medium,arm_trajectory,cube,cube_retreat,3,commands_back,,0,,,,cube_lift,2026-07-31T11:47:23.440+01:00,4.309946,0.021748,45.981599,0,3511.952000000,3511.952000000,trusted_fallback,0.000000,-0.11999999528896932,-2.620530944331522e-07,0.0017459879653946523,-0.11999999528896932,-2.620530944331522e-07,0.0017459879653946523,0.0,0.0,0.0,-1.2945732036010427,-0.03316091023200053,-29.698100013264096,-1.2945732036010427,-0.03316091023200053,-29.698100013264096,0.0,0.0,0.0,2.1705297734669537,-0.06520963898342101,-17.248167504547574,2.1705297734669537,-0.06520963898342101,-17.248167504547574,0.0,0.0,0.0,-2.4844185290188627,0.14900019395499,-2.9055201564111,-2.4844185290188627,0.14900019395499,-2.9055201564111,0.0,0.0,0.0,-1.570972403530575,0.00022659335669499188,-0.00012118941432709266,-1.570972403530575,0.00022659335669499188,-0.00012118941432709266,0.0,0.0,0.0,4.262836055209904e-07,-2.368753579045182e-05,8.89199644211928e-06,4.262836055209904e-07,-2.368753579045182e-05,8.89199644211928e-06,0.0,0.0,0.0,robotiq_85_left_knuckle_joint,0.35827570340238774,-0.006990075081062655,,robotiq_85_left_knuckle_joint,0.35827570340238774,-0.006990075081062655,,0.0,0.0,
sentinel_joint_telemetry_v2,20260731_114715,20260731_114715:1,1,204,short_cube_pick_place,attack,replay_attack,prior_command_replay,medium,arm_trajectory,cube,cube_retreat,3,commands_back,,0,,,,cube_lift,2026-07-31T11:47:23.461+01:00,4.330910,0.020964,47.700632,0,3511.972000000,3511.972000000,trusted_fallback,0.000000,-0.11999999863729516,-7.602579761307321e-08,0.0014009905791117182,-0.11999999863729516,-7.602579761307321e-08,0.0014009905791117182,0.0,0.0,0.0,-1.2952397169284913,-0.03342273967292819,-29.700573843748177,-1.2952397169284913,-0.03342273967292819,-29.700573843748177,0.0,0.0,0.0,2.1692190384516676,-0.06572436030135903,-17.27988671643703,2.1692190384516676,-0.06572436030135903,-17.27988671643703,0.0,0.0,0.0,-2.4814227083635747,0.15022015992417073,-2.9033193158579023,-2.4814227083635747,0.15022015992417073,-2.9033193158579023,0.0,0.0,0.0,-1.5709677929596235,0.00023166227365928067,-0.00030401915253287104,-1.5709677929596235,0.00023166227365928067,-0.00030401915253287104,0.0,0.0,0.0,3.8881635052506593e-07,-2.1605878776471358e-05,1.2410284101500964e-05,3.8881635052506593e-07,-2.1605878776471358e-05,1.2410284101500964e-05,0.0,0.0,0.0,robotiq_85_left_knuckle_joint,0.3583292903467596,-0.007098426235792925,,robotiq_85_left_knuckle_joint,0.3583292903467596,-0.007098426235792925,,0.0,0.0,
sentinel_joint_telemetry_v2,20260731_114715,20260731_114715:1,1,205,short_cube_pick_place,attack,replay_attack,prior_command_replay,medium,arm_trajectory,cube,cube_retreat,3,commands_back,,0,,,,cube_lift,2026-07-31T11:47:23.483+01:00,4.352893,0.021984,45.488138,0,3511.992000000,3511.992000000,trusted_fallback,0.000000,-0.11999999952853702,-2.6503166753464105e-08,0.0015703656889350798,-0.11999999952853702,-2.6503166753464105e-08,0.0015703656889350798,0.0,0.0,0.0,-1.2959093185830886,-0.033512995383332626,-29.70309698110718,-1.2959093185830886,-0.033512995383332626,-29.70309698110718,0.0,0.0,0.0,2.1679022699934896,-0.06590389034755795,-17.311658098460022,2.1679022699934896,-0.06590389034755795,-17.311658098460022,0.0,0.0,0.0,-2.478412769685198,0.150655791277362,-2.9010602160816004,-2.478412769685198,0.150655791277362,-2.9010602160816004,0.0,0.0,0.0,-1.57096313134082,0.0002338951988431863,-0.00022520638039883763,-1.57096313134082,0.0002338951988431863,-0.00022520638039883763,0.0,0.0,0.0,1.3551467018008535e-07,-7.533420398335173e-06,6.536184489343743e-06,1.3551467018008535e-07,-7.533420398335173e-06,6.536184489343743e-06,0.0,0.0,0.0,robotiq_85_left_knuckle_joint,0.35820094693988647,-0.005827137211616387,,robotiq_85_left_knuckle_joint,0.35820094693988647,-0.005827137211616387,,0.0,0.0,
sentinel_joint_telemetry_v2,20260731_114715,20260731_114715:1,1,206,short_cube_pick_place,attack,replay_attack,prior_command_replay,medium,arm_trajectory,cube,cube_retreat,3,commands_back,,0,,,,cube_lift,2026-07-31T11:47:23.505+01:00,4.374230,0.021337,46.867459,0,3512.012000000,3512.012000000,trusted_fallback,0.000000,-0.11999999933093156,-3.747205393829674e-08,0.0017476193539692295,-0.11999999933093156,-3.747205393829674e-08,0.0017476193539692295,0.0,0.0,0.0,-1.2965799477446551,-0.033546167373253055,-29.705873227714513,-1.2965799477446551,-0.033546167373253055,-29.705873227714513,0.0,0.0,0.0,2.166583395377191,-0.06596641160925011,-17.343763534041386,2.166583395377191,-0.06596641160925011,-17.343763534041386,0.0,0.0,0.0,-2.4753974253006015,0.15079110561833994,-2.898897585247776,-2.4753974253006015,0.15079110561833994,-2.898897585247776,0.0,0.0,0.0,-1.5709584252321782,0.0002336564663481906,-0.0001373978184866557,-1.5709584252321782,0.0002336564663481906,-0.0001373978184866557,0.0,0.0,0.0,3.628861769677192e-07,-2.016502794826712e-05,6.569056669680437e-06,3.628861769677192e-07,-2.016502794826712e-05,6.569056669680437e-06,0.0,0.0,0.0,robotiq_85_left_knuckle_joint,0.35828757378670295,-0.00631321708456524,,robotiq_85_left_knuckle_joint,0.35828757378670295,-0.00631321708456524,,0.0,0.0,
sentinel_joint_telemetry_v2,20260731_114715,20260731_114715:1,1,207,short_cube_pick_place,attack,replay_attack,prior_command_replay,medium,arm_trajectory,cube,cube_retreat,3,commands_back,,0,,,,cube_lift,2026-07-31T11:47:23.525+01:00,4.394572,0.020341,49.160810,0,3512.032000000,3512.032000000,trusted_fallback,0.000000,-0.1199999997701775,-1.3060305866299804e-08,0.0013925952258590692,-0.1199999997701775,-1.3060305866299804e-08,0.0013925952258590692,0.0,0.0,0.0,-1.2972509964394545,-0.03355603196134314,-29.707922110776675,-1.2972509964394545,-0.03355603196134314,-29.707922110776675,0.0,0.0,0.0,2.1652637891607758,-0.0659882884200496,-17.37532707508661,2.1652637891607758,-0.0659882884200496,-17.37532707508661,0.0,0.0,0.0,-2.472380792975902,0.15085486773134776,-2.8965872748374797,-2.472380792975902,0.15085486773134776,-2.8965872748374797,0.0,0.0,0.0,-1.570953740233882,0.00023459053083042976,-0.0003150703318622257,-1.570953740233882,0.00023459053083042976,-0.0003150703318622257,0.0,0.0,0.0,1.264767266565825e-07,-7.0310267630876305e-06,7.62802961418989e-07,1.264767266565825e-07,-7.0310267630876305e-06,7.62802961418989e-07,0.0,0.0,0.0,robotiq_85_left_knuckle_joint,0.3581762160198299,-0.004950447377066722,,robotiq_85_left_knuckle_joint,0.3581762160198299,-0.004950447377066722,,0.0,0.0,
sentinel_joint_telemetry_v2,20260731_114715,20260731_114715:1,1,208,short_cube_pick_place,attack,replay_attack,prior_command_replay,medium,arm_trajectory,cube,cube_retreat,3,commands_back,,0,,,,cube_lift,2026-07-31T11:47:23.546+01:00,4.415637,0.021065,47.472036,0,3512.052000000,3512.052000000,trusted_fallback,0.000000,-0.12000000053809545,2.9610992800322214e-08,0.005217584183627978,-0.12000000053809545,2.9610992800322214e-08,0.005217584183627978,0.0,0.0,0.0,-1.2979221132888594,-0.0335621101824672,-29.712189391554908,-1.2979221132888594,-0.0335621101824672,-29.712189391554908,0.0,0.0,0.0,2.163943925224439,-0.06599584745741222,-17.408556797968842,2.163943925224439,-0.06599584745741222,-17.408556797968842,0.0,0.0,0.0,-2.4693629484562027,0.15085128567772796,-2.8947644051769688,-2.4693629484562027,0.15085128567772796,-2.8947644051769688,0.0,0.0,0.0,-1.5709490226862484,0.00023371629867926028,0.0016748106864094736,-1.5709490226862484,0.00023371629867926028,0.0016748106864094736,0.0,0.0,0.0,5.983559135010214e-07,-3.3246394340880276e-05,4.120305494279339e-05,5.983559135010214e-07,-3.3246394340880276e-05,4.120305494279339e-05,0.0,0.0,0.0,robotiq_85_left_knuckle_joint,0.35845462952503554,-0.007119530508531001,,robotiq_85_left_knuckle_joint,0.35845462952503554,-0.007119530508531001,,0.0,0.0,
sentinel_joint_telemetry_v2,20260731_114715,20260731_114715:1,1,209,short_cube_pick_place,attack,replay_attack,prior_command_replay,medium,arm_trajectory,cube,cube_retreat,3,commands_back,,0,,,,cube_lift,2026-07-31T11:47:23.567+01:00,4.436928,0.021291,46.967373,0,3512.072000000,3512.072000000,trusted_fallback,0.000000,-0.12000000019087392,1.0330104465187603e-08,0.002605517922158211,-0.12000000019087392,1.0330104465187603e-08,0.002605517922158211,0.0,0.0,0.0,-1.2985933488937755,-0.03356159087516992,-29.713031639551023,-1.2985933488937755,-0.03356159087516992,-29.713031639551023,0.0,0.0,0.0,2.162623973908379,-0.06599855206565365,-17.439494479963116,2.162623973908379,-0.06599855206565365,-17.439494479963116,0.0,0.0,0.0,-2.466345610593242,0.15087585122067404,-2.8923673762699607,-2.466345610593242,0.15087585122067404,-2.8923673762699607,0.0,0.0,0.0,-1.5709443369864897,0.00023461139308684608,0.0003568707340316638,-1.5709443369864897,0.00023461139308684608,0.0003568707340316638,0.0,0.0,0.0,2.085832961293534e-07,-1.1592217183429817e-05,3.8858734788995635e-06,2.085832961293534e-07,-1.1592217183429817e-05,3.8858734788995635e-06,0.0,0.0,0.0,robotiq_85_left_knuckle_joint,0.3583273813050593,-0.005842754082885329,,robotiq_85_left_knuckle_joint,0.3583273813050593,-0.005842754082885329,,0.0,0.0,
sentinel_joint_telemetry_v2,20260731_114715,20260731_114715:1,1,210,short_cube_pick_place,attack,replay_attack,prior_command_replay,medium,arm_trajectory,cube,cube_retreat,3,commands_back,,0,,,,cube_lift,2026-07-31T11:47:23.588+01:00,4.457824,0.020896,47.855243,0,3512.092000000,3512.092000000,trusted_fallback,0.000000,-0.12000000018559899,1.004624817515197e-08,0.0014851109622199474,-0.12000000018559899,1.004624817515197e-08,0.0014851109622199474,0.0,0.0,0.0,-1.2992645551649897,-0.033562701217998064,-29.71465356220317,-1.2992645551649897,-0.033562701217998064,-29.71465356220317,0.0,0.0,0.0,2.1613039905571987,-0.06599947694504184,-17.470542850514725,2.1613039905571987,-0.06599947694504184,-17.470542850514725,0.0,0.0,0.0,-2.4633277586842435,0.15087185865038627,-2.889909203111229,-2.4633277586842435,0.15087185865038627,-2.889909203111229,0.0,0.0,0.0,-1.5709396293955014,0.0002342903080442115,-0.000245206068589313,-1.5709396293955014,0.0002342903080442115,-0.000245206068589313,0.0,0.0,0.0,3.324207637908184e-07,-1.8471933669183573e-05,1.6356129029833924e-06,3.324207637908184e-07,-1.8471933669183573e-05,1.6356129029833924e-06,0.0,0.0,0.0,robotiq_85_left_knuckle_joint,0.3585044822594579,-0.007048282703856882,,robotiq_85_left_knuckle_joint,0.3585044822594579,-0.007048282703856882,,0.0,0.0,
sentinel_joint_telemetry_v2,20260731_114715,20260731_114715:1,1,211,short_cube_pick_place,attack,replay_attack,prior_command_replay,medium,arm_trajectory,cube,cube_retreat,3,commands_back,,0,,,,cube_lift,2026-07-31T11:47:23.609+01:00,4.478510,0.020686,48.342741,0,3512.112000000,3512.112000000,trusted_fallback,0.000000,-0.11999999977823528,-1.2576290287164352e-08,0.3533350050103294,-0.11999999977823528,-1.2576290287164352e-08,0.3533350050103294,0.0,0.0,0.0,-1.2999357502064555,-0.03356443543553425,-29.924021604476852,-1.2999357502064555,-0.03356443543553425,-29.924021604476852,0.0,0.0,0.0,2.1599839964826466,-0.06599980608119516,-17.653768598793494,2.1599839964826466,-0.06599980608119516,-17.653768598793494,0.0,0.0,0.0,-2.460309720751454,0.15085753142725195,-2.929461350658493,-2.460309720751454,0.15085753142725195,-2.929461350658493,0.0,0.0,0.0,-1.5709349110190534,0.00023337001941090701,0.1842123349399904,-1.5709349110190534,0.00023337001941090701,0.1842123349399904,0.0,0.0,0.0,5.942074998581988e-07,-3.301550149509519e-05,0.003757471253927949,5.942074998581988e-07,-3.301550149509519e-05,0.003757471253927949,0.0,0.0,0.0,robotiq_85_left_knuckle_joint,0.35858567500700894,-0.019034322892475197,,robotiq_85_left_knuckle_joint,0.35858567500700894,-0.019034322892475197,,0.0,0.0,
sentinel_joint_telemetry_v2,20260731_114715,20260731_114715:1,1,212,short_cube_pick_place,attack,replay_attack,prior_command_replay,medium,arm_trajectory,cube,cube_retreat,3,commands_back,,0,,,,cube_lift,2026-07-31T11:47:23.630+01:00,4.499510,0.021000,47.618519,0,3512.132000000,3512.132000000,trusted_fallback,0.000000,-0.11999999992560374,-4.3795417717720775e-09,0.0017153030984950936,-0.11999999992560374,-4.3795417717720775e-09,0.0017153030984950936,0.0,0.0,0.0,-1.3006070130721483,-0.03356240164084353,-29.718938322882778,-1.3006070130721483,-0.03356240164084353,-29.718938322882778,0.0,0.0,0.0,2.158663998756515,-0.06599993235255912,-17.533748168742395,2.158663998756515,-0.06599993235255912,-17.533748168742395,0.0,0.0,0.0,-2.457292309664673,0.15087802897802458,-2.885432942798477,-2.457292309664673,0.15087802897802458,-2.885432942798477,0.0,0.0,0.0,-1.570930229378869,0.00023449065699901721,-0.00011005870818789037,-1.570930229378869,0.00023449065699901721,-0.00011005870818789037,0.0,0.0,0.0,2.0714185667029957e-07,-1.1511708726279777e-05,2.775327589355754e-06,2.0714185667029957e-07,-1.1511708726279777e-05,2.775327589355754e-06,0.0,0.0,0.0,robotiq_85_left_knuckle_joint,0.3584480737701875,-0.006120042688500419,,robotiq_85_left_knuckle_joint,0.3584480737701875,-0.006120042688500419,,0.0,0.0,
sentinel_joint_telemetry_v2,20260731_114715,20260731_114715:1,1,213,short_cube_pick_place,attack,replay_attack,prior_command_replay,medium,arm_trajectory,cube,cube_retreat,3,commands_back,,0,,,,cube_lift,2026-07-31T11:47:23.651+01:00,4.520940,0.021430,46.664586,0,3512.152000000,3512.152000000,trusted_fallback,0.000000,-0.12000000153935084,-8.769514107942467e-09,0.4214165637262347,-0.12000000153935084,-8.769514107942467e-09,0.4214165637262347,0.0,0.0,0.0,-1.301278182225786,-0.03356428555278234,-30.49065050715553,-1.301278182225786,-0.03356428555278234,-30.49065050715553,0.0,0.0,0.0,2.157344000648703,-0.06600000418736061,-18.165255859819233,2.157344000648703,-0.06600000418736061,-18.165255859819233,0.0,0.0,0.0,-2.454273980512662,0.1508602004437547,-3.055081520035241,-2.454273980512662,0.1508602004437547,-3.055081520035241,0.0,0.0,0.0,-1.5709255060701177,0.00023350650647490853,0.22298450522952487,-1.5709255060701177,0.00023350650647490853,0.22298450522952487,0.0,0.0,0.0,1.0737500812093235e-06,-2.996308298562709e-05,0.0058106808758859926,1.0737500812093235e-06,-2.996308298562709e-05,0.0058106808758859926,0.0,0.0,0.0,robotiq_85_left_knuckle_joint,0.35893626255247324,0.047662857332697206,,robotiq_85_left_knuckle_joint,0.35893626255247324,0.047662857332697206,,0.0,0.0,
sentinel_joint_telemetry_v2,20260731_114715,20260731_114715:1,1,214,short_cube_pick_place,attack,replay_attack,prior_command_replay,medium,arm_trajectory,cube,cube_retreat,3,commands_back,,0,,,,cube_lift,2026-07-31T11:47:23.672+01:00,4.542044,0.021105,47.382869,0,3512.172000000,3512.172000000,trusted_fallback,0.000000,-0.12000000053945105,2.9741477095999655e-08,0.00022356570185639094,-0.12000000053945105,2.9741477095999655e-08,0.00022356570185639094,0.0,0.0,0.0,-1.3019494584406002,-0.033562798658526835,-29.722084886800918,-1.3019494584406002,-0.033562798658526835,-29.722084886800918,0.0,0.0,0.0,2.156024000210421,-0.06600001301497599,-17.596135665875973,2.156024000210421,-0.06600001301497599,-17.596135665875973,0.0,0.0,0.0,-2.4512566867636254,0.1508745392235612,-2.8808030867480254,-2.4512566867636254,0.1508745392235612,-2.8808030867480254,0.0,0.0,0.0,-1.5709208252935978,0.0002344649705237952,-0.0008722372326478207,-1.5709208252935978,0.0002344649705237952,-0.0008722372326478207,0.0,0.0,0.0,3.743513655769866e-07,-2.0800840215745575e-05,-1.3113414212483179e-05,3.743513655769866e-07,-2.0800840215745575e-05,-1.3113414212483179e-05,0.0,0.0,0.0,robotiq_85_left_knuckle_joint,0.35868974583054053,-0.00762359565050939,,robotiq_85_left_knuckle_joint,0.35868974583054053,-0.00762359565050939,,0.0,0.0,
sentinel_joint_telemetry_v2,20260731_114715,20260731_114715:1,1,215,short_cube_pick_place,attack,replay_attack,prior_command_replay,medium,arm_trajectory,cube,cube_retreat,3,commands_back,,0,,,,cube_lift,2026-07-31T11:47:23.694+01:00,4.563295,0.021251,47.056817,0,3512.192000000,3512.192000000,trusted_fallback,0.000000,-0.1200000001906998,1.0375600608281826e-08,0.001773997757078611,-0.1200000001906998,1.0375600608281826e-08,0.001773997757078611,0.0,0.0,0.0,-1.3026207021170637,-0.03356183093193715,-29.724582392216217,-1.3026207021170637,-0.03356183093193715,-29.724582392216217,0.0,0.0,0.0,2.154704000058246,-0.0660000045057738,-17.627945590592816,2.154704000058246,-0.0660000045057738,-17.627945590592816,0.0,0.0,0.0,-2.448239076281019,0.1508839592306663,-2.8786662302430504,-2.448239076281019,0.1508839592306663,-2.8786662302430504,0.0,0.0,0.0,-1.5709161308165702,0.00023487243876111653,-4.33243033566826e-05,-1.5709161308165702,0.00023487243876111653,-4.33243033566826e-05,0.0,0.0,0.0,1.30487786726277e-07,-7.252720797791155e-06,3.324425367614339e-06,1.30487786726277e-07,-7.252720797791155e-06,3.324425367614339e-06,0.0,0.0,0.0,robotiq_85_left_knuckle_joint,0.3585514747657226,-0.0062658450138753895,,robotiq_85_left_knuckle_joint,0.3585514747657226,-0.0062658450138753895,,0.0,0.0,
sentinel_joint_telemetry_v2,20260731_114715,20260731_114715:1,1,216,short_cube_pick_place,attack,replay_attack,prior_command_replay,medium,arm_trajectory,cube,cube_retreat,3,commands_back,,0,,,,cube_lift,2026-07-31T11:47:23.715+01:00,4.584441,0.021146,47.291064,0,3512.212000000,3512.212000000,trusted_fallback,0.000000,-0.12000000040658927,2.237864736879744e-08,0.006109899654604744,-0.12000000040658927,2.237864736879744e-08,0.006109899654604744,0.0,0.0,0.0,-1.3032918993600047,-0.033563442845479796,-29.73087021109397,-1.3032918993600047,-0.033563442845479796,-29.73087021109397,0.0,0.0,0.0,2.1533840011822916,-0.06600006689773996,-17.662600564731058,2.1533840011822916,-0.06600006689773996,-17.662600564731058,0.0,0.0,0.0,-2.445221018132162,0.15086850889052789,-2.877328030591784,-2.445221018132162,0.15086850889052789,-2.877328030591784,0.0,0.0,0.0,-1.5709114151270744,0.00023410143643516883,0.002231052318930158,-1.5709114151270744,0.00023410143643516883,0.002231052318930158,0.0,0.0,0.0,4.2227304811429707e-07,-2.346287031874299e-05,5.047410938514382e-05,4.2227304811429707e-07,-2.346287031874299e-05,5.047410938514382e-05,0.0,0.0,0.0,robotiq_85_left_knuckle_joint,0.35862964749543375,-0.006744870471578537,,robotiq_85_left_knuckle_joint,0.35862964749543375,-0.006744870471578537,,0.0,0.0,
sentinel_joint_telemetry_v2,20260731_114715,20260731_114715:1,1,217,short_cube_pick_place,attack,replay_attack,prior_command_replay,medium,arm_trajectory,cube,cube_retreat,3,commands_back,,0,,,,cube_lift,2026-07-31T11:47:23.736+01:00,4.605411,0.020970,47.686736,0,3512.232000000,3512.232000000,trusted_fallback,0.000000,-0.12000000014415818,7.808344637538767e-09,0.0015094387068670737,-0.12000000014415818,7.808344637538767e-09,0.0015094387068670737,0.0,0.0,0.0,-1.3039631505887799,-0.033562055546039436,-29.72809312714522,-1.3039631505887799,-0.033562055546039436,-29.72809312714522,0.0,0.0,0.0,2.152064000398407,-0.0660000232935514,-17.6904981436292,2.152064000398407,-0.0660000232935514,-17.6904981436292,0.0,0.0,0.0,-2.442203478347904,0.15088185658356615,-2.8741566812202737,-2.442203478347904,0.15088185658356615,-2.8741566812202737,0.0,0.0,0.0,-1.5709067249120412,0.00023474568236440604,-0.000162730056327309,-1.5709067249120412,0.00023474568236440604,-0.000162730056327309,0.0,0.0,0.0,1.4720039318513958e-07,-8.180913275810655e-06,-3.717889446718065e-07,1.4720039318513958e-07,-8.180913275810655e-06,-3.717889446718065e-07,0.0,0.0,0.0,robotiq_85_left_knuckle_joint,0.3585096119988196,-0.0054484604412979205,,robotiq_85_left_knuckle_joint,0.3585096119988196,-0.0054484604412979205,,0.0,0.0,
sentinel_joint_telemetry_v2,20260731_114715,20260731_114715:1,1,218,short_cube_pick_place,attack,replay_attack,prior_command_replay,medium,arm_trajectory,cube,cube_retreat,3,commands_back,,0,,,,cube_lift,2026-07-31T11:47:23.757+01:00,4.626837,0.021426,46.672686,0,3512.252000000,3512.252000000,trusted_fallback,0.000000,-0.12000000079008236,4.37021893048839e-08,0.022392299329547238,-0.12000000079008236,4.37021893048839e-08,0.022392299329547238,0.0,0.0,0.0,-1.3046343596012948,-0.03356301359436665,-29.730769195972112,-1.3046343596012948,-0.03356301359436665,-29.730769195972112,0.0,0.0,0.0,2.1507440014281696,-0.06600008044751159,-17.722958684783826,2.1507440014281696,-0.06600008044751159,-17.722958684783826,0.0,0.0,0.0,-2.439185532235337,0.15087263048173433,-2.8723661055465333,-2.439185532235337,0.15087263048173433,-2.8723661055465333,0.0,0.0,0.0,-1.5709020173852501,0.00023442816308323015,0.010901789585410519,-1.5709020173852501,0.00023442816308323015,0.010901789585410519,0.0,0.0,0.0,3.570320608132421e-07,-1.983808549945983e-05,0.00021282329655330533,3.570320608132421e-07,-1.983808549945983e-05,0.00021282329655330533,0.0,0.0,0.0,robotiq_85_left_knuckle_joint,0.35864979686552534,-0.005747665417443766,,robotiq_85_left_knuckle_joint,0.35864979686552534,-0.005747665417443766,,0.0,0.0,
sentinel_joint_telemetry_v2,20260731_114715,20260731_114715:1,1,219,short_cube_pick_place,attack,replay_attack,prior_command_replay,medium,arm_trajectory,cube,cube_retreat,3,commands_back,,0,,,,cube_lift,2026-07-31T11:47:23.779+01:00,4.648065,0.021228,47.108337,0,3512.272000000,3512.272000000,trusted_fallback,0.000000,-0.12000000027765834,1.5243323604014966e-08,0.07490055896793284,-0.12000000027765834,1.5243323604014966e-08,0.07490055896793284,0.0,0.0,0.0,-1.3053056057976204,-0.033561905875428386,-29.74537098650426,-1.3053056057976204,-0.033561905875428386,-29.74537098650426,0.0,0.0,0.0,2.1494240004854297,-0.06600002801800299,-17.763304676844488,2.1494240004854297,-0.06600002801800299,-17.763304676844488,0.0,0.0,0.0,-2.4361679441304163,0.15088329369366194,-2.872479241523846,-2.4361679441304163,0.15088329369366194,-2.872479241523846,0.0,0.0,0.0,-1.570897323339736,0.00023485960272640483,0.03842974408209605,-1.570897323339736,0.00023485960272640483,0.03842974408209605,0.0,0.0,0.0,1.2445561668216372e-07,-6.9170295732470105e-06,0.0007800744508857399,1.2445561668216372e-07,-6.9170295732470105e-06,0.0007800744508857399,0.0,0.0,0.0,robotiq_85_left_knuckle_joint,0.35851714603018586,-0.00842776290688415,,robotiq_85_left_knuckle_joint,0.35851714603018586,-0.00842776290688415,,0.0,0.0,
sentinel_joint_telemetry_v2,20260731_114715,20260731_114715:1,1,220,short_cube_pick_place,attack,replay_attack,prior_command_replay,medium,arm_trajectory,cube,cube_retreat,3,commands_back,,0,,,,cube_lift,2026-07-31T11:47:23.800+01:00,4.669929,0.021864,45.737302,0,3512.292000000,3512.292000000,trusted_fallback,0.000000,-0.12000000009887937,5.320437746186152e-09,0.0020582917573314964,-0.12000000009887937,5.320437746186152e-09,0.0020582917573314964,0.0,0.0,0.0,-1.3059768390072846,-0.033561519637705754,-29.732634821952495,-1.3059768390072846,-0.033561519637705754,-29.732634821952495,0.0,0.0,0.0,2.1481040001573626,-0.06600000973703896,-17.783725863791318,2.1481040001573626,-0.06600000973703896,-17.783725863791318,0.0,0.0,0.0,-2.4331502310122604,0.15088701172561902,-2.867340096094545,-2.4331502310122604,0.15088701172561902,-2.867340096094545,0.0,0.0,0.0,-1.5708926242360965,0.00023501003930539738,0.00015221676147438417,-1.5708926242360965,0.00023501003930539738,0.00015221676147438417,0.0,0.0,0.0,4.336289936617951e-08,-2.4117351415744743e-06,6.6939654111081015e-06,4.336289936617951e-08,-2.4117351415744743e-06,6.6939654111081015e-06,0.0,0.0,0.0,robotiq_85_left_knuckle_joint,0.3582305477642583,-0.01280918706602293,,robotiq_85_left_knuckle_joint,0.3582305477642583,-0.01280918706602293,,0.0,0.0,
sentinel_joint_telemetry_v2,20260731_114715,20260731_114715:1,1,221,short_cube_pick_place,attack,replay_attack,prior_command_replay,medium,arm_trajectory,cube,cube_retreat,3,commands_back,,0,,,,cube_lift,2026-07-31T11:47:23.822+01:00,4.691775,0.021846,45.774275,0,3512.312000000,3512.312000000,trusted_fallback,0.000000,-0.12000000003643521,1.8605124086322478e-09,0.001978459780492249,-0.12000000003643521,1.8605124086322478e-09,0.001978459780492249,0.0,0.0,0.0,-1.3066480676887793,-0.03356138496494207,-29.734108387569343,-1.3066480676887793,-0.03356138496494207,-29.734108387569343,0.0,0.0,0.0,2.146784000043618,-0.06600000336286367,-17.814670848816803,2.146784000043618,-0.06600000336286367,-17.814670848816803,0.0,0.0,0.0,-2.430132474304685,0.15088830812330578,-2.8650439969459054,-2.430132474304685,0.15088830812330578,-2.8650439969459054,0.0,0.0,0.0,-1.5708879233687976,0.00023506249253988504,9.893970701758793e-05,-1.5708879233687976,0.00023506249253988504,9.893970701758793e-05,0.0,0.0,0.0,1.5089291523252817e-08,-8.408363319622331e-07,6.835456140623964e-06,1.5089291523252817e-08,-8.408363319622331e-07,6.835456140623964e-06,0.0,0.0,0.0,robotiq_85_left_knuckle_joint,0.3580007075167513,-0.0103935417111106,,robotiq_85_left_knuckle_joint,0.3580007075167513,-0.0103935417111106,,0.0,0.0,
sentinel_joint_telemetry_v2,20260731_114715,20260731_114715:1,1,222,short_cube_pick_place,attack,replay_attack,prior_command_replay,medium,arm_trajectory,cube,cube_retreat,3,commands_back,,0,,,,cube_lift,2026-07-31T11:47:23.843+01:00,4.712353,0.020578,48.594695,0,3512.332000000,3512.332000000,trusted_fallback,0.000000,-0.12000000001455491,6.541863270710657e-10,-0.03907956501232623,-0.12000000001455491,6.541863270710657e-10,-0.03907956501232623,0.0,0.0,0.0,-1.307319294791399,-0.033561338007524505,-29.670538818101427,-1.307319294791399,-0.033561338007524505,-29.670538818101427,0.0,0.0,0.0,2.145464000004602,-0.06600000114034968,-17.797203412162155,2.145464000004602,-0.06600000114034968,-17.797203412162155,0.0,0.0,0.0,-2.427114702398428,0.1508887601492329,-2.8499220603051723,-2.427114702398428,0.1508887601492329,-2.8499220603051723,0.0,0.0,0.0,-1.5708832218865552,0.0002350807836473531,-0.021450031702835153,-1.5708832218865552,0.0002350807836473531,-0.021450031702835153,0.0,0.0,0.0,5.232564282300105e-09,-2.930970101860768e-07,-0.0005754137660725046,5.232564282300105e-09,-2.930970101860768e-07,-0.0005754137660725046,0.0,0.0,0.0,robotiq_85_left_knuckle_joint,0.3573211394378216,-0.013110042740537852,,robotiq_85_left_knuckle_joint,0.3573211394378216,-0.013110042740537852,,0.0,0.0,
sentinel_joint_telemetry_v2,20260731_114715,20260731_114715:1,1,223,short_cube_pick_place,attack,replay_attack,prior_command_replay,medium,arm_trajectory,cube,cube_retreat,3,commands_back,,0,,,,cube_lift,2026-07-31T11:47:23.864+01:00,4.733069,0.020716,48.272939,0,3512.352000000,3512.352000000,trusted_fallback,0.000000,-0.12000000000681743,2.3346822695599623e-10,0.0027532981243469107,-0.12000000000681743,2.3346822695599623e-10,0.0027532981243469107,0.0,0.0,0.0,-1.3079905213434992,-0.03356132163439765,-29.736609084403348,-1.3079905213434992,-0.03356132163439765,-29.736609084403348,0.0,0.0,0.0,2.144143999991644,-0.06600000036531277,-17.876535635409944,2.144143999991644,-0.06600000036531277,-17.876535635409944,0.0,0.0,0.0,-2.4240969251926967,0.15088891776106997,-2.8607451467306677,-2.4240969251926967,0.15088891776106997,-2.8607451467306677,0.0,0.0,0.0,-1.5708785201898798,0.0002350871589447516,0.00048341164388571,-1.5708785201898798,0.0002350871589447516,0.00048341164388571,0.0,0.0,0.0,1.7974152432375633e-09,-1.0211310988417731e-07,2.371857845502581e-05,1.7974152432375633e-09,-1.0211310988417731e-07,2.371857845502581e-05,0.0,0.0,0.0,robotiq_85_left_knuckle_joint,0.3572535826523474,-0.007262902989235015,,robotiq_85_left_knuckle_joint,0.3572535826523474,-0.007262902989235015,,0.0,0.0,
sentinel_joint_telemetry_v2,20260731_114715,20260731_114715:1,1,224,short_cube_pick_place,attack,replay_attack,prior_command_replay,medium,arm_trajectory,cube,cube_retreat,3,commands_back,,0,,,,cube_lift,2026-07-31T11:47:23.884+01:00,4.753679,0.020611,48.518681,0,3512.372000000,3512.372000000,trusted_fallback,0.000000,-0.12000000037588968,2.0746673630141557e-08,0.004356560611632702,-0.12000000037588968,2.0746673630141557e-08,0.004356560611632702,0.0,0.0,0.0,-1.308661676409229,-0.03356527672634769,-29.740841853228982,-1.308661676409229,-0.03356527672634769,-29.740841853228982,0.0,0.0,0.0,2.1428240062870834,-0.06600035005688902,-17.909127309019603,2.1428240062870834,-0.06600035005688902,-17.909127309019603,0.0,0.0,0.0,-2.421078471563606,0.15085149629677733,-2.8588090194949087,-2.421078471563606,0.15085149629677733,-2.8588090194949087,0.0,0.0,0.0,-1.5708737838503068,0.00023316893020208264,0.0013803732209026994,-1.5708737838503068,0.00023316893020208264,0.0013803732209026994,0.0,0.0,0.0,7.875126934581768e-07,-4.375281908661579e-05,3.062869964069793e-05,7.875126934581768e-07,-4.375281908661579e-05,3.062869964069793e-05,0.0,0.0,0.0,robotiq_85_left_knuckle_joint,0.3591594653611639,-0.008460302936143922,,robotiq_85_left_knuckle_joint,0.3591594653611639,-0.008460302936143922,,0.0,0.0,
sentinel_joint_telemetry_v2,20260731_114715,20260731_114715:1,1,225,short_cube_pick_place,attack,replay_attack,prior_command_replay,medium,arm_trajectory,cube,cube_retreat,3,commands_back,,0,,,,cube_lift,2026-07-31T11:47:23.905+01:00,4.774778,0.021098,47.397197,0,3512.392000000,3512.392000000,trusted_fallback,0.000000,-0.12000000130624182,7.24421031718294e-08,0.0016411018975315654,-0.12000000130624182,7.24421031718294e-08,0.0016411018975315654,0.0,0.0,0.0,-1.309332934889058,-0.03356348659055235,-29.739550258096056,-1.309332934889058,-0.03356348659055235,-29.739550258096056,0.0,0.0,0.0,2.1415040037618627,-0.0660002097118157,-17.938381209109515,2.1415040037618627,-0.0660002097118157,-17.938381209109515,0.0,0.0,0.0,-2.4180609937635262,0.1508682875553081,-2.8562333404951104,-2.4180609937635262,0.1508682875553081,-2.8562333404951104,0.0,0.0,0.0,-1.5708691025474157,0.00023430829506605917,1.3498053255942787e-05,-1.5708691025474157,0.00023430829506605917,1.3498053255942787e-05,0.0,0.0,0.0,4.932888193781185e-07,-2.740690544108409e-05,-1.3775826542663496e-06,4.932888193781185e-07,-2.740690544108409e-05,-1.3775826542663496e-06,0.0,0.0,0.0,robotiq_85_left_knuckle_joint,0.3591834161057238,-0.008186752370121862,,robotiq_85_left_knuckle_joint,0.3591834161057238,-0.008186752370121862,,0.0,0.0,
sentinel_joint_telemetry_v2,20260731_114715,20260731_114715:1,1,226,short_cube_pick_place,attack,replay_attack,prior_command_replay,medium,arm_trajectory,cube,cube_retreat,3,commands_back,,0,,,,cube_lift,2026-07-31T11:47:23.926+01:00,4.796052,0.021275,47.004573,0,3512.412000000,3512.412000000,trusted_fallback,0.000000,-0.12000000045687743,2.5264387706240912e-08,0.0012492413740904564,-0.12000000045687743,2.5264387706240912e-08,0.0012492413740904564,0.0,0.0,0.0,-1.3100041866306906,-0.03356207079902138,-29.74085621618503,-1.3100041866306906,-0.03356207079902138,-29.74085621618503,0.0,0.0,0.0,2.140184001303655,-0.06600007308969472,-17.969118782828183,2.140184001303655,-0.06600007308969472,-17.969118782828183,0.0,0.0,0.0,-2.4150434565741534,0.15088177940868175,-2.853940463907996,-2.4150434565741534,0.15088177940868175,-2.853940463907996,0.0,0.0,0.0,-1.5708644099072158,0.00023481780936020647,-0.00019484219966157395,-1.5708644099072158,0.00023481780936020647,-0.00019484219966157395,0.0,0.0,0.0,1.719771324700492e-07,-9.556113340548943e-06,-2.0578913625891915e-06,1.719771324700492e-07,-9.556113340548943e-06,-2.0578913625891915e-06,0.0,0.0,0.0,robotiq_85_left_knuckle_joint,0.35890094919135357,-0.02173868106672988,,robotiq_85_left_knuckle_joint,0.35890094919135357,-0.02173868106672988,,0.0,0.0,
sentinel_joint_telemetry_v2,20260731_114715,20260731_114715:1,1,227,short_cube_pick_place,attack,replay_attack,prior_command_replay,medium,arm_trajectory,cube,cube_retreat,3,commands_back,,0,,,,cube_lift,2026-07-31T11:47:23.948+01:00,4.817208,0.021155,47.269604,0,3512.432000000,3512.432000000,trusted_fallback,0.000000,-0.12000000016061467,8.814515566231418e-09,0.02047194637817005,-0.12000000016061467,8.814515566231418e-09,0.02047194637817005,0.0,0.0,0.0,-1.3106754217738836,-0.03356157714302335,-29.745018976386284,-1.3106754217738836,-0.03356157714302335,-29.745018976386284,0.0,0.0,0.0,2.1388640004471777,-0.06600002545246997,-18.040330330960742,2.1388640004471777,-0.06600002545246997,-18.040330330960742,0.0,0.0,0.0,-2.4120257612091516,0.15088648372792113,-2.8715308686049488,-2.4120257612091516,0.15088648372792113,-2.8715308686049488,0.0,0.0,0.0,-1.5708597112935814,0.0002349954650551541,0.016873396823233126,-1.5708597112935814,0.0002349954650551541,0.016873396823233126,0.0,0.0,0.0,5.994434687316756e-08,-3.331928717904744e-06,0.0020857472496013107,5.994434687316756e-08,-3.331928717904744e-06,0.0020857472496013107,0.0,0.0,0.0,robotiq_85_left_knuckle_joint,0.3584896240751672,-0.012380119592894458,,robotiq_85_left_knuckle_joint,0.3584896240751672,-0.012380119592894458,,0.0,0.0,
sentinel_joint_telemetry_v2,20260731_114715,20260731_114715:1,1,228,short_cube_pick_place,attack,replay_attack,prior_command_replay,medium,arm_trajectory,cube,cube_retreat,3,commands_back,,0,,,,cube_lift,2026-07-31T11:47:23.970+01:00,4.839072,0.021864,45.736423,0,3512.454000000,3512.454000000,trusted_fallback,0.000000,-0.1199999915917398,-4.6722247551314426e-07,-1.2503776896359413,-0.1199999915917398,-4.6722247551314426e-07,-1.2503776896359413,0.0,0.0,0.0,-1.3114137702453472,-0.03356160001496135,-27.012009058568818,-1.3114137702453472,-0.03356160001496135,-27.012009058568818,0.0,0.0,0.0,2.1374119986210474,-0.06599992394630874,-15.112910576521845,2.1374119986210474,-0.06599992394630874,-15.112910576521845,0.0,0.0,0.0,-2.4087062206992185,0.1508874579685244,-1.854049825969401,-2.4087062206992185,0.1508874579685244,-1.854049825969401,0.0,0.0,0.0,-1.5708540688367858,0.00020885862170931177,-0.8846188760081046,-1.5708540688367858,0.00020885862170931177,-0.8846188760081046,0.0,0.0,0.0,4.3547436587485737e-07,-2.419451493839331e-05,-0.03839843989729043,4.3547436587485737e-07,-2.419451493839331e-05,-0.03839843989729043,0.0,0.0,0.0,robotiq_85_left_knuckle_joint,0.35927898266631736,-0.08112878746979274,,robotiq_85_left_knuckle_joint,0.35927898266631736,-0.08112878746979274,,0.0,0.0,
sentinel_joint_telemetry_v2,20260731_114715,20260731_114715:1,1,229,short_cube_pick_place,attack,replay_attack,prior_command_replay,medium,arm_trajectory,cube,cube_retreat,3,commands_back,,0,,,,cube_lift,2026-07-31T11:47:23.991+01:00,4.860576,0.021504,46.502764,0,3512.474000000,3512.474000000,trusted_fallback,0.000000,-0.11999999706930638,-1.6290550347358365e-07,0.002364446412501291,-0.11999999706930638,-1.6290550347358365e-07,0.002364446412501291,0.0,0.0,0.0,-1.312084999869144,-0.0335614129901648,-29.744530775167572,-1.312084999869144,-0.0335614129901648,-29.744530775167572,0.0,0.0,0.0,2.136091999513168,-0.0659999734475464,-18.064444163786312,2.136091999513168,-0.0659999734475464,-18.064444163786312,0.0,0.0,0.0,-2.40568845875949,0.15088846373150988,-2.8470729278378184,-2.40568845875949,0.15088846373150988,-2.8470729278378184,0.0,0.0,0.0,-1.5708496745638307,0.00022594403881662922,0.0006629513885856201,-1.5708496745638307,0.00022594403881662922,0.0006629513885856201,0.0,0.0,0.0,1.518236572349972e-07,-8.436033067689115e-06,1.3053181925457431e-05,1.518236572349972e-07,-8.436033067689115e-06,1.3053181925457431e-05,0.0,0.0,0.0,robotiq_85_left_knuckle_joint,0.3601981215053428,-0.018946488407861055,,robotiq_85_left_knuckle_joint,0.3601981215053428,-0.018946488407861055,,0.0,0.0,
sentinel_joint_telemetry_v2,20260731_114715,20260731_114715:1,1,230,short_cube_pick_place,attack,replay_attack,prior_command_replay,medium,arm_trajectory,cube,cube_retreat,3,commands_back,,0,,,,cube_lift,2026-07-31T11:47:24.011+01:00,4.880787,0.020211,49.479050,0,3512.492000000,3512.492000000,trusted_fallback,0.000000,-0.119999998865515,-6.310785967368268e-08,0.0024110196491285898,-0.119999998865515,-6.310785967368268e-08,0.0024110196491285898,0.0,0.0,0.0,-1.3126891046047668,-0.03356135165813269,-29.744276764666814,-1.3126891046047668,-0.03356135165813269,-29.744276764666814,0.0,0.0,0.0,2.134903999806291,-0.06599998968265282,-18.091067377206585,2.134903999806291,-0.06599998968265282,-18.091067377206585,0.0,0.0,0.0,-2.4029724626577176,0.15088879354746196,-2.844806653765446,-2.4029724626577176,0.15088879354746196,-2.844806653765446,0.0,0.0,0.0,-1.5708455437871474,0.0002315470181366375,0.0006684287554603965,-1.5708455437871474,0.0002315470181366375,0.0006684287554603965,0.0,0.0,0.0,5.880521540723071e-08,-3.2682133140234104e-06,1.23287041492923e-05,5.880521540723071e-08,-3.2682133140234104e-06,1.23287041492923e-05,0.0,0.0,0.0,robotiq_85_left_knuckle_joint,0.35988245622102316,-0.016209084978042132,,robotiq_85_left_knuckle_joint,0.35988245622102316,-0.016209084978042132,,0.0,0.0,
sentinel_joint_telemetry_v2,20260731_114715,20260731_114715:1,1,231,short_cube_pick_place,attack,replay_attack,prior_command_replay,medium,arm_trajectory,cube,cube_retreat,3,commands_back,,0,,,,cube_lift,2026-07-31T11:47:24.032+01:00,4.901210,0.020424,48.962564,0,3512.510000000,3512.510000000,trusted_fallback,0.000000,-0.11999999956131174,-2.4444209785869433e-08,0.0022917111103715106,-0.11999999956131174,-2.4444209785869433e-08,0.0022917111103715106,0.0,0.0,0.0,-1.313293208664116,-0.0335613278968574,-29.745219167632293,-1.313293208664116,-0.0335613278968574,-29.745219167632293,0.0,0.0,0.0,2.1337159999204,-0.0659999959724683,-18.11858669468898,2.1337159999204,-0.0659999959724683,-18.11858669468898,0.0,0.0,0.0,-2.4002564629192507,0.1508889213249029,-2.84278620592431,-2.4002564629192507,0.1508889213249029,-2.84278620592431,0.0,0.0,0.0,-1.5708413512295984,0.00023371772715400588,0.0005903459236708595,-1.5708413512295984,0.00023371772715400588,0.0005903459236708595,0.0,0.0,0.0,2.276938262278665e-08,-1.2660940584480803e-06,1.0173795203758824e-05,2.276938262278665e-08,-1.2660940584480803e-06,1.0173795203758824e-05,0.0,0.0,0.0,robotiq_85_left_knuckle_joint,0.3596245595400283,-0.013793629538590823,,robotiq_85_left_knuckle_joint,0.3596245595400283,-0.013793629538590823,,0.0,0.0,
sentinel_joint_telemetry_v2,20260731_114715,20260731_114715:1,1,232,short_cube_pick_place,attack,replay_attack,prior_command_replay,medium,arm_trajectory,cube,cube_retreat,3,commands_back,,0,,,,cube_lift,2026-07-31T11:47:24.053+01:00,4.922110,0.020900,47.846911,0,3512.528000000,3512.528000000,trusted_fallback,0.000000,-0.11999998178492102,-1.0120131973558565e-06,0.002295492879361488,-0.11999998178492102,-1.0120131973558565e-06,0.002295492879361488,0.0,0.0,0.0,-1.313897335938248,-0.03356001442542903,-29.767420870500633,-1.313897335938248,-0.03356001442542903,-29.767420870500633,0.0,0.0,0.0,2.1325279921371885,-0.06599956352227454,-18.162332359012048,2.1325279921371885,-0.06599956352227454,-18.162332359012048,0.0,0.0,0.0,-2.3975407243602693,0.15090355907388583,-2.845017670462292,-2.3975407243602693,0.15090355907388583,-2.845017670462292,0.0,0.0,0.0,-1.5708370649105698,0.00023067946505764356,0.0005665462605085618,-1.5708370649105698,0.00023067946505764356,0.0005665462605085618,0.0,0.0,0.0,5.391664343942532e-07,-2.9954690614697162e-05,1.2997050528902368e-05,5.391664343942532e-07,-2.9954690614697162e-05,1.2997050528902368e-05,0.0,0.0,0.0,robotiq_85_left_knuckle_joint,0.3597293106114101,-0.01417352994911733,,robotiq_85_left_knuckle_joint,0.3597293106114101,-0.01417352994911733,,0.0,0.0,
sentinel_joint_telemetry_v2,20260731_114715,20260731_114715:1,1,233,short_cube_pick_place,attack,replay_attack,prior_command_replay,medium,arm_trajectory,cube,cube_retreat,3,commands_back,,0,,,,cube_lift,2026-07-31T11:47:24.073+01:00,4.943047,0.020937,47.762264,0,3512.548000000,3512.548000000,trusted_fallback,0.000000,-0.1199999936494808,-3.528617922819721e-07,0.002235300662244621,-0.1199999936494808,-3.528617922819721e-07,0.002235300662244621,0.0,0.0,0.0,-1.3145685469729527,-0.0335608601299031,-29.74626812909524,-1.3145685469729527,-0.0335608601299031,-29.74626812909524,0.0,0.0,0.0,2.1312079972547706,-0.06599984777734207,-18.175940317760976,2.1312079972547706,-0.06599984777734207,-18.175940317760976,0.0,0.0,0.0,-2.394522773655091,0.15089407782672837,-2.838362959332415,-2.394522773655091,0.15089407782672837,-2.838362959332415,0.0,0.0,0.0,-1.5708324148140056,0.0002335525146607972,0.0005244874989637253,-1.5708324148140056,0.0002335525146607972,0.0005244874989637253,0.0,0.0,0.0,1.8798505366748621e-07,-1.0444471071628398e-05,7.524239873040011e-06,1.8798505366748621e-07,-1.0444471071628398e-05,7.524239873040011e-06,0.0,0.0,0.0,robotiq_85_left_knuckle_joint,0.35942320897718477,-0.01485202527212287,,robotiq_85_left_knuckle_joint,0.35942320897718477,-0.01485202527212287,,0.0,0.0,
sentinel_joint_telemetry_v2,20260731_114715,20260731_114715:1,1,234,short_cube_pick_place,attack,replay_attack,prior_command_replay,medium,arm_trajectory,cube,cube_retreat,3,commands_back,,0,,,,cube_lift,2026-07-31T11:47:24.094+01:00,4.963379,0.020331,49.184966,0,3512.568000000,3512.568000000,trusted_fallback,0.000000,-0.11999999778628917,-1.2302991035250017e-07,0.002163639940047689,-0.11999999778628917,-1.2302991035250017e-07,0.002163639940047689,0.0,0.0,0.0,-1.3152397679225172,-0.03356115500882185,-29.746894721519265,-1.3152397679225172,-0.03356115500882185,-29.746894721519265,0.0,0.0,0.0,2.129887999039808,-0.06599994689103063,-18.206165632960438,2.129887999039808,-0.06599994689103063,-18.206165632960438,0.0,0.0,0.0,-2.391504934106043,0.1508907719203771,-2.8360648836676394,-2.391504934106043,0.1508907719203771,-2.8360648836676394,0.0,0.0,0.0,-1.5708277310344165,0.00023455428509845753,0.00047547992723178225,-1.5708277310344165,0.00023455428509845753,0.00047547992723178225,0.0,0.0,0.0,6.55373521483863e-08,-3.6416781559920567e-06,6.148492830810539e-06,6.55373521483863e-08,-3.6416781559920567e-06,6.148492830810539e-06,0.0,0.0,0.0,robotiq_85_left_knuckle_joint,0.35915239718609193,-0.012427938482014324,,robotiq_85_left_knuckle_joint,0.35915239718609193,-0.012427938482014324,,0.0,0.0,
sentinel_joint_telemetry_v2,20260731_114715,20260731_114715:1,1,235,short_cube_pick_place,attack,replay_attack,prior_command_replay,medium,arm_trajectory,cube,cube_retreat,3,commands_back,,0,,,,cube_lift,2026-07-31T11:47:24.115+01:00,4.984403,0.021024,47.564797,0,3512.588000000,3512.588000000,trusted_fallback,0.000000,-0.11999999922859726,-4.289248790065141e-08,0.002115661474477639,-0.11999999922859726,-4.289248790065141e-08,0.002115661474477639,0.0,0.0,0.0,-1.3159109923291799,-0.03356125782670663,-29.747566701016805,-1.3159109923291799,-0.03356125782670663,-29.747566701016805,0.0,0.0,0.0,2.1285679996628555,-0.0659999814497799,-18.23641545910195,2.1285679996628555,-0.0659999814497799,-18.23641545910195,0.0,0.0,0.0,-2.388487133314741,0.1508896192221256,-2.833786803979913,-2.388487133314741,0.1508896192221256,-2.833786803979913,0.0,0.0,0.0,-1.5708230355102835,0.00023490358086078727,0.0004430974243357433,-1.5708230355102835,0.00023490358086078727,0.0004430974243357433,0.0,0.0,0.0,2.2844153081861848e-08,-1.2696909316798483e-06,5.112186561215695e-06,2.2844153081861848e-08,-1.2696909316798483e-06,5.112186561215695e-06,0.0,0.0,0.0,robotiq_85_left_knuckle_joint,0.3589349941874523,-0.01046328130196739,,robotiq_85_left_knuckle_joint,0.3589349941874523,-0.01046328130196739,,0.0,0.0,
sentinel_joint_telemetry_v2,20260731_114715,20260731_114715:1,1,236,short_cube_pick_place,attack,replay_attack,prior_command_replay,medium,arm_trajectory,cube,cube_retreat,3,commands_back,,0,,,,cube_lift,2026-07-31T11:47:24.136+01:00,5.005105,0.020702,48.304491,0,3512.608000000,3512.608000000,trusted_fallback,0.000000,-0.11999999973139122,-1.4950295341769823e-08,0.0020465524334615168,-0.11999999973139122,-1.4950295341769823e-08,0.0020465524334615168,0.0,0.0,0.0,-1.3165822179412578,-0.033561293677104045,-29.74822424047799,-1.3165822179412578,-0.033561293677104045,-29.74822424047799,0.0,0.0,0.0,2.1272479998807436,-0.06599999349964555,-18.266644125626883,2.1272479998807436,-0.06599999349964555,-18.266644125626883,0.0,0.0,0.0,-2.3854693460374277,0.1508892173010487,-2.8315167263367984,-2.3854693460374277,0.1508892173010487,-2.8315167263367984,0.0,0.0,0.0,-1.570818335891081,0.00023502537276598543,0.0004031051617080672,-1.570818335891081,0.00023502537276598543,0.0004031051617080672,0.0,0.0,0.0,7.959629543205677e-09,-4.4263013058770326e-07,3.929013147734696e-06,7.959629543205677e-09,-4.4263013058770326e-07,3.929013147734696e-06,0.0,0.0,0.0,robotiq_85_left_knuckle_joint,0.3587615755705931,-0.008860206523629788,,robotiq_85_left_knuckle_joint,0.3587615755705931,-0.008860206523629788,,0.0,0.0,
sentinel_joint_telemetry_v2,20260731_114715,20260731_114715:1,1,237,short_cube_pick_place,attack,replay_attack,prior_command_replay,medium,arm_trajectory,cube,cube_retreat,3,commands_back,,0,,,,cube_lift,2026-07-31T11:47:24.157+01:00,5.026271,0.021167,47.244145,0,3512.628000000,3512.628000000,trusted_fallback,0.000000,-0.11999999990659685,-5.207455632720917e-09,0.002043100299403515,-0.11999999990659685,-5.207455632720917e-09,0.002043100299403515,0.0,0.0,0.0,-1.3172534439736383,-0.03356130617734672,-29.74832965257763,-1.3172534439736383,-0.03356130617734672,-29.74832965257763,0.0,0.0,0.0,2.1259279999573626,-0.06599999770119004,-18.296437132099143,2.1259279999573626,-0.06599999770119004,-18.296437132099143,0.0,0.0,0.0,-2.382451563472153,0.15088907715985256,-2.829147475466708,-2.382451563472153,0.15088907715985256,-2.829147475466708,0.0,0.0,0.0,-1.5708136348440156,0.00023506783897081236,0.00039857663547251173,-1.5708136348440156,0.00023506783897081236,0.00039857663547251173,0.0,0.0,0.0,2.771391607369559e-09,-1.5425185704610878e-07,3.4496352337490628e-06,2.771391607369559e-09,-1.5425185704610878e-07,3.4496352337490628e-06,0.0,0.0,0.0,robotiq_85_left_knuckle_joint,0.3586073443566874,-0.0075329019197951305,,robotiq_85_left_knuckle_joint,0.3586073443566874,-0.0075329019197951305,,0.0,0.0,
sentinel_joint_telemetry_v2,20260731_114715,20260731_114715:1,1,238,short_cube_pick_place,attack,replay_attack,prior_command_replay,medium,arm_trajectory,cube,cube_retreat,3,commands_back,,0,,,,cube_lift,2026-07-31T11:47:24.178+01:00,5.047294,0.021023,47.567871,0,3512.648000000,3512.648000000,trusted_fallback,0.000000,-0.11999999713918998,-1.5894308668415284e-07,0.0020316471196480147,-0.11999999713918998,-1.5894308668415284e-07,0.0020316471196480147,0.0,0.0,0.0,-1.3179246566087,-0.033562062973092346,-29.748431132958576,-1.3179246566087,-0.033562062973092346,-29.748431132958576,0.0,0.0,0.0,2.1246080018014366,-0.06600010009467809,-18.326215279998756,2.1246080018014366,-0.06600010009467809,-18.326215279998756,0.0,0.0,0.0,-2.379433664141958,0.15088245007862242,-2.8267877721688053,-2.379433664141958,0.15088245007862242,-2.8267877721688053,0.0,0.0,0.0,-1.570808913214879,0.00023396685676563018,0.00036795195899953336,-1.570808913214879,0.00023396685676563018,0.00036795195899953336,0.0,0.0,0.0,5.317376098928027e-07,-2.9541121165763953e-05,2.210996852237363e-06,5.317376098928027e-07,-2.9541121165763953e-05,2.210996852237363e-06,0.0,0.0,0.0,robotiq_85_left_knuckle_joint,0.35898788618773675,-0.011711571183502422,,robotiq_85_left_knuckle_joint,0.35898788618773675,-0.011711571183502422,,0.0,0.0,
sentinel_joint_telemetry_v2,20260731_114715,20260731_114715:1,1,239,short_cube_pick_place,attack,replay_attack,prior_command_replay,medium,arm_trajectory,cube,cube_retreat,3,commands_back,,0,,,,cube_lift,2026-07-31T11:47:24.199+01:00,5.068077,0.020783,48.115855,0,3512.668000000,3512.668000000,trusted_fallback,0.000000,-0.11999999900253656,-5.541463840141175e-08,0.0019883520468275354,-0.11999999900253656,-5.541463840141175e-08,0.0019883520468275354,0.0,0.0,0.0,-1.3185958916601437,-0.033561574414273834,-29.74870611024036,-1.3185958916601437,-0.033561574414273834,-29.74870611024036,0.0,0.0,0.0,2.1232880006283574,-0.0660000348685809,-18.356118299024118,2.1232880006283574,-0.0660000348685809,-18.356118299024118,0.0,0.0,0.0,-2.376415960914164,0.15088671757528221,-2.82447498458309,-2.376415960914164,0.15088671757528221,-2.82447498458309,0.0,0.0,0.0,-1.5708042245776308,0.0002346987572529654,0.00034618127895553444,-1.5708042245776308,0.0002346987572529654,0.00034618127895553444,0.0,0.0,0.0,1.854048297173112e-07,-1.0300268316132096e-05,1.5299546060060498e-06,1.854048297173112e-07,-1.0300268316132096e-05,1.5299546060060498e-06,0.0,0.0,0.0,robotiq_85_left_knuckle_joint,0.3587771131547751,-0.009549646442292326,,robotiq_85_left_knuckle_joint,0.3587771131547751,-0.009549646442292326,,0.0,0.0,
sentinel_joint_telemetry_v2,20260731_114715,20260731_114715:1,1,240,short_cube_pick_place,attack,replay_attack,prior_command_replay,medium,arm_trajectory,cube,cube_retreat,3,commands_back,,0,,,,cube_lift,2026-07-31T11:47:24.219+01:00,5.088992,0.020914,47.814150,0,3512.688000000,3512.688000000,trusted_fallback,0.000000,-0.12000000067357673,3.742092928257258e-08,0.00029413696850193703,-0.12000000067357673,3.742092928257258e-08,0.00029413696850193703,0.0,0.0,0.0,-1.3189893437438733,-0.011703125318332976,-29.742099265460972,-1.3189893437438733,-0.011703125318332976,-29.742099265460972,0.0,0.0,0.0,2.122514233841885,-0.023012991175932467,-18.375384275060817,2.122514233841885,-0.023012991175932467,-18.375384275060817,0.0,0.0,0.0,-2.3746468407742816,0.0526022653587871,-2.823010632175987,-2.3746468407742816,0.0526022653587871,-2.823010632175987,0.0,0.0,0.0,-1.5708014694309749,8.1635054142634e-05,0.0002800550715878878,-1.5708014694309749,8.1635054142634e-05,0.0002800550715878878,0.0,0.0,0.0,3.3700750971660537e-07,-1.8722639431797538e-05,2.5746721808485466e-07,3.3700750971660537e-07,-1.8722639431797538e-05,2.5746721808485466e-07,0.0,0.0,0.0,robotiq_85_left_knuckle_joint,0.35881041599603664,-0.009849663641287233,,robotiq_85_left_knuckle_joint,0.35881041599603664,-0.009849663641287233,,0.0,0.0,
sentinel_joint_telemetry_v2,20260731_114715,20260731_114715:1,1,241,short_cube_pick_place,attack,replay_attack,prior_command_replay,medium,arm_trajectory,cube,cube_retreat,3,commands_back,,0,,,,cube_lift,2026-07-31T11:47:24.240+01:00,5.109897,0.020906,47.834277,0,3512.708000000,3512.708000000,trusted_fallback,0.000000,-0.12000000152869253,8.492736232497411e-08,6.842083045532216e-06,-0.12000000152869253,8.492736232497411e-08,6.842083045532216e-06,0.0,0.0,0.0,-1.3191265334539914,-0.0040814747561313935,-29.741290755595568,-1.3191265334539914,-0.0040814747561313935,-29.741290755595568,0.0,0.0,0.0,2.1222444378678893,-0.008024325953729977,-18.381893392582413,2.1222444378678893,-0.008024325953729977,-18.381893392582413,0.0,0.0,0.0,-2.3740299995393404,0.018333307862517995,-2.822502203995988,-2.3740299995393404,0.018333307862517995,-2.822502203995988,0.0,0.0,0.0,-1.570800510746155,2.8374786365549347e-05,0.00021482190656029672,-1.570800510746155,2.8374786365549347e-05,0.00021482190656029672,0.0,0.0,0.0,3.256798068777872e-07,-1.8093322601012802e-05,-1.043164002449251e-06,3.256798068777872e-07,-1.8093322601012802e-05,-1.043164002449251e-06,0.0,0.0,0.0,robotiq_85_left_knuckle_joint,0.3588334380153778,-0.01004924677460178,,robotiq_85_left_knuckle_joint,0.3588334380153778,-0.01004924677460178,,0.0,0.0,
sentinel_joint_telemetry_v2,20260731_114715,20260731_114715:1,1,242,short_cube_pick_place,attack,replay_attack,prior_command_replay,medium,arm_trajectory,cube,cube_retreat,3,commands_back,,0,,,,cube_lift,2026-07-31T11:47:24.261+01:00,5.130444,0.020547,48.669976,0,3512.728000000,3512.728000000,trusted_fallback,0.000000,-0.12000000318778954,1.770995336895266e-07,-0.0745586455240259,-0.12000000318778954,1.770995336895266e-07,-0.0745586455240259,0.0,0.0,0.0,-1.3191743519275123,-0.0014248928937873103,-29.8204064687446,-1.3191743519275123,-0.0014248928937873103,-29.8204064687446,0.0,0.0,0.0,2.1221503696492854,-0.0027983138088363193,-18.445592529251766,2.1221503696492854,-0.0027983138088363193,-18.445592529251766,0.0,0.0,0.0,-2.373814764244045,0.006375791458019225,-2.8381008571313266,-2.373814764244045,0.006375791458019225,-2.8381008571313266,0.0,0.0,0.0,-1.570800174672461,9.704028749891493e-06,-0.0388995788822712,-1.570800174672461,9.704028749891493e-06,-0.0388995788822712,0.0,0.0,0.0,5.486363841714067e-07,-3.0479798277326543e-05,-0.0007558309718195483,5.486363841714067e-07,-3.0479798277326543e-05,-0.0007558309718195483,0.0,0.0,0.0,robotiq_85_left_knuckle_joint,0.35904684720125796,-0.012850040255398175,,robotiq_85_left_knuckle_joint,0.35904684720125796,-0.012850040255398175,,0.0,0.0,
sentinel_joint_telemetry_v2,20260731_114715,20260731_114715:1,1,243,short_cube_pick_place,attack,replay_attack,prior_command_replay,medium,arm_trajectory,cube,cube_retreat,3,commands_back,,0,,,,cube_lift,2026-07-31T11:47:24.282+01:00,5.151496,0.021053,47.499478,0,3512.748000000,3512.748000000,trusted_fallback,0.000000,-0.12000000111151353,6.175075243719866e-08,-1.9380679454296043e-05,-0.12000000111151353,6.175075243719866e-08,-1.9380679454296043e-05,0.0,0.0,0.0,-1.3191910570698344,-0.0004968294314832734,-29.741200823189427,-1.3191910570698344,-0.0004968294314832734,-29.741200823189427,0.0,0.0,0.0,2.1221175628112112,-0.0009757116937234283,-18.384935086127225,2.1221175628112112,-0.0009757116937234283,-18.384935086127225,0.0,0.0,0.0,-2.373740015816172,0.0022231010200638238,-2.822268605536258,-2.373740015816172,0.0022231010200638238,-2.822268605536258,0.0,0.0,0.0,-1.570800060904522,3.383584541747503e-06,0.0002162664283851188,-1.570800060904522,3.383584541747503e-06,0.0002162664283851188,0.0,0.0,0.0,1.9129767830800783e-07,-1.0627648793089164e-05,-1.1401909078891075e-06,1.9129767830800783e-07,-1.0627648793089164e-05,-1.1401909078891075e-06,0.0,0.0,0.0,robotiq_85_left_knuckle_joint,0.3588159877375262,-0.009824637758129605,,robotiq_85_left_knuckle_joint,0.3588159877375262,-0.009824637758129605,,0.0,0.0,
sentinel_joint_telemetry_v2,20260731_114715,20260731_114715:1,1,244,short_cube_pick_place,attack,replay_attack,prior_command_replay,medium,arm_trajectory,cube,cube_retreat,3,commands_back,,0,,,,cube_lift,2026-07-31T11:47:24.302+01:00,5.171756,0.020259,49.359647,0,3512.768000000,3512.768000000,trusted_fallback,0.000000,-0.12000000038756083,2.153115658963707e-08,-1.596143726781754e-05,-0.12000000038756083,2.153115658963707e-08,-1.596143726781754e-05,0.0,0.0,0.0,-1.3191968817928004,-0.0001732337111527947,-29.741260006398317,-1.3191968817928004,-0.0001732337111527947,-29.741260006398317,0.0,0.0,0.0,2.1221061237740884,-0.00034020963132654417,-18.385254280885526,2.1221061237740884,-0.00034020963132654417,-18.385254280885526,0.0,0.0,0.0,-2.373713952650938,0.0007751473959535758,-2.822259850327715,-2.373713952650938,0.0007751473959535758,-2.822259850327715,0.0,0.0,0.0,-1.5708000212360937,1.1797829698907691e-06,0.00021895947995246825,-1.5708000212360937,1.1797829698907691e-06,0.00021895947995246825,0.0,0.0,0.0,6.670137608308956e-08,-3.7056319993002303e-06,-9.273471385890143e-07,6.670137608308956e-08,-3.7056319993002303e-06,-9.273471385890143e-07,0.0,0.0,0.0,robotiq_85_left_knuckle_joint,0.35863904938973046,-0.008019747420810235,,robotiq_85_left_knuckle_joint,0.35863904938973046,-0.008019747420810235,,0.0,0.0,
sentinel_joint_telemetry_v2,20260731_114715,20260731_114715:1,1,245,short_cube_pick_place,attack,replay_attack,prior_command_replay,medium,arm_trajectory,cube,cube_retreat,3,commands_back,,0,,,,cube_lift,2026-07-31T11:47:24.323+01:00,5.192699,0.020943,47.749171,0,3512.788000000,3512.788000000,trusted_fallback,0.000000,-0.12000000171283522,9.51575118823128e-08,-2.38266357568441e-05,-0.12000000171283522,9.51575118823128e-08,-2.38266357568441e-05,0.0,0.0,0.0,-1.3191988939287715,-6.144837942822015e-05,-29.741210056846842,-1.3191988939287715,-6.144837942822015e-05,-29.741210056846842,0.0,0.0,0.0,2.1221021395352477,-0.00011886302907918034,-18.385309115080688,2.1221021395352477,-0.00011886302907918034,-18.385309115080688,0.0,0.0,0.0,-2.373704688139398,0.0002604523104008348,-2.822242029020412,-2.373704688139398,0.0002604523104008348,-2.822242029020412,0.0,0.0,0.0,-1.5708000054362816,3.020156436250518e-07,0.0002096372905949743,-1.5708000054362816,3.020156436250518e-07,0.0002096372905949743,0.0,0.0,0.0,2.795933225762893e-07,-1.5532962366183664e-05,-1.2317630586071704e-06,2.795933225762893e-07,-1.5532962366183664e-05,-1.2317630586071704e-06,0.0,0.0,0.0,robotiq_85_left_knuckle_joint,0.35879753197270037,-0.009581824009732776,,robotiq_85_left_knuckle_joint,0.35879753197270037,-0.009581824009732776,,0.0,0.0,
sentinel_joint_telemetry_v2,20260731_114715,20260731_114715:1,1,246,short_cube_pick_place,attack,replay_attack,prior_command_replay,medium,arm_trajectory,cube,cube_retreat,3,commands_back,,0,,,,cube_lift,2026-07-31T11:47:24.344+01:00,5.213350,0.020652,48.422309,0,3512.808000000,3512.808000000,trusted_fallback,0.000000,-0.12000000059722872,3.317937392454534e-08,-1.802261478012386e-05,-0.12000000059722872,3.317937392454534e-08,-1.802261478012386e-05,0.0,0.0,0.0,-1.3191996143365496,-2.142572509311949e-05,-29.741261859306487,-1.3191996143365496,-2.142572509311949e-05,-29.741261859306487,0.0,0.0,0.0,2.1221007460102848,-4.1444975555443575e-05,-18.385383980754323,2.1221007460102848,-4.1444975555443575e-05,-18.385383980754323,0.0,0.0,0.0,-2.3737016346517064,9.081410529613448e-05,-2.8222509918290832,-2.3737016346517064,9.081410529613448e-05,-2.8222509918290832,0.0,0.0,0.0,-1.5708000018955144,1.053063467797849e-07,0.00021432253511402948,-1.5708000018955144,1.053063467797849e-07,0.00021432253511402948,0.0,0.0,0.0,9.748816358486172e-08,-5.416009083657495e-06,-1.0243726616941657e-06,9.748816358486172e-08,-5.416009083657495e-06,-1.0243726616941657e-06,0.0,0.0,0.0,robotiq_85_left_knuckle_joint,0.35862535790818595,-0.007784671473717985,,robotiq_85_left_knuckle_joint,0.35862535790818595,-0.007784671473717985,,0.0,0.0,
sentinel_joint_telemetry_v2,20260731_114715,20260731_114715:1,1,247,short_cube_pick_place,attack,replay_attack,prior_command_replay,medium,arm_trajectory,cube,cube_retreat,3,commands_back,,0,,,,cube_lift,2026-07-31T11:47:24.365+01:00,5.234234,0.020884,47.883222,0,3512.828000000,3512.828000000,trusted_fallback,0.000000,-0.12000000358177837,-3.361968674336826e-06,-0.40051752520595485,-0.12000000358177837,-3.361968674336826e-06,-0.40051752520595485,0.0,0.0,0.0,-1.3191998265030098,3.155351175917684e-05,-28.689761187459137,-1.3191998265030098,3.155351175917684e-05,-28.689761187459137,0.0,0.0,0.0,2.122100269074705,-5.494438831772988e-06,-17.577427801060267,2.122100269074705,-5.494438831772988e-06,-17.577427801060267,0.0,0.0,0.0,-2.373700202994711,0.0003986365910472779,-2.6181095897179554,-2.373700202994711,0.0003986365910472779,-2.6181095897179554,0.0,0.0,0.0,-1.57079999710873,3.5889134230365424e-06,-0.20948670909995157,-1.57079999710873,3.5889134230365424e-06,-0.20948670909995157,0.0,0.0,0.0,5.693544680771184e-07,0.0005334740016564327,-0.0065660158423310475,5.693544680771184e-07,0.0005334740016564327,-0.0065660158423310475,0.0,0.0,0.0,robotiq_85_left_knuckle_joint,0.3587453009608227,0.253404556743453,,robotiq_85_left_knuckle_joint,0.3587453009608227,0.253404556743453,,0.0,0.0,
sentinel_joint_telemetry_v2,20260731_114715,20260731_114715:1,1,248,short_cube_pick_place,attack,replay_attack,prior_command_replay,medium,arm_trajectory,cube,cube_retreat,3,commands_back,,0,,,,cube_lift,2026-07-31T11:47:24.385+01:00,5.254551,0.020316,49.221185,0,3512.848000000,3512.848000000,trusted_fallback,0.000000,-0.12000000124888907,6.93827261137158e-08,2.598092142033076e-05,-0.12000000124888907,6.93827261137158e-08,2.598092142033076e-05,0.0,0.0,0.0,-1.31919993950508,-3.36080673199457e-06,-29.74128609706733,-1.31919993950508,-3.36080673199457e-06,-29.74128609706733,0.0,0.0,0.0,2.1221000938210217,-5.212238722357085e-06,-18.38541460973017,2.1221000938210217,-5.212238722357085e-06,-18.38541460973017,0.0,0.0,0.0,-2.3737000707784497,3.932257712224718e-06,-2.8222531264276314,-2.3737000707784497,3.932257712224718e-06,-2.8222531264276314,0.0,0.0,0.0,-1.5707999989918822,-5.600655985336933e-08,0.00023324001290807805,-1.5707999989918822,-5.600655985336933e-08,0.00023324001290807805,0.0,0.0,0.0,1.9852162556749762e-07,-1.1028979199248761e-05,-5.887675165896845e-07,1.9852162556749762e-07,-1.1028979199248761e-05,-5.887675165896845e-07,0.0,0.0,0.0,robotiq_85_left_knuckle_joint,0.35864995314672243,-0.00795571884845234,,robotiq_85_left_knuckle_joint,0.35864995314672243,-0.00795571884845234,,0.0,0.0,
sentinel_joint_telemetry_v2,20260731_114715,20260731_114715:1,1,249,short_cube_pick_place,attack,replay_attack,prior_command_replay,medium,arm_trajectory,cube,cube_retreat,3,commands_back,,0,,,,cube_lift,2026-07-31T11:47:24.406+01:00,5.275521,0.020970,47.686213,0,3512.868000000,3512.868000000,trusted_fallback,0.000000,-0.12000000605346671,1.5981592881735875e-07,1.152166021901988,-0.12000000605346671,1.5981592881735875e-07,1.152166021901988,0.0,0.0,0.0,-1.319199911954936,-2.752333424314163e-06,-30.49019434738376,-1.319199911954936,-2.752333424314163e-06,-30.49019434738376,0.0,0.0,0.0,2.12210004803365,-2.1798907812349555e-06,-18.955484144380257,2.12210004803365,-2.1798907812349555e-06,-18.955484144380257,0.0,0.0,0.0,-2.3736993954931678,-1.3488839708641898e-05,-2.964550835479414,-2.3736993954931678,-1.3488839708641898e-05,-2.964550835479414,0.0,0.0,0.0,-1.5707999926928498,-1.6751560681389083e-07,0.6044170224429802,-1.5707999926928498,-1.6751560681389083e-07,0.6044170224429802,0.0,0.0,0.0,9.966790833589613e-07,-2.555609349691023e-05,0.014460760522441909,9.966790833589613e-07,-2.555609349691023e-05,0.014460760522441909,0.0,0.0,0.0,robotiq_85_left_knuckle_joint,0.3592264447470435,0.12396600028828877,,robotiq_85_left_knuckle_joint,0.3592264447470435,0.12396600028828877,,0.0,0.0,
sentinel_joint_telemetry_v2,20260731_114715,20260731_114715:1,1,250,short_cube_pick_place,attack,replay_attack,prior_command_replay,medium,arm_trajectory,cube,cube_retreat,3,commands_back,,0,,,,cube_lift,2026-07-31T11:47:24.426+01:00,5.295615,0.020093,49.768076,0,3512.888000000,3512.888000000,trusted_fallback,0.000000,-0.12000000544935134,-3.22137651269502e-06,-0.4003446573452229,-0.12000000544935134,-3.22137651269502e-06,-0.4003446573452229,0.0,0.0,0.0,-1.319199930084345,3.7510463665280797e-05,-28.681344364506046,-1.319199930084345,3.7510463665280797e-05,-28.681344364506046,0.0,0.0,0.0,2.1221000257330624,8.05384414957755e-06,-17.571210806561353,2.1221000257330624,8.05384414957755e-06,-17.571210806561353,0.0,0.0,0.0,-2.3736994205678643,0.000356942335791869,-2.616596631355585,-2.3736994205678643,0.000356942335791869,-2.616596631355585,0.0,0.0,0.0,-1.5707999933023704,4.008227903046918e-06,-0.20946166083329015,-1.5707999933023704,4.008227903046918e-06,-0.20946166083329015,0.0,0.0,0.0,8.879631195257063e-07,0.0005211359140034333,-0.006618535619897302,8.879631195257063e-07,0.0005211359140034333,-0.006618535619897302,0.0,0.0,0.0,robotiq_85_left_knuckle_joint,0.35932717997497743,0.2513597790141566,,robotiq_85_left_knuckle_joint,0.35932717997497743,0.2513597790141566,,0.0,0.0,
sentinel_joint_telemetry_v2,20260731_114715,20260731_114715:1,1,251,short_cube_pick_place,attack,replay_attack,prior_command_replay,medium,arm_trajectory,cube,cube_retreat,3,commands_back,,0,,,,cube_lift,2026-07-31T11:47:24.447+01:00,5.316235,0.020621,48.495126,0,3512.908000000,3512.908000000,trusted_fallback,0.000000,-0.12000000190007151,1.0555956107523648e-07,-0.027681363504113408,-0.12000000190007151,1.0555956107523648e-07,-0.027681363504113408,0.0,0.0,0.0,-1.3191999756216586,-1.354330149482691e-06,-29.737798071748763,-1.3191999756216586,-1.354330149482691e-06,-29.737798071748763,0.0,0.0,0.0,2.122100008973037,-4.98461802491898e-07,-18.383150143034356,2.122100008973037,-4.98461802491898e-07,-18.383150143034356,0.0,0.0,0.0,-2.373699797963078,-1.12241518331474e-05,-2.8218443885816855,-2.373699797963078,-1.12241518331474e-05,-2.8218443885816855,0.0,0.0,0.0,-1.570799997664686,-1.297387732931629e-07,-0.014265524621108904,-1.570799997664686,-1.297387732931629e-07,-0.014265524621108904,0.0,0.0,0.0,3.096135932222885e-07,-1.720075492820175e-05,-0.00029012357011956656,3.096135932222885e-07,-1.720075492820175e-05,-0.00029012357011956656,0.0,0.0,0.0,robotiq_85_left_knuckle_joint,0.3590629397070043,-0.012806862169648082,,robotiq_85_left_knuckle_joint,0.3590629397070043,-0.012806862169648082,,0.0,0.0,
sentinel_joint_telemetry_v2,20260731_114715,20260731_114715:1,1,252,short_cube_pick_place,attack,replay_attack,prior_command_replay,medium,arm_trajectory,cube,cube_retreat,3,commands_back,,0,,,,cube_lift,2026-07-31T11:47:24.467+01:00,5.336932,0.020697,48.316020,0,3512.928000000,3512.928000000,trusted_fallback,0.000000,-0.12000000066251397,3.680632592825174e-08,0.006177935551553333,-0.12000000066251397,3.680632592825174e-08,0.006177935551553333,0.0,0.0,0.0,-1.319199991499538,-4.722257330152385e-07,-29.744804476591472,-1.319199991499538,-4.722257330152385e-07,-29.744804476591472,0.0,0.0,0.0,2.1221000031291766,-1.7380287105350778e-07,-18.387994864738957,2.1221000031291766,-1.7380287105350778e-07,-18.387994864738957,0.0,0.0,0.0,-2.3736999295526555,-3.913619700653126e-06,-2.8228741096893195,-2.3736999295526555,-3.913619700653126e-06,-2.8228741096893195,0.0,0.0,0.0,-1.5707999991857267,-4.523758153403973e-08,0.003442328077021381,-1.5707999991857267,-4.523758153403973e-08,0.003442328077021381,0.0,0.0,0.0,1.079555847476982e-07,-5.997532535783473e-06,6.893645958625442e-05,1.079555847476982e-07,-5.997532535783473e-06,6.893645958625442e-05,0.0,0.0,0.0,robotiq_85_left_knuckle_joint,0.35885354093875943,-0.010037068544377512,,robotiq_85_left_knuckle_joint,0.35885354093875943,-0.010037068544377512,,0.0,0.0,
sentinel_joint_telemetry_v2,20260731_114715,20260731_114715:1,1,253,short_cube_pick_place,attack,replay_attack,prior_command_replay,medium,arm_trajectory,cube,cube_retreat,3,commands_back,,0,,,,cube_lift,2026-07-31T11:47:24.489+01:00,5.358588,0.021656,46.176539,0,3512.950000000,3512.950000000,trusted_fallback,0.000000,-0.12000000031617823,1.369331755190356e-10,-0.017145675518556766,-0.12000000031617823,1.369331755190356e-10,-0.017145675518556766,0.0,0.0,0.0,-1.3198157803929569,-0.11701197673961806,-29.75366037807053,-1.3198157803929569,-0.11701197673961806,-29.75366037807053,0.0,0.0,0.0,2.121621988069156,-0.0908325881271258,-18.385213034344183,2.121621988069156,-0.0908325881271258,-18.385213034344183,0.0,0.0,0.0,-2.372606394728854,0.2078015605641968,-2.820742964564788,-2.372606394728854,0.2078015605641968,-2.820742964564788,0.0,0.0,0.0,-1.5707999996114164,-1.6661993399585961e-10,-0.013185800015371417,-1.5707999996114164,-1.6661993399585961e-10,-0.013185800015371417,0.0,0.0,0.0,5.1518010568880326e-08,-2.219629158706389e-08,-0.00026443150823872344,5.1518010568880326e-08,-2.219629158706389e-08,-0.00026443150823872344,0.0,0.0,0.0,robotiq_85_left_knuckle_joint,0.3586686165990864,-0.00860595925690947,,robotiq_85_left_knuckle_joint,0.3586686165990864,-0.00860595925690947,,0.0,0.0,
sentinel_joint_telemetry_v2,20260731_114715,20260731_114715:1,1,254,short_cube_pick_place,attack,replay_attack,prior_command_replay,medium,arm_trajectory,cube,cube_retreat,3,commands_back,,0,,,,cube_lift,2026-07-31T11:47:24.510+01:00,5.379199,0.020611,48.517598,0,3512.970000000,3512.970000000,trusted_fallback,0.000000,-0.12000000078331753,2.652929997513584e-08,0.043694498234206215,-0.12000000078331753,2.652929997513584e-08,0.043694498234206215,0.0,0.0,0.0,-1.3240035593753952,-0.26241315003048143,-29.787455470132326,-1.3240035593753952,-0.26241315003048143,-29.787455470132326,0.0,0.0,0.0,2.118371137324137,-0.20370199326279262,-18.452116598222354,2.118371137324137,-0.20370199326279262,-18.452116598222354,0.0,0.0,0.0,-2.365169034987935,0.4660037503731921,-2.81623234745012,-2.365169034987935,0.4660037503731921,-2.81623234745012,0.0,0.0,0.0,-1.570799989106432,-5.843186473399389e-07,0.0006510639572975142,-1.570799989106432,-5.843186473399389e-07,0.0006510639572975142,0.0,0.0,0.0,4.048281660309715e-07,-1.9722253523706164e-05,8.153204034492143e-06,4.048281660309715e-07,-1.9722253523706164e-05,8.153204034492143e-06,0.0,0.0,0.0,robotiq_85_left_knuckle_joint,0.3588486705518418,-0.010094547724605565,,robotiq_85_left_knuckle_joint,0.3588486705518418,-0.010094547724605565,,0.0,0.0,
sentinel_joint_telemetry_v2,20260731_114715,20260731_114715:1,1,255,short_cube_pick_place,attack,replay_attack,prior_command_replay,medium,arm_trajectory,cube,cube_retreat,3,commands_back,,0,,,,cube_lift,2026-07-31T11:47:24.530+01:00,5.400005,0.020806,48.063867,0,3512.990000000,3512.990000000,trusted_fallback,0.000000,-0.12000000046901989,9.50845942368668e-09,0.06126913119768019,-0.12000000046901989,9.50845942368668e-09,0.06126913119768019,0.0,0.0,0.0,-1.3298960166837042,-0.31310997188325507,-29.74299794567805,-1.3298960166837042,-0.31310997188325507,-29.74299794567805,0.0,0.0,0.0,2.113797023834748,-0.2430568014873865,-18.589426093530385,2.113797023834748,-0.2430568014873865,-18.589426093530385,0.0,0.0,0.0,-2.3547048050695794,0.5560464858844961,-2.8131528054263284,-2.3547048050695794,0.5560464858844961,-2.8131528054263284,0.0,0.0,0.0,-1.5707999959608885,-2.040563987565011e-07,0.0002097421605446314,-1.5707999959608885,-2.040563987565011e-07,0.0002097421605446314,0.0,0.0,0.0,1.730744694771648e-07,-6.918763176775103e-06,-3.423605774771989e-06,1.730744694771648e-07,-6.918763176775103e-06,-3.423605774771989e-06,0.0,0.0,0.0,robotiq_85_left_knuckle_joint,0.35866811370636176,-0.008149847964040016,,robotiq_85_left_knuckle_joint,0.35866811370636176,-0.008149847964040016,,0.0,0.0,
sentinel_joint_telemetry_v2,20260731_114715,20260731_114715:1,1,256,short_cube_pick_place,attack,replay_attack,prior_command_replay,medium,arm_trajectory,cube,cube_retreat,3,commands_back,,0,,,,cube_lift,2026-07-31T11:47:24.552+01:00,5.421585,0.021580,46.339334,0,3513.012000000,3513.012000000,trusted_fallback,0.000000,-0.12000000034775682,3.2557509464011675e-09,0.06914915120247471,-0.12000000034775682,3.2557509464011675e-09,0.06914915120247471,0.0,0.0,0.0,-1.3370462991378516,-0.3317331750872526,-29.646585577977156,-1.3370462991378516,-0.3317331750872526,-29.646585577977156,0.0,0.0,0.0,2.1082464957591367,-0.25751357735139957,-18.776724654349792,2.1082464957591367,-0.25751357735139957,-18.776724654349792,0.0,0.0,0.0,-2.342006686807027,0.5891231975953055,-2.811475484898235,-2.342006686807027,0.5891231975953055,-2.811475484898235,0.0,0.0,0.0,-1.5707999984859697,-6.436912407085937e-08,0.00021448311861807122,-1.5707999984859697,-6.436912407085937e-08,0.00021448311861807122,0.0,0.0,0.0,8.699523974666983e-08,-2.215470284247815e-06,-3.5064596344015865e-06,8.699523974666983e-08,-2.215470284247815e-06,-3.5064596344015865e-06,0.0,0.0,0.0,robotiq_85_left_knuckle_joint,0.3585117922783488,-0.006471933552939284,,robotiq_85_left_knuckle_joint,0.3585117922783488,-0.006471933552939284,,0.0,0.0,
sentinel_joint_telemetry_v2,20260731_114715,20260731_114715:1,1,257,short_cube_pick_place,attack,replay_attack,prior_command_replay,medium,arm_trajectory,cube,cube_retreat,3,commands_back,,0,,,,cube_lift,2026-07-31T11:47:24.574+01:00,5.443153,0.021568,46.364817,0,3513.034000000,3513.034000000,trusted_fallback,0.000000,-0.12000000030372243,1.293518668695967e-09,0.0719504429858612,-0.12000000030372243,1.293518668695967e-09,0.0719504429858612,0.0,0.0,0.0,-1.3444266043967055,-0.3375773335852285,-29.529161583321432,-1.3444266043967055,-0.3375773335852285,-29.529161583321432,0.0,0.0,0.0,2.1025174061280842,-0.2620502668018221,-18.97548024735191,2.1025174061280842,-0.2620502668018221,-18.97548024735191,0.0,0.0,0.0,-2.3289000245408573,0.5995030202168812,-2.810487081757199,-2.3289000245408573,0.5995030202168812,-2.810487081757199,0.0,0.0,0.0,-1.570799999285717,-2.0533743371430047e-08,0.00019564967317644853,-1.570799999285717,-2.0533743371430047e-08,0.00019564967317644853,0.0,0.0,0.0,5.900830546303455e-08,-7.395271300627247e-07,-4.023533949317051e-06,5.900830546303455e-08,-7.395271300627247e-07,-4.023533949317051e-06,0.0,0.0,0.0,robotiq_85_left_knuckle_joint,0.35838579236024143,-0.005100677361031446,,robotiq_85_left_knuckle_joint,0.35838579236024143,-0.005100677361031446,,0.0,0.0,
sentinel_joint_telemetry_v2,20260731_114715,20260731_114715:1,1,258,short_cube_pick_place,attack,replay_attack,prior_command_replay,medium,arm_trajectory,cube,cube_retreat,3,commands_back,,0,,,,cube_lift,2026-07-31T11:47:24.594+01:00,5.463885,0.020732,48.234615,0,3513.054000000,3513.054000000,trusted_fallback,0.000000,-0.12000000028527948,7.090189063033853e-10,0.07305829613717878,-0.12000000028527948,7.090189063033853e-10,0.07305829613717878,0.0,0.0,0.0,-1.351200270664118,-0.3393181021540733,-29.414262715491866,-1.351200270664118,-0.3393181021540733,-29.414262715491866,0.0,0.0,0.0,2.0972592298449375,-0.2634015864834686,-19.157760341377433,2.0972592298449375,-0.2634015864834686,-19.157760341377433,0.0,0.0,0.0,-2.316870677474433,0.6025948030600244,-2.8098006770037167,-2.316870677474433,0.6025948030600244,-2.8098006770037167,0.0,0.0,0.0,-1.5707999995304793,-7.476746386944622e-09,0.00020744183937494213,-1.5707999995304793,-7.476746386944622e-09,0.00020744183937494213,0.0,0.0,0.0,4.980407019670354e-08,-2.998957573277332e-07,-3.926096912878364e-06,4.980407019670354e-08,-2.998957573277332e-07,-3.926096912878364e-06,0.0,0.0,0.0,robotiq_85_left_knuckle_joint,0.3582893699763742,-0.004611265667123103,,robotiq_85_left_knuckle_joint,0.3582893699763742,-0.004611265667123103,,0.0,0.0,
sentinel_joint_telemetry_v2,20260731_114715,20260731_114715:1,1,259,short_cube_pick_place,attack,replay_attack,prior_command_replay,medium,arm_trajectory,cube,cube_retreat,3,commands_back,,0,,,,cube_lift,2026-07-31T11:47:24.615+01:00,5.484631,0.020746,48.201320,0,3513.074000000,3513.074000000,trusted_fallback,0.000000,-0.12000000083451332,3.166211910406516e-08,0.07367497763498004,-0.12000000083451332,3.166211910406516e-08,0.07367497763498004,0.0,0.0,0.0,-1.357994326628897,-0.339926109758113,-29.294749158906356,-1.357994326628897,-0.339926109758113,-29.294749158906356,0.0,0.0,0.0,2.0919852178590737,-0.26387314490305414,-19.338876380652348,2.0919852178590737,-0.26387314490305414,-19.338876380652348,0.0,0.0,0.0,-2.3048049144898246,0.6036634793374382,-2.8091680870530094,-2.3048049144898246,0.6036634793374382,-2.8091680870530094,0.0,0.0,0.0,-1.5707999921090163,-4.203211658908648e-07,0.00020768244368151706,-1.5707999921090163,-4.203211658908648e-07,0.00020768244368151706,0.0,0.0,0.0,3.054830012281672e-07,-1.45759958432867e-05,-3.4597340136058608e-06,3.054830012281672e-07,-1.45759958432867e-05,-3.4597340136058608e-06,0.0,0.0,0.0,robotiq_85_left_knuckle_joint,0.35844690826341463,-0.006093270768197198,,robotiq_85_left_knuckle_joint,0.35844690826341463,-0.006093270768197198,,0.0,0.0,
sentinel_joint_telemetry_v2,20260731_114715,20260731_114715:1,1,260,short_cube_pick_place,attack,replay_attack,prior_command_replay,medium,arm_trajectory,cube,cube_retreat,3,commands_back,,0,,,,cube_lift,2026-07-31T11:47:24.635+01:00,5.504889,0.020258,49.362937,0,3513.094000000,3513.094000000,trusted_fallback,0.000000,-0.12000000046003519,1.129788609888216e-08,0.07409441674128148,-0.12000000046003519,1.129788609888216e-08,0.07409441674128148,0.0,0.0,0.0,-1.3647955294504046,-0.3401370697661066,-29.171860180100225,-1.3647955294504046,-0.3401370697661066,-29.171860180100225,0.0,0.0,0.0,2.0867056705393736,-0.2640371847761934,-19.51810186523614,2.0867056705393736,-0.2640371847761934,-19.51810186523614,0.0,0.0,0.0,-2.292726791082368,0.6040454654566184,-2.8085844874101116,-2.292726791082368,0.6040454654566184,-2.8085844874101116,0.0,0.0,0.0,-1.5707999970408024,-1.4687398662300427e-07,0.00020924184892945225,-1.5707999970408024,-1.4687398662300427e-07,0.00020924184892945225,0.0,0.0,0.0,1.3406293900230337e-07,-5.1243740816547725e-06,-3.445998728025138e-06,1.3406293900230337e-07,-5.1243740816547725e-06,-3.445998728025138e-06,0.0,0.0,0.0,robotiq_85_left_knuckle_joint,0.35833680759327347,-0.004955152848456292,,robotiq_85_left_knuckle_joint,0.35833680759327347,-0.004955152848456292,,0.0,0.0,
sentinel_joint_telemetry_v2,20260731_114715,20260731_114715:1,1,261,short_cube_pick_place,attack,replay_attack,prior_command_replay,medium,arm_trajectory,cube,cube_retreat,3,commands_back,,0,,,,cube_lift,2026-07-31T11:47:24.656+01:00,5.525855,0.020965,47.697608,0,3513.114000000,3513.114000000,trusted_fallback,0.000000,-0.12000000489364095,2.58049740124288e-07,-0.1449642381922086,-0.12000000489364095,2.58049740124288e-07,-0.1449642381922086,0.0,0.0,0.0,-1.371599153447749,-0.3402135200053007,-29.161878699503315,-1.371599153447749,-0.3402135200053007,-29.161878699503315,0.0,0.0,0.0,2.0814242240294836,-0.2640957140830156,-19.790357011657207,2.0814242240294836,-0.2640957140830156,-19.790357011657207,0.0,0.0,0.0,-2.280643717882266,0.604152463096397,-2.830898909698475,-2.280643717882266,0.604152463096397,-2.830898909698475,0.0,0.0,0.0,-1.570799989913963,-5.433418053656797e-07,-0.11422042327581669,-1.570799989913963,-5.433418053656797e-07,-0.11422042327581669,0.0,0.0,0.0,8.568711327388739e-07,-4.535209758471941e-05,-0.0022139710615022585,8.568711327388739e-07,-4.535209758471941e-05,-0.0022139710615022585,0.0,0.0,0.0,robotiq_85_left_knuckle_joint,0.3589444582309269,-0.01746031926924428,,robotiq_85_left_knuckle_joint,0.3589444582309269,-0.01746031926924428,,0.0,0.0,
sentinel_joint_telemetry_v2,20260731_114715,20260731_114715:1,1,262,short_cube_pick_place,attack,replay_attack,prior_command_replay,medium,arm_trajectory,cube,cube_retreat,3,commands_back,,0,,,,cube_lift,2026-07-31T11:47:24.678+01:00,5.547775,0.021920,45.620579,0,3513.136000000,3513.136000000,trusted_fallback,0.000000,-0.12000000170256242,8.125140352828637e-08,0.07706509634569017,-0.12000000170256242,8.125140352828637e-08,0.07706509634569017,0.0,0.0,0.0,-1.379069556270404,-0.3410522582921313,-28.90604507648401,-1.379069556270404,-0.3410522582921313,-28.90604507648401,0.0,0.0,0.0,2.075625205449044,-0.26474746190093923,-19.886607393587184,2.075625205449044,-0.26474746190093923,-19.886607393587184,0.0,0.0,0.0,-2.2673774339862343,0.6056644173915315,-2.8074425264947585,-2.2673774339862343,0.6056644173915315,-2.8074425264947585,0.0,0.0,0.0,-1.5707999966297848,-1.708443036979937e-07,0.0011892244987626696,-1.5707999966297848,-1.708443036979937e-07,0.0011892244987626696,0.0,0.0,0.0,2.960888096579477e-07,-1.427641292999415e-05,1.9172882521151767e-05,2.960888096579477e-07,-1.427641292999415e-05,1.9172882521151767e-05,0.0,0.0,0.0,robotiq_85_left_knuckle_joint,0.3587139311357558,-0.008720013526525672,,robotiq_85_left_knuckle_joint,0.3587139311357558,-0.008720013526525672,,0.0,0.0,
sentinel_joint_telemetry_v2,20260731_114715,20260731_114715:1,1,263,short_cube_pick_place,attack,replay_attack,prior_command_replay,medium,arm_trajectory,cube,cube_retreat,3,commands_back,,0,,,,cube_lift,2026-07-31T11:47:24.700+01:00,5.569775,0.022001,45.453424,0,3513.158000000,3513.158000000,trusted_fallback,0.000000,-0.12000000069517122,2.5769346907646845e-08,0.07523232685368697,-0.12000000069517122,2.5769346907646845e-08,0.07523232685368697,0.0,0.0,0.0,-1.3865649653399508,-0.34050176064045656,-28.758496761784524,-1.3865649653399508,-0.34050176064045656,-28.758496761784524,0.0,0.0,0.0,2.0698067671492986,-0.2643203364238846,-20.07524013126072,2.0698067671492986,-0.2643203364238846,-20.07524013126072,0.0,0.0,0.0,-2.254066464344552,0.6046938302625914,-2.806702735162384,-2.254066464344552,0.6046938302625914,-2.806702735162384,0.0,0.0,0.0,-1.570799998744649,-5.394679497647964e-08,0.00020500617878063242,-1.570799998744649,-5.394679497647964e-08,0.00020500617878063242,0.0,0.0,0.0,1.1913223686849744e-07,-4.524378722867628e-06,-3.872964228945094e-06,1.1913223686849744e-07,-4.524378722867628e-06,-3.872964228945094e-06,0.0,0.0,0.0,robotiq_85_left_knuckle_joint,0.358545285298041,-0.006838357021653925,,robotiq_85_left_knuckle_joint,0.358545285298041,-0.006838357021653925,,0.0,0.0,
sentinel_joint_telemetry_v2,20260731_114715,20260731_114715:1,1,264,short_cube_pick_place,attack,replay_attack,prior_command_replay,medium,arm_trajectory,cube,cube_retreat,3,commands_back,,0,,,,cube_lift,2026-07-31T11:47:24.722+01:00,5.591891,0.022116,45.216800,0,3513.180000000,3513.180000000,trusted_fallback,0.000000,-0.12000000155759281,-1.1761726422347945e-06,-0.12305520669737303,-0.12000000155759281,-1.1761726422347945e-06,-0.12305520669737303,0.0,0.0,0.0,-1.394053537374758,-0.3402913957031131,-27.5387444368956,-1.394053537374758,-0.3402913957031131,-27.5387444368956,0.0,0.0,0.0,2.06399362563643,-0.26416511462414544,-19.30633293784676,2.06399362563643,-0.26416511462414544,-19.30633293784676,0.0,0.0,0.0,-2.240767151760949,0.6047203105188963,-2.567041409405816,-2.240767151760949,0.6047203105188963,-2.567041409405816,0.0,0.0,0.0,-1.570799982083645,1.7314757659133394e-05,-0.11326628140801157,-1.570799982083645,1.7314757659133394e-05,-0.11326628140801157,0.0,0.0,0.0,5.998997550722342e-07,0.0005358086385881146,-0.0007080644248416139,5.998997550722342e-07,0.0005358086385881146,-0.0007080644248416139,0.0,0.0,0.0,robotiq_85_left_knuckle_joint,0.3586824016994757,0.26181480652728323,,robotiq_85_left_knuckle_joint,0.3586824016994757,0.26181480652728323,,0.0,0.0,
sentinel_joint_telemetry_v2,20260731_114715,20260731_114715:1,1,265,short_cube_pick_place,attack,replay_attack,prior_command_replay,medium,arm_trajectory,cube,cube_retreat,3,commands_back,,0,,,,cube_lift,2026-07-31T11:47:24.744+01:00,5.613795,0.021904,45.654154,0,3513.202000000,3513.202000000,trusted_fallback,0.000000,-0.12000000063771926,2.3545808438846932e-08,0.07577628913448214,-0.12000000063771926,2.3545808438846932e-08,0.07577628913448214,0.0,0.0,0.0,-1.4015400391014996,-0.3402754529784644,-28.456214241688205,-1.4015400391014996,-0.3402754529784644,-28.456214241688205,0.0,0.0,0.0,2.0581821039408106,-0.2641446071921145,-20.443831948156706,2.0581821039408106,-0.2641446071921145,-20.443831948156706,0.0,0.0,0.0,-2.2274721594072524,0.6042878974527117,-2.805457202234674,-2.2274721594072524,0.6042878974527117,-2.805457202234674,0.0,0.0,0.0,-1.5707999941946176,-3.0791634082500546e-07,0.00021893988310716563,-1.5707999941946176,-3.0791634082500546e-07,0.00021893988310716563,0.0,0.0,0.0,2.125226108192625e-07,-9.870505897743983e-06,-3.6218788496524333e-06,2.125226108192625e-07,-9.870505897743983e-06,-3.6218788496524333e-06,0.0,0.0,0.0,robotiq_85_left_knuckle_joint,0.35858412929052585,-0.0076432725435271395,,robotiq_85_left_knuckle_joint,0.35858412929052585,-0.0076432725435271395,,0.0,0.0,
sentinel_joint_telemetry_v2,20260731_114715,20260731_114715:1,1,266,short_cube_pick_place,attack,replay_attack,prior_command_replay,medium,arm_trajectory,cube,cube_retreat,3,commands_back,,0,,,,cube_lift,2026-07-31T11:47:24.766+01:00,5.635547,0.021752,45.973038,0,3513.224000000,3513.224000000,trusted_fallback,0.000000,-0.12000000034307354,7.660720890761627e-09,0.07606067917167211,-0.12000000034307354,7.660720890761627e-09,0.07606067917167211,0.0,0.0,0.0,-1.4090258535306939,-0.3402579909019321,-28.29993196701295,-1.4090258535306939,-0.3402579909019321,-28.29993196701295,0.0,0.0,0.0,2.0523711117463046,-0.2641311542283915,-20.623393466212036,2.0523711117463046,-0.2641311542283915,-20.623393466212036,0.0,0.0,0.0,-2.2141781917267016,0.6042618637199437,-2.8048417351654558,-2.2141781917267016,0.6042618637199437,-2.8048417351654558,0.0,0.0,0.0,-1.5707999980025156,-9.696147758222334e-08,0.00022056211540657375,-1.5707999980025156,-9.696147758222334e-08,0.00022056211540657375,0.0,0.0,0.0,8.998519866124637e-08,-3.1417584278443066e-06,-3.501402181553315e-06,8.998519866124637e-08,-3.1417584278443066e-06,-3.501402181553315e-06,0.0,0.0,0.0,robotiq_85_left_knuckle_joint,0.35843505794259595,-0.006040505717093931,,robotiq_85_left_knuckle_joint,0.35843505794259595,-0.006040505717093931,,0.0,0.0,
sentinel_joint_telemetry_v2,20260731_114715,20260731_114715:1,1,267,short_cube_pick_place,attack,replay_attack,prior_command_replay,medium,arm_trajectory,cube,cube_retreat,3,commands_back,,0,,,,cube_lift,2026-07-31T11:47:24.786+01:00,5.655649,0.020102,49.745792,0,3513.244000000,3513.244000000,trusted_fallback,0.000000,-0.1200000002499827,2.9291155685846892e-09,0.07631297521990986,-0.1200000002499827,2.9291155685846892e-09,0.07631297521990986,0.0,0.0,0.0,-1.4158309472563992,-0.34025278956558763,-28.15475257551074,-1.4158309472563992,-0.34025278956558763,-28.15475257551074,0.0,0.0,0.0,2.047088539579952,-0.26412714706530815,-20.78386753302926,2.047088539579952,-0.26412714706530815,-20.78386753302926,0.0,0.0,0.0,-2.202093052987557,0.6042541091896814,-2.8042802552717134,-2.202093052987557,0.6042541091896814,-2.8042802552717134,0.0,0.0,0.0,-1.5707999991433,-3.4125473309578463e-08,0.00022188027912015408,-1.5707999991433,-3.4125473309578463e-08,0.00022188027912015408,0.0,0.0,0.0,5.261771277516873e-08,-1.1375020162413072e-06,-3.416711137126393e-06,5.261771277516873e-08,-1.1375020162413072e-06,-3.416711137126393e-06,0.0,0.0,0.0,robotiq_85_left_knuckle_joint,0.35832702137427297,-0.0048615531389498735,,robotiq_85_left_knuckle_joint,0.35832702137427297,-0.0048615531389498735,,0.0,0.0,
sentinel_joint_telemetry_v2,20260731_114715,20260731_114715:1,1,268,short_cube_pick_place,attack,replay_attack,prior_command_replay,medium,arm_trajectory,cube,cube_retreat,3,commands_back,,0,,,,cube_lift,2026-07-31T11:47:24.807+01:00,5.676290,0.020641,48.447080,0,3513.264000000,3513.264000000,trusted_fallback,0.000000,-0.12000000021236419,1.2793075209209179e-09,0.07652180456029606,-0.12000000021236419,1.2793075209209179e-09,0.07652180456029606,0.0,0.0,0.0,-1.4226359800027395,-0.3402509759717736,-28.006595416724323,-1.4226359800027395,-0.3402509759717736,-28.006595416724323,0.0,0.0,0.0,2.041806014392729,-0.2641257498539081,-20.941691975255807,2.041806014392729,-0.2641257498539081,-20.941691975255807,0.0,0.0,0.0,-2.1900080051608812,0.6042514053521163,-2.803717358361438,-2.1900080051608812,0.6042514053521163,-2.803717358361438,0.0,0.0,0.0,-1.5707999995474091,-1.2215910713975903e-08,0.00020537361698211442,-1.5707999995474091,-1.2215910713975903e-08,0.00020537361698211442,0.0,0.0,0.0,3.874770423132404e-08,-4.3866101585539937e-07,-3.963351979323953e-06,3.874770423132404e-08,-4.3866101585539937e-07,-3.963351979323953e-06,0.0,0.0,0.0,robotiq_85_left_knuckle_joint,0.35823067446234386,-0.004299724475202781,,robotiq_85_left_knuckle_joint,0.35823067446234386,-0.004299724475202781,,0.0,0.0,
sentinel_joint_telemetry_v2,20260731_114715,20260731_114715:1,1,269,short_cube_pick_place,attack,replay_attack,prior_command_replay,medium,arm_trajectory,cube,cube_retreat,3,commands_back,,0,,,,cube_lift,2026-07-31T11:47:24.828+01:00,5.697251,0.020961,47.706801,0,3513.284000000,3513.284000000,trusted_fallback,0.000000,-0.12000000110441893,5.127800995873965e-08,0.07806505192446407,-0.12000000110441893,5.127800995873965e-08,0.07806505192446407,0.0,0.0,0.0,-1.4294409676364446,-0.3402516686354601,-27.85644233095482,-1.4294409676364446,-0.3402516686354601,-27.85644233095482,0.0,0.0,0.0,2.0365235230427694,-0.26412623249041284,-21.09761288519495,2.0365235230427694,-0.26412623249041284,-21.09761288519495,0.0,0.0,0.0,-2.1779227807799524,0.6042388929449438,-2.8032907526442696,-2.1779227807799524,0.6042388929449438,-2.8032907526442696,0.0,0.0,0.0,-1.5707999881690402,-6.448884853869907e-07,0.0008669545786506052,-1.5707999881690402,-6.448884853869907e-07,0.0008669545786506052,0.0,0.0,0.0,3.8862819924388046e-07,-1.9948181344765802e-05,1.4102116677084759e-05,3.8862819924388046e-07,-1.9948181344765802e-05,1.4102116677084759e-05,0.0,0.0,0.0,robotiq_85_left_knuckle_joint,0.35840803771377366,-0.0060841810849942245,,robotiq_85_left_knuckle_joint,0.35840803771377366,-0.0060841810849942245,,0.0,0.0,
sentinel_joint_telemetry_v2,20260731_114715,20260731_114715:1,1,270,short_cube_pick_place,attack,replay_attack,prior_command_replay,medium,arm_trajectory,cube,cube_retreat,3,commands_back,,0,,,,cube_lift,2026-07-31T11:47:24.848+01:00,5.717586,0.020334,49.177760,0,3513.304000000,3513.304000000,trusted_fallback,0.000000,-0.12000000320644834,1.6849752474225928e-07,0.08120607953099128,-0.12000000320644834,1.6849752474225928e-07,0.08120607953099128,0.0,0.0,0.0,-1.4362459636889298,-0.3402518935891308,-27.703899566163074,-1.4362459636889298,-0.3402518935891308,-27.703899566163074,0.0,0.0,0.0,2.031241027309527,-0.26412647161129355,-21.25140340119681,2.031241027309527,-0.26412647161129355,-21.25140340119681,0.0,0.0,0.0,-2.1658377015305117,0.6042344433982103,-2.802992504872993,-2.1658377015305117,0.6042344433982103,-2.802992504872993,0.0,0.0,0.0,-1.5707999916463433,-4.522460135009815e-07,0.0023810445089726857,-1.5707999916463433,-4.522460135009815e-07,0.0023810445089726857,0.0,0.0,0.0,5.040542294595929e-07,-2.6432453650001415e-05,4.845262402801858e-05,5.040542294595929e-07,-2.6432453650001415e-05,4.845262402801858e-05,0.0,0.0,0.0,robotiq_85_left_knuckle_joint,0.358680924000925,-0.008975062061850673,,robotiq_85_left_knuckle_joint,0.358680924000925,-0.008975062061850673,,0.0,0.0,
sentinel_joint_telemetry_v2,20260731_114715,20260731_114715:1,1,271,short_cube_pick_place,attack,replay_attack,prior_command_replay,medium,arm_trajectory,cube,cube_retreat,3,commands_back,,0,,,,cube_lift,2026-07-31T11:47:24.870+01:00,5.739773,0.022187,45.070859,0,3513.326000000,3513.326000000,trusted_fallback,0.000000,-0.12000000112144456,5.314810809346499e-08,0.07723718116487907,-0.12000000112144456,5.314810809346499e-08,0.07723718116487907,0.0,0.0,0.0,-1.443731487126464,-0.3402505977159299,-27.528135126979898,-1.443731487126464,-0.3402505977159299,-27.528135126979898,0.0,0.0,0.0,2.0254302591150024,-0.26412546309099966,-21.41376334186137,2.0254302591150024,-0.26412546309099966,-21.41376334186137,0.0,0.0,0.0,-2.1525443940828666,0.6042450892712038,-2.8019396514293673,-2.1525443940828666,0.6042450892712038,-2.8019396514293673,0.0,0.0,0.0,-1.5707999972369135,-1.422536095490104e-07,0.00021436728886384135,-1.5707999972369135,-1.422536095490104e-07,0.00021436728886384135,0.0,0.0,0.0,1.7695342307512826e-07,-8.339073101992561e-06,-3.6924025085431575e-06,1.7695342307512826e-07,-8.339073101992561e-06,-3.6924025085431575e-06,0.0,0.0,0.0,robotiq_85_left_knuckle_joint,0.35850864210404615,-0.006986277754417562,,robotiq_85_left_knuckle_joint,0.35850864210404615,-0.006986277754417562,,0.0,0.0,
sentinel_joint_telemetry_v2,20260731_114715,20260731_114715:1,1,272,short_cube_pick_place,attack,replay_attack,prior_command_replay,medium,arm_trajectory,cube,cube_retreat,3,commands_back,,0,,,,cube_lift,2026-07-31T11:47:24.890+01:00,5.760040,0.020267,49.341966,0,3513.346000000,3513.346000000,trusted_fallback,0.000000,-0.12000000049506925,1.878958656004702e-08,0.07743911174392899,-0.12000000049506925,1.878958656004702e-08,0.07743911174392899,0.0,0.0,0.0,-1.4505364941760233,-0.34025021172104275,-27.36771707947603,-1.4505364941760233,-0.34025021172104275,-27.36771707947603,0.0,0.0,0.0,2.0201477536703374,-0.26412516268836095,-21.560548962896636,2.0201477536703374,-0.26412516268836095,-21.560548962896636,0.0,0.0,0.0,-2.140459452003805,0.6042482603010757,-2.801385386555968,-2.140459452003805,0.6042482603010757,-2.801385386555968,0.0,0.0,0.0,-1.5707999989086936,-4.991787288556593e-08,0.0002163506206952535,-1.5707999989086936,-4.991787288556593e-08,0.0002163506206952535,0.0,0.0,0.0,7.865372135256034e-08,-2.949693590726765e-06,-3.579522184248856e-06,7.865372135256034e-08,-2.949693590726765e-06,-3.579522184248856e-06,0.0,0.0,0.0,robotiq_85_left_knuckle_joint,0.3583835286047309,-0.005637621272346401,,robotiq_85_left_knuckle_joint,0.3583835286047309,-0.005637621272346401,,0.0,0.0,
sentinel_joint_telemetry_v2,20260731_114715,20260731_114715:1,1,273,short_cube_pick_place,attack,replay_attack,prior_command_replay,medium,arm_trajectory,cube,cube_retreat,3,commands_back,,0,,,,cube_lift,2026-07-31T11:47:24.911+01:00,5.780127,0.020087,49.783955,0,3513.366000000,3513.366000000,trusted_fallback,0.000000,-0.12000000278894991,1.4666751043670382e-07,0.07769302063762745,-0.12000000278894991,1.4666751043670382e-07,0.07769302063762745,0.0,0.0,0.0,-1.4573414760319725,-0.34025122537115504,-27.204344574680775,-1.4573414760319725,-0.34025122537115504,-27.204344574680775,0.0,0.0,0.0,2.014865270584605,-0.2641261044486799,-21.704618190417204,2.014865270584605,-0.2641261044486799,-21.704618190417204,0.0,0.0,0.0,-2.128374288343044,0.6042391212365034,-2.8008336509043614,-2.128374288343044,0.6042391212365034,-2.8008336509043614,0.0,0.0,0.0,-1.570799995608841,-2.3378394131863545e-07,0.00023357002466323353,-1.570799995608841,-2.3378394131863545e-07,0.00023357002466323353,0.0,0.0,0.0,3.578836515481398e-07,-1.8534182519363293e-05,-2.373147648567406e-06,3.578836515481398e-07,-1.8534182519363293e-05,-2.373147648567406e-06,0.0,0.0,0.0,robotiq_85_left_knuckle_joint,0.35851456893042344,-0.006923796886070267,,robotiq_85_left_knuckle_joint,0.35851456893042344,-0.006923796886070267,,0.0,0.0,
sentinel_joint_telemetry_v2,20260731_114715,20260731_114715:1,1,274,short_cube_pick_place,attack,replay_attack,prior_command_replay,medium,arm_trajectory,cube,cube_retreat,3,commands_back,,0,,,,cube_lift,2026-07-31T11:47:24.931+01:00,5.800624,0.020497,48.786802,0,3513.386000000,3513.386000000,trusted_fallback,0.000000,-0.12000000106617291,5.139778578493268e-08,0.0777505766090614,-0.12000000106617291,5.139778578493268e-08,0.0777505766090614,0.0,0.0,0.0,-1.4641464904400288,-0.3402504305708892,-27.037736462367153,-1.4641464904400288,-0.3402504305708892,-27.037736462367153,0.0,0.0,0.0,2.009582757620798,-0.2641253863159837,-21.845758498290714,2.009582757620798,-0.2641253863159837,-21.845758498290714,0.0,0.0,0.0,-2.116289416231957,0.6042461793760325,-2.8002614813437843,-2.116289416231957,0.6042461793760325,-2.8002614813437843,0.0,0.0,0.0,-1.5707999983537035,-8.183250576818124e-08,0.00017587586771582053,-1.5707999983537035,-8.183250576818124e-08,0.00017587586771582053,0.0,0.0,0.0,1.4005864757613078e-07,-6.504508438136053e-06,-4.219569488972764e-06,1.4005864757613078e-07,-6.504508438136053e-06,-4.219569488972764e-06,0.0,0.0,0.0,robotiq_85_left_knuckle_joint,0.3583906276365085,-0.005584063114776222,,robotiq_85_left_knuckle_joint,0.3583906276365085,-0.005584063114776222,,0.0,0.0,
sentinel_joint_telemetry_v2,20260731_114715,20260731_114715:1,1,275,short_cube_pick_place,attack,replay_attack,prior_command_replay,medium,arm_trajectory,cube,cube_retreat,3,commands_back,,0,,,,cube_lift,2026-07-31T11:47:24.953+01:00,5.822394,0.021770,45.934414,0,3513.408000000,3513.408000000,trusted_fallback,0.000000,-0.12000000042751605,1.6400963260675833e-08,0.08049898823925684,-0.12000000042751605,1.6400963260675833e-08,0.08049898823925684,0.0,0.0,0.0,-1.4716319958072253,-0.3402501386053308,-26.85246493455419,-1.4716319958072253,-0.3402501386053308,-26.85246493455419,0.0,0.0,0.0,2.0037720028312,-0.264125122513837,-21.99912668782261,2.0037720028312,-0.264125122513837,-21.99912668782261,0.0,0.0,0.0,-2.1029959638284463,0.6042487721453563,-2.799919223255819,-2.1029959638284463,0.6042487721453563,-2.799919223255819,0.0,0.0,0.0,-1.5707999993691475,-2.6014062047292202e-08,0.0015228330785911686,-1.5707999993691475,-2.6014062047292202e-08,0.0015228330785911686,0.0,0.0,0.0,5.909604759720415e-08,-2.0854727805753003e-06,2.1801097487274662e-05,5.909604759720415e-08,-2.0854727805753003e-06,2.1801097487274662e-05,0.0,0.0,0.0,robotiq_85_left_knuckle_joint,0.3582895574528436,-0.004593199755022037,,robotiq_85_left_knuckle_joint,0.3582895574528436,-0.004593199755022037,,0.0,0.0,
sentinel_joint_telemetry_v2,20260731_114715,20260731_114715:1,1,276,short_cube_pick_place,attack,replay_attack,prior_command_replay,medium,arm_trajectory,cube,cube_retreat,3,commands_back,,0,,,,cube_lift,2026-07-31T11:47:24.975+01:00,5.844445,0.022051,45.350131,0,3513.430000000,3513.430000000,trusted_fallback,0.000000,-0.12000000204826804,-1.8217302428884512e-06,-0.10638216767549488,-0.12000000204826804,-1.8217302428884512e-06,-0.10638216767549488,0.0,0.0,0.0,-1.4791174629078434,-0.34021538659101813,-25.602630866472502,-1.4791174629078434,-0.34021538659101813,-25.602630866472502,0.0,0.0,0.0,1.9979612870561854,-0.26408928347404775,-21.12379832585004,1.9979612870561854,-0.26408928347404775,-21.12379832585004,0.0,0.0,0.0,-2.089702174497742,0.6045544886243591,-2.560073378299321,-2.089702174497742,0.6045544886243591,-2.560073378299321,0.0,0.0,0.0,-1.570799981885032,1.7801624337092457e-05,-0.10602884330500394,-1.570799981885032,1.7801624337092457e-05,-0.10602884330500394,0.0,0.0,0.0,5.745179550167187e-07,0.0005411044564657758,-0.0003118778701746462,5.745179550167187e-07,0.0005411044564657758,-0.0003118778701746462,0.0,0.0,0.0,robotiq_85_left_knuckle_joint,0.3584582485380475,0.25840683561465344,,robotiq_85_left_knuckle_joint,0.3584582485380475,0.25840683561465344,,0.0,0.0,
sentinel_joint_telemetry_v2,20260731_114715,20260731_114715:1,1,277,short_cube_pick_place,attack,replay_attack,prior_command_replay,medium,arm_trajectory,cube,cube_retreat,3,commands_back,,0,,,,cube_lift,2026-07-31T11:47:24.995+01:00,5.864774,0.020330,49.189466,0,3513.450000000,3513.450000000,trusted_fallback,0.000000,-0.12000000079140204,3.754108270082046e-08,0.0782975236661551,-0.12000000079140204,3.754108270082046e-08,0.0782975236661551,0.0,0.0,0.0,-1.485922486075792,-0.3402506910998354,-26.48455721136572,-1.485922486075792,-0.3402506910998354,-26.48455721136572,0.0,0.0,0.0,1.9926787632860958,-0.2641257077069173,-22.27878705727332,1.9926787632860958,-0.2641257077069173,-22.27878705727332,0.0,0.0,0.0,-2.0776173782923095,0.6042439218574974,-2.798475972647194,-2.0776173782923095,0.6042439218574974,-2.798475972647194,0.0,0.0,0.0,-1.5707999935888028,-3.4828015385134775e-07,0.00020679484227367775,-1.5707999935888028,-3.4828015385134775e-07,0.00020679484227367775,0.0,0.0,0.0,2.1290388864609482e-07,-1.0780954368486096e-05,-3.685176198283185e-06,2.1290388864609482e-07,-1.0780954368486096e-05,-3.685176198283185e-06,0.0,0.0,0.0,robotiq_85_left_knuckle_joint,0.3584072268996281,-0.0061357229681328306,,robotiq_85_left_knuckle_joint,0.3584072268996281,-0.0061357229681328306,,0.0,0.0,
sentinel_joint_telemetry_v2,20260731_114715,20260731_114715:1,1,278,short_cube_pick_place,attack,replay_attack,prior_command_replay,medium,arm_trajectory,cube,cube_retreat,3,commands_back,,0,,,,cube_lift,2026-07-31T11:47:25.015+01:00,5.884800,0.020026,49.935456,0,3513.470000000,3513.470000000,trusted_fallback,0.000000,-0.12000000246187359,1.307851674607662e-07,0.07844137527907659,-0.12000000246187359,1.307851674607662e-07,0.07844137527907659,0.0,0.0,0.0,-1.4927274782331412,-0.3402511324499401,-26.30524190027736,-1.4927274782331412,-0.3402511324499401,-26.30524190027736,0.0,0.0,0.0,1.987396272853441,-0.2641262413049182,-22.408082300153396,1.987396272853441,-0.2641262413049182,-22.408082300153396,0.0,0.0,0.0,-2.065532305709017,0.6042398426522047,-2.797909262497087,-2.065532305709017,0.6042398426522047,-2.797909262497087,0.0,0.0,0.0,-1.5707999942141937,-3.140771560892e-07,0.00021269722302600646,-1.5707999942141937,-3.140771560892e-07,0.00021269722302600646,0.0,0.0,0.0,3.408453283822822e-07,-1.7960527160180983e-05,-3.8598179754428555e-06,3.408453283822822e-07,-1.7960527160180983e-05,-3.8598179754428555e-06,0.0,0.0,0.0,robotiq_85_left_knuckle_joint,0.3586419438861839,-0.008464232186886321,,robotiq_85_left_knuckle_joint,0.3586419438861839,-0.008464232186886321,,0.0,0.0,
sentinel_joint_telemetry_v2,20260731_114715,20260731_114715:1,1,279,short_cube_pick_place,attack,replay_attack,prior_command_replay,medium,arm_trajectory,cube,cube_retreat,3,commands_back,,0,,,,cube_lift,2026-07-31T11:47:25.036+01:00,5.905262,0.020462,48.870586,0,3513.490000000,3513.490000000,trusted_fallback,0.000000,-0.12000000092529782,4.585995431593149e-08,0.07855711123476206,-0.12000000092529782,4.585995431593149e-08,0.07855711123476206,0.0,0.0,0.0,-1.4995324915518091,-0.34025039817125047,-26.12298212501526,-1.4995324915518091,-0.34025039817125047,-26.12298212501526,0.0,0.0,0.0,1.9821137582851611,-0.26412543403484395,-22.534605646434265,1.9821137582851611,-0.26412543403484395,-22.534605646434265,0.0,0.0,0.0,-2.0534474251402055,0.6042464309181006,-2.7973685204961547,-2.0534474251402055,0.6042464309181006,-2.7973685204961547,0.0,0.0,0.0,-1.5707999979003966,-1.0982902565550602e-07,0.00021105309658150313,-1.5707999979003966,-1.0982902565550602e-07,0.00021105309658150313,0.0,0.0,0.0,1.2974573820782915e-07,-6.304487184895886e-06,-3.841755578178232e-06,1.2974573820782915e-07,-6.304487184895886e-06,-3.841755578178232e-06,0.0,0.0,0.0,robotiq_85_left_knuckle_joint,0.35849290711758536,-0.006874654628010568,,robotiq_85_left_knuckle_joint,0.35849290711758536,-0.006874654628010568,,0.0,0.0,
sentinel_joint_telemetry_v2,20260731_114715,20260731_114715:1,1,280,short_cube_pick_place,attack,replay_attack,prior_command_replay,medium,arm_trajectory,cube,cube_retreat,3,commands_back,,0,,,,cube_lift,2026-07-31T11:47:25.056+01:00,5.925362,0.020099,49.752499,0,3513.510000000,3513.510000000,trusted_fallback,0.000000,-0.12000000038436724,1.6248363328907282e-08,0.07867012389980456,-0.12000000038436724,1.6248363328907282e-08,0.07867012389980456,0.0,0.0,0.0,-1.506337496261949,-0.3402501421441106,-25.93767039417915,-1.506337496261949,-0.3402501421441106,-25.93767039417915,0.0,0.0,0.0,1.976831253181144,-0.26412515255719904,-22.658235160183786,1.976831253181144,-0.26412515255719904,-22.658235160183786,0.0,0.0,0.0,-2.0413624673319597,0.6042487281043178,-2.7968292574702085,-2.0413624673319597,0.6042487281043178,-2.7968292574702085,0.0,0.0,0.0,-1.5707999991920376,-3.8612092772465426e-08,0.0002133603811473885,-1.5707999991920376,-3.8612092772465426e-08,0.0002133603811473885,0.0,0.0,0.0,5.5299090578699454e-08,-2.240277342182239e-06,-3.7160477494408162e-06,5.5299090578699454e-08,-2.240277342182239e-06,-3.7160477494408162e-06,0.0,0.0,0.0,robotiq_85_left_knuckle_joint,0.3583697844109736,-0.005548309448811553,,robotiq_85_left_knuckle_joint,0.3583697844109736,-0.005548309448811553,,0.0,0.0,
sentinel_joint_telemetry_v2,20260731_114715,20260731_114715:1,1,281,short_cube_pick_place,attack,replay_attack,prior_command_replay,medium,arm_trajectory,cube,cube_retreat,3,commands_back,,0,,,,cube_lift,2026-07-31T11:47:25.077+01:00,5.946256,0.020895,47.859070,0,3513.530000000,3513.530000000,trusted_fallback,0.000000,-0.12000000019059667,5.923509219533853e-09,0.024691181397328878,-0.12000000019059667,5.923509219533853e-09,0.024691181397328878,0.0,0.0,0.0,-1.5131424979704808,-0.34025005287297266,-25.743160491143897,-1.5131424979704808,-0.34025005287297266,-25.743160491143897,0.0,0.0,0.0,1.971548751377111,-0.26412505441200007,-22.774139151825736,1.971548751377111,-0.26412505441200007,-22.774139151825736,0.0,0.0,0.0,-2.0292774825919904,0.6042495290836355,-2.7957245523473118,-2.0292774825919904,0.6042495290836355,-2.7957245523473118,0.0,0.0,0.0,-1.5707999996487465,-1.3778520579913259e-08,-0.028255534913486053,-1.5707999996487465,-1.3778520579913259e-08,-0.028255534913486053,0.0,0.0,0.0,2.8500377964630113e-08,-8.231743957082174e-07,-0.0007218285898380341,2.8500377964630113e-08,-8.231743957082174e-07,-0.0007218285898380341,0.0,0.0,0.0,robotiq_85_left_knuckle_joint,0.35827623724161645,-0.005738498665281585,,robotiq_85_left_knuckle_joint,0.35827623724161645,-0.005738498665281585,,0.0,0.0,
sentinel_joint_telemetry_v2,20260731_114715,20260731_114715:1,1,282,short_cube_pick_place,attack,replay_attack,prior_command_replay,medium,arm_trajectory,cube,cube_retreat,3,commands_back,,0,,,,cube_lift,2026-07-31T11:47:25.097+01:00,5.966401,0.020145,49.640794,0,3513.550000000,3513.550000000,trusted_fallback,0.000000,-0.12000000011787337,2.3233649289948304e-09,0.07883376230145113,-0.12000000011787337,2.3233649289948304e-09,0.07883376230145113,0.0,0.0,0.0,-1.5199474986324166,-0.3402500217460499,-25.557843031796622,-1.5199474986324166,-0.3402500217460499,-25.557843031796622,0.0,0.0,0.0,1.9662662507237116,-0.2641250201908883,-22.896715181847973,1.9662662507237116,-0.2641250201908883,-22.896715181847973,0.0,0.0,0.0,-2.0171924884615096,0.604249808367877,-2.7957514693018646,-2.0171924884615096,0.604249808367877,-2.7957514693018646,0.0,0.0,0.0,-1.5707999998143334,-5.121959405435597e-09,0.00020336688291478544,-1.5707999998143334,-5.121959405435597e-09,0.00020336688291478544,0.0,0.0,0.0,1.8315472587343522e-08,-3.2906196693183306e-07,-4.080057769025887e-06,1.8315472587343522e-08,-3.2906196693183306e-07,-4.080057769025887e-06,0.0,0.0,0.0,robotiq_85_left_knuckle_joint,0.358186362813578,-0.004066610611674484,,robotiq_85_left_knuckle_joint,0.358186362813578,-0.004066610611674484,,0.0,0.0,
sentinel_joint_telemetry_v2,20260731_114715,20260731_114715:1,1,283,short_cube_pick_place,attack,replay_attack,prior_command_replay,medium,arm_trajectory,cube,cube_retreat,3,commands_back,,0,,,,cube_lift,2026-07-31T11:47:25.117+01:00,5.986584,0.020183,49.547426,0,3513.570000000,3513.570000000,trusted_fallback,0.000000,-0.12000000008735653,1.0680896454285695e-09,0.08130499671060604,-0.12000000008735653,1.0680896454285695e-09,0.08130499671060604,0.0,0.0,0.0,-1.526752498929427,-0.34025001089276896,-25.364581452552052,-1.526752498929427,-0.34025001089276896,-25.364581452552052,0.0,0.0,0.0,1.9609837504715135,-0.26412500825874197,-23.01274037578123,1.9609837504715135,-0.26412500825874197,-23.01274037578123,0.0,0.0,0.0,-2.00510749105676,0.604249905748285,-2.7954660929100776,-2.00510749105676,0.604249905748285,-2.7954660929100776,0.0,0.0,0.0,-1.570799999878411,-2.1031327235299102e-09,0.001473647654671966,-1.570799999878411,-2.1031327235299102e-09,0.001473647654671966,0.0,0.0,0.0,1.3923443948554499e-08,-1.567754328994403e-07,2.066587694185136e-05,1.3923443948554499e-08,-1.567754328994403e-07,2.066587694185136e-05,0.0,0.0,0.0,robotiq_85_left_knuckle_joint,0.358117256689245,-0.0034620722427079736,,robotiq_85_left_knuckle_joint,0.358117256689245,-0.0034620722427079736,,0.0,0.0,
sentinel_joint_telemetry_v2,20260731_114715,20260731_114715:1,1,284,short_cube_pick_place,attack,replay_attack,prior_command_replay,medium,arm_trajectory,cube,cube_retreat,3,commands_back,,0,,,,cube_lift,2026-07-31T11:47:25.138+01:00,6.007562,0.020978,47.669164,0,3513.590000000,3513.590000000,trusted_fallback,0.000000,-0.12000000068211858,3.45504847276191e-08,0.12037525763775443,-0.12000000068211858,3.45504847276191e-08,0.12037525763775443,0.0,0.0,0.0,-1.5335574752952448,-0.3402513295501429,-25.224303168523814,-1.5335574752952448,-0.3402513295501429,-25.224303168523814,0.0,0.0,0.0,1.9557012828058387,-0.264126806688903,-23.18004795926308,1.9557012828058387,-0.264126806688903,-23.18004795926308,0.0,0.0,0.0,-1.9930222780878706,0.6042380273436427,-2.806513998845896,-1.9930222780878706,0.6042380273436427,-2.806513998845896,0.0,0.0,0.0,-1.5707999824937662,-9.684589182283512e-07,0.022227414566699605,-1.5707999824937662,-9.684589182283512e-07,0.022227414566699605,0.0,0.0,0.0,4.4952283492289955e-07,-2.4428456974363302e-05,0.00043609258242916497,4.4952283492289955e-07,-2.4428456974363302e-05,0.00043609258242916497,0.0,0.0,0.0,robotiq_85_left_knuckle_joint,0.3583287329076111,-0.012110652865742968,,robotiq_85_left_knuckle_joint,0.3583287329076111,-0.012110652865742968,,0.0,0.0,
sentinel_joint_telemetry_v2,20260731_114715,20260731_114715:1,1,285,short_cube_pick_place,attack,replay_attack,prior_command_replay,medium,arm_trajectory,cube,cube_retreat,3,commands_back,,0,,,,cube_lift,2026-07-31T11:47:25.158+01:00,6.028057,0.020496,48.791065,0,3513.610000000,3513.610000000,trusted_fallback,0.000000,-0.12000000282753269,1.5418032552942337e-07,0.08458116381179036,-0.12000000282753269,1.5418032552942337e-07,0.08458116381179036,0.0,0.0,0.0,-1.5403624687799296,-0.34025169715937487,-25.066922420326883,-1.5403624687799296,-0.34025169715937487,-25.066922420326883,0.0,0.0,0.0,1.950418793810392,-0.26412742013177126,-23.33118485266525,1.950418793810392,-0.26412742013177126,-23.33118485266525,0.0,0.0,0.0,-1.9809372130379672,0.6042343666602848,-2.81463265721785,-1.9809372130379672,0.6042343666602848,-2.81463265721785,0.0,0.0,0.0,-1.5707999851690713,-8.203702048405334e-07,0.003202385033520238,-1.5707999851690713,-8.203702048405334e-07,0.003202385033520238,0.0,0.0,0.0,6.204039688333111e-07,-3.399356792296962e-05,6.833552550146278e-05,6.204039688333111e-07,-3.399356792296962e-05,6.833552550146278e-05,0.0,0.0,0.0,robotiq_85_left_knuckle_joint,0.35860582789814066,-0.023401971681599108,,robotiq_85_left_knuckle_joint,0.35860582789814066,-0.023401971681599108,,0.0,0.0,
sentinel_joint_telemetry_v2,20260731_114715,20260731_114715:1,1,286,short_cube_pick_place,attack,replay_attack,prior_command_replay,medium,arm_trajectory,cube,cube_retreat,3,commands_back,,0,,,,cube_lift,2026-07-31T11:47:25.179+01:00,6.048607,0.020550,48.662613,0,3513.630000000,3513.630000000,trusted_fallback,0.000000,-0.1200000010166772,5.401733869407556e-08,0.0841266854912566,-0.1200000010166772,5.401733869407556e-08,0.0841266854912566,0.0,0.0,0.0,-1.5471674887191313,-0.3402505950733215,-24.764248190371674,-1.5471674887191313,-0.3402505950733215,-24.764248190371674,0.0,0.0,0.0,1.9451362654217927,-0.2641258450664948,-23.340732911227043,1.9451362654217927,-0.2641258450664948,-23.340732911227043,0.0,0.0,0.0,-1.9688523966685343,0.6042445215574208,-2.7940539229885726,-1.9688523966685343,0.6042445215574208,-2.7940539229885726,0.0,0.0,0.0,-1.5707999947909508,-2.8636259218983804e-07,0.0028583220378760265,-1.5707999947909508,-2.8636259218983804e-07,0.0028583220378760265,0.0,0.0,0.0,2.2133640566866616e-07,-1.189486285239826e-05,5.840254472749186e-05,2.2133640566866616e-07,-1.189486285239826e-05,5.840254472749186e-05,0.0,0.0,0.0,robotiq_85_left_knuckle_joint,0.35845492628869424,-0.0069300050605220365,,robotiq_85_left_knuckle_joint,0.35845492628869424,-0.0069300050605220365,,0.0,0.0,
sentinel_joint_telemetry_v2,20260731_114715,20260731_114715:1,1,287,short_cube_pick_place,attack,replay_attack,prior_command_replay,medium,arm_trajectory,cube,cube_retreat,3,commands_back,,0,,,,cube_lift,2026-07-31T11:47:25.200+01:00,6.069874,0.021267,47.021394,0,3513.650000000,3513.650000000,trusted_fallback,0.000000,-0.1200000038382658,2.1121236408572328e-07,0.08551683749233341,-0.1200000038382658,2.1121236408572328e-07,0.08551683749233341,0.0,0.0,0.0,-1.553972473905117,-0.3402514237214107,-24.55869761340835,-1.553972473905117,-0.3402514237214107,-24.55869761340835,0.0,0.0,0.0,1.9398537897755492,-0.2641272001318667,-23.444831731887362,1.9398537897755492,-0.2641272001318667,-23.444831731887362,0.0,0.0,0.0,-1.9567672534326772,0.6042365172096075,-2.793771771513905,-1.9567672534326772,0.6042365172096075,-2.793771771513905,0.0,0.0,0.0,-1.5707999922935187,-4.256498973219088e-07,0.003587225119800223,-1.5707999922935187,-4.256498973219088e-07,0.003587225119800223,0.0,0.0,0.0,4.6931995982320933e-07,-2.574344203765499e-05,7.40877316974122e-05,4.6931995982320933e-07,-2.574344203765499e-05,7.40877316974122e-05,0.0,0.0,0.0,robotiq_85_left_knuckle_joint,0.3586796524218373,-0.009183853354805985,,robotiq_85_left_knuckle_joint,0.3586796524218373,-0.009183853354805985,,0.0,0.0,
sentinel_joint_telemetry_v2,20260731_114715,20260731_114715:1,1,288,short_cube_pick_place,attack,replay_attack,prior_command_replay,medium,arm_trajectory,cube,cube_retreat,3,commands_back,,0,,,,cube_lift,2026-07-31T11:47:25.222+01:00,6.091388,0.021514,46.481843,0,3513.670000000,3513.670000000,trusted_fallback,0.000000,-0.12000000860556294,4.7650254825190076e-07,-0.1392572492466148,-0.12000000860556294,4.7650254825190076e-07,-0.1392572492466148,0.0,0.0,0.0,-1.560777444418546,-0.3402530675114763,-24.385399764615684,-1.560777444418546,-0.3402530675114763,-24.385399764615684,0.0,0.0,0.0,1.9345713391926371,-0.2641299476044049,-23.58140645518339,1.9345713391926371,-0.2641299476044049,-23.58140645518339,0.0,0.0,0.0,-1.9446819683366725,0.6042206317430769,-2.8017101747397097,-1.9446819683366725,0.6042206317430769,-2.8017101747397097,0.0,0.0,0.0,-1.5707999835894664,-9.097431802238508e-07,-0.11780651798545025,-1.5707999835894664,-9.097431802238508e-07,-0.11780651798545025,0.0,0.0,0.0,1.0000839958940429e-06,-5.530204499714176e-05,-0.004040377363729502,1.0000839958940429e-06,-5.530204499714176e-05,-0.004040377363729502,0.0,0.0,0.0,robotiq_85_left_knuckle_joint,0.35924658077710486,0.07679249146559233,,robotiq_85_left_knuckle_joint,0.35924658077710486,0.07679249146559233,,0.0,0.0,
sentinel_joint_telemetry_v2,20260731_114715,20260731_114715:1,1,289,short_cube_pick_place,attack,replay_attack,prior_command_replay,medium,arm_trajectory,cube,cube_retreat,3,commands_back,,0,,,,cube_lift,2026-07-31T11:47:25.243+01:00,6.112392,0.021004,47.609227,0,3513.690000000,3513.690000000,trusted_fallback,0.000000,-0.12000000502688712,2.78127108521245e-07,0.07927791139147777,-0.12000000502688712,2.78127108521245e-07,0.07927791139147777,0.0,0.0,0.0,-1.5675824678976353,-0.34025176876498864,-24.131562876335554,-1.5675824678976353,-0.34025176876498864,-24.131562876335554,0.0,0.0,0.0,1.9292888018862424,-0.2641278771060315,-23.637490800907976,1.9292888018862424,-0.2641278771060315,-23.637490800907976,0.0,0.0,0.0,-1.9325971922389762,0.6042330239590744,-2.7920228292800675,-1.9325971922389762,0.6042330239590744,-2.7920228292800675,0.0,0.0,0.0,-1.570799990589388,-5.21405403373351e-07,0.0002636780506535784,-1.570799990589388,-5.21405403373351e-07,0.0002636780506535784,0.0,0.0,0.0,5.831497675758082e-07,-3.221075023240027e-05,-1.2887759240443195e-06,5.831497675758082e-07,-3.221075023240027e-05,-1.2887759240443195e-06,0.0,0.0,0.0,robotiq_85_left_knuckle_joint,0.35927122055443844,-0.01402244311174547,,robotiq_85_left_knuckle_joint,0.35927122055443844,-0.01402244311174547,,0.0,0.0,
sentinel_joint_telemetry_v2,20260731_114715,20260731_114715:1,1,290,short_cube_pick_place,attack,replay_attack,prior_command_replay,medium,arm_trajectory,cube,cube_retreat,3,commands_back,,0,,,,cube_lift,2026-07-31T11:47:25.264+01:00,6.133147,0.020755,48.182231,0,3513.710000000,3513.710000000,trusted_fallback,0.000000,-0.12000000562051907,3.1154683022499625e-07,0.042541380251496085,-0.12000000562051907,3.1154683022499625e-07,0.042541380251496085,0.0,0.0,0.0,-1.5743874652510015,-0.3402519214474495,-24.007429347998535,-1.5743874652510015,-0.3402519214474495,-24.007429347998535,0.0,0.0,0.0,1.9240063090082995,-0.26412827485457424,-23.823450333812634,1.9240063090082995,-0.26412827485457424,-23.823450333812634,0.0,0.0,0.0,-1.9205121623713424,0.6042313178466455,-2.8102998299584505,-1.9205121623713424,0.6042313178466455,-2.8102998299584505,0.0,0.0,0.0,-1.5707999895169416,-5.815251265281057e-07,-0.01944236567223275,-1.5707999895169416,-5.815251265281057e-07,-0.01944236567223275,0.0,0.0,0.0,6.417421551034194e-07,-3.5537597511830536e-05,-0.00037037298320770535,6.417421551034194e-07,-3.5537597511830536e-05,-0.00037037298320770535,0.0,0.0,0.0,robotiq_85_left_knuckle_joint,0.3594011217005953,-0.030105631962854627,,robotiq_85_left_knuckle_joint,0.3594011217005953,-0.030105631962854627,,0.0,0.0,
sentinel_joint_telemetry_v2,20260731_114715,20260731_114715:1,1,291,short_cube_pick_place,attack,replay_attack,prior_command_replay,medium,arm_trajectory,cube,cube_retreat,3,commands_back,,0,,,,cube_lift,2026-07-31T11:47:25.284+01:00,6.153622,0.020476,48.838029,0,3513.730000000,3513.730000000,trusted_fallback,0.000000,-0.12000000196473268,1.0888763384144873e-07,0.07936201324629602,-0.12000000196473268,1.0888763384144873e-07,0.07936201324629602,0.0,0.0,0.0,-1.5811924878197092,-0.3402506732777166,-23.69637960938679,-1.5811924878197092,-0.3402506732777166,-23.69637960938679,0.0,0.0,0.0,1.9187237705991103,-0.26412614308991783,-23.821768349490235,1.9187237705991103,-0.26412614308991783,-23.821768349490235,0.0,0.0,0.0,-1.9084273817455537,0.6042434585018063,-2.790935897540614,-1.9084273817455537,0.6042434585018063,-2.790935897540614,0.0,0.0,0.0,-1.5707999963386683,-2.0308276880469313e-07,0.0003130150526003668,-1.5707999963386683,-2.0308276880469313e-07,0.0003130150526003668,0.0,0.0,0.0,2.2457271201496072e-07,-1.2433232764243678e-05,-1.1302029969069329e-06,2.2457271201496072e-07,-1.2433232764243678e-05,-1.1302029969069329e-06,0.0,0.0,0.0,robotiq_85_left_knuckle_joint,0.35911668117501777,-0.013252383694916459,,robotiq_85_left_knuckle_joint,0.35911668117501777,-0.013252383694916459,,0.0,0.0,
sentinel_joint_telemetry_v2,20260731_114715,20260731_114715:1,1,292,short_cube_pick_place,attack,replay_attack,prior_command_replay,medium,arm_trajectory,cube,cube_retreat,3,commands_back,,0,,,,cube_lift,2026-07-31T11:47:25.305+01:00,6.174258,0.020635,48.460702,0,3513.750000000,3513.750000000,trusted_fallback,0.000000,-0.12000000068555294,3.808681700360713e-08,0.03401151252983662,-0.12000000068555294,3.808681700360713e-08,0.03401151252983662,0.0,0.0,0.0,-1.5873817112961135,-0.2232382613128319,-23.378855098767165,-1.5873817112961135,-0.2232382613128319,-23.378855098767165,0.0,0.0,0.0,1.9139192706103745,-0.17329281163355162,-23.98146218261602,1.9139192706103745,-0.17329281163355162,-23.98146218261602,0.0,0.0,0.0,-1.8974360303595692,0.39644613119379707,-2.808706788460712,-1.8974360303595692,0.39644613119379707,-2.808706788460712,0.0,0.0,0.0,-1.5707999987227155,-7.096027040720846e-08,0.00017993286757014002,-1.5707999987227155,-7.096027040720846e-08,0.00017993286757014002,0.0,0.0,0.0,7.839076064805561e-08,-4.355042265722194e-06,-3.175045222391575e-06,7.839076064805561e-08,-4.355042265722194e-06,-3.175045222391575e-06,0.0,0.0,0.0,robotiq_85_left_knuckle_joint,0.35887848814281303,-0.01076770820031365,,robotiq_85_left_knuckle_joint,0.35887848814281303,-0.01076770820031365,,0.0,0.0,
sentinel_joint_telemetry_v2,20260731_114715,20260731_114715:1,1,293,short_cube_pick_place,attack,replay_attack,prior_command_replay,medium,arm_trajectory,cube,cube_retreat,3,commands_back,,0,,,,cube_lift,2026-07-31T11:47:25.326+01:00,6.195691,0.021434,46.655681,0,3513.772000000,3513.772000000,trusted_fallback,0.000000,-0.12000000021509688,1.1950010103838385e-08,0.003308874299296809,-0.12000000021509688,1.1950010103838385e-08,0.003308874299296809,0.0,0.0,0.0,-1.5901390184265167,-0.07005453184445047,-23.20704451503627,-1.5901390184265167,-0.07005453184445047,-23.20704451503627,0.0,0.0,0.0,1.911778860170072,-0.05438112050258917,-24.07194655982847,1.911778860170072,-0.05438112050258917,-24.07194655982847,0.0,0.0,0.0,-1.892539361939884,0.12440899677208281,-2.821154703267619,-1.892539361939884,0.12440899677208281,-2.821154703267619,0.0,0.0,0.0,-1.5707999995991748,-2.2268087081309812e-08,0.00018652610723060892,-1.5707999995991748,-2.2268087081309812e-08,0.00018652610723060892,0.0,0.0,0.0,2.4599851034211198e-08,-1.36665839245976e-06,-1.6617049115001645e-06,2.4599851034211198e-08,-1.36665839245976e-06,-1.6617049115001645e-06,0.0,0.0,0.0,robotiq_85_left_knuckle_joint,0.35866797554788515,-0.008550947993056598,,robotiq_85_left_knuckle_joint,0.35866797554788515,-0.008550947993056598,,0.0,0.0,
sentinel_joint_telemetry_v2,20260731_114715,20260731_114715:1,1,294,short_cube_pick_place,attack,replay_attack,prior_command_replay,medium,arm_trajectory,cube,cube_retreat,3,commands_back,,0,,,,cube_transport,2026-07-31T11:47:25.346+01:00,6.215988,0.020297,49.267991,0,3513.792000000,3513.792000000,trusted_fallback,0.000000,-0.12000000144186922,8.010389748841734e-08,0.008249963284660596,-0.12000000144186922,8.010389748841734e-08,0.008249963284660596,0.0,0.0,0.0,-1.5909603025127896,-0.024427638162164214,-23.176194797163888,-1.5909603025127896,-0.024427638162164214,-23.176194797163888,0.0,0.0,0.0,1.9111413450792514,-0.0189636154561052,-24.092932197669604,1.9111413450792514,-0.0189636154561052,-24.092932197669604,0.0,0.0,0.0,-1.891080617596893,0.04336764438517851,-2.8232531730042236,-1.891080617596893,0.04336764438517851,-2.8232531730042236,0.0,0.0,0.0,-1.570799985189319,-8.228159610730004e-07,0.004431762800405362,-1.570799985189319,-8.228159610730004e-07,0.004431762800405362,0.0,0.0,0.0,4.0051574885399193e-07,-2.2250875033970682e-05,9.337716231330728e-05,4.0051574885399193e-07,-2.2250875033970682e-05,9.337716231330728e-05,0.0,0.0,0.0,robotiq_85_left_knuckle_joint,0.35884296279585537,-0.011018776095266235,,robotiq_85_left_knuckle_joint,0.35884296279585537,-0.011018776095266235,,0.0,0.0,
sentinel_joint_telemetry_v2,20260731_114715,20260731_114715:1,1,295,short_cube_pick_place,attack,replay_attack,prior_command_replay,medium,arm_trajectory,cube,cube_retreat,3,commands_back,,0,,,,cube_transport,2026-07-31T11:47:25.367+01:00,6.236646,0.020657,48.408971,0,3513.812000000,3513.812000000,trusted_fallback,0.000000,-0.11997505055844652,0.012475000069822741,0.002075999058252423,-0.11997505055844652,0.012475000069822741,0.002075999058252423,0.0,0.0,0.0,-1.5911184447713143,0.05560370653784111,-23.16009175116145,-1.5911184447713143,0.05560370653784111,-23.16009175116145,0.0,0.0,0.0,1.9107960860172695,-0.06807903045729774,-24.089276628051522,1.9107960860172695,-0.06807903045729774,-24.089276628051522,0.0,0.0,0.0,-1.89057745164268,0.012487803508883785,-2.8221524211961304,-1.89057745164268,0.012487803508883785,-2.8221524211961304,0.0,0.0,0.0,-1.5707999942635562,-7.172942636450401e-10,0.0006742036399699912,-1.5707999942635562,-7.172942636450401e-10,0.0006742036399699912,0.0,0.0,0.0,1.5512922232625266e-07,-1.9396007445152868e-08,5.580504707785815e-06,1.5512922232625266e-07,-1.9396007445152868e-08,5.580504707785815e-06,0.0,0.0,0.0,robotiq_85_left_knuckle_joint,0.3586500059689653,-0.008699435451174457,,robotiq_85_left_knuckle_joint,0.3586500059689653,-0.008699435451174457,,0.0,0.0,
sentinel_joint_telemetry_v2,20260731_114715,20260731_114715:1,1,296,short_cube_pick_place,attack,replay_attack,prior_command_replay,medium,arm_trajectory,cube,cube_retreat,3,commands_back,,0,,,,cube_transport,2026-07-31T11:47:25.387+01:00,6.256853,0.020207,49.488575,0,3513.832000000,3513.832000000,trusted_fallback,0.000000,-0.11879633885828941,0.08560212861382534,0.071273484812558,-0.11879633885828941,0.08560212861382534,0.071273484812558,0.0,0.0,0.0,-1.5858646781113988,0.3815467423566891,-23.25538335059722,-1.5858646781113988,0.3815467423566891,-23.25538335059722,0.0,0.0,0.0,1.904363577052555,-0.4671510936386445,-23.945957305561738,1.904363577052555,-0.4671510936386445,-23.945957305561738,0.0,0.0,0.0,-1.8893975302057653,0.08568998374242573,-2.803804413889532,-1.8893975302057653,0.08568998374242573,-2.803804413889532,0.0,0.0,0.0,-1.570799994331565,-4.9058791378245314e-09,0.006925934882448205,-1.570799994331565,-4.9058791378245314e-09,0.006925934882448205,0.0,0.0,0.0,1.5329659372768908e-07,-1.3309470957913487e-07,3.2939781244162804e-05,1.5329659372768908e-07,-1.3309470957913487e-07,3.2939781244162804e-05,0.0,0.0,0.0,robotiq_85_left_knuckle_joint,0.358493389627847,-0.007047497968906656,,robotiq_85_left_knuckle_joint,0.358493389627847,-0.007047497968906656,,0.0,0.0,
sentinel_joint_telemetry_v2,20260731_114715,20260731_114715:1,1,297,short_cube_pick_place,attack,replay_attack,prior_command_replay,medium,arm_trajectory,cube,cube_retreat,3,commands_back,,0,,,,cube_transport,2026-07-31T11:47:25.407+01:00,6.276904,0.020051,49.871874,0,3513.852000000,3513.852000000,trusted_fallback,0.000000,-0.11676030020034077,0.11109998172558606,0.12278668271899917,-0.11676030020034077,0.11109998172558606,0.12278668271899917,0.0,0.0,0.0,-1.576789624373903,0.4951960516414408,-23.581442383747177,-1.576789624373903,0.4951960516414408,-23.581442383747177,0.0,0.0,0.0,1.893252431791015,-0.6062989181069818,-23.853313244716237,1.893252431791015,-0.6062989181069818,-23.853313244716237,0.0,0.0,0.0,-1.8873594019214253,0.11121400578911587,-2.7907474346840786,-1.8873594019214253,0.11121400578911587,-2.7907474346840786,0.0,0.0,0.0,-1.570799994448526,-6.376685077918217e-09,0.011363961477881358,-1.570799994448526,-6.376685077918217e-09,0.011363961477881358,0.0,0.0,0.0,1.5013097231028507e-07,-1.7273808268645152e-07,5.3565195752243936e-05,1.5013097231028507e-07,-1.7273808268645152e-07,5.3565195752243936e-05,0.0,0.0,0.0,robotiq_85_left_knuckle_joint,0.358366881956184,-0.0056965466839355204,,robotiq_85_left_knuckle_joint,0.358366881956184,-0.0056965466839355204,,0.0,0.0,
sentinel_joint_telemetry_v2,20260731_114715,20260731_114715:1,1,298,short_cube_pick_place,attack,replay_attack,prior_command_replay,medium,arm_trajectory,cube,cube_retreat,3,commands_back,,0,,,,cube_transport,2026-07-31T11:47:25.429+01:00,6.298725,0.021821,45.826616,0,3513.874000000,3513.874000000,trusted_fallback,0.000000,-0.11418439715585463,0.12046648010746197,0.1466285596156898,-0.11418439715585463,0.12046648010746197,0.1466285596156898,0.0,0.0,0.0,-1.56530828119811,0.5369445104905546,-24.07814193990326,-1.56530828119811,0.5369445104905546,-24.07814193990326,0.0,0.0,0.0,1.8791951186867335,-0.657414118544125,-23.823854551973728,1.8791951186867335,-0.657414118544125,-23.823854551973728,0.0,0.0,0.0,-1.8847808551774574,0.12059011719905456,-2.7849704117692133,-1.8847808551774574,0.12059011719905456,-2.7849704117692133,0.0,0.0,0.0,-1.5707999945965205,-6.920754653687083e-09,0.012145448595051029,-1.5707999945965205,-6.920754653687083e-09,0.012145448595051029,0.0,0.0,0.0,1.4612597513583222e-07,-1.8730044130587048e-07,-2.0961406099789814e-05,1.4612597513583222e-07,-1.8730044130587048e-07,-2.0961406099789814e-05,0.0,0.0,0.0,robotiq_85_left_knuckle_joint,0.35825650254743563,-0.004577356078402285,,robotiq_85_left_knuckle_joint,0.35825650254743563,-0.004577356078402285,,0.0,0.0,
sentinel_joint_telemetry_v2,20260731_114715,20260731_114715:1,1,299,short_cube_pick_place,attack,replay_attack,prior_command_replay,medium,arm_trajectory,cube,cube_retreat,3,commands_back,,0,,,,cube_transport,2026-07-31T11:47:25.450+01:00,6.319456,0.020731,48.236523,0,3513.894000000,3513.894000000,trusted_fallback,0.000000,-0.11173961622952328,0.12325642942041594,0.16004036598745872,-0.11173961622952328,0.12325642942041594,0.16004036598745872,0.0,0.0,0.0,-1.5544113769591466,0.5493799030266775,-24.57727677098516,-1.5544113769591466,0.5493799030266775,-24.57727677098516,0.0,0.0,0.0,1.8658533700420206,-0.6726395328350399,-23.82450346143751,1.8658533700420206,-0.6726395328350399,-23.82450346143751,0.0,0.0,0.0,-1.8823335651247872,0.1233829298973417,-2.7826898958655137,-1.8823335651247872,0.1233829298973417,-2.7826898958655137,0.0,0.0,0.0,-1.5707999947370295,-7.084088819784944e-09,0.013783941795857473,-1.5707999947370295,-7.084088819784944e-09,0.013783941795857473,0.0,0.0,0.0,1.4232485014383592e-07,-1.91638039326212e-07,6.33510229496373e-05,1.4232485014383592e-07,-1.91638039326212e-07,6.33510229496373e-05,0.0,0.0,0.0,robotiq_85_left_knuckle_joint,0.35817151987388485,-0.004085851201987566,,robotiq_85_left_knuckle_joint,0.35817151987388485,-0.004085851201987566,,0.0,0.0,
sentinel_joint_telemetry_v2,20260731_114715,20260731_114715:1,1,300,short_cube_pick_place,attack,replay_attack,prior_command_replay,medium,arm_trajectory,cube,cube_retreat,3,commands_back,,0,,,,cube_transport,2026-07-31T11:47:25.470+01:00,6.340024,0.020568,48.619387,0,3513.914000000,3513.914000000,trusted_fallback,0.000000,-0.1092621265286988,0.1242292245948859,0.16731194479186362,-0.1092621265286988,0.1242292245948859,0.16731194479186362,0.0,0.0,0.0,-1.543368682813417,0.5537158562979899,-25.09194295462838,-1.543368682813417,0.5537158562979899,-25.09194295462838,0.0,0.0,0.0,1.8523331218667534,-0.6779483065395068,-23.83489320030872,1.8523331218667534,-0.6779483065395068,-23.83489320030872,0.0,0.0,0.0,-1.8798535327279169,0.12435672347367241,-2.7817283253608744,-1.8798535327279169,0.12435672347367241,-2.7817283253608744,0.0,0.0,0.0,-1.570799994879446,-7.141431589206652e-09,0.014073043623539064,-1.570799994879446,-7.141431589206652e-09,0.014073043623539064,0.0,0.0,0.0,1.384728725117585e-07,-1.9315040415032568e-07,6.604366265227522e-05,1.384728725117585e-07,-1.9315040415032568e-07,6.604366265227522e-05,0.0,0.0,0.0,robotiq_85_left_knuckle_joint,0.3580977446061909,-0.00334734582318995,,robotiq_85_left_knuckle_joint,0.3580977446061909,-0.00334734582318995,,0.0,0.0,
sentinel_joint_telemetry_v2,20260731_114715,20260731_114715:1,1,301,short_cube_pick_place,attack,replay_attack,prior_command_replay,medium,arm_trajectory,cube,cube_retreat,3,commands_back,,0,,,,cube_transport,2026-07-31T11:47:25.492+01:00,6.361704,0.021679,46.126868,0,3513.934000000,3513.934000000,trusted_fallback,0.000000,-0.10677323982507277,0.12456440627759871,-0.22933435153485188,-0.10677323982507277,0.12456440627759871,-0.22933435153485188,0.0,0.0,0.0,-1.532275095301195,0.5552532537182443,-24.52786506779083,-1.532275095301195,0.5552532537182443,-24.52786506779083,0.0,0.0,0.0,1.8387507470209274,-0.6797508528580841,-22.811222606263605,1.8387507470209274,-0.6797508528580841,-22.811222606263605,0.0,0.0,0.0,-1.8773614757555377,0.12495912985222027,-2.5782134438992577,-1.8773614757555377,0.12495912985222027,-2.5782134438992577,0.0,0.0,0.0,-1.57079997181957,7.373162237807253e-06,-0.19114023700583402,-1.57079997181957,7.373162237807253e-06,-0.19114023700583402,0.0,0.0,0.0,1.304662949002681e-06,0.0004993307281837677,-0.006542536392745545,1.304662949002681e-06,0.0004993307281837677,-0.006542536392745545,0.0,0.0,0.0,robotiq_85_left_knuckle_joint,0.35893369165120514,0.2524637581268865,,robotiq_85_left_knuckle_joint,0.35893369165120514,0.2524637581268865,,0.0,0.0,
sentinel_joint_telemetry_v2,20260731_114715,20260731_114715:1,1,302,short_cube_pick_place,attack,replay_attack,prior_command_replay,medium,arm_trajectory,cube,cube_retreat,3,commands_back,,0,,,,cube_transport,2026-07-31T11:47:25.513+01:00,6.382610,0.020906,47.833064,0,3513.954000000,3513.954000000,trusted_fallback,0.000000,-0.10428036659400877,0.12468700755264227,0.19824524340689792,-0.10428036659400877,0.12468700755264227,0.19824524340689792,0.0,0.0,0.0,-1.5211638614793308,0.5557525938057549,-26.144783071768018,-1.5211638614793308,0.5557525938057549,-26.144783071768018,0.0,0.0,0.0,1.8251465233908104,-0.6804490692033819,-23.87397617219115,1.8251465233908104,-0.6804490692033819,-23.87397617219115,0.0,0.0,0.0,-1.8748662356329402,0.12479140500241827,-2.7827811061710097,-1.8748662356329402,0.12479140500241827,-2.7827811061710097,0.0,0.0,0.0,-1.5707999811773743,-7.84307215568724e-07,0.024512111225670048,-1.5707999811773743,-7.84307215568724e-07,0.024512111225670048,0.0,0.0,0.0,9.300258943068565e-07,-4.4599340746501745e-05,0.0002754785454257751,9.300258943068565e-07,-4.4599340746501745e-05,0.0002754785454257751,0.0,0.0,0.0,robotiq_85_left_knuckle_joint,0.3590884785096188,-0.01373697340166058,,robotiq_85_left_knuckle_joint,0.3590884785096188,-0.01373697340166058,,0.0,0.0,
sentinel_joint_telemetry_v2,20260731_114715,20260731_114715:1,1,303,short_cube_pick_place,attack,replay_attack,prior_command_replay,medium,arm_trajectory,cube,cube_retreat,3,commands_back,,0,,,,cube_transport,2026-07-31T11:47:25.534+01:00,6.403622,0.021013,47.590670,0,3513.974000000,3513.974000000,trusted_fallback,0.000000,-0.10178610509833286,0.12472803634651591,0.18238171780974896,-0.10178610509833286,0.12472803634651591,0.18238171780974896,0.0,0.0,0.0,-1.510046455257418,0.5559378761779598,-26.654906833737044,-1.510046455257418,0.5559378761779598,-26.654906833737044,0.0,0.0,0.0,1.8115347178661687,-0.6806713234981032,-23.87806470828204,1.8115347178661687,-0.6806713234981032,-23.87806470828204,0.0,0.0,0.0,-1.872369690572434,0.12484782837680773,-2.780305672969628,-1.872369690572434,0.12484782837680773,-2.780305672969628,0.0,0.0,0.0,-1.570799990431777,-2.7814230829843224e-07,0.014100199323300693,-1.570799990431777,-2.7814230829843224e-07,0.014100199323300693,0.0,0.0,0.0,4.0554742336229203e-07,-1.5677158813673657e-05,6.441914947291712e-05,4.0554742336229203e-07,-1.5677158813673657e-05,6.441914947291712e-05,0.0,0.0,0.0,robotiq_85_left_knuckle_joint,0.3588492080834042,-0.010827280176550935,,robotiq_85_left_knuckle_joint,0.3588492080834042,-0.010827280176550935,,0.0,0.0,
sentinel_joint_telemetry_v2,20260731_114715,20260731_114715:1,1,304,short_cube_pick_place,attack,replay_attack,prior_command_replay,medium,arm_trajectory,cube,cube_retreat,3,commands_back,,0,,,,cube_transport,2026-07-31T11:47:25.555+01:00,6.424993,0.021370,46.793508,0,3513.994000000,3513.994000000,trusted_fallback,0.000000,-0.09929136774651641,0.12474262868848142,-0.1674501987649628,-0.09929136774651641,0.12474262868848142,-0.1674501987649628,0.0,0.0,0.0,-1.4989268415705221,0.5560005216067795,-27.261876146660097,-1.4989268415705221,0.5560005216067795,-27.261876146660097,0.0,0.0,0.0,1.7979203734265083,-0.6807525269581308,-23.973215557745775,1.7979203734265083,-0.6807525269581308,-23.973215557745775,0.0,0.0,0.0,-1.8698721176817632,0.12484715007637691,-2.7959487088256645,-1.8698721176817632,0.12484715007637691,-2.7959487088256645,0.0,0.0,0.0,-1.5707999837098785,-6.595401748862341e-07,-0.16211467368782312,-1.5707999837098785,-6.595401748862341e-07,-0.16211467368782312,0.0,0.0,0.0,9.128476565139851e-07,-4.4076013668480996e-05,-0.0033102964104229768,9.128476565139851e-07,-4.4076013668480996e-05,-0.0033102964104229768,0.0,0.0,0.0,robotiq_85_left_knuckle_joint,0.3593292081188375,-0.002641611875505122,,robotiq_85_left_knuckle_joint,0.3593292081188375,-0.002641611875505122,,0.0,0.0,
sentinel_joint_telemetry_v2,20260731_114715,20260731_114715:1,1,305,short_cube_pick_place,attack,replay_attack,prior_command_replay,medium,arm_trajectory,cube,cube_retreat,3,commands_back,,0,,,,cube_transport,2026-07-31T11:47:25.576+01:00,6.445697,0.020704,48.299614,0,3514.014000000,3514.014000000,trusted_fallback,0.000000,-0.09679645885408938,0.12474769099571895,0.2510437383001473,-0.09679645885408938,0.12474769099571895,0.2510437383001473,0.0,0.0,0.0,-1.4878064970275782,0.5560225639216859,-27.779284618748243,-1.4878064970275782,0.5560225639216859,-27.779284618748243,0.0,0.0,0.0,1.7843050702210002,-0.6807804656492138,-23.984096366196077,1.7843050702210002,-0.6807804656492138,-23.984096366196077,0.0,0.0,0.0,-1.8673745883840696,0.12484889360682802,-2.794775722806629,-1.8673745883840696,0.12484889360682802,-2.794775722806629,0.0,0.0,0.0,-1.5707999830455333,-7.044297222302646e-07,0.04343287611673953,-1.5707999830455333,-7.044297222302646e-07,0.04343287611673953,0.0,0.0,0.0,1.0372477246213468e-06,-5.120264272607123e-05,0.0006509403930565657,1.0372477246213468e-06,-5.120264272607123e-05,0.0006509403930565657,0.0,0.0,0.0,robotiq_85_left_knuckle_joint,0.3597846747925059,-0.024206798208827984,,robotiq_85_left_knuckle_joint,0.3597846747925059,-0.024206798208827984,,0.0,0.0,
sentinel_joint_telemetry_v2,20260731_114715,20260731_114715:1,1,306,short_cube_pick_place,attack,replay_attack,prior_command_replay,medium,arm_trajectory,cube,cube_retreat,3,commands_back,,0,,,,cube_transport,2026-07-31T11:47:25.596+01:00,6.466037,0.020340,49.164537,0,3514.034000000,3514.034000000,trusted_fallback,0.000000,-0.09430148591858663,0.12474919535480214,0.19713535748937872,-0.09430148591858663,0.12474919535480214,0.19713535748937872,0.0,0.0,0.0,-1.4766859257332392,0.556032008936854,-28.218171076169938,-1.4766859257332392,0.556032008936854,-28.218171076169938,0.0,0.0,0.0,1.7706893794746559,-0.6807868742939315,-23.92307390098395,1.7706893794746559,-0.6807868742939315,-23.92307390098395,0.0,0.0,0.0,-1.8648773693393543,0.1248678734135467,-2.7792252738703658,-1.8648773693393543,0.1248678734135467,-2.7792252738703658,0.0,0.0,0.0,-1.5707999913634594,-2.50290381166628e-07,0.014608790369757194,-1.5707999913634594,-2.50290381166628e-07,0.014608790369757194,0.0,0.0,0.0,4.3535354339513116e-07,-1.797958774686268e-05,7.702415098970509e-05,4.3535354339513116e-07,-1.797958774686268e-05,7.702415098970509e-05,0.0,0.0,0.0,robotiq_85_left_knuckle_joint,0.35944829409534146,-0.01534396409932511,,robotiq_85_left_knuckle_joint,0.35944829409534146,-0.01534396409932511,,0.0,0.0,
sentinel_joint_telemetry_v2,20260731_114715,20260731_114715:1,1,307,short_cube_pick_place,attack,replay_attack,prior_command_replay,medium,arm_trajectory,cube,cube_retreat,3,commands_back,,0,,,,cube_transport,2026-07-31T11:47:25.617+01:00,6.486905,0.020868,47.920718,0,3514.054000000,3514.054000000,trusted_fallback,0.000000,-0.09180649534629746,0.12474971989235747,0.2006089620667481,-0.09180649534629746,0.12474971989235747,0.2006089620667481,0.0,0.0,0.0,-1.4655652437075437,0.5560353022100464,-28.738962822687448,-1.4655652437075437,0.5560353022100464,-28.738962822687448,0.0,0.0,0.0,1.757073613594722,-0.6807891088501236,-23.93867099456667,1.757073613594722,-0.6807891088501236,-23.93867099456667,0.0,0.0,0.0,-1.8623799277794004,0.124874491263165,-2.779017269453789,-1.8623799277794004,0.124874491263165,-2.779017269453789,0.0,0.0,0.0,-1.5707999943571718,-9.194238318865205e-08,0.014115297590906243,-1.5707999943571718,-9.194238318865205e-08,0.014115297590906243,0.0,0.0,0.0,2.229594128165128e-07,-6.39542494307603e-06,6.805754760650723e-05,2.229594128165128e-07,-6.39542494307603e-06,6.805754760650723e-05,0.0,0.0,0.0,robotiq_85_left_knuckle_joint,0.3591803499633923,-0.012680746927580588,,robotiq_85_left_knuckle_joint,0.3591803499633923,-0.012680746927580588,,0.0,0.0,
sentinel_joint_telemetry_v2,20260731_114715,20260731_114715:1,1,308,short_cube_pick_place,attack,replay_attack,prior_command_replay,medium,arm_trajectory,cube,cube_retreat,3,commands_back,,0,,,,cube_transport,2026-07-31T11:47:25.638+01:00,6.507460,0.020555,48.649734,0,3514.074000000,3514.074000000,trusted_fallback,0.000000,-0.0893114986244412,0.12474990278729514,0.20496042696961647,-0.0893114986244412,0.12474990278729514,0.20496042696961647,0.0,0.0,0.0,-1.454444523072211,0.5560364505033794,-29.25831740560234,-1.454444523072211,0.5560364505033794,-29.25831740560234,0.0,0.0,0.0,1.7434578215173242,-0.6807898879916762,-23.953471754132583,1.7434578215173242,-0.6807898879916762,-23.953471754132583,0.0,0.0,0.0,-1.8598824086331804,0.12487679876467943,-2.778661088812512,-1.8598824086331804,0.12487679876467943,-2.778661088812512,0.0,0.0,0.0,-1.5707999954944452,-3.672991455731453e-08,0.014064479533521267,-1.5707999954944452,-3.672991455731453e-08,0.014064479533521267,0.0,0.0,0.0,1.4637555201386863e-07,-2.3562771273804672e-06,6.560786382454729e-05,1.4637555201386863e-07,-2.3562771273804672e-06,6.560786382454729e-05,0.0,0.0,0.0,robotiq_85_left_knuckle_joint,0.3589370869049188,-0.011549054332700155,,robotiq_85_left_knuckle_joint,0.3589370869049188,-0.011549054332700155,,0.0,0.0,
sentinel_joint_telemetry_v2,20260731_114715,20260731_114715:1,1,309,short_cube_pick_place,attack,replay_attack,prior_command_replay,medium,arm_trajectory,cube,cube_retreat,3,commands_back,,0,,,,cube_transport,2026-07-31T11:47:25.658+01:00,6.527532,0.020073,49.818878,0,3514.094000000,3514.094000000,trusted_fallback,0.000000,-0.08681649975836343,0.12474996655881548,0.20920329603398832,-0.08681649975836343,0.12474996655881548,0.20920329603398832,0.0,0.0,0.0,-1.4433237889745296,0.5560368508884896,-29.77703337819441,-1.4433237889745296,0.5560368508884896,-29.77703337819441,0.0,0.0,0.0,1.7298420203054365,-0.6807901596615339,-23.968325979122156,1.7298420203054365,-0.6807901596615339,-23.968325979122156,0.0,0.0,0.0,-1.8573848624343015,0.12487760334068078,-2.7783537241240244,-1.8573848624343015,0.12487760334068078,-2.7783537241240244,0.0,0.0,0.0,-1.5707999959844194,-1.7478495106543895e-08,0.013986678768980488,-1.5707999959844194,-1.7478495106543895e-08,0.013986678768980488,0.0,0.0,0.0,1.1714580420591849e-07,-9.479133685090296e-07,6.361364910356894e-05,1.1714580420591849e-07,-9.479133685090296e-07,6.361364910356894e-05,0.0,0.0,0.0,robotiq_85_left_knuckle_joint,0.35872961735446934,-0.00942779758866197,,robotiq_85_left_knuckle_joint,0.35872961735446934,-0.00942779758866197,,0.0,0.0,
sentinel_joint_telemetry_v2,20260731_114715,20260731_114715:1,1,310,short_cube_pick_place,attack,replay_attack,prior_command_replay,medium,arm_trajectory,cube,cube_retreat,3,commands_back,,0,,,,cube_transport,2026-07-31T11:47:25.679+01:00,6.548224,0.020691,48.329052,0,3514.114000000,3514.114000000,trusted_fallback,0.000000,-0.08432150154574398,0.1247500666335768,0.21418668378171452,-0.08432150154574398,0.1247500666335768,0.21418668378171452,0.0,0.0,0.0,-1.432203039913624,0.556036419983332,-30.29535366898122,-1.432203039913624,0.556036419983332,-30.29535366898122,0.0,0.0,0.0,1.716226235316326,-0.6807913325967895,-23.983408420325055,1.716226235316326,-0.6807913325967895,-23.983408420325055,0.0,0.0,0.0,-1.854887197568624,0.12487181531679492,-2.778088196234193,-1.854887197568624,0.12487181531679492,-2.778088196234193,0.0,0.0,0.0,-1.5707999936734034,-1.5383769151090798e-07,0.01426607049306217,-1.5707999936734034,-1.5383769151090798e-07,0.01426607049306217,0.0,0.0,0.0,3.121975147985914e-07,-1.1999630641131606e-05,7.056376628605191e-05,3.121975147985914e-07,-1.1999630641131606e-05,7.056376628605191e-05,0.0,0.0,0.0,robotiq_85_left_knuckle_joint,0.3588957999002408,-0.011090739409681399,,robotiq_85_left_knuckle_joint,0.3588957999002408,-0.011090739409681399,,0.0,0.0,
sentinel_joint_telemetry_v2,20260731_114715,20260731_114715:1,1,311,short_cube_pick_place,attack,replay_attack,prior_command_replay,medium,arm_trajectory,cube,cube_retreat,3,commands_back,,0,,,,cube_transport,2026-07-31T11:47:25.699+01:00,6.568816,0.020592,48.563072,0,3514.134000000,3514.134000000,trusted_fallback,0.000000,-0.08182650075876712,0.12475002368848162,0.21785107097087827,-0.08182650075876712,0.12475002368848162,0.21785107097087827,0.0,0.0,0.0,-1.4210823061737534,0.5560368402468113,-30.81212893008012,-1.4210823061737534,0.5560368402468113,-30.81212893008012,0.0,0.0,0.0,1.7026104171681946,-0.6807906633642086,-23.99787293045957,1.7026104171681946,-0.6807906633642086,-23.99787293045957,0.0,0.0,0.0,-1.8523897097946322,0.12487586571984863,-2.7777493011915904,-1.8523897097946322,0.12487586571984863,-2.7777493011915904,0.0,0.0,0.0,-1.5707999955363239,-5.831146321789299e-08,0.013953453269379492,-1.5707999955363239,-5.831146321789299e-08,0.013953453269379492,0.0,0.0,0.0,1.6991113408546674e-07,-4.310342824241208e-06,6.378508841808873e-05,1.6991113408546674e-07,-4.310342824241208e-06,6.378508841808873e-05,0.0,0.0,0.0,robotiq_85_left_knuckle_joint,0.35869998230980743,-0.009005340181535489,,robotiq_85_left_knuckle_joint,0.35869998230980743,-0.009005340181535489,,0.0,0.0,
sentinel_joint_telemetry_v2,20260731_114715,20260731_114715:1,1,312,short_cube_pick_place,attack,replay_attack,prior_command_replay,medium,arm_trajectory,cube,cube_retreat,3,commands_back,,0,,,,cube_transport,2026-07-31T11:47:25.721+01:00,6.590952,0.022137,45.173762,0,3514.156000000,3514.156000000,trusted_fallback,0.000000,-0.07908200045944379,0.12475000791283276,0.22252738397981922,-0.07908200045944379,0.12475000791283276,0.22252738397981922,0.0,0.0,0.0,-1.4088494935175466,0.5560369946283346,-31.379953978705174,-1.4088494935175466,0.5560369946283346,-31.379953978705174,0.0,0.0,0.0,1.6876330260309533,-0.6807904175252063,-24.014048869733465,1.6876330260309533,-0.6807904175252063,-24.014048869733465,0.0,0.0,0.0,-1.8496424198273458,0.1248773536135109,-2.7774358164429325,-1.8496424198273458,0.1248773536135109,-2.7774358164429325,0.0,0.0,0.0,-1.5707999963257568,-2.3220410017531223e-08,0.0139284820715109,-1.5707999963257568,-2.3220410017531223e-08,0.0139284820715109,0.0,0.0,0.0,1.1480088500188743e-07,-1.485724553814587e-06,6.408428701531878e-05,1.1480088500188743e-07,-1.485724553814587e-06,6.408428701531878e-05,0.0,0.0,0.0,robotiq_85_left_knuckle_joint,0.3585268827947183,-0.0071667372256770875,,robotiq_85_left_knuckle_joint,0.3585268827947183,-0.0071667372256770875,,0.0,0.0,
sentinel_joint_telemetry_v2,20260731_114715,20260731_114715:1,1,313,short_cube_pick_place,attack,replay_attack,prior_command_replay,medium,arm_trajectory,cube,cube_retreat,3,commands_back,,0,,,,cube_transport,2026-07-31T11:47:25.742+01:00,6.611298,0.020346,49.149722,0,3514.176000000,3514.176000000,trusted_fallback,0.000000,-0.07658700036089645,0.12475000321382573,0.22431578191100002,-0.07658700036089645,0.12475000321382573,0.22431578191100002,0.0,0.0,0.0,-1.39772875304066,0.5560370406131437,-31.894924068716275,-1.39772875304066,0.5560370406131437,-31.894924068716275,0.0,0.0,0.0,1.6740172186109268,-0.6807903442984402,-24.02881054634313,1.6740172186109268,-0.6807903442984402,-24.02881054634313,0.0,0.0,0.0,-1.8471448671235364,0.12487779680451247,-2.7773247363826536,-1.8471448671235364,0.12487779680451247,-2.7773247363826536,0.0,0.0,0.0,-1.5707999966573487,-1.2767967473223396e-08,0.01281541854956898,-1.5707999966573487,-1.2767967473223396e-08,0.01281541854956898,0.0,0.0,0.0,9.57773110604417e-08,-6.443703830695405e-07,-1.979647015210635e-05,9.57773110604417e-08,-6.443703830695405e-07,-1.979647015210635e-05,0.0,0.0,0.0,robotiq_85_left_knuckle_joint,0.3583988163082394,-0.005838623932179146,,robotiq_85_left_knuckle_joint,0.3583988163082394,-0.005838623932179146,,0.0,0.0,
sentinel_joint_telemetry_v2,20260731_114715,20260731_114715:1,1,314,short_cube_pick_place,attack,replay_attack,prior_command_replay,medium,arm_trajectory,cube,cube_retreat,3,commands_back,,0,,,,cube_transport,2026-07-31T11:47:25.763+01:00,6.632522,0.021224,47.116840,0,3514.198000000,3514.198000000,trusted_fallback,0.000000,-0.07384250031446403,0.12475000148766961,0.23123025562362343,-0.07384250031446403,0.12475000148766961,0.23123025562362343,0.0,0.0,0.0,-1.3854959379096463,0.5560370575054301,-32.460554377638026,-1.3854959379096463,0.5560370575054301,-32.460554377638026,0.0,0.0,0.0,1.6590398314145978,-0.6807903173989958,-24.044644797134282,1.6590398314145978,-0.6807903173989958,-24.044644797134282,0.0,0.0,0.0,-1.8443975533046328,0.12487795960831066,-2.7768468876977095,-1.8443975533046328,0.12487795960831066,-2.7768468876977095,0.0,0.0,0.0,-1.5707999968842563,-8.928379628941191e-09,0.013841523021872644,-1.5707999968842563,-8.928379628941191e-09,0.013841523021872644,0.0,0.0,0.0,8.594698705015581e-08,-3.3530358058489473e-07,6.361383597037471e-05,8.594698705015581e-08,-3.3530358058489473e-07,6.361383597037471e-05,0.0,0.0,0.0,robotiq_85_left_knuckle_joint,0.35828602300732315,-0.004599079961719585,,robotiq_85_left_knuckle_joint,0.35828602300732315,-0.004599079961719585,,0.0,0.0,
sentinel_joint_telemetry_v2,20260731_114715,20260731_114715:1,1,315,short_cube_pick_place,attack,replay_attack,prior_command_replay,medium,arm_trajectory,cube,cube_retreat,3,commands_back,,0,,,,cube_transport,2026-07-31T11:47:25.785+01:00,6.654610,0.022088,45.274081,0,3514.220000000,3514.220000000,trusted_fallback,0.000000,-0.07109800092430299,0.12475003622103796,0.2359992107818375,-0.07109800092430299,0.12475003622103796,0.2359992107818375,0.0,0.0,0.0,-1.3732631070870225,0.5560362026415745,-33.02475686264588,-1.3732631070870225,0.5560362026415745,-33.02475686264588,0.0,0.0,0.0,1.6440624730404911,-0.6807918917340855,-24.06061029148706,1.6440624730404911,-0.6807918917340855,-24.06061029148706,0.0,0.0,0.0,-1.8416500724503064,0.12486884266641116,-2.7765510830699385,-1.8416500724503064,0.12486884266641116,-2.7765510830699385,0.0,0.0,0.0,-1.5707999869065556,-5.72011411774636e-07,0.013911774262727567,-1.5707999869065556,-5.72011411774636e-07,0.013911774262727567,0.0,0.0,0.0,3.95544603476527e-07,-1.777223339209926e-05,6.643191895064502e-05,3.95544603476527e-07,-1.777223339209926e-05,6.643191895064502e-05,0.0,0.0,0.0,robotiq_85_left_knuckle_joint,0.35844262949391176,-0.006641480641534227,,robotiq_85_left_knuckle_joint,0.35844262949391176,-0.006641480641534227,,0.0,0.0,
sentinel_joint_telemetry_v2,20260731_114715,20260731_114715:1,1,316,short_cube_pick_place,attack,replay_attack,prior_command_replay,medium,arm_trajectory,cube,cube_retreat,3,commands_back,,0,,,,cube_transport,2026-07-31T11:47:25.805+01:00,6.674639,0.020029,49.927052,0,3514.240000000,3514.240000000,trusted_fallback,0.000000,-0.06860300175112952,0.1247500829316869,0.2398003960771139,-0.06860300175112952,0.1247500829316869,0.2398003960771139,0.0,0.0,0.0,-1.3621423657747527,0.5560362022162049,-33.53598335110123,-1.3621423657747527,0.5560362022162049,-33.53598335110123,0.0,0.0,0.0,1.6304466674557518,-0.6807919204676878,-24.07470551374398,1.6304466674557518,-0.6807919204676878,-24.07470551374398,0.0,0.0,0.0,-1.8391525090185643,0.12486868986113282,-2.776235633193821,-1.8391525090185643,0.12486868986113282,-2.776235633193821,0.0,0.0,0.0,-1.5707999913328157,-3.340774618974113e-07,0.013772545643823646,-1.5707999913328157,-3.340774618974113e-07,0.013772545643823646,0.0,0.0,0.0,3.922722053230728e-07,-1.7805944610646725e-05,6.28833027768478e-05,3.922722053230728e-07,-1.7805944610646725e-05,6.28833027768478e-05,0.0,0.0,0.0,robotiq_85_left_knuckle_joint,0.35866913520232063,-0.008935337036094816,,robotiq_85_left_knuckle_joint,0.35866913520232063,-0.008935337036094816,,0.0,0.0,
sentinel_joint_telemetry_v2,20260731_114715,20260731_114715:1,1,317,short_cube_pick_place,attack,replay_attack,prior_command_replay,medium,arm_trajectory,cube,cube_retreat,3,commands_back,,0,,,,cube_transport,2026-07-31T11:47:25.826+01:00,6.695487,0.020848,47.966462,0,3514.260000000,3514.260000000,trusted_fallback,0.000000,-0.06610800399467817,0.12475002937056598,1.1069841967787333,-0.06610800399467817,0.12475002937056598,1.1069841967787333,0.0,0.0,0.0,-1.3510216088458626,0.5560367643166795,-34.950909987224065,-1.3510216088458626,0.5560367643166795,-34.950909987224065,0.0,0.0,0.0,1.6168308911250666,-0.680790868340183,-24.837840864811547,1.6168308911250666,-0.680790868340183,-24.837840864811547,0.0,0.0,0.0,-1.8366547743395851,0.12487477594612492,-2.9205242491517236,-1.8366547743395851,0.12487477594612492,-2.9205242491517236,0.0,0.0,0.0,-1.5707999898252474,-1.21180403344235e-07,0.39226212494611296,-1.5707999898252474,-1.21180403344235e-07,0.39226212494611296,0.0,0.0,0.0,7.164825360133606e-07,-6.3348875849005264e-06,0.00987355895041116,7.164825360133606e-07,-6.3348875849005264e-06,0.00987355895041116,0.0,0.0,0.0,robotiq_85_left_knuckle_joint,0.35883916983672953,0.06289401342121248,,robotiq_85_left_knuckle_joint,0.35883916983672953,0.06289401342121248,,0.0,0.0,
sentinel_joint_telemetry_v2,20260731_114715,20260731_114715:1,1,318,short_cube_pick_place,attack,replay_attack,prior_command_replay,medium,arm_trajectory,cube,cube_retreat,3,commands_back,,0,,,,cube_transport,2026-07-31T11:47:25.847+01:00,6.716217,0.020730,48.238524,0,3514.280000000,3514.280000000,trusted_fallback,0.000000,-0.06361300154625818,0.12475007310162975,0.24842398279094954,-0.06361300154625818,0.12475007310162975,0.24842398279094954,0.0,0.0,0.0,-1.3399008878354755,0.5560364616578622,-34.55570775363013,-1.3399008878354755,0.5560364616578622,-34.55570775363013,0.0,0.0,0.0,1.603215046694199,-0.6807914450418325,-24.10351492980655,1.603215046694199,-0.6807914450418325,-24.10351492980655,0.0,0.0,0.0,-1.8341574365362456,0.12487140542647476,-2.7757584093741103,-1.8341574365362456,0.12487140542647476,-2.7757584093741103,0.0,0.0,0.0,-1.5707999948766005,-1.5313931344069012e-07,0.013990851935094625,-1.5707999948766005,-1.5313931344069012e-07,0.013990851935094625,0.0,0.0,0.0,2.9243237663216284e-07,-1.269030971061901e-05,6.969569060687812e-05,2.9243237663216284e-07,-1.269030971061901e-05,6.969569060687812e-05,0.0,0.0,0.0,robotiq_85_left_knuckle_joint,0.3586521009653651,-0.008668953431538982,,robotiq_85_left_knuckle_joint,0.3586521009653651,-0.008668953431538982,,0.0,0.0,
sentinel_joint_telemetry_v2,20260731_114715,20260731_114715:1,1,319,short_cube_pick_place,attack,replay_attack,prior_command_replay,medium,arm_trajectory,cube,cube_retreat,3,commands_back,,0,,,,cube_transport,2026-07-31T11:47:25.867+01:00,6.737024,0.020807,48.060636,0,3514.300000000,3514.300000000,trusted_fallback,0.000000,-0.061118000683451204,0.12475002594375215,0.2516045838489795,-0.061118000683451204,0.12475002594375215,0.2516045838489795,0.0,0.0,0.0,-1.328780153607022,0.5560368547778756,-35.062939049570474,-1.328780153607022,0.5560368547778756,-35.062939049570474,0.0,0.0,0.0,1.589599227227786,-0.6807907025712948,-24.117353894468728,1.589599227227786,-0.6807907025712948,-24.117353894468728,0.0,0.0,0.0,-1.8316599535677205,0.12487572279993077,-2.7754594775692643,-1.8316599535677205,0.12487572279993077,-2.7754594775692643,0.0,0.0,0.0,-1.5707999967313344,-5.806792375412373e-08,0.013649590843181852,-1.5707999967313344,-5.806792375412373e-08,0.013649590843181852,0.0,0.0,0.0,1.4204862085070862e-07,-4.551167731000629e-06,6.242564070973441e-05,1.4204862085070862e-07,-4.551167731000629e-06,6.242564070973441e-05,0.0,0.0,0.0,robotiq_85_left_knuckle_joint,0.3584970586423067,-0.006997918681597767,,robotiq_85_left_knuckle_joint,0.3584970586423067,-0.006997918681597767,,0.0,0.0,
sentinel_joint_telemetry_v2,20260731_114715,20260731_114715:1,1,320,short_cube_pick_place,attack,replay_attack,prior_command_replay,medium,arm_trajectory,cube,cube_retreat,3,commands_back,,0,,,,cube_transport,2026-07-31T11:47:25.888+01:00,6.757849,0.020825,48.019000,0,3514.320000000,3514.320000000,trusted_fallback,0.000000,-0.058623000373513215,0.12475000950081702,0.255439634670292,-0.058623000373513215,0.12475000950081702,0.255439634670292,0.0,0.0,0.0,-1.3176594147697127,0.5560369918503091,-35.569178746864715,-1.3176594147697127,0.5560369918503091,-35.569178746864715,0.0,0.0,0.0,1.57598341646594,-0.6807904436878282,-24.1314508783423,1.57598341646594,-0.6807904436878282,-24.1314508783423,0.0,0.0,0.0,-1.829162419983224,0.12487722817498675,-2.7752169251351013,-1.829162419983224,0.12487722817498675,-2.7752169251351013,0.0,0.0,0.0,-1.5707999974714708,-2.4918601277020003e-08,0.013611979419576939,-1.5707999974714708,-2.4918601277020003e-08,0.013611979419576939,0.0,0.0,0.0,8.708644077032837e-08,-1.7132243963368819e-06,6.251915664896245e-05,8.708644077032837e-08,-1.7132243963368819e-06,6.251915664896245e-05,0.0,0.0,0.0,robotiq_85_left_knuckle_joint,0.35837166405441256,-0.0056537687279359485,,robotiq_85_left_knuckle_joint,0.35837166405441256,-0.0056537687279359485,,0.0,0.0,
sentinel_joint_telemetry_v2,20260731_114715,20260731_114715:1,1,321,short_cube_pick_place,attack,replay_attack,prior_command_replay,medium,arm_trajectory,cube,cube_retreat,3,commands_back,,0,,,,cube_transport,2026-07-31T11:47:25.908+01:00,6.777953,0.020104,49.742575,0,3514.340000000,3514.340000000,trusted_fallback,0.000000,-0.056128001216110696,0.12474904400553992,0.011431220379399094,-0.056128001216110696,0.12474904400553992,0.011431220379399094,0.0,0.0,0.0,-1.3065386487120079,0.5560626530316591,-34.77644108473835,-1.3065386487120079,0.5560626530316591,-34.77644108473835,0.0,0.0,0.0,1.5623676560710262,-0.6807430215841586,-23.04616696101657,1.5623676560710262,-0.6807430215841586,-23.04616696101657,0.0,0.0,0.0,-1.82666458775724,0.12515874585609987,-2.5360498182458966,-1.82666458775724,0.12515874585609987,-2.5360498182458966,0.0,0.0,0.0,-1.5707999807929829,1.701662873164391e-05,-0.100117314780643,-1.5707999807929829,1.701662873164391e-05,-0.100117314780643,0.0,0.0,0.0,6.00592577004604e-07,0.0005344731754555506,-0.0006758248811559008,6.00592577004604e-07,0.0005344731754555506,-0.0006758248811559008,0.0,0.0,0.0,robotiq_85_left_knuckle_joint,0.35854132427521385,0.2621923903021818,,robotiq_85_left_knuckle_joint,0.35854132427521385,0.2621923903021818,,0.0,0.0,
sentinel_joint_telemetry_v2,20260731_114715,20260731_114715:1,1,322,short_cube_pick_place,attack,replay_attack,prior_command_replay,medium,arm_trajectory,cube,cube_retreat,3,commands_back,,0,,,,cube_transport,2026-07-31T11:47:25.930+01:00,6.799893,0.021940,45.578808,0,3514.362000000,3514.362000000,trusted_fallback,0.000000,-0.053383500504260877,0.12475001839384552,0.2633182467414905,-0.053383500504260877,0.12475001839384552,0.2633182467414905,0.0,0.0,0.0,-1.2943058511685925,0.5560366106596841,-36.62719747685334,-1.2943058511685925,0.5560366106596841,-36.62719747685334,0.0,0.0,0.0,1.5473902362834209,-0.6807911454412079,-24.160686732418036,1.5473902362834209,-0.6807911454412079,-24.160686732418036,0.0,0.0,0.0,-1.8239174672928304,0.12487304707644019,-2.7746976212989134,-1.8239174672928304,0.12487304707644019,-2.7746976212989134,0.0,0.0,0.0,-1.5707999927130043,-3.0601358180521593e-07,0.013529211616532682,-1.5707999927130043,-3.0601358180521593e-07,0.013529211616532682,0.0,0.0,0.0,2.225360646539647e-07,-9.69077686059801e-06,6.219101296003139e-05,2.225360646539647e-07,-9.69077686059801e-06,6.219101296003139e-05,0.0,0.0,0.0,robotiq_85_left_knuckle_joint,0.35845605791826884,-0.006894510196173712,,robotiq_85_left_knuckle_joint,0.35845605791826884,-0.006894510196173712,,0.0,0.0,
sentinel_joint_telemetry_v2,20260731_114715,20260731_114715:1,1,323,short_cube_pick_place,attack,replay_attack,prior_command_replay,medium,arm_trajectory,cube,cube_retreat,3,commands_back,,0,,,,cube_transport,2026-07-31T11:47:25.951+01:00,6.820292,0.020399,49.022621,0,3514.382000000,3514.382000000,trusted_fallback,0.000000,-0.05088850207082582,0.12475010620107319,0.2671184622430381,-0.05088850207082582,0.12475010620107319,0.2671184622430381,0.0,0.0,0.0,-1.2831851002843904,0.5560360784603463,-37.12861554898657,-1.2831851002843904,0.5560360784603463,-37.12861554898657,0.0,0.0,0.0,1.533774448650734,-0.6807921715109871,-24.17454499188795,1.533774448650734,-0.6807921715109871,-24.17454499188795,0.0,0.0,0.0,-1.8214197968957857,0.1248669517543819,-2.7744643741259614,-1.8214197968957857,0.1248669517543819,-2.7744643741259614,0.0,0.0,0.0,-1.570799993411575,-2.751734662501462e-07,0.013544000688454688,-1.570799993411575,-2.751734662501462e-07,0.013544000688454688,0.0,0.0,0.0,4.224207088089597e-07,-2.1010990426708763e-05,6.319803872733398e-05,4.224207088089597e-07,-2.1010990426708763e-05,6.319803872733398e-05,0.0,0.0,0.0,robotiq_85_left_knuckle_joint,0.3586808072012884,-0.009116237354489552,,robotiq_85_left_knuckle_joint,0.3586808072012884,-0.009116237354489552,,0.0,0.0,
sentinel_joint_telemetry_v2,20260731_114715,20260731_114715:1,1,324,short_cube_pick_place,attack,replay_attack,prior_command_replay,medium,arm_trajectory,cube,cube_retreat,3,commands_back,,0,,,,cube_transport,2026-07-31T11:47:25.971+01:00,6.840567,0.020276,49.320307,0,3514.402000000,3514.402000000,trusted_fallback,0.000000,-0.048393502570346365,0.12475013472805707,0.2706843172988989,-0.048393502570346365,0.12475013472805707,0.2706843172988989,0.0,0.0,0.0,-1.2720643556968678,0.5560358960765222,-37.6283477859345,-1.2720643556968678,0.5560358960765222,-37.6283477859345,0.0,0.0,0.0,1.520158648898144,-0.6807925242527961,-24.188327365879296,1.520158648898144,-0.6807925242527961,-24.188327365879296,0.0,0.0,0.0,-1.818922197916506,0.12486482408592071,-2.7742376728369433,-1.818922197916506,0.12486482408592071,-2.7742376728369433,0.0,0.0,0.0,-1.5707999936372787,-2.7060376389578117e-07,0.013472615590494626,-1.5707999936372787,-2.7060376389578117e-07,0.013472615590494626,0.0,0.0,0.0,4.907202379267686e-07,-2.5020919834371053e-05,6.278225267217115e-05,4.907202379267686e-07,-2.5020919834371053e-05,6.278225267217115e-05,0.0,0.0,0.0,robotiq_85_left_knuckle_joint,0.358757337995241,-0.009773688672102883,,robotiq_85_left_knuckle_joint,0.358757337995241,-0.009773688672102883,,0.0,0.0,
sentinel_joint_telemetry_v2,20260731_114715,20260731_114715:1,1,325,short_cube_pick_place,attack,replay_attack,prior_command_replay,medium,arm_trajectory,cube,cube_retreat,3,commands_back,,0,,,,cube_transport,2026-07-31T11:47:25.992+01:00,6.861321,0.020754,48.183485,0,3514.422000000,3514.422000000,trusted_fallback,0.000000,-0.04589850502957182,0.1247502721275829,0.22040154235810402,-0.04589850502957182,0.1247502721275829,0.22040154235810402,0.0,0.0,0.0,-1.2609435930544037,0.5560347106404645,-38.24823112370582,-1.2609435930544037,0.5560347106404645,-38.24823112370582,0.0,0.0,0.0,1.5065428834483654,-0.6807947827060384,-24.297966870982588,1.5065428834483654,-0.6807947827060384,-24.297966870982588,0.0,0.0,0.0,-1.816424393307552,0.12485127254744635,-2.7931179554449392,-1.816424393307552,0.12485127254744635,-2.7931179554449392,0.0,0.0,0.0,-1.570799989334157,-5.176337976803627e-07,-0.008633518120956613,-1.570799989334157,-5.176337976803627e-07,-0.008633518120956613,0.0,0.0,0.0,9.493838125320956e-07,-5.071774023313058e-05,-0.0003495539784302785,9.493838125320956e-07,-5.071774023313058e-05,-0.0003495539784302785,0.0,0.0,0.0,robotiq_85_left_knuckle_joint,0.3593453277612815,-0.030052557611214902,,robotiq_85_left_knuckle_joint,0.3593453277612815,-0.030052557611214902,,0.0,0.0,
sentinel_joint_telemetry_v2,20260731_114715,20260731_114715:1,1,326,short_cube_pick_place,attack,replay_attack,prior_command_replay,medium,arm_trajectory,cube,cube_retreat,3,commands_back,,0,,,,cube_transport,2026-07-31T11:47:26.012+01:00,6.881924,0.020602,48.538157,0,3514.442000000,3514.442000000,trusted_fallback,0.000000,-0.04340350183342739,0.12475009533979899,0.27776899140093625,-0.04340350183342739,0.12475009533979899,0.27776899140093625,0.0,0.0,0.0,-1.2498228793545074,0.5560362442358255,-38.62237626030994,-1.2498228793545074,0.5560362442358255,-38.62237626030994,0.0,0.0,0.0,1.4929270248518813,-0.680791866342873,-24.215573130876834,1.4929270248518813,-0.680791866342873,-24.215573130876834,0.0,0.0,0.0,-1.8139271463726432,0.12486870289881993,-2.7737938177259984,-1.8139271463726432,0.12486870289881993,-2.7737938177259984,0.0,0.0,0.0,-1.5707999954621683,-1.851597955029871e-07,0.013417690108803148,-1.5707999954621683,-1.851597955029871e-07,0.013417690108803148,0.0,0.0,0.0,3.531745144613008e-07,-1.781051300215827e-05,6.313152563878254e-05,3.531745144613008e-07,-1.781051300215827e-05,6.313152563878254e-05,0.0,0.0,0.0,robotiq_85_left_knuckle_joint,0.35907113267414603,-0.012901856734608187,,robotiq_85_left_knuckle_joint,0.35907113267414603,-0.012901856734608187,,0.0,0.0,
sentinel_joint_telemetry_v2,20260731_114715,20260731_114715:1,1,327,short_cube_pick_place,attack,replay_attack,prior_command_replay,medium,arm_trajectory,cube,cube_retreat,3,commands_back,,0,,,,cube_transport,2026-07-31T11:47:26.033+01:00,6.902524,0.020600,48.543861,0,3514.462000000,3514.462000000,trusted_fallback,0.000000,-0.04090850279797452,0.12475014970158829,0.28787310949886125,-0.04090850279797452,0.12475014970158829,0.28787310949886125,0.0,0.0,0.0,-1.2387021294420673,0.5560357660232661,-39.12143035061872,-1.2387021294420673,0.5560357660232661,-39.12143035061872,0.0,0.0,0.0,1.4793112352242557,-0.6807927815826327,-24.23253166445846,1.4793112352242557,-0.6807927815826327,-24.23253166445846,0.0,0.0,0.0,-1.8114294858607365,0.1248631567511363,-2.7741313476608904,-1.8114294858607365,0.1248631567511363,-2.7741313476608904,0.0,0.0,0.0,-1.5707999938040131,-2.8524911117877583e-07,0.01604912563424149,-1.5707999938040131,-2.8524911117877583e-07,0.01604912563424149,0.0,0.0,0.0,5.354866014661032e-07,-2.8154473471803066e-05,0.00013092062085082206,5.354866014661032e-07,-2.8154473471803066e-05,0.00013092062085082206,0.0,0.0,0.0,robotiq_85_left_knuckle_joint,0.3591416218745594,-0.013103027132610743,,robotiq_85_left_knuckle_joint,0.3591416218745594,-0.013103027132610743,,0.0,0.0,
sentinel_joint_telemetry_v2,20260731_114715,20260731_114715:1,1,328,short_cube_pick_place,attack,replay_attack,prior_command_replay,medium,arm_trajectory,cube,cube_retreat,3,commands_back,,0,,,,cube_transport,2026-07-31T11:47:26.054+01:00,6.923304,0.020781,48.121438,0,3514.482000000,3514.482000000,trusted_fallback,0.000000,-0.03841350103712583,0.12475005265250891,0.2841290054942222,-0.03841350103712583,0.12475005265250891,0.2841290054942222,0.0,0.0,0.0,-1.2275814033690864,0.5560366122251057,-39.60880857202901,-1.2275814033690864,0.5560366122251057,-39.60880857202901,0.0,0.0,0.0,1.4656954000885223,-0.6807911685942176,-24.242400545227547,1.4656954000885223,-0.6807911685942176,-24.242400545227547,0.0,0.0,0.0,-1.8089320995979334,0.1248728466646925,-2.7733449559029455,-1.8089320995979334,0.1248728466646925,-2.7733449559029455,0.0,0.0,0.0,-1.5707999972075715,-1.0413171174991631e-07,0.013160585300274587,-1.5707999972075715,-1.0413171174991631e-07,0.013160585300274587,0.0,0.0,0.0,2.038042677346169e-07,-9.943188197764226e-06,5.850124185336174e-05,2.038042677346169e-07,-9.943188197764226e-06,5.850124185336174e-05,0.0,0.0,0.0,robotiq_85_left_knuckle_joint,0.35890155509304245,-0.01110591161531898,,robotiq_85_left_knuckle_joint,0.35890155509304245,-0.01110591161531898,,0.0,0.0,
sentinel_joint_telemetry_v2,20260731_114715,20260731_114715:1,1,329,short_cube_pick_place,attack,replay_attack,prior_command_replay,medium,arm_trajectory,cube,cube_retreat,3,commands_back,,0,,,,cube_transport,2026-07-31T11:47:26.075+01:00,6.944486,0.021182,47.210379,0,3514.502000000,3514.502000000,trusted_fallback,0.000000,-0.035918502913962556,0.12475015769764229,-0.637976780153701,-0.035918502913962556,0.12475015769764229,-0.637976780153701,0.0,0.0,0.0,-1.216460645143649,0.5560356721794318,-40.11054535679161,-1.216460645143649,0.5560356721794318,-40.11054535679161,0.0,0.0,0.0,1.4520796263930238,-0.680792968952017,-24.265218979907672,1.4520796263930238,-0.680792968952017,-24.265218979907672,0.0,0.0,0.0,-1.8064343422860136,0.12486192273884288,-2.7754719915249044,-1.8064343422860136,0.12486192273884288,-2.7754719915249044,0.0,0.0,0.0,-1.57079999362417,-3.1115732186844103e-07,-0.35595990445102066,-1.57079999362417,-3.1115732186844103e-07,-0.35595990445102066,0.0,0.0,0.0,5.689577097100607e-07,-3.0444995914994267e-05,-0.007132908950299394,5.689577097100607e-07,-3.0444995914994267e-05,-0.007132908950299394,0.0,0.0,0.0,robotiq_85_left_knuckle_joint,0.35911924950179813,0.016336712054832114,,robotiq_85_left_knuckle_joint,0.35911924950179813,0.016336712054832114,,0.0,0.0,
sentinel_joint_telemetry_v2,20260731_114715,20260731_114715:1,1,330,short_cube_pick_place,attack,replay_attack,prior_command_replay,medium,arm_trajectory,cube,cube_retreat,3,commands_back,,0,,,,cube_transport,2026-07-31T11:47:26.096+01:00,6.965309,0.020822,48.025044,0,3514.522000000,3514.522000000,trusted_fallback,0.000000,-0.03342350331187301,0.12475018057891242,0.4865378394860889,-0.03342350331187301,0.12475018057891242,0.4865378394860889,0.0,0.0,0.0,-1.2053399001537966,0.5560354674440299,-40.70463012720278,-1.2053399001537966,0.5560354674440299,-40.70463012720278,0.0,0.0,0.0,1.4384638274205126,-0.6807933650313056,-24.357845011399267,1.4384638274205126,-0.6807933650313056,-24.357845011399267,0.0,0.0,0.0,-1.8039367378030746,0.1248594893118748,-2.79047104554205,-1.8039367378030746,0.1248594893118748,-2.79047104554205,0.0,0.0,0.0,-1.5707999930317222,-3.520667947376141e-07,0.09070390811578112,-1.5707999930317222,-3.520667947376141e-07,0.09070390811578112,0.0,0.0,0.0,6.465968322022042e-07,-3.497379863536042e-05,0.0015818439102831905,6.465968322022042e-07,-3.497379863536042e-05,0.0015818439102831905,0.0,0.0,0.0,robotiq_85_left_knuckle_joint,0.3591596349151907,-0.019345902911220302,,robotiq_85_left_knuckle_joint,0.3591596349151907,-0.019345902911220302,,0.0,0.0,
sentinel_joint_telemetry_v2,20260731_114715,20260731_114715:1,1,331,short_cube_pick_place,attack,replay_attack,prior_command_replay,medium,arm_trajectory,cube,cube_retreat,3,commands_back,,0,,,,cube_transport,2026-07-31T11:47:26.116+01:00,6.985904,0.020596,48.553926,0,3514.542000000,3514.542000000,trusted_fallback,0.000000,-0.030928501189023738,0.1247500634188094,0.2936611552050053,-0.030928501189023738,0.1247500634188094,0.2936611552050053,0.0,0.0,0.0,-1.1942191775812956,0.5560365081169133,-41.07380376135801,-1.1942191775812956,0.5560365081169133,-41.07380376135801,0.0,0.0,0.0,1.4248479854445475,-0.6807913720302494,-24.28234086324967,1.4248479854445475,-0.6807913720302494,-24.28234086324967,0.0,0.0,0.0,-1.80143939453656,0.12487156790744731,-2.7727609571151466,-1.80143939453656,0.12487156790744731,-2.7727609571151466,0.0,0.0,0.0,-1.5707999972185855,-1.274279763487443e-07,0.012973892460558752,-1.5707999972185855,-1.274279763487443e-07,0.012973892460558752,0.0,0.0,0.0,2.3496618929409133e-07,-1.2320939426824435e-05,5.7356768935925645e-05,2.3496618929409133e-07,-1.2320939426824435e-05,5.7356768935925645e-05,0.0,0.0,0.0,robotiq_85_left_knuckle_joint,0.35891603646716874,-0.011087638382386624,,robotiq_85_left_knuckle_joint,0.35891603646716874,-0.011087638382386624,,0.0,0.0,
sentinel_joint_telemetry_v2,20260731_114715,20260731_114715:1,1,332,short_cube_pick_place,attack,replay_attack,prior_command_replay,medium,arm_trajectory,cube,cube_retreat,3,commands_back,,0,,,,cube_transport,2026-07-31T11:47:26.137+01:00,7.006388,0.020484,48.818743,0,3514.562000000,3514.562000000,trusted_fallback,0.000000,-0.028433500439736113,0.1247500225675622,0.2967237981986743,-0.028433500439736113,0.1247500225675622,0.2967237981986743,0.0,0.0,0.0,-1.1830984428081655,0.5560368709771638,-41.557996991023,-1.1830984428081655,0.5560368709771638,-41.557996991023,0.0,0.0,0.0,1.411232166834108,-0.6807906771136298,-24.295577859436424,1.411232166834108,-0.6807906771136298,-24.295577859436424,0.0,0.0,0.0,-1.7989419096631423,0.12487577945355799,-2.772592632273245,-1.7989419096631423,0.12487577945355799,-2.772592632273245,0.0,0.0,0.0,-1.5707999987718844,-4.9102969116969486e-08,0.012924023509703068,-1.5707999987718844,-4.9102969116969486e-08,0.012924023509703068,0.0,0.0,0.0,8.891285241256541e-08,-4.422376274058589e-06,5.762546502832733e-05,8.891285241256541e-08,-4.422376274058589e-06,5.762546502832733e-05,0.0,0.0,0.0,robotiq_85_left_knuckle_joint,0.35871695660678937,-0.008994935805242249,,robotiq_85_left_knuckle_joint,0.35871695660678937,-0.008994935805242249,,0.0,0.0,
sentinel_joint_telemetry_v2,20260731_114715,20260731_114715:1,1,333,short_cube_pick_place,attack,replay_attack,prior_command_replay,medium,arm_trajectory,cube,cube_retreat,3,commands_back,,0,,,,cube_transport,2026-07-31T11:47:26.157+01:00,7.026543,0.020154,49.616802,0,3514.582000000,3514.582000000,trusted_fallback,0.000000,-0.025938500169379864,0.1247500083236137,0.2996749912768111,-0.025938500169379864,0.1247500083236137,0.2996749912768111,0.0,0.0,0.0,-1.171977703780939,0.556036997498715,-42.039974315229024,-1.171977703780939,0.556036997498715,-42.039974315229024,0.0,0.0,0.0,1.3976163563707233,-0.6807904348111776,-24.308737675215063,1.3976163563707233,-0.6807904348111776,-24.308737675215063,0.0,0.0,0.0,-1.7964443754144506,0.12487724792889882,-2.7724290997440013,-1.7964443754144506,0.12487724792889882,-2.7724290997440013,0.0,0.0,0.0,-1.5707999994069184,-2.1792701775970313e-08,0.012857232293106115,-1.5707999994069184,-2.1792701775970313e-08,0.012857232293106115,0.0,0.0,0.0,3.546059599855642e-08,-1.6683175936266616e-06,5.7394049432444134e-05,3.546059599855642e-08,-1.6683175936266616e-06,5.7394049432444134e-05,0.0,0.0,0.0,robotiq_85_left_knuckle_joint,0.3585561224386694,-0.007272796128488296,,robotiq_85_left_knuckle_joint,0.3585561224386694,-0.007272796128488296,,0.0,0.0,
sentinel_joint_telemetry_v2,20260731_114715,20260731_114715:1,1,334,short_cube_pick_place,attack,replay_attack,prior_command_replay,medium,arm_trajectory,cube,cube_retreat,3,commands_back,,0,,,,cube_transport,2026-07-31T11:47:26.177+01:00,7.046970,0.020427,48.954419,0,3514.602000000,3514.602000000,trusted_fallback,0.000000,-0.023443500066016646,0.12475000335705498,0.30253945715866565,-0.023443500066016646,0.12475000335705498,0.30253945715866565,0.0,0.0,0.0,-1.1608569632704,0.5560370416140453,-42.519623078214714,-1.1608569632704,0.5560370416140453,-42.519623078214714,0.0,0.0,0.0,1.3840005487480416,-0.6807903503255394,-24.321780897529543,1.3840005487480416,-0.6807903503255394,-24.321780897529543,0.0,0.0,0.0,-1.7939468239496656,0.12487775995458707,-2.77226307333547,-1.7939468239496656,0.12487775995458707,-2.77226307333547,0.0,0.0,0.0,-1.570799999721772,-1.2270198941101429e-08,0.01278393134294966,-1.570799999721772,-1.2270198941101429e-08,0.01278393134294966,0.0,0.0,0.0,1.4296339940936049e-08,-7.080367141962252e-07,5.7127457029950184e-05,1.4296339940936049e-08,-7.080367141962252e-07,5.7127457029950184e-05,0.0,0.0,0.0,robotiq_85_left_knuckle_joint,0.3584282411538859,-0.0059818598474150105,,robotiq_85_left_knuckle_joint,0.3584282411538859,-0.0059818598474150105,,0.0,0.0,
sentinel_joint_telemetry_v2,20260731_114715,20260731_114715:1,1,335,short_cube_pick_place,attack,replay_attack,prior_command_replay,medium,arm_trajectory,cube,cube_retreat,3,commands_back,,0,,,,cube_transport,2026-07-31T11:47:26.198+01:00,7.067078,0.020108,49.730629,0,3514.622000000,3514.622000000,trusted_fallback,0.000000,-0.021393351679070513,0.06629637583219412,-0.22949963536668416,-0.021393351679070513,0.06629637583219412,-0.22949963536668416,0.0,0.0,0.0,-1.1517189918120752,0.29552501643793055,-41.69470366996145,-1.1517189918120752,0.29552501643793055,-41.69470366996145,0.0,0.0,0.0,1.372812443759952,-0.3617542711484159,-23.474850233884226,1.372812443759952,-0.3617542711484159,-23.474850233884226,0.0,0.0,0.0,-1.791894292854015,0.06664616719937358,-2.5685926996238324,-1.791894292854015,0.06664616719937358,-2.5685926996238324,0.0,0.0,0.0,-1.5707999826539403,1.7239458423085573e-05,-0.12467794643213136,-1.5707999826539403,1.7239458423085573e-05,-0.12467794643213136,0.0,0.0,0.0,5.400518881034827e-07,0.0005346877181202137,-0.0010078617760776953,5.400518881034827e-07,0.0005346877181202137,-0.0010078617760776953,0.0,0.0,0.0,robotiq_85_left_knuckle_joint,0.3586099014907396,0.26267971044963,,robotiq_85_left_knuckle_joint,0.3586099014907396,0.26267971044963,,0.0,0.0,
sentinel_joint_telemetry_v2,20260731_114715,20260731_114715:1,1,336,short_cube_pick_place,attack,replay_attack,prior_command_replay,medium,arm_trajectory,cube,cube_retreat,3,commands_back,,0,,,,cube_placement,2026-07-31T11:47:26.218+01:00,7.087122,0.020044,49.889467,0,3514.642000000,3514.642000000,trusted_fallback,0.000000,-0.020616096001940736,0.023116444552304567,0.010189358986438746,-0.020616096001940736,0.023116444552304567,0.010189358986438746,0.0,0.0,0.0,-1.1482546177674908,0.10303432044502003,-43.376748010866194,-1.1482546177674908,0.10303432044502003,-43.376748010866194,0.0,0.0,0.0,1.3685707487323766,-0.1261527072745703,-24.673832390694137,1.3685707487323766,-0.1261527072745703,-24.673832390694137,0.0,0.0,0.0,-1.79111642416828,0.02313467612810924,-2.8205993715277473,-1.79111642416828,0.02313467612810924,-2.8205993715277473,0.0,0.0,0.0,-1.5707999939515733,-3.360224416579932e-07,0.0005176336600846096,-1.5707999939515733,-3.360224416579932e-07,0.0005176336600846096,0.0,0.0,0.0,1.8830443936452613e-07,-1.0461357801076114e-05,-1.235636140931485e-06,1.8830443936452613e-07,-1.0461357801076114e-05,-1.235636140931485e-06,0.0,0.0,0.0,robotiq_85_left_knuckle_joint,0.358487524272285,-0.007055339813259006,,robotiq_85_left_knuckle_joint,0.358487524272285,-0.007055339813259006,,0.0,0.0,
sentinel_joint_telemetry_v2,20260731_114715,20260731_114715:1,1,337,short_cube_pick_place,attack,replay_attack,prior_command_replay,medium,arm_trajectory,cube,cube_retreat,3,commands_back,,0,,,,cube_placement,2026-07-31T11:47:26.238+01:00,7.107728,0.020606,48.530315,0,3514.662000000,3514.662000000,trusted_fallback,0.000000,-0.020345085672497654,0.008060315138765766,0.013248553043207148,-0.020345085672497654,0.008060315138765766,0.013248553043207148,0.0,0.0,0.0,-1.1470466476511871,0.03592486953888016,-43.44812036950434,-1.1470466476511871,0.03592486953888016,-43.44812036950434,0.0,0.0,0.0,1.3670917951980925,-0.04398862203635456,-24.6911627874776,1.3670917951980925,-0.04398862203635456,-24.6911627874776,0.0,0.0,0.0,-1.7908449891828626,0.008054954717073511,-2.823080923185509,-1.7908449891828626,0.008054954717073511,-2.823080923185509,0.0,0.0,0.0,-1.570799994360437,-3.1330896971097644e-07,0.004807281360610049,-1.570799994360437,-3.1330896971097644e-07,0.004807281360610049,0.0,0.0,0.0,4.5485085142564913e-07,-2.5269491867821285e-05,9.864244285174807e-05,4.5485085142564913e-07,-2.5269491867821285e-05,9.864244285174807e-05,0.0,0.0,0.0,robotiq_85_left_knuckle_joint,0.3587328950383413,-0.009774742720857224,,robotiq_85_left_knuckle_joint,0.3587328950383413,-0.009774742720857224,,0.0,0.0,
sentinel_joint_telemetry_v2,20260731_114715,20260731_114715:1,1,338,short_cube_pick_place,attack,replay_attack,prior_command_replay,medium,arm_trajectory,cube,cube_retreat,3,commands_back,,0,,,,cube_placement,2026-07-31T11:47:26.260+01:00,7.129877,0.022149,45.149205,0,3514.684000000,3514.684000000,trusted_fallback,0.000000,-0.020276735940711364,5.740918774324111e-05,0.009543555263813322,-0.020276735940711364,5.740918774324111e-05,0.009543555263813322,0.0,0.0,0.0,-1.146295113115315,0.06987257309558052,-43.49537778127715,-1.146295113115315,0.06987257309558052,-43.49537778127715,0.0,0.0,0.0,1.3675294136770781,0.12596468605223832,-24.67455797925105,1.3675294136770781,0.12596468605223832,-24.67455797925105,0.0,0.0,0.0,-1.7920342168007346,-0.19583732162168865,-2.819146200293582,-1.7920342168007346,-0.19583732162168865,-2.819146200293582,0.0,0.0,0.0,-1.5707999970171793,-2.2329617261132584e-09,0.00020076804412586747,-1.5707999970171793,-2.2329617261132584e-09,0.00020076804412586747,0.0,0.0,0.0,2.4057101589188685e-07,-1.7998060524858535e-07,-1.566044995897148e-06,2.4057101589188685e-07,-1.7998060524858535e-07,-1.566044995897148e-06,0.0,0.0,0.0,robotiq_85_left_knuckle_joint,0.35854765667676736,-0.007517124777318236,,robotiq_85_left_knuckle_joint,0.35854765667676736,-0.007517124777318236,,0.0,0.0,
sentinel_joint_telemetry_v2,20260731_114715,20260731_114715:1,1,339,short_cube_pick_place,attack,replay_attack,prior_command_replay,medium,arm_trajectory,cube,cube_retreat,3,commands_back,,0,,,,cube_placement,2026-07-31T11:47:26.281+01:00,7.150874,0.020997,47.625463,0,3514.704000000,3514.704000000,trusted_fallback,0.000000,-0.020274906600875227,0.00011154581278307696,-0.2125587540496715,-0.020274906600875227,0.00011154581278307696,-0.2125587540496715,0.0,0.0,0.0,-1.1440637785051098,0.13549268076061655,-43.69021974362524,-1.1440637785051098,0.13549268076061655,-43.69021974362524,0.0,0.0,0.0,1.371552016629866,0.24426292113799153,-24.664162933665146,1.371552016629866,0.24426292113799153,-24.664162933665146,0.0,0.0,0.0,-1.7982876243126007,-0.37978528167361814,-2.8195311578676447,-1.7982876243126007,-0.37978528167361814,-2.8195311578676447,0.0,0.0,0.0,-1.570799989593769,-4.2069523303097517e-07,-0.09532582755935085,-1.570799989593769,-4.2069523303097517e-07,-0.09532582755935085,0.0,0.0,0.0,1.0335484577798527e-06,-4.4722616579669994e-05,-0.0036088953992777623,1.0335484577798527e-06,-4.4722616579669994e-05,-0.0036088953992777623,0.0,0.0,0.0,robotiq_85_left_knuckle_joint,0.3591409986316413,0.08476800254372649,,robotiq_85_left_knuckle_joint,0.3591409986316413,0.08476800254372649,,0.0,0.0,
sentinel_joint_telemetry_v2,20260731_114715,20260731_114715:1,1,340,short_cube_pick_place,attack,replay_attack,prior_command_replay,medium,arm_trajectory,cube,cube_retreat,3,commands_back,,0,,,,cube_placement,2026-07-31T11:47:26.302+01:00,7.171606,0.020731,48.235872,0,3514.724000000,3514.724000000,trusted_fallback,0.000000,-0.02027243989257278,0.0001302730784243321,0.049292242530332014,-0.02027243989257278,0.0001302730784243321,0.049292242530332014,0.0,0.0,0.0,-1.1410631521019698,0.15837435548381024,-43.755087895866296,-1.1410631521019698,0.15837435548381024,-43.755087895866296,0.0,0.0,0.0,1.3769614761900817,0.2855135669193705,-24.569519929927317,1.3769614761900817,0.2855135669193705,-24.569519929927317,0.0,0.0,0.0,-1.8066978882299907,-0.44390788586721763,-2.806382291403587,-1.8066978882299907,-0.44390788586721763,-2.806382291403587,0.0,0.0,0.0,-1.5707999920973013,-2.876691076458826e-07,0.0002816699053190085,-1.5707999920973013,-2.876691076458826e-07,0.0002816699053190085,0.0,0.0,0.0,7.63743015913794e-07,-3.0221764005499254e-05,-4.1621421965368576e-08,7.63743015913794e-07,-3.0221764005499254e-05,-4.1621421965368576e-08,0.0,0.0,0.0,robotiq_85_left_knuckle_joint,0.35918572191487275,-0.013446328694263302,,robotiq_85_left_knuckle_joint,0.35918572191487275,-0.013446328694263302,,0.0,0.0,
sentinel_joint_telemetry_v2,20260731_114715,20260731_114715:1,1,341,short_cube_pick_place,attack,replay_attack,prior_command_replay,medium,arm_trajectory,cube,cube_retreat,3,commands_back,,0,,,,cube_placement,2026-07-31T11:47:26.323+01:00,7.192146,0.020540,48.684387,0,3514.744000000,3514.744000000,trusted_fallback,0.000000,-0.020269753923931086,0.00013681921423219561,0.0547645137061823,-0.020269753923931086,0.00013681921423219561,0.0547645137061823,0.0,0.0,0.0,-1.1377942626674733,0.16635252846472853,-43.85759357091999,-1.1377942626674733,0.16635252846472853,-43.85759357091999,0.0,0.0,0.0,1.3828545544069122,0.2998965095548872,-24.517159574099814,1.3828545544069122,0.2998965095548872,-24.517159574099814,0.0,0.0,0.0,-1.8158598778168158,-0.4662679528703324,-2.805018037565888,-1.8158598778168158,-0.4662679528703324,-2.805018037565888,0.0,0.0,0.0,-1.5707999923537983,-2.794740662235076e-07,0.00046125168161410737,-1.5707999923537983,-2.794740662235076e-07,0.00046125168161410737,0.0,0.0,0.0,7.248545945479637e-07,-2.8549632296201184e-05,4.7243941742046655e-06,7.248545945479637e-07,-2.8549632296201184e-05,4.7243941742046655e-06,0.0,0.0,0.0,robotiq_85_left_knuckle_joint,0.3593062895888095,-0.014071474557286301,,robotiq_85_left_knuckle_joint,0.3593062895888095,-0.014071474557286301,,0.0,0.0,
sentinel_joint_telemetry_v2,20260731_114715,20260731_114715:1,1,342,short_cube_pick_place,attack,replay_attack,prior_command_replay,medium,arm_trajectory,cube,cube_retreat,3,commands_back,,0,,,,cube_placement,2026-07-31T11:47:26.343+01:00,7.212265,0.020119,49.703217,0,3514.764000000,3514.764000000,trusted_fallback,0.000000,-0.02026698964268694,0.00013901464991169284,0.0557401441889883,-0.02026698964268694,0.00013901464991169284,0.0557401441889883,0.0,0.0,0.0,-1.1344318536467393,0.16913516887678182,-43.949931608797066,-1.1344318536467393,0.16913516887678182,-43.949931608797066,0.0,0.0,0.0,1.3889162283932026,0.3049130205534666,-24.463417529405874,1.3889162283932026,0.3049130205534666,-24.463417529405874,0.0,0.0,0.0,-1.8252841838440317,-0.4740548842964856,-2.8046137406967033,-1.8252841838440317,-0.4740548842964856,-2.8046137406967033,0.0,0.0,0.0,-1.5707999956753929,-1.0099581071888047e-07,0.00016983017053439164,-1.5707999956753929,-1.0099581071888047e-07,0.00016983017053439164,0.0,0.0,0.0,3.8650733974791915e-07,-1.0240898720843957e-05,-4.280222598905916e-06,3.8650733974791915e-07,-1.0240898720843957e-05,-4.280222598905916e-06,0.0,0.0,0.0,robotiq_85_left_knuckle_joint,0.3590423425238264,-0.01235690526696354,,robotiq_85_left_knuckle_joint,0.3590423425238264,-0.01235690526696354,,0.0,0.0,
sentinel_joint_telemetry_v2,20260731_114715,20260731_114715:1,1,343,short_cube_pick_place,attack,replay_attack,prior_command_replay,medium,arm_trajectory,cube,cube_retreat,3,commands_back,,0,,,,cube_placement,2026-07-31T11:47:26.363+01:00,7.232932,0.020666,48.388405,0,3514.784000000,3514.784000000,trusted_fallback,0.000000,-0.020264199622620275,0.00013978015100827158,0.05630693299283197,-0.020264199622620275,0.00013978015100827158,0.05630693299283197,0.0,0.0,0.0,-1.1310368215395135,0.17010541559482167,-44.038152387817384,-1.1310368215395135,0.17010541559482167,-44.038152387817384,0.0,0.0,0.0,1.3950367148913398,0.30666216978267524,-24.408689423619748,1.3950367148913398,0.30666216978267524,-24.408689423619748,0.0,0.0,0.0,-1.8347997822050564,-0.47677001940004626,-2.8047093310115634,-1.8347997822050564,-0.47677001940004626,-2.8047093310115634,0.0,0.0,0.0,-1.5707999969045456,-3.8764322409998164e-08,0.00017844356966132478,-1.5707999969045456,-3.8764322409998164e-08,0.00017844356966132478,0.0,0.0,0.0,2.628077973391685e-07,-3.857038059239043e-06,-3.954737884281285e-06,2.628077973391685e-07,-3.857038059239043e-06,-3.954737884281285e-06,0.0,0.0,0.0,robotiq_85_left_knuckle_joint,0.3588203992557729,-0.010031517429781618,,robotiq_85_left_knuckle_joint,0.3588203992557729,-0.010031517429781618,,0.0,0.0,
sentinel_joint_telemetry_v2,20260731_114715,20260731_114715:1,1,344,short_cube_pick_place,attack,replay_attack,prior_command_replay,medium,arm_trajectory,cube,cube_retreat,3,commands_back,,0,,,,cube_placement,2026-07-31T11:47:26.384+01:00,7.254026,0.021094,47.406369,0,3514.804000000,3514.804000000,trusted_fallback,0.000000,-0.02026140062798102,0.0001400470647401294,0.05645236087688634,-0.02026140062798102,0.0001400470647401294,0.05645236087688634,0.0,0.0,0.0,-1.1276304144653813,0.17044371970692776,-44.123199557919214,-1.1276304144653813,0.17044371970692776,-44.123199557919214,0.0,0.0,0.0,1.4011777080443595,0.3072720604072578,-24.352130052529326,1.4011777080443595,0.3072720604072578,-24.352130052529326,0.0,0.0,0.0,-1.844347212234635,-0.4777167284728948,-2.804939064641085,-1.844347212234635,-0.4777167284728948,-2.804939064641085,0.0,0.0,0.0,-1.57079999740411,-1.706553912940445e-08,0.00018721359227927712,-1.57079999740411,-1.706553912940445e-08,0.00018721359227927712,0.0,0.0,0.0,2.1395128440866672e-07,-1.6311234855889267e-06,-3.638168049021342e-06,2.1395128440866672e-07,-1.6311234855889267e-06,-3.638168049021342e-06,0.0,0.0,0.0,robotiq_85_left_knuckle_joint,0.3586403707104997,-0.008129970785940755,,robotiq_85_left_knuckle_joint,0.3586403707104997,-0.008129970785940755,,0.0,0.0,
sentinel_joint_telemetry_v2,20260731_114715,20260731_114715:1,1,345,short_cube_pick_place,attack,replay_attack,prior_command_replay,medium,arm_trajectory,cube,cube_retreat,3,commands_back,,0,,,,cube_placement,2026-07-31T11:47:26.406+01:00,7.275146,0.021120,47.348568,0,3514.824000000,3514.824000000,trusted_fallback,0.000000,-0.02025859927792562,0.00014018312230564423,-0.4591539134510083,-0.02025859927792562,0.00014018312230564423,-0.4591539134510083,0.0,0.0,0.0,-1.1242200172155845,0.17056034739331763,-44.30155314905409,-1.1242200172155845,0.17056034739331763,-44.30155314905409,0.0,0.0,0.0,1.407325888036056,0.30748268221677616,-24.362519594001743,1.407325888036056,0.30748268221677616,-24.362519594001743,0.0,0.0,0.0,-1.8539054806964355,-0.4780613024214102,-2.81892808538088,-1.8539054806964355,-0.4780613024214102,-2.81892808538088,0.0,0.0,0.0,-1.5707999819575436,-8.812515290227557e-07,-0.1955641418349869,-1.5707999819575436,-8.812515290227557e-07,-0.1955641418349869,0.0,0.0,0.0,6.746386516716478e-07,-2.7713199125871998e-05,-0.0037534168052425765,6.746386516716478e-07,-2.7713199125871998e-05,-0.0037534168052425765,0.0,0.0,0.0,robotiq_85_left_knuckle_joint,0.3588588079480829,0.011341514227214342,,robotiq_85_left_knuckle_joint,0.3588588079480829,0.011341514227214342,,0.0,0.0,
sentinel_joint_telemetry_v2,20260731_114715,20260731_114715:1,1,346,short_cube_pick_place,attack,replay_attack,prior_command_replay,medium,arm_trajectory,cube,cube_retreat,3,commands_back,,0,,,,cube_placement,2026-07-31T11:47:26.427+01:00,7.296168,0.021022,47.568962,0,3514.844000000,3514.844000000,trusted_fallback,0.000000,-0.02025579555893965,0.00014018757204538736,0.05638877860368922,-0.02025579555893965,0.00014018757204538736,0.05638877860368922,0.0,0.0,0.0,-1.1208082766174574,0.1706023446167215,-44.28568875712986,-1.1208082766174574,0.1706023446167215,-44.28568875712986,0.0,0.0,0.0,1.413476500702966,0.30755815540265147,-24.23308352495836,1.413476500702966,0.30755815540265147,-24.23308352495836,0.0,0.0,0.0,-1.863468049454514,-0.47816697102298106,-2.805481709530106,-1.863468049454514,-0.47816697102298106,-2.805481709530106,0.0,0.0,0.0,-1.570799992334383,-3.1082663509360287e-07,0.00020188719481010746,-1.570799992334383,-3.1082663509360287e-07,0.00020188719481010746,0.0,0.0,0.0,3.460975252828314e-07,-9.949253600501692e-06,-3.262982230046437e-06,3.460975252828314e-07,-9.949253600501692e-06,-3.262982230046437e-06,0.0,0.0,0.0,robotiq_85_left_knuckle_joint,0.35865033919325,-0.008614916996328872,,robotiq_85_left_knuckle_joint,0.35865033919325,-0.008614916996328872,,0.0,0.0,
sentinel_joint_telemetry_v2,20260731_114715,20260731_114715:1,1,347,short_cube_pick_place,attack,replay_attack,prior_command_replay,medium,arm_trajectory,cube,cube_retreat,3,commands_back,,0,,,,cube_placement,2026-07-31T11:47:26.447+01:00,7.316970,0.020802,48.071792,0,3514.864000000,3514.864000000,trusted_fallback,0.000000,-0.020252991787782518,0.00014018912367332504,0.05629595178407347,-0.020252991787782518,0.00014018912367332504,0.05629595178407347,0.0,0.0,0.0,-1.117396043652782,0.17061698814308454,-44.36361478043647,-1.117396043652782,0.17061698814308454,-44.36361478043647,0.0,0.0,0.0,1.4196279982015163,0.30758447127549826,-24.17069138996654,1.4196279982015163,0.30758447127549826,-24.17069138996654,0.0,0.0,0.0,-1.8730318570488738,-0.47820381538579604,-2.8057814727589245,-1.8730318570488738,-0.47820381538579604,-2.8057814727589245,0.0,0.0,0.0,-1.5707999960235484,-1.119277830453902e-07,0.00020586325595260013,-1.5707999960235484,-1.119277830453902e-07,0.00020586325595260013,0.0,0.0,0.0,2.258171685009939e-07,-3.755347692844385e-06,-3.0603892170375055e-06,2.258171685009939e-07,-3.755347692844385e-06,-3.0603892170375055e-06,0.0,0.0,0.0,robotiq_85_left_knuckle_joint,0.35849835275687686,-0.006999671256550849,,robotiq_85_left_knuckle_joint,0.35849835275687686,-0.006999671256550849,,0.0,0.0,
sentinel_joint_telemetry_v2,20260731_114715,20260731_114715:1,1,348,short_cube_pick_place,attack,replay_attack,prior_command_replay,medium,arm_trajectory,cube,cube_retreat,3,commands_back,,0,,,,cube_placement,2026-07-31T11:47:26.468+01:00,7.337883,0.020913,47.816324,0,3514.884000000,3514.884000000,trusted_fallback,0.000000,-0.020250189563521922,0.00014027661399763328,0.05619540469325784,-0.020250189563521922,0.00014027661399763328,0.05619540469325784,0.0,0.0,0.0,-1.1139836228337907,0.17062119531858666,-44.439307595826,-1.1139836228337907,0.17062119531858666,-44.439307595826,0.0,0.0,0.0,1.4257798274056759,0.3075923590589526,-24.10632349155695,1.4257798274056759,0.3075923590589526,-24.10632349155695,0.0,0.0,0.0,-1.8825959219320394,-0.4782263659260575,-2.8060754897512066,-1.8825959219320394,-0.4782263659260575,-2.8060754897512066,0.0,0.0,0.0,-1.570799994669191,-1.932246395091458e-07,0.00019574924780427916,-1.570799994669191,-1.932246395091458e-07,0.00019574924780427916,0.0,0.0,0.0,4.933548477015651e-07,-1.910688823861641e-05,-2.7641500157201866e-06,4.933548477015651e-07,-1.910688823861641e-05,-2.7641500157201866e-06,0.0,0.0,0.0,robotiq_85_left_knuckle_joint,0.3586072572747309,-0.008047456753818717,,robotiq_85_left_knuckle_joint,0.3586072572747309,-0.008047456753818717,,0.0,0.0,
sentinel_joint_telemetry_v2,20260731_114715,20260731_114715:1,1,349,short_cube_pick_place,attack,replay_attack,prior_command_replay,medium,arm_trajectory,cube,cube_retreat,3,commands_back,,0,,,,cube_placement,2026-07-31T11:47:26.490+01:00,7.359094,0.021211,47.145251,0,3514.904000000,3514.904000000,trusted_fallback,0.000000,-0.02024738627456091,0.00014030495429863464,0.056173648208022495,-0.02024738627456091,0.00014030495429863464,0.056173648208022495,0.0,0.0,0.0,-1.110571152572253,0.17062265568594154,-44.51270931684735,-1.110571152572253,0.17062265568594154,-44.51270931684735,0.0,0.0,0.0,1.4319317484445737,0.3075951449124908,-24.03994341107836,1.4319317484445737,0.3075951449124908,-24.03994341107836,0.0,0.0,0.0,-1.8921602515315517,-0.47823421000264477,-2.806360559420791,-1.8921602515315517,-0.47823421000264477,-2.806360559420791,0.0,0.0,0.0,-1.570799994170764,-2.2696982586358633e-07,0.00023483731641208688,-1.570799994170764,-2.2696982586358633e-07,0.00023483731641208688,0.0,0.0,0.0,5.816862614606778e-07,-2.450252514185039e-05,-2.1828784955773215e-06,5.816862614606778e-07,-2.450252514185039e-05,-2.1828784955773215e-06,0.0,0.0,0.0,robotiq_85_left_knuckle_joint,0.35882349053872675,-0.010180186910570058,,robotiq_85_left_knuckle_joint,0.35882349053872675,-0.010180186910570058,,0.0,0.0,
sentinel_joint_telemetry_v2,20260731_114715,20260731_114715:1,1,350,short_cube_pick_place,attack,replay_attack,prior_command_replay,medium,arm_trajectory,cube,cube_retreat,3,commands_back,,0,,,,cube_placement,2026-07-31T11:47:26.510+01:00,7.379590,0.020495,48.791469,0,3514.924000000,3514.924000000,trusted_fallback,0.000000,-0.020244584687792704,0.00014042786111618144,-0.41038854016215004,-0.020244584687792704,0.00014042786111618144,-0.41038854016215004,0.0,0.0,0.0,-1.1071586425024895,0.17062190448529846,-44.69599085971673,-1.1071586425024895,0.17062190448529846,-44.69599085971673,0.0,0.0,0.0,1.43808373125263,0.30759449914645715,-24.05111071131423,1.43808373125263,0.30759449914645715,-24.05111071131423,0.0,0.0,0.0,-1.9017244346674456,-0.47825019094596183,-2.8226893313946606,-1.9017244346674456,-0.47825019094596183,-2.8226893313946606,0.0,0.0,0.0,-1.5707999898128417,-4.7512140111897333e-07,-0.1766174177002916,-1.5707999898128417,-4.7512140111897333e-07,-0.1766174177002916,0.0,0.0,0.0,1.0334073485206128e-06,-5.008647466181611e-05,-0.003378006562411493,1.0334073485206128e-06,-5.008647466181611e-05,-0.003378006562411493,0.0,0.0,0.0,robotiq_85_left_knuckle_joint,0.35931871673932236,-0.002482549720591129,,robotiq_85_left_knuckle_joint,0.35931871673932236,-0.002482549720591129,,0.0,0.0,
sentinel_joint_telemetry_v2,20260731_114715,20260731_114715:1,1,351,short_cube_pick_place,attack,replay_attack,prior_command_replay,medium,arm_trajectory,cube,cube_retreat,3,commands_back,,0,,,,cube_placement,2026-07-31T11:47:26.531+01:00,7.400248,0.020658,48.406794,0,3514.944000000,3514.944000000,trusted_fallback,0.000000,-0.020241780674441635,0.00013769800594110753,-0.5072126499220803,-0.020241780674441635,0.00013769800594110753,-0.5072126499220803,0.0,0.0,0.0,-1.1037461513928313,0.17065263747735188,-43.165047396995995,-1.1037461513928313,0.17065263747735188,-43.165047396995995,0.0,0.0,0.0,1.4442356912786447,0.30763358467254637,-22.85716018509084,1.4442356912786447,0.30763358467254637,-22.85716018509084,0.0,0.0,0.0,-1.9112889159046236,-0.47793082244630464,-2.6004055792607077,-1.9112889159046236,-0.47793082244630464,-2.6004055792607077,0.0,0.0,0.0,-1.570799990335945,4.923119956897273e-06,-0.21254002373093994,-1.570799990335945,4.923119956897273e-06,-0.21254002373093994,0.0,0.0,0.0,9.826155557318385e-07,0.0005222985360450875,-0.006688693497159522,9.826155557318385e-07,0.0005222985360450875,-0.006688693497159522,0.0,0.0,0.0,robotiq_85_left_knuckle_joint,0.35930127925934696,0.2511250072789437,,robotiq_85_left_knuckle_joint,0.35930127925934696,0.2511250072789437,,0.0,0.0,
sentinel_joint_telemetry_v2,20260731_114715,20260731_114715:1,1,352,short_cube_pick_place,attack,replay_attack,prior_command_replay,medium,arm_trajectory,cube,cube_retreat,3,commands_back,,0,,,,cube_placement,2026-07-31T11:47:26.551+01:00,7.420504,0.020256,49.367811,0,3514.964000000,3514.964000000,trusted_fallback,0.000000,-0.020238974225744586,0.0001402687566860177,0.05602693134007021,-0.020238974225744586,0.0001402687566860177,0.05602693134007021,0.0,0.0,0.0,-1.1003336855701953,0.17062391359663776,-44.71997460182519,-1.1003336855701953,0.17062391359663776,-44.71997460182519,0.0,0.0,0.0,1.4503876221311491,0.3075973597018361,-23.829347139940495,1.4503876221311491,0.3075973597018361,-23.829347139940495,0.0,0.0,0.0,-1.9208536923491435,-0.4782326300626712,-2.807285751389415,-1.9208536923491435,-0.4782326300626712,-2.807285751389415,0.0,0.0,0.0,-1.5707999956816665,-1.611951682776308e-07,0.00033358198085276224,-1.5707999956816665,-1.611951682776308e-07,0.00033358198085276224,0.0,0.0,0.0,4.1913153299291724e-07,-1.6936715323676542e-05,2.7642206885887195e-07,4.1913153299291724e-07,-1.6936715323676542e-05,2.7642206885887195e-07,0.0,0.0,0.0,robotiq_85_left_knuckle_joint,0.35920883918451113,-0.013663237532565813,,robotiq_85_left_knuckle_joint,0.35920883918451113,-0.013663237532565813,,0.0,0.0,
sentinel_joint_telemetry_v2,20260731_114715,20260731_114715:1,1,353,short_cube_pick_place,attack,replay_attack,prior_command_replay,medium,arm_trajectory,cube,cube_retreat,3,commands_back,,0,,,,cube_placement,2026-07-31T11:47:26.571+01:00,7.441020,0.020515,48.743975,0,3514.984000000,3514.984000000,trusted_fallback,0.000000,-0.02023617119513134,0.000140311449637954,0.06199628653828629,-0.02023617119513134,0.000140311449637954,0.06199628653828629,0.0,0.0,0.0,-1.0969211804924246,0.17062343972885854,-44.78846002598094,-1.0969211804924246,0.17062343972885854,-44.78846002598094,0.0,0.0,0.0,1.456539602257732,0.3075968629062136,-23.75769872446789,1.456539602257732,0.3075968629062136,-23.75769872446789,0.0,0.0,0.0,-1.9304180704357767,-0.47823778041030973,-2.8079787140250834,-1.9304180704357767,-0.47823778041030973,-2.8079787140250834,0.0,0.0,0.0,-1.5707999943115303,-2.4336877096388376e-07,0.002613595129484604,-1.5707999943115303,-2.4336877096388376e-07,0.002613595129484604,0.0,0.0,0.0,5.710241109134153e-07,-2.5863528062229895e-05,5.620195942159553e-05,5.710241109134153e-07,-2.5863528062229895e-05,5.620195942159553e-05,0.0,0.0,0.0,robotiq_85_left_knuckle_joint,0.3592059648366999,-0.013158328146337219,,robotiq_85_left_knuckle_joint,0.3592059648366999,-0.013158328146337219,,0.0,0.0,
sentinel_joint_telemetry_v2,20260731_114715,20260731_114715:1,1,354,short_cube_pick_place,attack,replay_attack,prior_command_replay,medium,arm_trajectory,cube,cube_retreat,3,commands_back,,0,,,,cube_placement,2026-07-31T11:47:26.592+01:00,7.461507,0.020487,48.811403,0,3515.004000000,3515.004000000,trusted_fallback,0.000000,-0.020233365971659527,0.000140232317119999,0.0552796116626514,-0.020233365971659527,0.000140232317119999,0.0552796116626514,0.0,0.0,0.0,-1.093508700213125,0.17062434355387993,-44.84699005048297,-1.093508700213125,0.17062434355387993,-44.84699005048297,0.0,0.0,0.0,1.462691553554851,0.3075979677474194,-23.67905304230674,1.462691553554851,0.3075979677474194,-23.67905304230674,0.0,0.0,0.0,-1.9399827081843883,-0.47822850509251824,-2.807821946973567,-1.9399827081843883,-0.47822850509251824,-2.807821946973567,0.0,0.0,0.0,-1.570799997209832,-8.840664656589725e-08,0.00014129198053509614,-1.570799997209832,-8.840664656589725e-08,0.00014129198053509614,0.0,0.0,0.0,2.6416817344925395e-07,-9.304312069299131e-06,-4.704533534908289e-06,2.6416817344925395e-07,-9.304312069299131e-06,-4.704533534908289e-06,0.0,0.0,0.0,robotiq_85_left_knuckle_joint,0.3589632652440809,-0.011328658338153533,,robotiq_85_left_knuckle_joint,0.3589632652440809,-0.011328658338153533,,0.0,0.0,
sentinel_joint_telemetry_v2,20260731_114715,20260731_114715:1,1,355,short_cube_pick_place,attack,replay_attack,prior_command_replay,medium,arm_trajectory,cube,cube_retreat,3,commands_back,,0,,,,cube_placement,2026-07-31T11:47:26.612+01:00,7.481926,0.020420,48.972112,0,3515.024000000,3515.024000000,trusted_fallback,0.000000,-0.020230563335586264,0.00014029692896186624,0.056693979994296234,-0.020230563335586264,0.00014029692896186624,0.056693979994296234,0.0,0.0,0.0,-1.09009618972436,0.17062356907527548,-44.90855178660493,-1.09009618972436,0.17062356907527548,-44.90855178660493,0.0,0.0,0.0,1.4688435395722996,0.3075971436814523,-23.601954268741963,1.4688435395722996,0.3075971436814523,-23.601954268741963,0.0,0.0,0.0,-1.94954703692089,-0.4782363971141399,-2.8082826240144683,-1.94954703692089,-0.4782363971141399,-2.8082826240144683,0.0,0.0,0.0,-1.5707999949555786,-2.1969778590553296e-07,0.0007373487931103648,-1.5707999949555786,-2.1969778590553296e-07,0.0007373487931103648,0.0,0.0,0.0,5.044540090808482e-07,-2.3141861321154767e-05,1.100138322554001e-05,5.044540090808482e-07,-2.3141861321154767e-05,1.100138322554001e-05,0.0,0.0,0.0,robotiq_85_left_knuckle_joint,0.359118240227005,-0.01275492694422448,,robotiq_85_left_knuckle_joint,0.359118240227005,-0.01275492694422448,,0.0,0.0,
sentinel_joint_telemetry_v2,20260731_114715,20260731_114715:1,1,356,short_cube_pick_place,attack,replay_attack,prior_command_replay,medium,arm_trajectory,cube,cube_retreat,3,commands_back,,0,,,,cube_placement,2026-07-31T11:47:26.633+01:00,7.502335,0.020409,48.998819,0,3515.044000000,3515.044000000,trusted_fallback,0.000000,-0.020227758282351807,0.00014022725407272134,0.05502265222954061,-0.020227758282351807,0.00014022725407272134,0.05502265222954061,0.0,0.0,0.0,-1.086683707928631,0.17062438865421203,-44.96566392052863,-1.086683707928631,0.17062438865421203,-44.96566392052863,0.0,0.0,0.0,1.4749954941611685,0.30759806564768555,-23.521371061510422,1.4749954941611685,0.30759806564768555,-23.521371061510422,0.0,0.0,0.0,-1.9591116584520303,-0.478228022766969,-2.8084300354451655,-1.9591116584520303,-0.478228022766969,-2.8084300354451655,0.0,0.0,0.0,-1.5707999975763685,-8.015311724323543e-08,0.00016339008427465086,-1.5707999975763685,-8.015311724323543e-08,0.00016339008427465086,0.0,0.0,0.0,2.2950631534847192e-07,-8.355325575904382e-06,-4.296527575034945e-06,2.2950631534847192e-07,-8.355325575904382e-06,-4.296527575034945e-06,0.0,0.0,0.0,robotiq_85_left_knuckle_joint,0.3588904242896867,-0.010451994706047983,,robotiq_85_left_knuckle_joint,0.3588904242896867,-0.010451994706047983,,0.0,0.0,
sentinel_joint_telemetry_v2,20260731_114715,20260731_114715:1,1,357,short_cube_pick_place,attack,replay_attack,prior_command_replay,medium,arm_trajectory,cube,cube_retreat,3,commands_back,,0,,,,cube_placement,2026-07-31T11:47:26.655+01:00,7.524772,0.022437,44.569920,0,3515.066000000,3515.066000000,trusted_fallback,0.000000,-0.020224674408099684,0.00013943621193817832,-0.22502254421738824,-0.020224674408099684,0.00013943621193817832,-0.22502254421738824,0.0,0.0,0.0,-1.0829299363939056,0.1706554407029442,-43.5485854916583,-1.0829299363939056,0.1706554407029442,-43.5485854916583,0.0,0.0,0.0,1.481762686593663,0.30762863036246174,-22.357046947519386,1.481762686593663,0.30762863036246174,-22.357046947519386,0.0,0.0,0.0,-1.9696323271568066,-0.4779204062120557,-2.5681540535246756,-1.9696323271568066,-0.4779204062120557,-2.5681540535246756,0.0,0.0,0.0,-1.5707999811144417,1.7475616445440136e-05,-0.11381530228829227,-1.5707999811144417,1.7475616445440136e-05,-0.11381530228829227,0.0,0.0,0.0,6.609430009550174e-07,0.0005359537397309294,-0.0007671886812845742,6.609430009550174e-07,0.0005359537397309294,-0.0007671886812845742,0.0,0.0,0.0,robotiq_85_left_knuckle_joint,0.35895932238073225,0.2613053595073879,,robotiq_85_left_knuckle_joint,0.35895932238073225,0.2613053595073879,,0.0,0.0,
sentinel_joint_telemetry_v2,20260731_114715,20260731_114715:1,1,358,short_cube_pick_place,attack,replay_attack,prior_command_replay,medium,arm_trajectory,cube,cube_retreat,3,commands_back,,0,,,,cube_placement,2026-07-31T11:47:26.676+01:00,7.545222,0.020450,48.898596,0,3515.086000000,3515.086000000,trusted_fallback,0.000000,-0.02022187412564894,0.00014030069932036604,1.5425645987314798,-0.02022187412564894,0.00014030069932036604,1.5425645987314798,0.0,0.0,0.0,-1.0795174096682862,0.17062305616359033,-46.13725090159383,-1.0795174096682862,0.17062305616359033,-46.13725090159383,0.0,0.0,0.0,1.4879146868427175,0.30759680842617493,-24.068688163859697,1.4879146868427175,0.30759680842617493,-24.068688163859697,0.0,0.0,0.0,-1.9791964944704363,-0.47824122634540567,-2.952308639305016,-1.9791964944704363,-0.47824122634540567,-2.952308639305016,0.0,0.0,0.0,-1.570799984334947,-5.343266029399565e-07,0.5638683821749614,-1.570799984334947,-5.343266029399565e-07,0.5638683821749614,0.0,0.0,0.0,1.1653561735973563e-06,-3.13744667860313e-05,0.013519586411712532,1.1653561735973563e-06,-3.13744667860313e-05,0.013519586411712532,0.0,0.0,0.0,robotiq_85_left_knuckle_joint,0.3595055289996657,0.11076258376702358,,robotiq_85_left_knuckle_joint,0.3595055289996657,0.11076258376702358,,0.0,0.0,
sentinel_joint_telemetry_v2,20260731_114715,20260731_114715:1,1,359,short_cube_pick_place,attack,replay_attack,prior_command_replay,medium,arm_trajectory,cube,cube_retreat,3,commands_back,,0,,,,cube_placement,2026-07-31T11:47:26.696+01:00,7.566007,0.020785,48.112269,0,3515.106000000,3515.106000000,trusted_fallback,0.000000,-0.020219067400321637,0.0001402769839485645,0.0554148741161505,-0.020219067400321637,0.0001402769839485645,0.0554148741161505,0.0,0.0,0.0,-1.0761049544183443,0.17062359915305936,-45.133086074780074,-1.0761049544183443,0.17062359915305936,-45.133086074780074,0.0,0.0,0.0,1.4940666175937323,0.3075973566835014,-23.262338442881266,1.4940666175937323,0.3075973566835014,-23.262338442881266,0.0,0.0,0.0,-1.9887613777731918,-0.47823580814485234,-2.809455446989064,-1.9887613777731918,-0.47823580814485234,-2.809455446989064,0.0,0.0,0.0,-1.5707999940932285,-2.9243074251179835e-07,0.0005003784947242534,-1.5707999940932285,-2.9243074251179835e-07,0.0005003784947242534,0.0,0.0,0.0,4.422006899438007e-07,-2.1685521765083633e-05,4.796477966807635e-06,4.422006899438007e-07,-2.1685521765083633e-05,4.796477966807635e-06,0.0,0.0,0.0,robotiq_85_left_knuckle_joint,0.3592309205482171,-0.013581585800748091,,robotiq_85_left_knuckle_joint,0.3592309205482171,-0.013581585800748091,,0.0,0.0,
sentinel_joint_telemetry_v2,20260731_114715,20260731_114715:1,1,360,short_cube_pick_place,attack,replay_attack,prior_command_replay,medium,arm_trajectory,cube,cube_retreat,3,commands_back,,0,,,,cube_placement,2026-07-31T11:47:26.717+01:00,7.586241,0.020234,49.422244,0,3515.126000000,3515.126000000,trusted_fallback,0.000000,-0.0202162625809183,0.00014022029967668162,0.05437328227943239,-0.0202162625809183,0.00014022029967668162,0.05437328227943239,0.0,0.0,0.0,-1.0726924722699887,0.17062439914165922,-45.18195618112159,-1.0726924722699887,0.17062439914165922,-45.18195618112159,0.0,0.0,0.0,1.5002185746797916,0.30759813991692037,-23.174386365007503,1.5002185746797916,0.30759813991692037,-23.174386365007503,0.0,0.0,0.0,-1.9983259923993808,-0.4782278174061327,-2.8096652103159605,-1.9983259923993808,-0.4782278174061327,-2.8096652103159605,0.0,0.0,0.0,-1.5707999975667246,-1.0551351903829997e-07,0.00016876196896222103,-1.5707999975667246,-1.0551351903829997e-07,0.00016876196896222103,0.0,0.0,0.0,1.8432681241483165e-07,-7.847531368011069e-06,-4.214260851509632e-06,1.8432681241483165e-07,-7.847531368011069e-06,-4.214260851509632e-06,0.0,0.0,0.0,robotiq_85_left_knuckle_joint,0.35897696840580245,-0.011623521964801481,,robotiq_85_left_knuckle_joint,0.35897696840580245,-0.011623521964801481,,0.0,0.0,
sentinel_joint_telemetry_v2,20260731_114715,20260731_114715:1,1,361,short_cube_pick_place,attack,replay_attack,prior_command_replay,medium,arm_trajectory,cube,cube_retreat,3,commands_back,,0,,,,cube_placement,2026-07-31T11:47:26.737+01:00,7.606722,0.020482,48.824370,0,3515.146000000,3515.146000000,trusted_fallback,0.000000,-0.020213462598705063,0.00014043234817388318,0.07383503647101324,-0.020213462598705063,0.00014043234817388318,0.07383503647101324,0.0,0.0,0.0,-1.0692799277051717,0.17062173154907812,-45.2412977441807,-1.0692799277051717,0.17062173154907812,-45.2412977441807,0.0,0.0,0.0,1.5063705874703914,0.3075958284536484,-23.093106420588754,1.5063705874703914,0.3075958284536484,-23.093106420588754,0.0,0.0,0.0,-2.0078899899745726,-0.47825410727826334,-2.8116041847275564,-2.0078899899745726,-0.47825410727826334,-2.8116041847275564,0.0,0.0,0.0,-1.5707999909578663,-4.787276600363294e-07,0.007623759579420918,-1.5707999909578663,-4.787276600363294e-07,0.007623759579420918,0.0,0.0,0.0,1.0051661738155334e-06,-5.393805441826797e-05,0.0001553341870802505,1.0051661738155334e-06,-5.393805441826797e-05,0.0001553341870802505,0.0,0.0,0.0,robotiq_85_left_knuckle_joint,0.35985103635590254,-0.01685753472474223,,robotiq_85_left_knuckle_joint,0.35985103635590254,-0.01685753472474223,,0.0,0.0,
sentinel_joint_telemetry_v2,20260731_114715,20260731_114715:1,1,362,short_cube_pick_place,attack,replay_attack,prior_command_replay,medium,arm_trajectory,cube,cube_retreat,3,commands_back,,0,,,,cube_placement,2026-07-31T11:47:26.758+01:00,7.627812,0.021090,47.416774,0,3515.166000000,3515.166000000,trusted_fallback,0.000000,-0.02021065595784432,0.00014027447183623753,0.055234592825683,-0.02021065595784432,0.00014027447183623753,0.055234592825683,0.0,0.0,0.0,-1.0658674674522097,0.17062374794841217,-45.27406459047419,-1.0658674674522097,0.17062374794841217,-45.27406459047419,0.0,0.0,0.0,1.512522526639808,0.30759760705607236,-22.99344806568316,1.512522526639808,0.30759760705607236,-22.99344806568316,0.0,0.0,0.0,-2.017454819135925,-0.4782341979194233,-2.810216189374222,-2.017454819135925,-0.4782341979194233,-2.810216189374222,0.0,0.0,0.0,-1.570799996615461,-1.7047107225571373e-07,0.000626192345764843,-1.570799996615461,-1.7047107225571373e-07,0.000626192345764843,0.0,0.0,0.0,3.69170440172559e-07,-1.9093294092947886e-05,7.60039567184786e-06,3.69170440172559e-07,-1.9093294092947886e-05,7.60039567184786e-06,0.0,0.0,0.0,robotiq_85_left_knuckle_joint,0.35951712318518136,-0.014488245772125182,,robotiq_85_left_knuckle_joint,0.35951712318518136,-0.014488245772125182,,0.0,0.0,
sentinel_joint_telemetry_v2,20260731_114715,20260731_114715:1,1,363,short_cube_pick_place,attack,replay_attack,prior_command_replay,medium,arm_trajectory,cube,cube_retreat,3,commands_back,,0,,,,cube_placement,2026-07-31T11:47:26.778+01:00,7.647962,0.020150,49.627885,0,3515.186000000,3515.186000000,trusted_fallback,0.000000,-0.02020785116789245,0.00014021942375709476,0.054084865693982034,-0.02020785116789245,0.00014021942375709476,0.054084865693982034,0.0,0.0,0.0,-1.0624549835594097,0.1706244510234275,-45.31790887527761,-1.0624549835594097,0.1706244510234275,-45.31790887527761,0.0,0.0,0.0,1.5186744866611825,0.30759822721640856,-22.900893586421738,1.5186744866611825,0.30759822721640856,-22.900893586421738,0.0,0.0,0.0,-2.0270194148841716,-0.47822725595525506,-2.8106518876172846,-2.0270194148841716,-0.47822725595525506,-2.8106518876172846,0.0,0.0,0.0,-1.5707999986591272,-6.298886723668518e-08,0.0002644583514284664,-1.5707999986591272,-6.298886723668518e-08,0.0002644583514284664,0.0,0.0,0.0,1.4168729050928251e-07,-6.943677469372191e-06,-8.935097269831021e-07,1.4168729050928251e-07,-6.943677469372191e-06,-8.935097269831021e-07,0.0,0.0,0.0,robotiq_85_left_knuckle_joint,0.3592419651204375,-0.013247632805703182,,robotiq_85_left_knuckle_joint,0.3592419651204375,-0.013247632805703182,,0.0,0.0,
sentinel_joint_telemetry_v2,20260731_114715,20260731_114715:1,1,364,short_cube_pick_place,attack,replay_attack,prior_command_replay,medium,arm_trajectory,cube,cube_retreat,3,commands_back,,0,,,,cube_placement,2026-07-31T11:47:26.799+01:00,7.668815,0.020853,47.954777,0,3515.206000000,3515.206000000,trusted_fallback,0.000000,-0.0202050470233126,0.00014020022967863228,0.05364295451224704,-0.0202050470233126,0.00014020022967863228,0.05364295451224704,0.0,0.0,0.0,-1.0590424914239058,0.17062469617046988,-45.35859271719317,-1.0590424914239058,0.17062469617046988,-45.35859271719317,0.0,0.0,0.0,1.5248264539531855,0.30759844345293474,-22.805712338288686,1.5248264539531855,0.30759844345293474,-22.805712338288686,0.0,0.0,0.0,-2.0365839292463024,-0.4782248354420232,-2.8108925493581656,-2.0365839292463024,-0.4782248354420232,-2.8108925493581656,0.0,0.0,0.0,-1.570799999442695,-2.551207857557497e-08,0.00016544455314615675,-1.570799999442695,-2.551207857557497e-08,0.00016544455314615675,0.0,0.0,0.0,5.664367132766294e-08,-2.7073680957476892e-06,-4.525080992253351e-06,5.664367132766294e-08,-2.7073680957476892e-06,-4.525080992253351e-06,0.0,0.0,0.0,robotiq_85_left_knuckle_joint,0.3589911260220216,-0.01157182024694459,,robotiq_85_left_knuckle_joint,0.3589911260220216,-0.01157182024694459,,0.0,0.0,
sentinel_joint_telemetry_v2,20260731_114715,20260731_114715:1,1,365,short_cube_pick_place,attack,replay_attack,prior_command_replay,medium,arm_trajectory,cube,cube_retreat,3,commands_back,,0,,,,cube_placement,2026-07-31T11:47:26.820+01:00,7.689114,0.020299,49.263404,0,3515.226000000,3515.226000000,trusted_fallback,0.000000,-0.020202273129279632,0.00012628495984345965,0.13635186137357344,-0.020202273129279632,0.00012628495984345965,0.13635186137357344,0.0,0.0,0.0,-1.05566409461067,0.15356081173408995,-45.41404337420676,-1.05566409461067,0.15356081173408995,-45.41404337420676,0.0,0.0,0.0,1.5309169235167799,0.2768375824733133,-22.751526274275438,1.5309169235167799,0.2768375824733133,-22.751526274275438,0.0,0.0,0.0,-2.046052511180599,-0.43041604538963807,-2.820532877892722,-2.046052511180599,-0.43041604538963807,-2.820532877892722,0.0,0.0,0.0,-1.570799995987197,-2.2293584002550798e-07,0.035627105073753704,-1.570799995987197,-2.2293584002550798e-07,0.035627105073753704,0.0,0.0,0.0,4.5654295273420874e-07,-2.536349801955792e-05,0.0006983445541482597,4.5654295273420874e-07,-2.536349801955792e-05,0.0006983445541482597,0.0,0.0,0.0,robotiq_85_left_knuckle_joint,0.35908834055173305,-0.014823371882354303,,robotiq_85_left_knuckle_joint,0.35908834055173305,-0.014823371882354303,,0.0,0.0,
sentinel_joint_telemetry_v2,20260731_114715,20260731_114715:1,1,366,short_cube_pick_place,attack,replay_attack,prior_command_replay,medium,arm_trajectory,cube,cube_retreat,3,commands_back,,0,,,,cube_placement,2026-07-31T11:47:26.840+01:00,7.709753,0.020639,48.451873,0,3515.246000000,3515.246000000,trusted_fallback,0.000000,-0.020200793767094466,4.4098171891385034e-05,0.011154658202997946,-0.020200793767094466,4.4098171891385034e-05,0.011154658202997946,0.0,0.0,0.0,-1.0538637642376156,0.05354245767374642,-45.25691833159581,-1.0538637642376156,0.05354245767374642,-45.25691833159581,0.0,0.0,0.0,1.534162520008546,0.0965266662591796,-22.692326176595635,1.534162520008546,0.0965266662591796,-22.692326176595635,0.0,0.0,0.0,-2.0510984633430875,-0.1500853697044416,-2.821659099094818,-2.0510984633430875,-0.1500853697044416,-2.821659099094818,0.0,0.0,0.0,-1.5707999964005135,-1.9997159566957634e-07,0.0024354278796851945,-1.5707999964005135,-1.9997159566957634e-07,0.0024354278796851945,0.0,0.0,0.0,4.1713919842824047e-07,-2.3174399953604895e-05,5.2345182097912705e-05,4.1713919842824047e-07,-2.3174399953604895e-05,5.2345182097912705e-05,0.0,0.0,0.0,robotiq_85_left_knuckle_joint,0.3592239758993725,-0.013281510111193603,,robotiq_85_left_knuckle_joint,0.3592239758993725,-0.013281510111193603,,0.0,0.0,
sentinel_joint_telemetry_v2,20260731_114715,20260731_114715:1,1,367,short_cube_pick_place,attack,replay_attack,prior_command_replay,medium,arm_trajectory,cube,cube_retreat,3,commands_back,,0,,,,cube_placement,2026-07-31T11:47:26.861+01:00,7.730122,0.020369,49.094127,0,3515.266000000,3515.266000000,trusted_fallback,0.000000,-0.020200276769473405,1.5376081849665388e-05,0.0005195748377195657,-0.020200276769473405,1.5376081849665388e-05,0.0005195748377195657,0.0,0.0,0.0,-1.0532360438106179,0.018669100617713333,-45.24463349822842,-1.0532360438106179,0.018669100617713333,-45.24463349822842,0.0,0.0,0.0,1.5352941781877865,0.03365676741079407,-22.67424963755274,1.5352941781877865,0.03365676741079407,-22.67424963755274,0.0,0.0,0.0,-2.0528580324109007,-0.05233153260672911,-2.822203653667597,-2.0528580324109007,-0.05233153260672911,-2.822203653667597,0.0,0.0,0.0,-1.570799998744937,-6.972573661327697e-08,0.00016341939359077712,-1.570799998744937,-6.972573661327697e-08,0.00016341939359077712,0.0,0.0,0.0,1.454474449239508e-07,-8.080413603121523e-06,-2.622612121978546e-06,1.454474449239508e-07,-8.080413603121523e-06,-2.622612121978546e-06,0.0,0.0,0.0,robotiq_85_left_knuckle_joint,0.35898324711325535,-0.011297843966544116,,robotiq_85_left_knuckle_joint,0.35898324711325535,-0.011297843966544116,,0.0,0.0,
sentinel_joint_telemetry_v2,20260731_114715,20260731_114715:1,1,368,short_cube_pick_place,attack,replay_attack,prior_command_replay,medium,arm_trajectory,cube,cube_retreat,3,commands_back,,0,,,,cube_placement,2026-07-31T11:47:26.881+01:00,7.750628,0.020506,48.765511,0,3515.286000000,3515.286000000,trusted_fallback,0.000000,-0.02020009650354863,5.361308255061835e-06,0.0002789557629126471,-0.02020009650354863,5.361308255061835e-06,0.0002789557629126471,0.0,0.0,0.0,-1.0530171712313494,0.006509512880374428,-45.24541278753015,-1.0530171712313494,0.006509512880374428,-45.24541278753015,0.0,0.0,0.0,1.5356887629963507,0.011735389156639658,-22.66810527761506,1.5356887629963507,0.011735389156639658,-22.66810527761506,0.0,0.0,0.0,-2.053471556208905,-0.018246877163081716,-2.8223511170833433,-2.053471556208905,-0.018246877163081716,-2.8223511170833433,0.0,0.0,0.0,-1.5707999995623865,-2.4311880095044536e-08,0.0002888195556759734,-1.5707999995623865,-2.4311880095044536e-08,0.0002888195556759734,0.0,0.0,0.0,5.071438820432415e-08,-2.817466013336654e-06,4.985080663738962e-07,5.071438820432415e-08,-2.817466013336654e-06,4.985080663738962e-07,0.0,0.0,0.0,robotiq_85_left_knuckle_joint,0.35878350778705187,-0.00920041108371908,,robotiq_85_left_knuckle_joint,0.35878350778705187,-0.00920041108371908,,0.0,0.0,
sentinel_joint_telemetry_v2,20260731_114715,20260731_114715:1,1,369,short_cube_pick_place,attack,replay_attack,prior_command_replay,medium,arm_trajectory,cube,cube_retreat,3,commands_back,,0,,,,cube_placement,2026-07-31T11:47:26.902+01:00,7.771175,0.020546,48.670407,0,3515.306000000,3515.306000000,trusted_fallback,0.000000,-0.020200077350869015,8.094286650401489e-08,0.02176665508724215,-0.020200077350869015,8.094286650401489e-08,0.02176665508724215,0.0,0.0,0.0,-1.0507917532159312,0.21828111360219554,-45.29831041670501,-1.0507917532159312,0.21828111360219554,-45.29831041670501,0.0,0.0,0.0,1.5358581965067344,0.01281045136045253,-22.588760999543375,1.5358581965067344,0.01281045136045253,-22.588760999543375,0.0,0.0,0.0,-2.055030282458297,-0.1482504615343176,-2.811800243323362,-2.055030282458297,-0.1482504615343176,-2.811800243323362,0.0,0.0,0.0,-1.570799999649238,-3.670602164232428e-10,0.00014191168368391421,-1.570799999649238,-3.670602164232428e-10,0.00014191168368391421,0.0,0.0,0.0,4.064931425026614e-08,-4.253751330145737e-08,-3.5331825926039263e-06,4.064931425026614e-08,-4.253751330145737e-08,-3.5331825926039263e-06,0.0,0.0,0.0,robotiq_85_left_knuckle_joint,0.358618725568687,-0.007439093744963959,,robotiq_85_left_knuckle_joint,0.358618725568687,-0.007439093744963959,,0.0,0.0,
sentinel_joint_telemetry_v2,20260731_114715,20260731_114715:1,1,370,short_cube_pick_place,attack,replay_attack,prior_command_replay,medium,arm_trajectory,cube,cube_retreat,3,commands_back,,0,,,,cube_placement,2026-07-31T11:47:26.923+01:00,7.793035,0.021860,45.745589,0,3515.328000000,3515.328000000,trusted_fallback,0.000000,-0.020200074979812573,1.2292377291446901e-07,0.05074150180804562,-0.020200074979812573,1.2292377291446901e-07,0.05074150180804562,0.0,0.0,0.0,-1.0443977214788176,0.331490258646713,-45.468773309623195,-1.0443977214788176,0.331490258646713,-45.468773309623195,0.0,0.0,0.0,1.5362334485430147,0.019454453730301,-22.441904434540188,1.5362334485430147,0.019454453730301,-22.441904434540188,0.0,0.0,0.0,-2.0593729309857776,-0.22513896438474335,-2.7948962702668476,-2.0593729309857776,-0.22513896438474335,-2.7948962702668476,0.0,0.0,0.0,-1.5707999996599902,-5.574225508259145e-10,0.00018171229076716745,-1.5707999996599902,-5.574225508259145e-10,0.00018171229076716745,0.0,0.0,0.0,3.940327754878262e-08,-6.459914637761688e-08,-4.014133247193519e-06,3.940327754878262e-08,-6.459914637761688e-08,-4.014133247193519e-06,0.0,0.0,0.0,robotiq_85_left_knuckle_joint,0.35847252581432726,-0.005965690816975478,,robotiq_85_left_knuckle_joint,0.35847252581432726,-0.005965690816975478,,0.0,0.0,
sentinel_joint_telemetry_v2,20260731_114715,20260731_114715:1,1,371,short_cube_pick_place,attack,replay_attack,prior_command_replay,medium,arm_trajectory,cube,cube_retreat,3,commands_back,,0,,,,cube_placement,2026-07-31T11:47:26.944+01:00,7.813415,0.020380,49.066979,0,3515.348000000,3515.348000000,trusted_fallback,0.000000,-0.020200072362434533,1.3542877393309116e-07,0.00503582665107833,-0.020200072362434533,1.3542877393309116e-07,0.00503582665107833,0.0,0.0,0.0,-1.0373394302339098,0.3652112676619645,-45.65299797640402,-1.0373394302339098,0.3652112676619645,-45.65299797640402,0.0,0.0,0.0,1.536647684547734,0.02143346755467717,-22.32557114668748,1.536647684547734,0.02143346755467717,-22.32557114668748,0.0,0.0,0.0,-2.064166726097319,-0.24804133590682667,-2.7837210330249547,-2.064166726097319,-0.24804133590682667,-2.7837210330249547,0.0,0.0,0.0,-1.5707999996718591,-6.128333292221289e-10,-0.021452894505472858,-1.5707999996718591,-6.128333292221289e-10,-0.021452894505472858,0.0,0.0,0.0,3.802779337751047e-08,-7.11701751672858e-08,-0.0004295526741730318,3.802779337751047e-08,-7.11701751672858e-08,-0.0004295526741730318,0.0,0.0,0.0,robotiq_85_left_knuckle_joint,0.3583731312586648,-0.006224725366688846,,robotiq_85_left_knuckle_joint,0.3583731312586648,-0.006224725366688846,,0.0,0.0,
sentinel_joint_telemetry_v2,20260731_114715,20260731_114715:1,1,372,short_cube_pick_place,attack,replay_attack,prior_command_replay,medium,arm_trajectory,cube,cube_retreat,3,commands_back,,0,,,,cube_placement,2026-07-31T11:47:26.964+01:00,7.834014,0.020599,48.545817,0,3515.368000000,3515.368000000,trusted_fallback,0.000000,-0.020200069598452428,1.3978906561484296e-07,0.06661135050598388,-0.020200069598452428,1.3978906561484296e-07,0.06661135050598388,0.0,0.0,0.0,-1.0298858010255056,0.37696905648276174,-45.85934826614816,-1.0298858010255056,0.37696905648276174,-45.85934826614816,0.0,0.0,0.0,1.5370851220911657,0.022123507005750144,-22.22837300690494,1.5370851220911657,0.022123507005750144,-22.22837300690494,0.0,0.0,0.0,-2.0692290237590103,-0.2560268990878613,-2.776630812190232,-2.0692290237590103,-0.2560268990878613,-2.776630812190232,0.0,0.0,0.0,-1.5707999996843935,-6.338930508970053e-10,0.0003495747454502586,-1.5707999996843935,-6.338930508970053e-10,0.0003495747454502586,0.0,0.0,0.0,3.657526747533702e-08,-7.346183504542379e-08,-2.5177188376882745e-06,3.657526747533702e-08,-7.346183504542379e-08,-2.5177188376882745e-06,0.0,0.0,0.0,robotiq_85_left_knuckle_joint,0.3582797822896121,-0.004524924571607783,,robotiq_85_left_knuckle_joint,0.3582797822896121,-0.004524924571607783,,0.0,0.0,
sentinel_joint_telemetry_v2,20260731_114715,20260731_114715:1,1,373,short_cube_pick_place,attack,replay_attack,prior_command_replay,medium,arm_trajectory,cube,cube_retreat,3,commands_back,,0,,,,cube_placement,2026-07-31T11:47:26.985+01:00,7.854496,0.020482,48.823367,0,3515.388000000,3515.388000000,trusted_fallback,0.000000,-0.02020006678335133,1.4130945387240933e-07,0.0679567877029082,-0.02020006678335133,1.4130945387240933e-07,0.0679567877029082,0.0,0.0,0.0,-1.0222943259926924,0.38106874394739987,-46.0606251016293,-1.0222943259926924,0.38106874394739987,-46.0606251016293,0.0,0.0,0.0,1.5375306495108982,0.02236410888441602,-22.130175175417477,1.5375306495108982,0.02236410888441602,-22.130175175417477,0.0,0.0,0.0,-2.0743849424711005,-0.25881129280255827,-2.76953368809474,-2.0743849424711005,-0.25881129280255827,-2.76953368809474,0.0,0.0,0.0,-1.570799999697159,-6.407736945213127e-10,0.00020570721373804204,-1.570799999697159,-6.407736945213127e-10,0.00020570721373804204,0.0,0.0,0.0,3.5095878964781075e-08,-7.426076503876632e-08,-5.947907744397993e-06,3.5095878964781075e-08,-7.426076503876632e-08,-5.947907744397993e-06,0.0,0.0,0.0,robotiq_85_left_knuckle_joint,0.3582019656910737,-0.003728970944570539,,robotiq_85_left_knuckle_joint,0.3582019656910737,-0.003728970944570539,,0.0,0.0,
sentinel_joint_telemetry_v2,20260731_114715,20260731_114715:1,1,374,short_cube_pick_place,attack,replay_attack,prior_command_replay,medium,arm_trajectory,cube,cube_retreat,3,commands_back,,0,,,,cube_placement,2026-07-31T11:47:27.006+01:00,7.875284,0.020788,48.104215,0,3515.408000000,3515.408000000,trusted_fallback,0.000000,-0.020200063950425708,1.4183959337827137e-07,0.06875815031968067,-0.020200063950425708,1.4183959337827137e-07,0.06875815031968067,0.0,0.0,0.0,-1.0146547870928546,0.3824982165773164,-46.26086385799897,-1.0146547870928546,0.3824982165773164,-46.26086385799897,0.0,0.0,0.0,1.5379789976960712,0.02244800157190316,-22.0325107888732,1.5379789976960712,0.02244800157190316,-22.0325107888732,0.0,0.0,0.0,-2.0795735048250203,-0.25978215086015133,-2.762772378824481,-2.0795735048250203,-0.25978215086015133,-2.762772378824481,0.0,0.0,0.0,-1.5707999997100053,-6.432003540890463e-10,0.00021134137716576857,-1.5707999997100053,-6.432003540890463e-10,0.00021134137716576857,0.0,0.0,0.0,3.3607123959254e-08,-7.453933278879672e-08,-6.490037748876314e-06,3.3607123959254e-08,-7.453933278879672e-08,-6.490037748876314e-06,0.0,0.0,0.0,robotiq_85_left_knuckle_joint,0.358134737136398,-0.003050461279062948,,robotiq_85_left_knuckle_joint,0.358134737136398,-0.003050461279062948,,0.0,0.0,
sentinel_joint_telemetry_v2,20260731_114715,20260731_114715:1,1,375,short_cube_pick_place,attack,replay_attack,prior_command_replay,medium,arm_trajectory,cube,cube_retreat,3,commands_back,,0,,,,cube_placement,2026-07-31T11:47:27.027+01:00,7.896933,0.021649,46.191538,0,3515.430000000,3515.430000000,trusted_fallback,0.000000,-0.020200060827216208,1.420343418974488e-07,0.06925727769493874,-0.020200060827216208,1.420343418974488e-07,0.06925727769493874,0.0,0.0,0.0,-1.0062324427076126,0.38302332561352237,-46.47854406577059,-1.0062324427076126,0.38302332561352237,-46.47854406577059,0.0,0.0,0.0,1.5384732870595281,0.022478819096635183,-21.924242794551514,1.5384732870595281,0.022478819096635183,-21.924242794551514,0.0,0.0,0.0,-2.0852937268936884,-0.2601387903148307,-2.7554368202242716,-2.0852937268936884,-0.2601387903148307,-2.7554368202242716,0.0,0.0,0.0,-1.570799999724168,-6.440866494664133e-10,0.00021532805588078457,-1.570799999724168,-6.440866494664133e-10,0.00021532805588078457,0.0,0.0,0.0,3.196581976186891e-08,-7.46416628444671e-08,-7.1509579444862474e-06,3.196581976186891e-08,-7.46416628444671e-08,-7.1509579444862474e-06,0.0,0.0,0.0,robotiq_85_left_knuckle_joint,0.3580781359775951,-0.0024801134880199317,,robotiq_85_left_knuckle_joint,0.3580781359775951,-0.0024801134880199317,,0.0,0.0,
sentinel_joint_telemetry_v2,20260731_114715,20260731_114715:1,1,376,short_cube_pick_place,attack,replay_attack,prior_command_replay,medium,arm_trajectory,cube,cube_retreat,3,commands_back,,0,,,,cube_placement,2026-07-31T11:47:27.049+01:00,7.918810,0.021877,45.710190,0,3515.452000000,3515.452000000,trusted_fallback,0.000000,-0.02020005746717927,1.290720106890495e-07,0.0696562173355254,-0.02020005746717927,1.290720106890495e-07,0.0696562173355254,0.0,0.0,0.0,-0.9978036010769303,0.38318747656971797,-46.69298529911661,-0.9978036010769303,0.38318747656971797,-46.69298529911661,0.0,0.0,0.0,1.53896796314579,0.022488152021086193,-21.81455594663909,1.53896796314579,0.022488152021086193,-21.81455594663909,0.0,0.0,0.0,-2.0910182471847234,-0.260256639638045,-2.7480990039390587,-2.0910182471847234,-0.260256639638045,-2.7480990039390587,0.0,0.0,0.0,-1.5707999905673433,-5.101442777698598e-07,0.00022204770910518005,-1.5707999905673433,-5.101442777698598e-07,0.00022204770910518005,0.0,0.0,0.0,2.393768572381897e-07,-1.1688762979012368e-05,-7.375462192860849e-06,2.393768572381897e-07,-1.1688762979012368e-05,-7.375462192860849e-06,0.0,0.0,0.0,robotiq_85_left_knuckle_joint,0.3582674150980896,-0.005053714331505121,,robotiq_85_left_knuckle_joint,0.3582674150980896,-0.005053714331505121,,0.0,0.0,
sentinel_joint_telemetry_v2,20260731_114715,20260731_114715:1,1,377,short_cube_pick_place,attack,replay_attack,prior_command_replay,medium,arm_trajectory,cube,cube_retreat,3,commands_back,,0,,,,cube_placement,2026-07-31T11:47:27.071+01:00,7.940930,0.022120,45.208952,0,3515.474000000,3515.474000000,trusted_fallback,0.000000,-0.020200054501667435,1.3802774101847118e-07,0.06994050751946536,-0.020200054501667435,1.3802774101847118e-07,0.06994050751946536,0.0,0.0,0.0,-0.9893727433594276,0.38323962270254647,-46.90430547587753,-0.9893727433594276,0.38323962270254647,-46.90430547587753,0.0,0.0,0.0,1.5394627484238779,0.022491418732979024,-21.70346943593313,1.5394627484238779,0.022491418732979024,-21.70346943593313,0.0,0.0,0.0,-2.0967443298584807,-0.26028768992114837,-2.740767378497348,-2.0967443298584807,-0.26028768992114837,-2.740767378497348,0.0,0.0,0.0,-1.570799996874562,-1.6053092261394952e-07,0.0002121340669712805,-1.570799996874562,-1.6053092261394952e-07,0.0002121340669712805,0.0,0.0,0.0,9.428352343270148e-08,-3.7193081053551492e-06,-8.274534719580255e-06,9.428352343270148e-08,-3.7193081053551492e-06,-8.274534719580255e-06,0.0,0.0,0.0,robotiq_85_left_knuckle_joint,0.35816851358084256,-0.004023159589682732,,robotiq_85_left_knuckle_joint,0.35816851358084256,-0.004023159589682732,,0.0,0.0,
sentinel_joint_telemetry_v2,20260731_114715,20260731_114715:1,1,378,short_cube_pick_place,attack,replay_attack,prior_command_replay,medium,arm_trajectory,cube,cube_retreat,3,commands_back,,0,,,,cube_placement,2026-07-31T11:47:27.091+01:00,7.961038,0.020109,49.729692,0,3515.494000000,3515.494000000,trusted_fallback,0.000000,-0.020200051707216,1.4069533700914426e-07,0.07027693157535828,-0.020200051707216,1.4069533700914426e-07,0.07027693157535828,0.0,0.0,0.0,-0.9817077535371196,0.38325515519520703,-47.093579849975995,-0.9817077535371196,0.38325515519520703,-47.093579849975995,0.0,0.0,0.0,1.5399125891627377,0.0224923917711504,-21.601181894181188,1.5399125891627377,0.0224923917711504,-21.601181894181188,0.0,0.0,0.0,-2.1019502011793336,-0.2602969387047193,-2.7340876857241647,-2.1019502011793336,-0.2602969387047193,-2.7340876857241647,0.0,0.0,0.0,-1.5707999987619263,-5.639344166641358e-08,0.00023921611572219568,-1.5707999987619263,-5.639344166641358e-08,0.00023921611572219568,0.0,0.0,0.0,5.0061005827461085e-08,-1.3454887580789665e-06,-8.42651277214449e-06,5.0061005827461085e-08,-1.3454887580789665e-06,-8.42651277214449e-06,0.0,0.0,0.0,robotiq_85_left_knuckle_joint,0.35810116299676065,-0.0033181430342715847,,robotiq_85_left_knuckle_joint,0.35810116299676065,-0.0033181430342715847,,0.0,0.0,
sentinel_joint_telemetry_v2,20260731_114715,20260731_114715:1,1,379,short_cube_pick_place,attack,replay_attack,prior_command_replay,medium,arm_trajectory,cube,cube_retreat,3,commands_back,,0,,,,cube_placement,2026-07-31T11:47:27.113+01:00,7.982749,0.021711,46.059561,0,3515.516000000,3515.516000000,trusted_fallback,0.000000,-0.020200048598139703,1.4167528829159108e-07,0.024281107075626272,-0.020200048598139703,1.4167528829159108e-07,0.024281107075626272,0.0,0.0,0.0,-0.9732760598932146,0.38326086097234685,-47.29349991042503,-0.9732760598932146,0.38326086097234685,-47.29349991042503,0.0,0.0,0.0,1.5404074268077135,0.02249274921145882,-21.483951181911298,1.5404074268077135,0.02249274921145882,-21.483951181911298,0.0,0.0,0.0,-2.1076767816033573,-0.2603003361952898,-2.726047843949206,-2.1076767816033573,-0.2603003361952898,-2.726047843949206,0.0,0.0,0.0,-1.5707999994646833,-1.813806028028858e-08,-0.017322861980027426,-1.5707999994646833,-1.813806028028858e-08,-0.017322861980027426,0.0,0.0,0.0,3.272168519915842e-08,-4.7347872783663585e-07,-0.00040229546263032814,3.272168519915842e-08,-4.7347872783663585e-07,-0.00040229546263032814,0.0,0.0,0.0,robotiq_85_left_knuckle_joint,0.35803956339338133,-0.0034465675106165,,robotiq_85_left_knuckle_joint,0.35803956339338133,-0.0034465675106165,,0.0,0.0,
sentinel_joint_telemetry_v2,20260731_114715,20260731_114715:1,1,380,short_cube_pick_place,attack,replay_attack,prior_command_replay,medium,arm_trajectory,cube,cube_retreat,3,commands_back,,0,,,,cube_placement,2026-07-31T11:47:27.133+01:00,8.002805,0.020056,49.860587,0,3515.536000000,3515.536000000,trusted_fallback,0.000000,-0.02020004568575816,1.3779118906444808e-07,0.06718519285501146,-0.02020004568575816,1.3779118906444808e-07,0.06718519285501146,0.0,0.0,0.0,-0.96561080529351,0.3832616836096411,-47.482855895716824,-0.96561080529351,0.3832616836096411,-47.482855895716824,0.0,0.0,0.0,1.5408572902157989,0.02249246284822612,-21.382511950422458,1.5408572902157989,0.02249246284822612,-21.382511950422458,0.0,0.0,0.0,-2.112882653276468,-0.2603095654089429,-2.719951721065015,-2.112882653276468,-0.2603095654089429,-2.719951721065015,0.0,0.0,0.0,-1.570799989476033,-5.737801212083241e-07,-0.0011580465323571434,-1.570799989476033,-5.737801212083241e-07,-0.0011580465323571434,0.0,0.0,0.0,3.9953737340920875e-07,-2.0935115608854225e-05,8.197693684333382e-06,3.9953737340920875e-07,-2.0935115608854225e-05,8.197693684333382e-06,0.0,0.0,0.0,robotiq_85_left_knuckle_joint,0.3582342590398078,-0.004962042438084427,,robotiq_85_left_knuckle_joint,0.3582342590398078,-0.004962042438084427,,0.0,0.0,
sentinel_joint_telemetry_v2,20260731_114715,20260731_114715:1,1,381,short_cube_pick_place,attack,replay_attack,prior_command_replay,medium,arm_trajectory,cube,cube_retreat,3,commands_back,,0,,,,cube_placement,2026-07-31T11:47:27.153+01:00,8.022846,0.020041,49.898307,0,3515.556000000,3515.556000000,trusted_fallback,0.000000,-0.02020004289408004,1.406128561608211e-07,0.07092724491808508,-0.02020004289408004,1.406128561608211e-07,0.07092724491808508,0.0,0.0,0.0,-0.9579455568338023,0.3832628473578813,-47.662495083580886,-0.9579455568338023,0.3832628473578813,-47.662495083580886,0.0,0.0,0.0,1.5413071431956442,0.02249275583163984,-21.275881494345946,1.5413071431956442,0.02249275583163984,-21.275881494345946,0.0,0.0,0.0,-2.1180887810609046,-0.26030456621568,-2.7132045697427665,-2.1180887810609046,-0.26030456621568,-2.7132045697427665,0.0,0.0,0.0,-1.5707999962082442,-2.00484562185195e-07,0.0001769799166540188,-1.5707999962082442,-2.00484562185195e-07,0.0001769799166540188,0.0,0.0,0.0,1.5348037726337136e-07,-7.348269649416414e-06,-1.1391534186765021e-05,1.5348037726337136e-07,-7.348269649416414e-06,-1.1391534186765021e-05,0.0,0.0,0.0,robotiq_85_left_knuckle_joint,0.35815356907892665,-0.0035685279512430593,,robotiq_85_left_knuckle_joint,0.35815356907892665,-0.0035685279512430593,,0.0,0.0,
sentinel_joint_telemetry_v2,20260731_114715,20260731_114715:1,1,382,short_cube_pick_place,attack,replay_attack,prior_command_replay,medium,arm_trajectory,cube,cube_retreat,3,commands_back,,0,,,,cube_placement,2026-07-31T11:47:27.173+01:00,8.042902,0.020056,49.859469,0,3515.576000000,3515.576000000,trusted_fallback,0.000000,-0.02020004006932127,1.4159671140397297e-07,0.07112616444874013,-0.02020004006932127,1.4159671140397297e-07,0.07112616444874013,0.0,0.0,0.0,-0.9502802947305573,0.38326325313180964,-47.84031301444864,-0.9502802947305573,0.38326325313180964,-47.84031301444864,0.0,0.0,0.0,1.5417569996103653,0.022492857988618782,-21.168373436743604,1.5417569996103653,0.022492857988618782,-21.168373436743604,0.0,0.0,0.0,-2.1232948502358586,-0.26030282310475766,-2.7064239283781193,-2.1232948502358586,-0.26030282310475766,-2.7064239283781193,0.0,0.0,0.0,-1.5707999985640164,-7.03244312817708e-08,0.00016233386233194177,-1.5707999985640164,-7.03244312817708e-08,0.00016233386233194177,0.0,0.0,0.0,6.6712683602263e-08,-2.6108294026590782e-06,-1.2450903376312067e-05,6.6712683602263e-08,-2.6108294026590782e-06,-1.2450903376312067e-05,0.0,0.0,0.0,robotiq_85_left_knuckle_joint,0.3580926575957114,-0.002952532991425112,,robotiq_85_left_knuckle_joint,0.3580926575957114,-0.002952532991425112,,0.0,0.0,
sentinel_joint_telemetry_v2,20260731_114715,20260731_114715:1,1,383,short_cube_pick_place,attack,replay_attack,prior_command_replay,medium,arm_trajectory,cube,cube_retreat,3,commands_back,,0,,,,cube_placement,2026-07-31T11:47:27.194+01:00,8.063686,0.020783,48.115973,0,3515.596000000,3515.596000000,trusted_fallback,0.000000,-0.020200037233027983,1.4193976005552437e-07,0.0714618452510394,-0.020200037233027983,1.4193976005552437e-07,0.0714618452510394,0.0,0.0,0.0,-0.9426150278701045,0.38326339461643555,-48.01539413540469,-0.9426150278701045,0.38326339461643555,-48.01539413540469,0.0,0.0,0.0,1.542206857222753,0.022492893608563054,-21.05966212397756,1.542206857222753,0.022492893608563054,-21.05966212397756,0.0,0.0,0.0,-2.128500898974949,-0.26030221531958336,-2.6996304926482395,-2.128500898974949,-0.26030221531958336,-2.6996304926482395,0.0,0.0,0.0,-1.570799999393819,-2.4940387090624516e-08,0.00020122679718173245,-1.570799999393819,-2.4940387090624516e-08,0.00020122679718173245,0.0,0.0,0.0,3.548573547248966e-08,-9.58986135705768e-07,-1.2499592254007169e-05,3.548573547248966e-08,-9.58986135705768e-07,-1.2499592254007169e-05,0.0,0.0,0.0,robotiq_85_left_knuckle_joint,0.35804710916286925,-0.0024948127251244344,,robotiq_85_left_knuckle_joint,0.35804710916286925,-0.0024948127251244344,,0.0,0.0,
sentinel_joint_telemetry_v2,20260731_114715,20260731_114715:1,1,384,short_cube_pick_place,attack,replay_attack,prior_command_replay,medium,arm_trajectory,cube,cube_retreat,3,commands_back,,0,,,,cube_placement,2026-07-31T11:47:27.214+01:00,8.083978,0.020292,49.279987,0,3515.616000000,3515.616000000,trusted_fallback,0.000000,-0.02020003439271287,1.4205937421828303e-07,0.07170598798524791,-0.02020003439271287,1.4205937421828303e-07,0.07170598798524791,0.0,0.0,0.0,-0.9349497593509162,0.3832634439490685,-48.18761404685005,-0.9349497593509162,0.3832634439490685,-48.18761404685005,0.0,0.0,0.0,1.5426567152527413,0.02249290602845111,-20.949680172285845,1.5426567152527413,0.02249290602845111,-20.949680172285845,0.0,0.0,0.0,-2.1337069405884956,-0.2603020033979765,-2.6928080508304557,-2.1337069405884956,-0.2603020033979765,-2.6928080508304557,0.0,0.0,0.0,-1.5707999996915492,-9.115934204544096e-09,0.00020608498905029312,-1.5707999996915492,-9.115934204544096e-09,0.00020608498905029312,0.0,0.0,0.0,2.3624647736514965e-08,-3.83023994882754e-07,-1.3169969796994499e-05,2.3624647736514965e-08,-3.83023994882754e-07,-1.3169969796994499e-05,0.0,0.0,0.0,robotiq_85_left_knuckle_joint,0.35800583210695897,-0.0020791697721157607,,robotiq_85_left_knuckle_joint,0.35800583210695897,-0.0020791697721157607,,0.0,0.0,
sentinel_joint_telemetry_v2,20260731_114715,20260731_114715:1,1,385,short_cube_pick_place,attack,replay_attack,prior_command_replay,medium,arm_trajectory,cube,cube_retreat,3,commands_back,,0,,,,cube_placement,2026-07-31T11:47:27.236+01:00,8.105564,0.021587,46.325149,0,3515.636000000,3515.636000000,trusted_fallback,0.000000,-0.02020012032690905,5.074096246479847e-06,0.1340384240196362,-0.02020012032690905,5.074096246479847e-06,0.1340384240196362,0.0,0.0,0.0,-0.9306709552774345,0.14029796443813283,150.0,-0.9306709552774345,0.14029796443813283,150.0,0.0,0.0,0.0,1.5431065304933198,0.022495295288846938,104.37921858912854,1.5431065304933198,0.022495295288846938,104.37921858912854,0.0,0.0,0.0,-2.1517038655625558,-1.0188128308034803,28.0,-2.1517038655625558,-1.0188128308034803,28.0,0.0,0.0,0.0,-1.5708000324324098,1.8091097002377945e-06,-0.09025659860094654,-1.5708000324324098,1.8091097002377945e-06,-0.09025659860094654,0.0,0.0,0.0,6.117544272442681e-07,-3.313990323427921e-05,0.016979592963602585,6.117544272442681e-07,-3.313990323427921e-05,0.016979592963602585,0.0,0.0,0.0,robotiq_85_left_knuckle_joint,0.35877587483904083,-0.0040784262124508135,,robotiq_85_left_knuckle_joint,0.35877587483904083,-0.0040784262124508135,,0.0,0.0,
sentinel_joint_telemetry_v2,20260731_114715,20260731_114715:1,1,386,short_cube_pick_place,attack,replay_attack,prior_command_replay,medium,arm_trajectory,cube,cube_retreat,3,commands_back,,0,,,,cube_placement,2026-07-31T11:47:27.258+01:00,8.127356,0.021791,45.889560,0,3515.656000000,3515.656000000,trusted_fallback,0.000000,-0.020200092865460074,3.7063754786236924e-06,-0.5626479875102375,-0.020200092865460074,3.7063754786236924e-06,-0.5626479875102375,0.0,0.0,0.0,-0.9285362762636628,0.10236863124635476,150.0,-0.9285362762636628,0.10236863124635476,150.0,0.0,0.0,0.0,1.5435563875671658,0.022495360834683432,102.447215968626,1.5435563875671658,0.022495360834683432,102.447215968626,0.0,0.0,0.0,-2.1668692973455634,-0.7480206714973534,28.0,-2.1668692973455634,-0.7480206714973534,28.0,0.0,0.0,0.0,-1.5707998929290912,-5.941788988434241e-06,-0.10368373298575559,-1.5707998929290912,-5.941788988434241e-06,-0.10368373298575559,0.0,0.0,0.0,6.373997387211246e-07,-3.4647630366381986e-05,0.016944306078314243,6.373997387211246e-07,-3.4647630366381986e-05,0.016944306078314243,0.0,0.0,0.0,robotiq_85_left_knuckle_joint,0.3591899667832636,-0.008088647884923427,,robotiq_85_left_knuckle_joint,0.3591899667832636,-0.008088647884923427,,0.0,0.0,
sentinel_joint_telemetry_v2,20260731_114715,20260731_114715:1,1,387,short_cube_pick_place,attack,replay_attack,prior_command_replay,medium,arm_trajectory,cube,cube_retreat,3,commands_back,,0,,,,cube_placement,2026-07-31T11:47:27.278+01:00,8.147945,0.020589,48.570151,0,3515.676000000,3515.676000000,trusted_fallback,0.000000,-0.020200048236453386,1.3849014820158795e-06,-1.2206001052263564,-0.020200048236453386,1.3849014820158795e-06,-1.2206001052263564,0.0,0.0,0.0,-0.9262348046450539,0.13215441976745118,150.0,-0.9262348046450539,0.13215441976745118,150.0,0.0,0.0,0.0,1.5440062745224394,0.022493766301235226,100.519415232891,1.5440062745224394,0.022493766301235226,100.519415232891,0.0,0.0,0.0,-2.183201504386783,-0.9116228233977189,28.0,-2.183201504386783,-0.9116228233977189,28.0,0.0,0.0,0.0,-1.570799962594701,-2.072193556915819e-06,-0.1016589425200373,-1.570799962594701,-2.072193556915819e-06,-0.1016589425200373,0.0,0.0,0.0,2.3058012527155627e-07,-1.2129527922323524e-05,0.01696097579443636,2.3058012527155627e-07,-1.2129527922323524e-05,0.01696097579443636,0.0,0.0,0.0,robotiq_85_left_knuckle_joint,0.35904404599938,-0.006624172546989167,,robotiq_85_left_knuckle_joint,0.35904404599938,-0.006624172546989167,,0.0,0.0,
sentinel_joint_telemetry_v2,20260731_114715,20260731_114715:1,1,388,short_cube_pick_place,attack,replay_attack,prior_command_replay,medium,arm_trajectory,cube,cube_retreat,3,commands_back,,0,,,,cube_placement,2026-07-31T11:47:27.300+01:00,8.169154,0.021209,47.149166,0,3515.696000000,3515.696000000,trusted_fallback,0.000000,-0.020200066626571055,2.5644899806756462e-06,-1.937084408435345,-0.020200066626571055,2.5644899806756462e-06,-1.937084408435345,0.0,0.0,0.0,-0.9232486073801927,0.1660161308719356,150.0,-0.9232486073801927,0.1660161308719356,150.0,0.0,0.0,0.0,1.5444561117607742,0.022494933820779696,98.37009407028954,1.5444561117607742,0.022494933820779696,98.37009407028954,0.0,0.0,0.0,-2.202655808082177,-1.0867626789164324,28.0,-2.202655808082177,-1.0867626789164324,28.0,0.0,0.0,0.0,-1.5707994650803414,-2.9712596515289735e-05,-0.09748173304799675,-1.5707994650803414,-2.9712596515289735e-05,-0.09748173304799675,0.0,0.0,0.0,7.257258336497386e-07,-3.972061006486975e-05,0.017014603381672575,7.257258336497386e-07,-3.972061006486975e-05,0.017014603381672575,0.0,0.0,0.0,robotiq_85_left_knuckle_joint,0.35946584415052935,-0.008636542993473854,,robotiq_85_left_knuckle_joint,0.35946584415052935,-0.008636542993473854,,0.0,0.0,
sentinel_joint_telemetry_v2,20260731_114715,20260731_114715:1,1,389,short_cube_pick_place,attack,replay_attack,prior_command_replay,medium,arm_trajectory,cube,cube_retreat,3,commands_back,,0,,,,cube_placement,2026-07-31T11:47:27.321+01:00,8.190173,0.021019,47.574937,0,3515.716000000,3515.716000000,trusted_fallback,0.000000,-0.020200046937028582,1.6285376975822517e-06,4.711072749509855,-0.020200046937028582,1.6285376975822517e-06,4.711072749509855,0.0,0.0,0.0,-0.9199161070315285,0.10483590574320312,150.0,-0.9199161070315285,0.10483590574320312,150.0,0.0,0.0,0.0,1.5449059754784358,0.022494630207543075,117.99159434074484,1.5449059754784358,0.022494630207543075,117.99159434074484,0.0,0.0,0.0,-2.2241895749640186,-0.6992597420320253,28.0,-2.2241895749640186,-0.6992597420320253,28.0,0.0,0.0,0.0,-1.5707990431824148,-5.31523869399704e-05,4.391055258296647,-1.5707990431824148,-5.31523869399704e-05,4.391055258296647,0.0,0.0,0.0,6.33419315821666e-07,-3.467554572028262e-05,0.10863082095450297,6.33419315821666e-07,-3.467554572028262e-05,0.10863082095450297,0.0,0.0,0.0,robotiq_85_left_knuckle_joint,0.3594484769392351,-0.03940506797302901,,robotiq_85_left_knuckle_joint,0.3594484769392351,-0.03940506797302901,,0.0,0.0,
sentinel_joint_telemetry_v2,20260731_114715,20260731_114715:1,1,390,short_cube_pick_place,attack,replay_attack,prior_command_replay,medium,arm_trajectory,cube,cube_retreat,3,commands_back,,0,,,,cube_placement,2026-07-31T11:47:27.342+01:00,8.211698,0.021525,46.458091,0,3515.736000000,3515.736000000,trusted_fallback,0.000000,-0.02020002666813503,6.604051451851792e-07,0.7987608130034652,-0.02020002666813503,6.604051451851792e-07,0.7987608130034652,0.0,0.0,0.0,-0.9197777747705208,-0.011079714041908596,150.0,-0.9197777747705208,-0.011079714041908596,150.0,0.0,0.0,0.0,1.5453558538683085,0.02249351156459375,102.87943840147318,1.5453558538683085,0.02249351156459375,102.87943840147318,0.0,0.0,0.0,-2.226739499276526,-0.02383252476201757,28.0,-2.226739499276526,-0.02383252476201757,28.0,0.0,0.0,0.0,-1.5707996663371309,-1.8533595708559135e-05,7.529851493123141,-1.5707996663371309,-1.8533595708559135e-05,7.529851493123141,0.0,0.0,0.0,2.2627127446059867e-07,-1.2139309123088008e-05,0.23124388228895723,2.2627127446059867e-07,-1.2139309123088008e-05,0.23124388228895723,0.0,0.0,0.0,robotiq_85_left_knuckle_joint,0.3592153921237004,0.00581416180633209,,robotiq_85_left_knuckle_joint,0.3592153921237004,0.00581416180633209,,0.0,0.0,
sentinel_joint_telemetry_v2,20260731_114715,20260731_114715:1,1,391,short_cube_pick_place,attack,replay_attack,prior_command_replay,medium,arm_trajectory,cube,cube_retreat,3,commands_back,,0,,,,cube_placement,2026-07-31T11:47:27.364+01:00,8.233678,0.021980,45.496771,0,3515.756000000,3515.756000000,trusted_fallback,0.000000,-0.020200017749441513,3.2283708476812077e-07,0.7722422622134196,-0.020200017749441513,3.2283708476812077e-07,0.7722422622134196,0.0,0.0,0.0,-0.9200057975684649,-0.011611190112119406,150.0,-0.9200057975684649,-0.011611190112119406,150.0,0.0,0.0,0.0,1.5458057191430865,0.0224931214967381,102.85204979282241,1.5458057191430865,0.0224931214967381,102.85204979282241,0.0,0.0,0.0,-2.2271880986789587,-0.021198119786084487,28.0,-2.2271880986789587,-0.021198119786084487,28.0,0.0,0.0,0.0,-1.5707998836264074,-6.462684674738393e-06,7.519584120103245,-1.5707998836264074,-6.462684674738393e-06,7.519584120103245,0.0,0.0,0.0,8.333437075729616e-08,-4.281370324274144e-06,0.24530368225686372,8.333437075729616e-08,-4.281370324274144e-06,0.24530368225686372,0.0,0.0,0.0,robotiq_85_left_knuckle_joint,0.35942011049253525,0.012293916256224679,,robotiq_85_left_knuckle_joint,0.35942011049253525,0.012293916256224679,,0.0,0.0,
sentinel_joint_telemetry_v2,20260731_114715,20260731_114715:1,1,392,short_cube_pick_place,attack,replay_attack,prior_command_replay,medium,arm_trajectory,cube,cube_retreat,3,commands_back,,0,,,,cube_placement,2026-07-31T11:47:27.386+01:00,8.255485,0.021808,45.855491,0,3515.776000000,3515.776000000,trusted_fallback,0.000000,-0.020199826691718766,-1.013356615301342e-05,0.9380864327748172,-0.020199826691718766,-1.013356615301342e-05,0.9380864327748172,0.0,0.0,0.0,-0.9201991452637353,-0.01640255562834128,150.0,-0.9201991452637353,-0.01640255562834128,150.0,0.0,0.0,0.0,1.5462555223806744,0.022496177936491002,103.33628726941443,1.5462555223806744,0.022496177936491002,103.33628726941443,0.0,0.0,0.0,-2.2275709144354634,-0.008715067677451085,28.0,-2.2275709144354634,-0.008715067677451085,28.0,0.0,0.0,0.0,-1.5707940796912845,-0.00032890390521958437,2.406284026355555,-1.5707940796912845,-0.00032890390521958437,2.406284026355555,0.0,0.0,0.0,5.256464533171449e-07,-2.8937120328048453e-05,0.10568161056175346,5.256464533171449e-07,-2.8937120328048453e-05,0.10568161056175346,0.0,0.0,0.0,robotiq_85_left_knuckle_joint,0.36010056230106413,0.040245520283978195,,robotiq_85_left_knuckle_joint,0.36010056230106413,0.040245520283978195,,0.0,0.0,
sentinel_joint_telemetry_v2,20260731_114715,20260731_114715:1,1,393,short_cube_pick_place,attack,replay_attack,prior_command_replay,medium,arm_trajectory,cube,cube_retreat,3,commands_back,,0,,,,cube_placement,2026-07-31T11:47:27.408+01:00,8.277602,0.022116,45.215575,0,3515.796000000,3515.796000000,trusted_fallback,0.000000,-0.020199944319254745,-3.4407879299107238e-06,0.7515395055137366,-0.020199944319254745,-3.4407879299107238e-06,0.7515395055137366,0.0,0.0,0.0,-0.9204642161760132,-0.01278866871991044,150.0,-0.9204642161760132,-0.01278866871991044,150.0,0.0,0.0,0.0,1.546705418915467,0.02249405120400607,102.82972607825626,1.546705418915467,0.02249405120400607,102.82972607825626,0.0,0.0,0.0,-2.2278076517941416,-0.011662646457325582,28.0,-2.2278076517941416,-0.011662646457325582,28.0,0.0,0.0,0.0,-1.5707979356988517,-0.00011468231360116637,7.507736400115003,-1.5707979356988517,-0.00011468231360116637,7.507736400115003,0.0,0.0,0.0,1.857745881342813e-07,-1.0138481385029091e-05,0.25973535505291684,1.857745881342813e-07,-1.0138481385029091e-05,0.25973535505291684,0.0,0.0,0.0,robotiq_85_left_knuckle_joint,0.3603451226963872,0.0043298118912749334,,robotiq_85_left_knuckle_joint,0.3603451226963872,0.0043298118912749334,,0.0,0.0,
sentinel_joint_telemetry_v2,20260731_114715,20260731_114715:1,1,394,short_cube_pick_place,attack,replay_attack,prior_command_replay,medium,arm_trajectory,cube,cube_retreat,3,commands_back,,0,,,,cube_placement,2026-07-31T11:47:27.430+01:00,8.299691,0.022089,45.270968,0,3515.816000000,3515.816000000,trusted_fallback,0.000000,-0.020199983482079804,-1.107160527574931e-06,0.7512857334743532,-0.020199983482079804,-1.107160527574931e-06,0.7512857334743532,0.0,0.0,0.0,-0.9207170024278686,-0.012540317452262036,150.0,-0.9207170024278686,-0.012540317452262036,150.0,0.0,0.0,0.0,1.5471552905168626,0.022493309657295523,102.84014331226702,1.5471552905168626,0.022493309657295523,102.84014331226702,0.0,0.0,0.0,-2.228041470168955,-0.011687154866579019,28.0,-2.228041470168955,-0.011687154866579019,28.0,0.0,0.0,0.0,-1.5707992802153272,-3.998767000805859e-05,7.507446017640768,-1.5707992802153272,-3.998767000805859e-05,7.507446017640768,0.0,0.0,0.0,6.629504322815429e-08,-3.5837161540806274e-06,0.2597818164947594,6.629504322815429e-08,-3.5837161540806274e-06,0.2597818164947594,0.0,0.0,0.0,robotiq_85_left_knuckle_joint,0.3603763012811289,-0.00011785181050856519,,robotiq_85_left_knuckle_joint,0.3603763012811289,-0.00011785181050856519,,0.0,0.0,
sentinel_joint_telemetry_v2,20260731_114715,20260731_114715:1,1,395,short_cube_pick_place,attack,replay_attack,prior_command_replay,medium,arm_trajectory,cube,cube_retreat,3,commands_back,,0,,,,cube_placement,2026-07-31T11:47:27.450+01:00,8.320054,0.020364,49.107076,0,3515.834000000,3515.834000000,trusted_fallback,0.000000,-0.020199994699001824,-3.418747850422038e-07,0.7515040567224501,-0.020199994699001824,-3.418747850422038e-07,0.7515040567224501,0.0,0.0,0.0,-0.9209416038952197,-0.01243006025269562,150.0,-0.9209416038952197,-0.01243006025269562,150.0,0.0,0.0,0.0,1.54756016732233,0.02249306647575053,102.8452674457798,1.54756016732233,0.02249306647575053,102.8452674457798,0.0,0.0,0.0,-2.228251332199409,-0.011630464561090334,28.0,-2.228251332199409,-0.011630464561090334,28.0,0.0,0.0,0.0,-1.5707997211411138,-1.5492437525220677e-05,7.507854425304778,-1.5707997211411138,-1.5492437525220677e-05,7.507854425304778,0.0,0.0,0.0,2.625859773141171e-08,-1.4341578089879098e-06,0.25997115337450666,2.625859773141171e-08,-1.4341578089879098e-06,0.25997115337450666,0.0,0.0,0.0,robotiq_85_left_knuckle_joint,0.3603583825301352,-0.0016166472075160778,,robotiq_85_left_knuckle_joint,0.3603583825301352,-0.0016166472075160778,,0.0,0.0,
sentinel_joint_telemetry_v2,20260731_114715,20260731_114715:1,1,396,short_cube_pick_place,attack,replay_attack,prior_command_replay,medium,arm_trajectory,cube,cube_retreat,3,commands_back,,0,,,,cube_placement,2026-07-31T11:47:27.473+01:00,8.342135,0.022080,45.289297,0,3515.854000000,3515.854000000,trusted_fallback,0.000000,-0.020199998185920536,-1.0078259599977969e-07,0.739495393855363,-0.020199998185920536,-1.0078259599977969e-07,0.739495393855363,0.0,0.0,0.0,-0.9211323534219705,-0.005864229838305786,150.0,-0.9211323534219705,-0.005864229838305786,150.0,0.0,0.0,0.0,1.5479063498024033,0.010758344031155777,102.81665881273653,1.5479063498024033,0.010758344031155777,102.81665881273653,0.0,0.0,0.0,-2.228434544606501,-0.006297326813290739,28.0,-2.228434544606501,-0.006297326813290739,28.0,0.0,0.0,0.0,-1.5707999027735162,-5.40196303131131e-06,7.505639735822423,-1.5707999027735162,-5.40196303131131e-06,7.505639735822423,0.0,0.0,0.0,9.170968193820547e-09,-5.097412021099878e-07,0.2600303783833009,9.170968193820547e-09,-5.097412021099878e-07,0.2600303783833009,0.0,0.0,0.0,robotiq_85_left_knuckle_joint,0.36031588740667736,-0.0025281551162685337,,robotiq_85_left_knuckle_joint,0.36031588740667736,-0.0025281551162685337,,0.0,0.0,
sentinel_joint_telemetry_v2,20260731_114715,20260731_114715:1,1,397,short_cube_pick_place,attack,replay_attack,prior_command_replay,medium,arm_trajectory,cube,cube_retreat,3,commands_back,,0,,,,cube_release,2026-07-31T11:47:27.495+01:00,8.364338,0.022203,45.037977,0,3515.874000000,3515.874000000,trusted_fallback,0.000000,-0.020199721710251656,0.0002776220755012415,-15.508923211116654,-0.020199721710251656,0.0002776220755012415,-15.508923211116654,0.0,0.0,0.0,-0.9211037558569035,0.05427365439257448,150.0,-0.9211037558569035,0.05427365439257448,150.0,0.0,0.0,0.0,1.5480323891083512,0.003661963038877905,97.7720493442294,1.5480323891083512,0.003661963038877905,97.7720493442294,0.0,0.0,0.0,-2.2283345647330677,0.21183344674057222,28.000000000000004,-2.2283345647330677,0.21183344674057222,28.000000000000004,0.0,0.0,0.0,-1.5707898051847136,0.01015903642004059,-6.774270956410335,-1.5707898051847136,0.01015903642004059,-6.774270956410335,0.0,0.0,0.0,-1.182675672831403e-07,-0.00012164044309359925,-0.25222092648695504,-1.182675672831403e-07,-0.00012164044309359925,-0.25222092648695504,0.0,0.0,0.0,robotiq_85_left_knuckle_joint,0.35722774281509045,-0.5521588008118599,,robotiq_85_left_knuckle_joint,0.35722774281509045,-0.5521588008118599,,0.0,0.0,
sentinel_joint_telemetry_v2,20260731_114715,20260731_114715:1,1,398,short_cube_pick_place,attack,replay_attack,prior_command_replay,medium,arm_trajectory,cube,cube_retreat,3,commands_back,,0,,,,cube_release,2026-07-31T11:47:27.516+01:00,8.385202,0.020863,47.930966,0,3515.896000000,3515.896000000,trusted_fallback,0.000000,-0.020199912669717712,-4.851683575348613e-06,2.0366199105203915,-0.020199912669717712,-4.851683575348613e-06,2.0366199105203915,0.0,0.0,0.0,-0.9184556042610972,0.06657188479509119,150.0,-0.9184556042610972,0.06657188479509119,150.0,0.0,0.0,0.0,1.5479536229004398,0.008132060805929677,102.72722552816269,1.5479536229004398,0.008132060805929677,102.72722552816269,0.0,0.0,0.0,-2.2133393357804794,0.7858868249217663,28.0,-2.2133393357804794,0.7858868249217663,28.0,0.0,0.0,0.0,-1.5707968007580602,-0.00017773563083257025,-0.5632516042836534,-1.5707968007580602,-0.00017773563083257025,-0.5632516042836534,0.0,0.0,0.0,-3.707962062210371e-08,2.06004722073049e-06,-0.07737161226770634,-3.707962062210371e-08,2.06004722073049e-06,-0.07737161226770634,0.0,0.0,0.0,robotiq_85_left_knuckle_joint,0.34622774281642976,-0.5000000005058766,,robotiq_85_left_knuckle_joint,0.34622774281642976,-0.5000000005058766,,0.0,0.0,
sentinel_joint_telemetry_v2,20260731_114715,20260731_114715:1,1,399,short_cube_pick_place,attack,replay_attack,prior_command_replay,medium,arm_trajectory,cube,cube_retreat,3,commands_back,,0,,,,cube_release,2026-07-31T11:47:27.536+01:00,8.405253,0.020052,49.870633,0,3515.916000000,3515.916000000,trusted_fallback,0.000000,-0.020199969549802334,-1.6916709354088556e-06,-12.308986330549395,-0.020199969549802334,-1.6916709354088556e-06,-12.308986330549395,0.0,0.0,0.0,-0.9175612226607908,0.15012653583821922,149.99999999999997,-0.9175612226607908,0.15012653583821922,149.99999999999997,0.0,0.0,0.0,1.5480489614581499,0.0028354743941398893,55.27228666357643,1.5480489614581499,0.0028354743941398893,55.27228666357643,0.0,0.0,0.0,-2.2058645161450356,0.5091397854149367,9.595912942714358,-2.2058645161450356,0.5091397854149367,9.595912942714358,0.0,0.0,0.0,-1.5707988844929286,-6.197261514274879e-05,0.0009984459170307802,-1.5707988844929286,-6.197261514274879e-05,0.0009984459170307802,0.0,0.0,0.0,-1.2914623326398362e-08,7.174788605580993e-07,0.00019843148680464873,-1.2914623326398362e-08,7.174788605580993e-07,0.00019843148680464873,0.0,0.0,0.0,robotiq_85_left_knuckle_joint,0.33622774281800744,-0.5000000003049349,,robotiq_85_left_knuckle_joint,0.33622774281800744,-0.5000000003049349,,0.0,0.0,
sentinel_joint_telemetry_v2,20260731_114715,20260731_114715:1,1,400,short_cube_pick_place,attack,replay_attack,prior_command_replay,medium,arm_trajectory,cube,cube_retreat,3,commands_back,,0,,,,cube_release,2026-07-31T11:47:27.556+01:00,8.425416,0.020162,49.597634,0,3515.936000000,3515.936000000,trusted_fallback,0.000000,-0.020199989382276285,-5.898221938610126e-07,-92.62096356740392,-0.020199989382276285,-5.898221938610126e-07,-92.62096356740392,0.0,0.0,0.0,-0.9169166903849905,0.011644035767489257,150.0,-0.9169166903849905,0.011644035767489257,150.0,0.0,0.0,0.0,1.5480822039575426,0.00098866873559577,105.7372424824117,1.5480822039575426,0.00098866873559577,105.7372424824117,0.0,0.0,0.0,-2.2038699090506633,-0.008965591704634502,28.0,-2.2038699090506633,-0.008965591704634502,28.0,0.0,0.0,0.0,-1.5698187380811188,0.09817984284268429,-28.0,-1.5698187380811188,0.09817984284268429,-28.0,0.0,0.0,0.0,-4.506271918830923e-09,2.489786894675772e-07,1.4867468207678183,-4.506271918830923e-09,2.489786894675772e-07,1.4867468207678183,0.0,0.0,0.0,robotiq_85_left_knuckle_joint,0.32622774377734565,-0.4999999179660404,,robotiq_85_left_knuckle_joint,0.32622774377734565,-0.4999999179660404,,0.0,0.0,
sentinel_joint_telemetry_v2,20260731_114715,20260731_114715:1,1,401,short_cube_pick_place,attack,replay_attack,prior_command_replay,medium,arm_trajectory,cube,cube_retreat,3,commands_back,,0,,,,cube_release,2026-07-31T11:47:27.578+01:00,8.447426,0.022011,45.432385,0,3515.958000000,3515.958000000,trusted_fallback,0.000000,-0.020199996667413348,-1.8509269925689326e-07,-92.01770922760649,-0.020199996667413348,-1.8509269925689326e-07,-92.01770922760649,0.0,0.0,0.0,-0.9166514172518787,0.012382143564415592,150.0,-0.9166514172518787,0.012382143564415592,150.0,0.0,0.0,0.0,1.5480944154097296,0.00031025472522004226,105.73063003997692,1.5480944154097296,0.00031025472522004226,105.73063003997692,0.0,0.0,0.0,-2.2040549651155397,-0.008156849074480346,28.0,-2.2040549651155397,-0.008156849074480346,28.0,0.0,0.0,0.0,-1.5676613165060143,0.09781959796311245,-28.0,-1.5676613165060143,0.09781959796311245,-28.0,0.0,0.0,0.0,-1.4276227592074058e-09,7.856416147831134e-08,0.8150461762979491,-1.4276227592074058e-09,7.856416147831134e-08,0.8150461762979491,0.0,0.0,0.0,robotiq_85_left_knuckle_joint,0.31522774556652206,-0.4999999190673645,,robotiq_85_left_knuckle_joint,0.31522774556652206,-0.4999999190673645,,0.0,0.0,
sentinel_joint_telemetry_v2,20260731_114715,20260731_114715:1,1,402,short_cube_pick_place,attack,replay_attack,prior_command_replay,medium,arm_trajectory,cube,cube_retreat,3,commands_back,,0,,,,cube_release,2026-07-31T11:47:27.598+01:00,8.467589,0.020163,49.596380,0,3515.978000000,3515.978000000,trusted_fallback,0.000000,-0.02019999883740323,-6.453787278182764e-08,-91.74006179214622,-0.02019999883740323,-6.453787278182764e-08,-91.74006179214622,0.0,0.0,0.0,-0.9163984581374172,0.012879810895891255,150.0,-0.9163984581374172,0.012879810895891255,150.0,0.0,0.0,0.0,1.5480980527703785,0.00010817913362883881,105.72422297402898,1.5480980527703785,0.00010817913362883881,105.72422297402898,0.0,0.0,0.0,-2.204216559338404,-0.008086968605114736,28.0,-2.204216559338404,-0.008086968605114736,28.0,0.0,0.0,0.0,-1.5657066115567564,0.09747848135615234,-28.0,-1.5657066115567564,0.09747848135615234,-28.0,0.0,0.0,0.0,-5.02377527347486e-10,2.7483756898137937e-08,0.47365311277106426,-5.02377527347486e-10,2.7483756898137937e-08,0.47365311277106426,0.0,0.0,0.0,robotiq_85_left_knuckle_joint,0.3052277471721699,-0.49999992005767424,,robotiq_85_left_knuckle_joint,0.3052277471721699,-0.49999992005767424,,0.0,0.0,
sentinel_joint_telemetry_v2,20260731_114715,20260731_114715:1,1,403,short_cube_pick_place,attack,replay_attack,prior_command_replay,medium,arm_trajectory,cube,cube_retreat,3,commands_back,,0,,,,cube_release,2026-07-31T11:47:27.620+01:00,8.489279,0.021690,46.103921,0,3516.000000000,3516.000000000,trusted_fallback,0.000000,-0.020199999634537315,-2.0252725696371168e-08,-91.6091958671203,-0.020199999634537315,-2.0252725696371168e-08,-91.6091958671203,0.0,0.0,0.0,-0.9161095249268317,0.013355201828455177,150.0,-0.9161095249268317,0.013355201828455177,150.0,0.0,0.0,0.0,1.548099388935132,3.3947758434217656e-05,105.719808020573,1.548099388935132,3.3947758434217656e-05,105.719808020573,0.0,0.0,0.0,-2.2043959432047404,-0.008240114555690781,28.0,-2.2043959432047404,-0.008240114555690781,28.0,0.0,0.0,0.0,-1.563566266253085,0.09714287409488868,-28.0,-1.563566266253085,0.09714287409488868,-28.0,0.0,0.0,0.0,-1.6190388764500833e-10,8.742985288653568e-09,0.2774488750842392,-1.6190388764500833e-10,8.742985288653568e-09,0.2774488750842392,0.0,0.0,0.0,robotiq_85_left_knuckle_joint,0.2942277489157765,-0.4999999211223118,,robotiq_85_left_knuckle_joint,0.2942277489157765,-0.4999999211223118,,0.0,0.0,
sentinel_joint_telemetry_v2,20260731_114715,20260731_114715:1,1,404,short_cube_pick_place,attack,replay_attack,prior_command_replay,medium,arm_trajectory,cube,cube_retreat,3,commands_back,,0,,,,cube_release,2026-07-31T11:47:27.640+01:00,8.509331,0.020052,49.870782,0,3516.020000000,3516.020000000,trusted_fallback,0.000000,-0.020199999871976508,-7.061730037099395e-09,-91.49960245221997,-0.020199999871976508,-7.061730037099395e-09,-91.49960245221997,0.0,0.0,0.0,-0.9158381491862695,0.013759107299199309,150.0,-0.9158381491862695,0.013759107299199309,150.0,0.0,0.0,0.0,1.548099786931458,1.183685144938787e-05,105.71468307811989,1.548099786931458,1.183685144938787e-05,105.71468307811989,0.0,0.0,0.0,-2.20456284615248,-0.00844711249138095,28.0,-2.20456284615248,-0.00844711249138095,28.0,0.0,0.0,0.0,-1.5616263336760967,0.09686211248006735,-28.0,-1.5616263336760967,0.09686211248006735,-28.0,0.0,0.0,0.0,-5.821759857408444e-11,3.1399508206193805e-09,0.10439921981175682,-5.821759857408444e-11,3.1399508206193805e-09,0.10439921981175682,0.0,0.0,0.0,robotiq_85_left_knuckle_joint,0.28422775048052595,-0.49999992208367244,,robotiq_85_left_knuckle_joint,0.28422775048052595,-0.49999992208367244,,0.0,0.0,
sentinel_joint_telemetry_v2,20260731_114715,20260731_114715:1,1,405,short_cube_pick_place,attack,replay_attack,prior_command_replay,medium,arm_trajectory,cube,cube_retreat,3,commands_back,,0,,,,cube_release,2026-07-31T11:47:27.662+01:00,8.531328,0.021997,45.460660,0,3516.042000000,3516.042000000,trusted_fallback,0.000000,-0.020199999959199175,-2.216069563748188e-09,-91.44224452382103,-0.020199999959199175,-2.216069563748188e-09,-91.44224452382103,0.0,0.0,0.0,-0.9155304871949383,0.014188717678953014,150.0,-0.9155304871949383,0.014188717678953014,150.0,0.0,0.0,0.0,1.548099933133255,3.7145294012009764e-06,105.70887118719538,1.548099933133255,3.7145294012009764e-06,105.70887118719538,0.0,0.0,0.0,-2.2047515215462177,-0.008696293961782797,28.0,-2.2047515215462177,-0.008696293961782797,28.0,0.0,0.0,0.0,-1.559498964116858,0.09654692448098291,-28.0,-1.559498964116858,0.09654692448098291,-28.0,0.0,0.0,0.0,-1.850964583764789e-11,1.0498048992613196e-09,-0.024315367905768364,-1.850964583764789e-11,1.0498048992613196e-09,-0.024315367905768364,0.0,0.0,0.0,robotiq_85_left_knuckle_joint,0.27322775217963047,-0.49999992312907693,,robotiq_85_left_knuckle_joint,0.27322775217963047,-0.49999992312907693,,0.0,0.0,
sentinel_joint_telemetry_v2,20260731_114715,20260731_114715:1,1,406,short_cube_pick_place,attack,replay_attack,prior_command_replay,medium,arm_trajectory,cube,cube_retreat,3,commands_back,,0,,,,cube_release,2026-07-31T11:47:27.684+01:00,8.553308,0.021980,45.495386,0,3516.064000000,3516.064000000,trusted_fallback,0.000000,-0.020199999986570925,-6.954369094480661e-10,-91.42726392863621,-0.020199999986570925,-6.954369094480661e-10,-91.42726392863621,0.0,0.0,0.0,-0.9152134910038262,0.0146088398514987,150.0,-0.9152134910038262,0.0146088398514987,150.0,0.0,0.0,0.0,1.5480999790129284,1.165658676471025e-06,105.70286619961698,1.5480999790129284,1.165658676471025e-06,105.70286619961698,0.0,0.0,0.0,-2.2049457563948445,-0.008950326230010148,28.0,-2.2049457563948445,-0.008950326230010148,28.0,0.0,0.0,0.0,-1.5573786041127795,0.0962251492602621,-28.0,-1.5573786041127795,0.0962251492602621,-28.0,0.0,0.0,0.0,-4.9235127096242e-12,3.733121381466198e-10,-0.11239688815898245,-4.9235127096242e-12,3.733121381466198e-10,-0.11239688815898245,0.0,0.0,0.0,robotiq_85_left_knuckle_joint,0.26222775385583397,-0.4999999241617536,,robotiq_85_left_knuckle_joint,0.26222775385583397,-0.4999999241617536,,0.0,0.0,
sentinel_joint_telemetry_v2,20260731_114715,20260731_114715:1,1,407,short_cube_pick_place,attack,replay_attack,prior_command_replay,medium,arm_trajectory,cube,cube_retreat,3,commands_back,,0,,,,cube_release,2026-07-31T11:47:27.706+01:00,8.575315,0.022007,45.440477,0,3516.086000000,3516.086000000,trusted_fallback,0.000000,-0.0201999999951606,-2.182378334037588e-10,-91.44037995844863,-0.0201999999951606,-2.182378334037588e-10,-91.44037995844863,0.0,0.0,0.0,-0.9148873337681458,0.01502219587558228,150.0,-0.9148873337681458,0.01502219587558228,150.0,0.0,0.0,0.0,1.548099993410456,3.657960460437537e-07,105.69666891525037,1.548099993410456,3.657960460437537e-07,105.69666891525037,0.0,0.0,0.0,-2.2051455786807126,-0.00920372309546861,28.0,-2.2051455786807126,-0.00920372309546861,28.0,0.0,0.0,0.0,-1.5552653983075495,0.09589680548027237,-28.0,-1.5552653983075495,0.09589680548027237,-28.0,0.0,0.0,0.0,1.108025412906971e-13,1.4772426099214642e-10,-0.1741886537756296,1.108025412906971e-13,1.4772426099214642e-10,-0.1741886537756296,0.0,0.0,0.0,robotiq_85_left_knuckle_joint,0.25122775550941234,-0.49999992518219444,,robotiq_85_left_knuckle_joint,0.25122775550941234,-0.49999992518219444,,0.0,0.0,
sentinel_joint_telemetry_v2,20260731_114715,20260731_114715:1,1,408,short_cube_pick_place,attack,replay_attack,prior_command_replay,medium,arm_trajectory,cube,cube_retreat,3,commands_back,,0,,,,cube_release,2026-07-31T11:47:27.728+01:00,8.597255,0.021940,45.579888,0,3516.108000000,3516.108000000,trusted_fallback,0.000000,-0.02019999999785611,-6.848193540021086e-11,-91.47294346016676,-0.02019999999785611,-6.848193540021086e-11,-91.47294346016676,0.0,0.0,0.0,-0.9145521459615125,0.015430245602788458,150.0,-0.9145521459615125,0.015430245602788458,150.0,0.0,0.0,0.0,1.5480999979285526,1.1479068714841112e-07,105.69028313368622,1.5480999979285526,1.1479068714841112e-07,105.69028313368622,0.0,0.0,0.0,-2.2053509540086833,-0.009455123725861134,28.0,-2.2053509540086833,-0.009455123725861134,28.0,0.0,0.0,0.0,-1.5531594912673743,0.09556188537386354,-28.0,-1.5531594912673743,0.09556188537386354,-28.0,0.0,0.0,0.0,2.228322666030247e-12,6.805060659940965e-11,-0.2183741056332083,2.228322666030247e-12,6.805060659940965e-11,-0.2183741056332083,0.0,0.0,0.0,robotiq_85_left_knuckle_joint,0.24022775714063715,-0.4999999261903781,,robotiq_85_left_knuckle_joint,0.24022775714063715,-0.4999999261903781,,0.0,0.0,
sentinel_joint_telemetry_v2,20260731_114715,20260731_114715:1,1,409,short_cube_pick_place,attack,replay_attack,prior_command_replay,medium,arm_trajectory,cube,cube_retreat,3,commands_back,,0,,,,cube_release,2026-07-31T11:47:27.750+01:00,8.619226,0.021971,45.513628,0,3516.130000000,3516.130000000,trusted_fallback,0.000000,-0.020199999998701878,-2.148219167656673e-11,-91.51948318898832,-0.020199999998701878,-2.148219167656673e-11,-91.51948318898832,0.0,0.0,0.0,-0.9142080328055872,0.015833929571255047,150.0,-0.9142080328055872,0.015833929571255047,150.0,0.0,0.0,0.0,1.5480999993463793,3.60225537072989e-08,105.68371294447198,1.5480999993463793,3.60225537072989e-08,105.68371294447198,0.0,0.0,0.0,-2.2055618355020576,-0.009704390696356258,28.0,-2.2055618355020576,-0.009704390696356258,28.0,0.0,0.0,0.0,-1.551061027907661,0.09522036700664832,-28.0,-1.551061027907661,0.09522036700664832,-28.0,0.0,0.0,0.0,3.2725832019290506e-12,3.6961019097767056e-11,-0.2504443598414415,3.2725832019290506e-12,3.6961019097767056e-11,-0.2504443598414415,0.0,0.0,0.0,robotiq_85_left_knuckle_joint,0.22922775874977708,-0.49999992718653724,,robotiq_85_left_knuckle_joint,0.22922775874977708,-0.49999992718653724,,0.0,0.0,
sentinel_joint_telemetry_v2,20260731_114715,20260731_114715:1,1,410,short_cube_pick_place,attack,replay_attack,prior_command_replay,medium,arm_trajectory,cube,cube_retreat,3,commands_back,,0,,,,cube_release,2026-07-31T11:47:27.770+01:00,8.639298,0.020072,49.819998,0,3516.150000000,3516.150000000,trusted_fallback,0.000000,-0.02019999999895363,-7.47989170601926e-12,-91.57088282640932,-0.02019999999895363,-7.47989170601926e-12,-91.57088282640932,0.0,0.0,0.0,-0.9138875317208028,0.016197700853869644,150.0,-0.9138875317208028,0.016197700853869644,150.0,0.0,0.0,0.0,1.5480999997687006,1.2560290105732841e-08,105.67758310907625,1.5480999997687006,1.2560290105732841e-08,105.67758310907625,0.0,0.0,0.0,-2.2057582859738583,-0.009929302659607276,28.0,-2.2057582859738583,-0.009929302659607276,28.0,0.0,0.0,0.0,-1.5491599157534535,0.09490414512867096,-28.0,-1.5491599157534535,0.09490414512867096,-28.0,0.0,0.0,0.0,3.82718881596697e-12,2.3858626662862092e-11,-0.27213370466563025,3.82718881596697e-12,2.3858626662862092e-11,-0.27213370466563025,0.0,0.0,0.0,robotiq_85_left_knuckle_joint,0.21922776019368923,-0.4999999280818987,,robotiq_85_left_knuckle_joint,0.21922776019368923,-0.4999999280818987,,0.0,0.0,
sentinel_joint_telemetry_v2,20260731_114715,20260731_114715:1,1,411,short_cube_pick_place,attack,replay_attack,prior_command_replay,medium,arm_trajectory,cube,cube_retreat,3,commands_back,,0,,,,cube_release,2026-07-31T11:47:27.792+01:00,8.661250,0.021952,45.554370,0,3516.172000000,3516.172000000,trusted_fallback,0.000000,-0.020199999999045877,-2.333685328315127e-12,-91.63515770382534,-0.020199999999045877,-2.333685328315127e-12,-91.63515770382534,0.0,0.0,0.0,-0.9135266122967389,0.016594797413907028,150.0,-0.9135266122967389,0.016594797413907028,150.0,0.0,0.0,0.0,1.5480999999238378,3.9415552818139465e-09,105.67067055108916,1.5480999999238378,3.9415552818139465e-09,105.67067055108916,0.0,0.0,0.0,-2.2059795582509625,-0.010175068247424417,28.0,-2.2059795582509625,-0.010175068247424417,28.0,0.0,0.0,0.0,-1.5470760676690314,0.09454994405594894,-28.0,-1.5470760676690314,0.09454994405594894,-28.0,0.0,0.0,0.0,4.222338653514112e-12,1.6033696072226267e-11,-0.2900523276026904,4.222338653514112e-12,1.6033696072226267e-11,-0.2900523276026904,0.0,0.0,0.0,robotiq_85_left_knuckle_joint,0.20822776176139862,-0.49999992905552687,,robotiq_85_left_knuckle_joint,0.20822776176139862,-0.49999992905552687,,0.0,0.0,
sentinel_joint_telemetry_v2,20260731_114715,20260731_114715:1,1,412,short_cube_pick_place,attack,replay_attack,prior_command_replay,medium,arm_trajectory,cube,cube_retreat,3,commands_back,,0,,,,cube_release,2026-07-31T11:47:27.812+01:00,8.681272,0.020021,49.946530,0,3516.192000000,3516.192000000,trusted_fallback,0.000000,-0.020199999999073102,-7.987755422378395e-13,-91.69922912769786,-0.020199999999073102,-7.987755422378395e-13,-91.69922912769786,0.0,0.0,0.0,-0.9131909498187584,0.01695335498632977,150.0,-0.9131909498187584,0.01695335498632977,150.0,0.0,0.0,0.0,1.5480999999700482,1.3743454959150303e-09,105.66423424169098,1.5480999999700482,1.3743454959150303e-09,105.66423424169098,0.0,0.0,0.0,-2.2061853922808567,-0.010397187599514045,28.0,-2.2061853922808567,-0.010397187599514045,28.0,0.0,0.0,0.0,-1.5451884848784447,0.09422213445130426,-28.0,-1.5451884848784447,0.09422213445130426,-28.0,0.0,0.0,0.0,4.4675567417536985e-12,1.1669349514464855e-11,-0.30233971428180806,4.4675567417536985e-12,1.1669349514464855e-11,-0.30233971428180806,0.0,0.0,0.0,robotiq_85_left_knuckle_joint,0.19822776316807855,-0.49999992993053,,robotiq_85_left_knuckle_joint,0.19822776316807855,-0.49999992993053,,0.0,0.0,
sentinel_joint_telemetry_v2,20260731_114715,20260731_114715:1,1,413,short_cube_pick_place,attack,replay_attack,prior_command_replay,medium,arm_trajectory,cube,cube_retreat,3,commands_back,,0,,,,cube_release,2026-07-31T11:47:27.834+01:00,8.703278,0.022007,45.440477,0,3516.214000000,3516.214000000,trusted_fallback,0.000000,-0.020199999999082802,-2.3292414004505435e-13,-91.77478708286628,-0.020199999999082802,-2.3292414004505435e-13,-91.77478708286628,0.0,0.0,0.0,-0.9128134655426479,0.01734538657889362,150.0,-0.9128134655426479,0.01734538657889362,150.0,0.0,0.0,0.0,1.5480999999870226,4.31316180687924e-10,105.65698896303515,1.5480999999870226,4.31316180687924e-10,105.65698896303515,0.0,0.0,0.0,-2.206416926309546,-0.010640262098178685,28.0,-2.206416926309546,-0.010640262098178685,28.0,0.0,0.0,0.0,-1.543119787522584,0.09385511953117635,-28.0,-1.543119787522584,0.09385511953117635,-28.0,0.0,0.0,0.0,4.656778908985623e-12,8.429441389692927e-12,-0.31258236701750985,4.656778908985623e-12,8.429441389692927e-12,-0.31258236701750985,0.0,0.0,0.0,robotiq_85_left_knuckle_joint,0.18722776469530025,-0.4999999308821524,,robotiq_85_left_knuckle_joint,0.18722776469530025,-0.4999999308821524,,0.0,0.0,
sentinel_joint_telemetry_v2,20260731_114715,20260731_114715:1,1,414,short_cube_pick_place,attack,replay_attack,prior_command_replay,medium,arm_trajectory,cube,cube_retreat,3,commands_back,,0,,,,cube_release,2026-07-31T11:47:27.856+01:00,8.725224,0.021946,45.566637,0,3516.236000000,3516.236000000,trusted_fallback,0.000000,-0.020199999999085505,-5.3978739880666815e-14,-91.85482323995151,-0.020199999999085505,-5.3978739880666815e-14,-91.85482323995151,0.0,0.0,0.0,-0.9124273828998541,0.017735171860026367,150.0,-0.9124273828998541,0.017735171860026367,150.0,0.0,0.0,0.0,1.5480999999923502,1.353811368565161e-10,105.64957227129837,1.5480999999923502,1.353811368565161e-10,105.64957227129837,0.0,0.0,0.0,-2.206653794263459,-0.010882171181637722,28.0,-2.206653794263459,-0.010882171181637722,28.0,0.0,0.0,0.0,-1.5410592418715294,0.09348133690653924,-28.0,-1.5410592418715294,0.09348133690653924,-28.0,0.0,0.0,0.0,4.787554191949415e-12,6.159741770470073e-12,-0.32024315786927104,4.787554191949415e-12,6.159741770470073e-12,-0.32024315786927104,0.0,0.0,0.0,robotiq_85_left_knuckle_joint,0.1762277662016819,-0.4999999318224758,,robotiq_85_left_knuckle_joint,0.1762277662016819,-0.4999999318224758,,0.0,0.0,
sentinel_joint_telemetry_v2,20260731_114715,20260731_114715:1,1,415,short_cube_pick_place,attack,replay_attack,prior_command_replay,medium,arm_trajectory,cube,cube_retreat,3,commands_back,,0,,,,cube_release,2026-07-31T11:47:27.876+01:00,8.745267,0.020043,49.893251,0,3516.256000000,3516.256000000,trusted_fallback,0.000000,-0.020199999999085987,7.634951698642922e-16,-91.93140078742614,-0.020199999999085987,7.634951698642922e-16,-91.93140078742614,0.0,0.0,0.0,-0.9120689921527779,0.018086244706574175,150.0,-0.9120689921527779,0.018086244706574175,150.0,0.0,0.0,0.0,1.5480999999939373,4.722539460183528e-11,105.64186352989948,1.5480999999939373,4.722539460183528e-11,105.64186352989948,0.0,0.0,0.0,-2.206873727673048,-0.011100263960542835,28.0,-2.206873727673048,-0.011100263960542835,28.0,0.0,0.0,0.0,-1.5391932180334058,0.09313562406160016,-28.0,-1.5391932180334058,0.09313562406160016,-28.0,0.0,0.0,0.0,4.87093103080262e-12,4.7710470556933116e-12,-0.32572991633086623,4.87093103080262e-12,4.7710470556933116e-12,-0.32572991633086623,0.0,0.0,0.0,robotiq_85_left_knuckle_joint,0.16622776755324106,-0.4999999326680992,,robotiq_85_left_knuckle_joint,0.16622776755324106,-0.4999999326680992,,0.0,0.0,
sentinel_joint_telemetry_v2,20260731_114715,20260731_114715:1,1,416,short_cube_pick_place,attack,replay_attack,prior_command_replay,medium,arm_trajectory,cube,cube_retreat,3,commands_back,,0,,,,cube_release,2026-07-31T11:47:27.896+01:00,8.765270,0.020003,49.993526,0,3516.276000000,3516.276000000,trusted_fallback,0.000000,-0.02019999999908582,2.0730162378357342e-14,-92.01048331564513,-0.02019999999908582,2.0730162378357342e-14,-92.01048331564513,0.0,0.0,0.0,-0.9117035934342905,0.018436105340823686,150.0,-0.9117035934342905,0.018436105340823686,150.0,0.0,0.0,0.0,1.548099999994491,1.6468878344388926e-11,105.63404016001802,1.548099999994491,1.6468878344388926e-11,105.63404016001802,0.0,0.0,0.0,-2.2070980165115706,-0.011317789890339963,28.0,-2.2070980165115706,-0.011317789890339963,28.0,0.0,0.0,0.0,-1.5373341675361267,0.09278424991324243,-28.0,-1.5373341675361267,0.09278424991324243,-28.0,0.0,0.0,0.0,4.931061853432771e-12,3.766640645219699e-12,-0.3301768026735534,4.931061853432771e-12,3.766640645219699e-12,-0.3301768026735534,0.0,0.0,0.0,robotiq_85_left_knuckle_joint,0.1562277688879592,-0.4999999335044807,,robotiq_85_left_knuckle_joint,0.1562277688879592,-0.4999999335044807,,0.0,0.0,
sentinel_joint_telemetry_v2,20260731_114715,20260731_114715:1,1,417,short_cube_pick_place,attack,replay_attack,prior_command_replay,medium,arm_trajectory,cube,cube_retreat,3,commands_back,,0,,,,cube_release,2026-07-31T11:47:27.918+01:00,8.787334,0.022064,45.321933,0,3516.298000000,3516.298000000,trusted_fallback,0.000000,-0.020199999999085377,2.906399079738442e-14,-92.10018823315919,-0.020199999999085377,2.906399079738442e-14,-92.10018823315919,0.0,0.0,0.0,-0.9112935880706533,0.018819522006281734,150.0,-0.9112935880706533,0.018819522006281734,150.0,0.0,0.0,0.0,1.548099999994695,5.165004708651555e-12,105.62547567890009,1.548099999994695,5.165004708651555e-12,105.62547567890009,0.0,0.0,0.0,-2.207349752181046,-0.011556398613770145,28.0,-2.207349752181046,-0.011556398613770145,28.0,0.0,0.0,0.0,-1.5352974017156398,0.09239116499443106,-28.0,-1.5352974017156398,0.09239116499443106,-28.0,0.0,0.0,0.0,4.97714473443352e-12,2.9217093154565443e-12,-0.33407489431383675,4.97714473443352e-12,2.9217093154565443e-12,-0.33407489431383675,0.0,0.0,0.0,robotiq_85_left_knuckle_joint,0.1452277703369159,-0.4999999344141922,,robotiq_85_left_knuckle_joint,0.1452277703369159,-0.4999999344141922,,0.0,0.0,
sentinel_joint_telemetry_v2,20260731_114715,20260731_114715:1,1,418,short_cube_pick_place,attack,replay_attack,prior_command_replay,medium,arm_trajectory,cube,cube_retreat,3,commands_back,,0,,,,cube_release,2026-07-31T11:47:27.940+01:00,8.809284,0.021950,45.557856,0,3516.320000000,3516.320000000,trusted_fallback,0.000000,-0.020199999999084835,3.3237084959281127e-14,-92.19247015680455,-0.020199999999084835,3.3237084959281127e-14,-92.19247015680455,0.0,0.0,0.0,-0.9108751678087492,0.019201262482717377,150.0,-0.9108751678087492,0.019201262482717377,150.0,0.0,0.0,0.0,1.5480999999947584,1.6554327353368592e-12,105.61701155752365,1.5480999999947584,1.6554327353368592e-12,105.61701155752365,0.0,0.0,0.0,-2.2076067273320046,-0.011794199769759081,28.0,-2.2076067273320046,-0.011794199769759081,28.0,0.0,0.0,0.0,-1.5332693629601446,0.09199115459521397,-28.0,-1.5332693629601446,0.09199115459521397,-28.0,0.0,0.0,0.0,5.006915054323341e-12,2.2788145068869392e-12,-0.33714837431221634,5.006915054323341e-12,2.2788145068869392e-12,-0.33714837431221634,0.0,0.0,0.0,robotiq_85_left_knuckle_joint,0.1342277717659556,-0.49999993531313236,,robotiq_85_left_knuckle_joint,0.1342277717659556,-0.49999993531313236,,0.0,0.0,
sentinel_joint_telemetry_v2,20260731_114715,20260731_114715:1,1,419,short_cube_pick_place,attack,replay_attack,prior_command_replay,medium,arm_trajectory,cube,cube_retreat,3,commands_back,,0,,,,cube_release,2026-07-31T11:47:27.960+01:00,8.829457,0.020173,49.572113,0,3516.340000000,3516.340000000,trusted_fallback,0.000000,-0.020199999999084287,3.4471340712438625e-14,-92.27855478322958,-0.020199999999084287,3.4471340712438625e-14,-92.27855478322958,0.0,0.0,0.0,-0.9104875102226746,0.01954716970947333,150.0,-0.9104875102226746,0.01954716970947333,150.0,0.0,0.0,0.0,1.5480999999947782,5.9791407935883e-13,105.60920344230581,1.5480999999947782,5.9791407935883e-13,105.60920344230581,0.0,0.0,0.0,-2.2078448755382762,-0.01200988495362177,28.0,-2.2078448755382762,-0.01200988495362177,28.0,0.0,0.0,0.0,-1.5314333930215396,0.09162146521758276,-28.0,-1.5314333930215396,0.09162146521758276,-28.0,0.0,0.0,0.0,5.023131752880261e-12,1.8256663542048912e-12,-0.33938049021883854,5.023131752880261e-12,1.8256663542048912e-12,-0.33938049021883854,0.0,0.0,0.0,robotiq_85_left_knuckle_joint,0.12422777304799847,-0.49999993612121174,,robotiq_85_left_knuckle_joint,0.12422777304799847,-0.49999993612121174,,0.0,0.0,
sentinel_joint_telemetry_v2,20260731_114715,20260731_114715:1,1,420,short_cube_pick_place,attack,replay_attack,prior_command_replay,medium,arm_trajectory,cube,cube_retreat,3,commands_back,,0,,,,cube_release,2026-07-31T11:47:27.982+01:00,8.851272,0.021815,45.840168,0,3516.362000000,3516.362000000,trusted_fallback,0.000000,-0.020199999999083833,-3.6950694240478477e-14,-92.22791574419992,-0.020199999999083833,-3.6950694240478477e-14,-92.22791574419992,0.0,0.0,0.0,-0.9100531104109844,0.019926456143567674,150.0,-0.9100531104109844,0.019926456143567674,150.0,0.0,0.0,0.0,1.5480999999947853,2.4958073802094916e-13,105.5884801025395,1.5480999999947853,2.4958073802094916e-13,105.5884801025395,0.0,0.0,0.0,-2.208111814847898,-0.012246665083244516,28.0,-2.208111814847898,-0.012246665083244516,28.0,0.0,0.0,0.0,-1.52942244520647,0.09120573638885811,-28.0,-1.52942244520647,0.09120573638885811,-28.0,0.0,0.0,0.0,5.060607634219409e-12,1.517466144060342e-11,-0.35986532584115644,5.060607634219409e-12,1.517466144060342e-11,-0.35986532584115644,0.0,0.0,0.0,robotiq_85_left_knuckle_joint,0.11322777444059309,-0.4999999365636747,,robotiq_85_left_knuckle_joint,0.11322777444059309,-0.4999999365636747,,0.0,0.0,
sentinel_joint_telemetry_v2,20260731_114715,20260731_114715:1,1,421,short_cube_pick_place,attack,replay_attack,prior_command_replay,medium,arm_trajectory,cube,cube_retreat,3,commands_back,,0,,,,cube_release,2026-07-31T11:47:28.002+01:00,8.871312,0.020040,49.899201,0,3516.382000000,3516.382000000,trusted_fallback,0.000000,-0.02020006563701183,3.6465518648280855e-06,-92.8858188646709,-0.02020006563701183,3.6465518648280855e-06,-92.8858188646709,0.0,0.0,0.0,-0.9096243207552888,0.019889959522883423,150.0,-0.9096243207552888,0.019889959522883423,150.0,0.0,0.0,0.0,1.5481000225761055,-1.2545175896170116e-06,105.60591879174447,1.5481000225761055,-1.2545175896170116e-06,105.60591879174447,0.0,0.0,0.0,-2.208212912813924,-0.012222755944896212,28.0,-2.208212912813924,-0.012222755944896212,28.0,0.0,0.0,0.0,-1.528420038779702,0.09082427384326536,-28.0,-1.528420038779702,0.09082427384326536,-28.0,0.0,0.0,0.0,-4.95705090277866e-07,2.7539219856418697e-05,-0.0589881092013249,-4.95705090277866e-07,2.7539219856418697e-05,-0.0589881092013249,0.0,0.0,0.0,robotiq_85_left_knuckle_joint,0.10376590334774562,-0.4999999377597688,,robotiq_85_left_knuckle_joint,0.10376590334774562,-0.4999999377597688,,0.0,0.0,
sentinel_joint_telemetry_v2,20260731_114715,20260731_114715:1,1,422,short_cube_pick_place,attack,replay_attack,prior_command_replay,medium,arm_trajectory,cube,cube_retreat,3,commands_back,,0,,,,cube_release,2026-07-31T11:47:28.024+01:00,8.893261,0.021949,45.559664,0,3516.404000000,3516.404000000,trusted_fallback,0.000000,-0.020200020596957424,1.1443266225187598e-06,-92.92360507605494,-0.020200020596957424,1.1443266225187598e-06,-92.92360507605494,0.0,0.0,0.0,-0.9091814933982412,0.020341501360874703,150.0,-0.9091814933982412,0.020341501360874703,150.0,0.0,0.0,0.0,1.548100007081046,-3.9368092482131023e-07,105.5986758078131,1.548100007081046,-3.9368092482131023e-07,105.5986758078131,0.0,0.0,0.0,-2.208485050529124,-0.012501856106556037,28.0,-2.208485050529124,-0.012501856106556037,28.0,0.0,0.0,0.0,-1.5264269709159344,0.09038957405704909,-28.0,-1.5264269709159344,0.09038957405704909,-28.0,0.0,0.0,0.0,-1.5555651538512381e-07,8.642128470611864e-06,-0.12258275115339316,-1.5555651538512381e-07,8.642128470611864e-06,-0.12258275115339316,0.0,0.0,0.0,robotiq_85_left_knuckle_joint,0.0927659047036203,-0.49999993861618847,,robotiq_85_left_knuckle_joint,0.0927659047036203,-0.49999993861618847,,0.0,0.0,
sentinel_joint_telemetry_v2,20260731_114715,20260731_114715:1,1,423,short_cube_pick_place,attack,replay_attack,prior_command_replay,medium,arm_trajectory,cube,cube_retreat,3,commands_back,,0,,,,cube_release,2026-07-31T11:47:28.046+01:00,8.915268,0.022007,45.440434,0,3516.426000000,3516.426000000,trusted_fallback,0.000000,-0.02020000646291101,3.591018332531077e-07,-92.97835321731786,-0.02020000646291101,3.591018332531077e-07,-92.97835321731786,0.0,0.0,0.0,-0.9087289744605332,0.02077485724758235,150.0,-0.9087289744605332,0.02077485724758235,150.0,0.0,0.0,0.0,1.5481000022185325,-1.2354125893641876e-07,105.59015968046359,1.5481000022185325,-1.2354125893641876e-07,105.59015968046359,0.0,0.0,0.0,-2.208763204364796,-0.01277160097001296,28.0,-2.208763204364796,-0.01277160097001296,28.0,0.0,0.0,0.0,-1.5244433463936538,0.08995600099661653,-28.0,-1.5244433463936538,0.08995600099661653,-28.0,0.0,0.0,0.0,-4.881375365643764e-08,2.7120138704833045e-06,-0.17105584107421812,-4.881375365643764e-08,2.7120138704833045e-06,-0.17105584107421812,0.0,0.0,0.0,robotiq_85_left_knuckle_joint,0.08176590604071468,-0.49999993946448185,,robotiq_85_left_knuckle_joint,0.08176590604071468,-0.49999993946448185,,0.0,0.0,
sentinel_joint_telemetry_v2,20260731_114715,20260731_114715:1,1,424,short_cube_pick_place,attack,replay_attack,prior_command_replay,medium,arm_trajectory,cube,cube_retreat,3,commands_back,,0,,,,cube_release,2026-07-31T11:47:28.066+01:00,8.935552,0.020283,49.301662,0,3516.446000000,3516.446000000,trusted_fallback,0.000000,-0.020200002252877228,1.2521108419256792e-07,-93.03996636502187,-0.020200002252877228,1.2521108419256792e-07,-93.03996636502187,0.0,0.0,0.0,-0.9083094446580583,0.021157650558429775,150.0,-0.9083094446580583,0.021157650558429775,150.0,0.0,0.0,0.0,1.5481000007701613,-4.3076181333728814e-08,105.58222259626021,1.5481000007701613,-4.3076181333728814e-08,105.58222259626021,0.0,0.0,0.0,-2.209021153243799,-0.013010641050319238,28.0,-2.209021153243799,-0.013010641050319238,28.0,0.0,0.0,0.0,-1.5226484098144082,0.08955459160240875,-28.0,-1.5226484098144082,0.08955459160240875,-28.0,0.0,0.0,0.0,-1.701848990691493e-08,9.456372119271295e-07,-0.20514621335933933,-1.701848990691493e-08,9.456372119271295e-07,-0.20514621335933933,0.0,0.0,0.0,robotiq_85_left_knuckle_joint,0.07176590724013254,-0.49999994022756583,,robotiq_85_left_knuckle_joint,0.07176590724013254,-0.49999994022756583,,0.0,0.0,
sentinel_joint_telemetry_v2,20260731_114715,20260731_114715:1,1,425,short_cube_pick_place,attack,replay_attack,prior_command_replay,medium,arm_trajectory,cube,cube_retreat,3,commands_back,,0,,,,cube_release,2026-07-31T11:47:28.088+01:00,8.957327,0.021776,45.922667,0,3516.468000000,3516.468000000,trusted_fallback,0.000000,-0.020200129057709803,3.9283728414966565e-08,-75.22510217563605,-0.020200129057709803,3.9283728414966565e-08,-75.22510217563605,0.0,0.0,0.0,-0.9078096978060982,0.009139095829532429,150.0,-0.9078096978060982,0.009139095829532429,150.0,0.0,0.0,0.0,1.5481000480897535,-1.3552125675136972e-08,119.50754673101602,1.5481000480897535,-1.3552125675136972e-08,119.50754673101602,0.0,0.0,0.0,-2.209157194429008,-0.005632014480816919,28.0,-2.209157194429008,-0.005632014480816919,28.0,0.0,0.0,0.0,-1.5212728047594137,0.13676359517059888,-28.0,-1.5212728047594137,0.13676359517059888,-28.0,0.0,0.0,0.0,-9.370866435715272e-07,2.9804736281487196e-07,-2.009986128562504,-9.370866435715272e-07,2.9804736281487196e-07,-2.009986128562504,0.0,0.0,0.0,robotiq_85_left_knuckle_joint,0.06127302469979378,-0.49999990297042335,,robotiq_85_left_knuckle_joint,0.06127302469979378,-0.49999990297042335,,0.0,0.0,
sentinel_joint_telemetry_v2,20260731_114715,20260731_114715:1,1,426,short_cube_pick_place,attack,replay_attack,prior_command_replay,medium,arm_trajectory,cube,cube_retreat,3,commands_back,,0,,,,cube_release,2026-07-31T11:47:28.110+01:00,8.979273,0.021946,45.567034,0,3516.490000000,3516.490000000,trusted_fallback,0.000000,-0.020200040499040766,2.249998246933423e-06,-93.65678583090124,-0.020200040499040766,2.249998246933423e-06,-93.65678583090124,0.0,0.0,0.0,-0.9073172956712189,0.021610966889532242,150.0,-0.9073172956712189,0.021610966889532242,150.0,0.0,0.0,0.0,1.5481000150875024,-8.384839930456953e-07,105.57447252639071,1.5481000150875024,-8.384839930456953e-07,105.57447252639071,0.0,0.0,0.0,-2.2094727509144616,-0.013290908128654064,28.0,-2.2094727509144616,-0.013290908128654064,28.0,0.0,0.0,0.0,-1.5199015638217843,0.08861724402926555,-28.0,-1.5199015638217843,0.08861724402926555,-28.0,0.0,0.0,0.0,-2.940679712124839e-07,1.6337125061126985e-05,-0.019705438074187887,-2.940679712124839e-07,1.6337125061126985e-05,-0.019705438074187887,0.0,0.0,0.0,robotiq_85_left_knuckle_joint,0.05027302598552534,-0.4999999418560256,,robotiq_85_left_knuckle_joint,0.05027302598552534,-0.4999999418560256,,0.0,0.0,
sentinel_joint_telemetry_v2,20260731_114715,20260731_114715:1,1,427,short_cube_pick_place,attack,replay_attack,prior_command_replay,medium,arm_trajectory,cube,cube_retreat,3,commands_back,,0,,,,cube_release,2026-07-31T11:47:28.130+01:00,8.999402,0.020129,49.679959,0,3516.510000000,3516.510000000,trusted_fallback,0.000000,-0.020200014120538293,7.845258890900719e-07,-93.69327970620567,-0.020200014120538293,7.845258890900719e-07,-93.69327970620567,0.0,0.0,0.0,-0.9068806316139366,0.022031801594583355,150.0,-0.9068806316139366,0.022031801594583355,150.0,0.0,0.0,0.0,1.5481000052572937,-2.9236126858692146e-07,105.56635545378512,1.5481000052572937,-2.9236126858692146e-07,105.56635545378512,0.0,0.0,0.0,-2.2097413332096196,-0.013552981139172804,28.0,-2.2097413332096196,-0.013552981139172804,28.0,0.0,0.0,0.0,-1.5181335806034677,0.08819813153021741,-28.0,-1.5181335806034677,0.08819813153021741,-28.0,0.0,0.0,0.0,-1.0253461308835219e-07,5.696433569369556e-06,-0.08332509602819992,-1.0253461308835219e-07,5.696433569369556e-06,-0.08332509602819992,0.0,0.0,0.0,robotiq_85_left_knuckle_joint,0.04027302713736292,-0.49999994259343106,,robotiq_85_left_knuckle_joint,0.04027302713736292,-0.49999994259343106,,0.0,0.0,
sentinel_joint_telemetry_v2,20260731_114715,20260731_114715:1,1,428,short_cube_pick_place,attack,replay_attack,prior_command_replay,medium,arm_trajectory,cube,cube_retreat,3,commands_back,,0,,,,cube_release,2026-07-31T11:47:28.152+01:00,9.021221,0.021819,45.831029,0,3516.532000000,3516.532000000,trusted_fallback,0.000000,-0.020200004430537537,2.4619269186026797e-07,-94.0679804647024,-0.020200004430537537,2.4619269186026797e-07,-94.0679804647024,0.0,0.0,0.0,-0.9063837547093728,0.023937550120072117,150.0,-0.9063837547093728,0.023937550120072117,150.0,0.0,0.0,0.0,1.5481000016462216,-9.17457837696159e-08,105.4305088752365,1.5481000016462216,-9.17457837696159e-08,105.4305088752365,0.0,0.0,0.0,-2.2100496623812678,-0.015274016187109243,28.0,-2.2100496623812678,-0.015274016187109243,28.0,0.0,0.0,0.0,-1.5163282931881994,0.06080720790103883,-28.0,-1.5163282931881994,0.06080720790103883,-28.0,0.0,0.0,0.0,-3.217535949468519e-08,1.7876102048428738e-06,-0.11300919773532861,-3.217535949468519e-08,1.7876102048428738e-06,-0.11300919773532861,0.0,0.0,0.0,robotiq_85_left_knuckle_joint,0.0292730283858832,-0.49999994379666163,,robotiq_85_left_knuckle_joint,0.0292730283858832,-0.49999994379666163,,0.0,0.0,
sentinel_joint_telemetry_v2,20260731_114715,20260731_114715:1,1,429,short_cube_pick_place,attack,replay_attack,prior_command_replay,medium,arm_trajectory,cube,cube_retreat,3,commands_back,,0,,,,cube_release,2026-07-31T11:47:28.174+01:00,9.043207,0.021986,45.483860,0,3516.554000000,3516.554000000,trusted_fallback,0.000000,-0.020200001389706117,7.72585222858467e-08,-95.75980118438622,-0.020200001389706117,7.72585222858467e-08,-95.75980118438622,0.0,0.0,0.0,-0.9057107736076507,0.042255374587943526,150.0,-0.9057107736076507,0.042255374587943526,150.0,0.0,0.0,0.0,1.5481000005130392,-2.878978580967556e-08,104.91843278091868,1.5481000005130392,-2.878978580967556e-08,104.91843278091868,0.0,0.0,0.0,-2.2105276895102315,-0.03305530007120752,28.0,-2.2105276895102315,-0.03305530007120752,28.0,0.0,0.0,0.0,-1.5175620081372394,-0.26124174745907097,-28.0,-1.5175620081372394,-0.26124174745907097,-28.0,0.0,0.0,0.0,-1.0096062383041156e-08,5.609265361999037e-07,-0.04283066449764733,-1.0096062383041156e-08,5.609265361999037e-07,-0.04283066449764733,0.0,0.0,0.0,robotiq_85_left_knuckle_joint,0.0182730296000384,-0.499999946193594,,robotiq_85_left_knuckle_joint,0.0182730296000384,-0.499999946193594,,0.0,0.0,
sentinel_joint_telemetry_v2,20260731_114715,20260731_114715:1,1,430,short_cube_pick_place,attack,replay_attack,prior_command_replay,medium,arm_trajectory,cube,cube_retreat,3,commands_back,,0,,,,cube_release,2026-07-31T11:47:28.194+01:00,9.063277,0.020071,49.824367,0,3516.574000000,3516.574000000,trusted_fallback,0.000000,-0.020200000483933906,2.6939880048331213e-08,-99.95326005053046,-0.020200000483933906,2.6939880048331213e-08,-99.95326005053046,0.0,0.0,0.0,-0.9041845984195173,0.0938346968850674,150.0,-0.9041845984195173,0.0938346968850674,150.0,0.0,0.0,0.0,1.5481000001755316,-1.0037639989156355e-08,104.1281744754132,1.5481000001755316,-1.0037639989156355e-08,104.1281744754132,0.0,0.0,0.0,-2.211833299277787,-0.08096745227526278,28.0,-2.211833299277787,-0.08096745227526278,28.0,0.0,0.0,0.0,-1.5339149652801207,-1.0653850067889976,-28.0,-1.5339149652801207,-1.0653850067889976,-28.0,0.0,0.0,0.0,-3.5195527601351073e-09,1.956013480021359e-07,-0.050982426707616484,-3.5195527601351073e-09,1.956013480021359e-07,-0.050982426707616484,0.0,0.0,0.0,robotiq_85_left_knuckle_joint,0.008345727612124617,-0.4636514737629628,,robotiq_85_left_knuckle_joint,0.008345727612124617,-0.4636514737629628,,0.0,0.0,
sentinel_joint_telemetry_v2,20260731_114715,20260731_114715:1,1,431,short_cube_pick_place,attack,replay_attack,prior_command_replay,medium,arm_trajectory,cube,cube_retreat,3,commands_back,,0,,,,cube_release,2026-07-31T11:47:28.216+01:00,9.085292,0.022014,45.425389,0,3516.596000000,3516.596000000,trusted_fallback,0.000000,-0.020200000151189435,8.45543485423518e-09,-102.26832502885695,-0.020200000151189435,8.45543485423518e-09,-102.26832502885695,0.0,0.0,0.0,-0.902912515467978,0.036603604346419086,150.0,-0.902912515467978,0.036603604346419086,150.0,0.0,0.0,0.0,1.5481000000515048,-3.14793801269031e-09,104.50654680296694,1.5481000000515048,-3.14793801269031e-09,104.50654680296694,0.0,0.0,0.0,-2.21291649207297,-0.03116081597704054,28.0,-2.21291649207297,-0.03116081597704054,28.0,0.0,0.0,0.0,-1.5477771808469523,-0.3994499037782857,-28.0,-1.5477771808469523,-0.3994499037782857,-28.0,0.0,0.0,0.0,-1.1007787857809742e-09,6.127275306577751e-08,-0.1313212088294197,-1.1007787857809742e-09,6.127275306577751e-08,-0.1313212088294197,0.0,0.0,0.0,robotiq_85_left_knuckle_joint,0.002618978533123344,-0.1454987471488654,,robotiq_85_left_knuckle_joint,0.002618978533123344,-0.1454987471488654,,0.0,0.0,
sentinel_joint_telemetry_v2,20260731_114715,20260731_114715:1,1,432,short_cube_pick_place,attack,replay_attack,prior_command_replay,medium,arm_trajectory,cube,cube_retreat,3,commands_back,,0,,,,cube_release,2026-07-31T11:47:28.236+01:00,9.105340,0.020048,49.879217,0,3516.616000000,3516.616000000,trusted_fallback,0.000000,-0.020200000052062184,2.9487178094221578e-09,-102.85524440384104,-0.020200000052062184,2.9487178094221578e-09,-102.85524440384104,0.0,0.0,0.0,-0.9024630668489565,0.014659990711455307,150.0,-0.9024630668489565,0.014659990711455307,150.0,0.0,0.0,0.0,1.5481000000145797,-1.0966814791360524e-09,104.61715635373744,1.5481000000145797,-1.0966814791360524e-09,104.61715635373744,0.0,0.0,0.0,-2.2132975039902067,-0.01247828678880053,28.0,-2.2132975039902067,-0.01247828678880053,28.0,0.0,0.0,0.0,-1.552622949204434,-0.16078988822905474,-28.0,-1.552622949204434,-0.16078988822905474,-28.0,0.0,0.0,0.0,-3.8148056522644994e-10,2.1295203378457472e-08,-0.12176750695818503,-3.8148056522644994e-10,2.1295203378457472e-08,-0.12176750695818503,0.0,0.0,0.0,robotiq_85_left_knuckle_joint,0.0009131820719112189,-0.05073227670604917,,robotiq_85_left_knuckle_joint,0.0009131820719112189,-0.05073227670604917,,0.0,0.0,
sentinel_joint_telemetry_v2,20260731_114715,20260731_114715:1,1,433,short_cube_pick_place,attack,replay_attack,prior_command_replay,medium,arm_trajectory,cube,cube_retreat,3,commands_back,,0,,,,cube_release,2026-07-31T11:47:28.258+01:00,9.127288,0.021948,45.562757,0,3516.638000000,3516.638000000,trusted_fallback,0.000000,-0.02020000001564186,9.255990347008941e-10,-103.26028243265733,-0.02020000001564186,9.255990347008941e-10,-103.26028243265733,0.0,0.0,0.0,-0.9022763677073813,0.005247341882159891,150.0,-0.9022763677073813,0.005247341882159891,150.0,0.0,0.0,0.0,1.5481000000010205,-3.4393272778376893e-10,104.84268364230908,1.5481000000010205,-3.4393272778376893e-10,104.84268364230908,0.0,0.0,0.0,-2.2134560354540325,-0.0044806340561177604,28.0,-2.2134560354540325,-0.0044806340561177604,28.0,0.0,0.0,0.0,-1.5546591168137365,-0.05860515416586967,-28.0,-1.5546591168137365,-0.05860515416586967,-28.0,0.0,0.0,0.0,-1.185743482573577e-10,6.6156107794614755e-09,-0.03230699859041708,-1.185743482573577e-10,6.6156107794614755e-09,-0.03230699859041708,0.0,0.0,0.0,robotiq_85_left_knuckle_joint,0.00028656696393605476,-0.015920326276067553,,robotiq_85_left_knuckle_joint,0.00028656696393605476,-0.015920326276067553,,0.0,0.0,
sentinel_joint_telemetry_v2,20260731_114715,20260731_114715:1,1,434,short_cube_pick_place,attack,replay_attack,prior_command_replay,medium,arm_trajectory,cube,cube_retreat,3,commands_back,,0,,,,cube_release,2026-07-31T11:47:28.278+01:00,9.147295,0.020007,49.982356,0,3516.658000000,3516.658000000,trusted_fallback,0.000000,-0.02020000000479072,3.2287573981625017e-10,-103.4687113908748,-0.02020000000479072,3.2287573981625017e-10,-103.4687113908748,0.0,0.0,0.0,-0.9022147452256164,0.0020686966439521417,150.0,-0.9022147452256164,0.0020686966439521417,150.0,0.0,0.0,0.0,1.54809999999698,-1.1989674184031962e-10,105.01186959068933,1.54809999999698,-1.1989674184031962e-10,105.01186959068933,0.0,0.0,0.0,-2.2135084846009017,-0.0017717824656339753,28.0,-2.2135084846009017,-0.0017717824656339753,28.0,0.0,0.0,0.0,-1.5553409702060783,-0.023527450428818417,-28.0,-1.5553409702060783,-0.023527450428818417,-28.0,0.0,0.0,0.0,-4.126872685090043e-11,2.25961520740163e-09,0.044661443512260264,-4.126872685090043e-11,2.25961520740163e-09,0.044661443512260264,0.0,0.0,0.0,robotiq_85_left_knuckle_joint,9.992043344768827e-05,-0.005551074671049969,,robotiq_85_left_knuckle_joint,9.992043344768827e-05,-0.005551074671049969,,0.0,0.0,
sentinel_joint_telemetry_v2,20260731_114715,20260731_114715:1,1,435,short_cube_pick_place,attack,replay_attack,prior_command_replay,medium,arm_trajectory,cube,cube_retreat,3,commands_back,,0,,,,cube_release,2026-07-31T11:47:28.300+01:00,9.169295,0.022000,45.454254,0,3516.680000000,3516.680000000,trusted_fallback,0.000000,-0.020200000000803034,1.0141856820501671e-10,-103.6150074676227,-0.020200000000803034,1.0141856820501671e-10,-103.6150074676227,0.0,0.0,0.0,-0.9021900800254089,0.0007860369165905191,150.0,-0.9021900800254089,0.0007860369165905191,150.0,0.0,0.0,0.0,1.5480999999954923,-3.7608409442224655e-11,105.1459016996633,1.5480999999954923,-3.7608409442224655e-11,105.1459016996633,0.0,0.0,0.0,-2.2135294960108376,-0.0006758015424840995,28.0,-2.2135294960108376,-0.0006758015424840995,28.0,0.0,0.0,0.0,-1.5556168936862793,-0.009180750848611145,-28.0,-1.5556168936862793,-0.009180750848611145,-28.0,0.0,0.0,0.0,-1.3606599860411652e-11,6.771751681535626e-10,0.10298891340803437,-1.3606599860411652e-11,6.771751681535626e-10,0.10298891340803437,0.0,0.0,0.0,robotiq_85_left_knuckle_joint,3.1356837649336446e-05,-0.0017419861361972254,,robotiq_85_left_knuckle_joint,3.1356837649336446e-05,-0.0017419861361972254,,0.0,0.0,
sentinel_joint_telemetry_v2,20260731_114715,20260731_114715:1,1,436,short_cube_pick_place,attack,replay_attack,prior_command_replay,medium,arm_trajectory,cube,cube_retreat,3,commands_back,,0,,,,cube_release,2026-07-31T11:47:28.322+01:00,9.191294,0.021999,45.457250,0,3516.702000000,3516.702000000,trusted_fallback,0.000000,-0.0201999999995509,3.1893347121267346e-11,-103.68379162269274,-0.0201999999995509,3.1893347121267346e-11,-103.68379162269274,0.0,0.0,0.0,-0.9021818104487794,0.0003371610890943351,150.0,-0.9021818104487794,0.0003371610890943351,150.0,0.0,0.0,0.0,1.548099999995023,-1.1705046654153506e-11,105.20609094382554,1.548099999995023,-1.1705046654153506e-11,105.20609094382554,0.0,0.0,0.0,-2.213536504210976,-0.00029052796912063666,28.0,-2.213536504210976,-0.00029052796912063666,28.0,0.0,0.0,0.0,-1.555709166338529,-0.00405461997116135,-28.0,-1.555709166338529,-0.00405461997116135,-28.0,0.0,0.0,0.0,-5.346397080823876e-12,1.9317769432702914e-10,0.13543194303417092,-5.346397080823876e-12,1.9317769432702914e-10,0.13543194303417092,0.0,0.0,0.0,robotiq_85_left_knuckle_joint,9.840853397746398e-06,-0.0005466537346569223,,robotiq_85_left_knuckle_joint,9.840853397746398e-06,-0.0005466537346569223,,0.0,0.0,
sentinel_joint_telemetry_v2,20260731_114715,20260731_114715:1,1,437,short_cube_pick_place,attack,replay_attack,prior_command_replay,medium,arm_trajectory,cube,cube_retreat,3,commands_back,,0,,,,cube_release,2026-07-31T11:47:28.344+01:00,9.213207,0.021914,45.633678,0,3516.724000000,3516.724000000,trusted_fallback,0.000000,-0.02019999999915769,9.9651870956452e-12,-103.51173517218302,-0.02019999999915769,9.9651870956452e-12,-103.51173517218302,0.0,0.0,0.0,-0.9021788943977082,5.2177731139028266e-05,150.0,-0.9021788943977082,5.2177731139028266e-05,150.0,0.0,0.0,0.0,1.5480999999948752,-3.88101530079954e-12,105.36027476426051,1.5480999999948752,-3.88101530079954e-12,105.36027476426051,0.0,0.0,0.0,-2.2135389336768045,-4.05239744501254e-05,28.0,-2.2135389336768045,-4.05239744501254e-05,28.0,0.0,0.0,0.0,-1.5557410791973112,-0.00047231408929463044,-28.0,-1.5557410791973112,-0.00047231408929463044,-28.0,0.0,0.0,0.0,-2.9914989332471807e-12,5.622968085074176e-11,0.14191549273782844,-2.9914989332471807e-12,5.622968085074176e-11,0.14191549273782844,0.0,0.0,0.0,robotiq_85_left_knuckle_joint,3.0889087303287486e-06,-0.00017154584676348523,,robotiq_85_left_knuckle_joint,3.0889087303287486e-06,-0.00017154584676348523,,0.0,0.0,
sentinel_joint_telemetry_v2,20260731_114715,20260731_114715:1,1,438,short_cube_pick_place,attack,replay_attack,prior_command_replay,medium,arm_trajectory,cube,cube_retreat,3,commands_back,,0,,,,cube_release,2026-07-31T11:47:28.364+01:00,9.233265,0.020057,49.857035,0,3516.744000000,3516.744000000,trusted_fallback,0.000000,-0.020199999999040343,3.4735697391347076e-12,-103.56544928750236,-0.020199999999040343,3.4735697391347076e-12,-103.56544928750236,0.0,0.0,0.0,-0.9021776003493042,4.6104724109418196e-05,150.0,-0.9021776003493042,4.6104724109418196e-05,150.0,0.0,0.0,0.0,1.5480999999948308,-1.344594574570479e-12,105.3312072191305,1.5480999999948308,-1.344594574570479e-12,105.3312072191305,0.0,0.0,0.0,-2.2135399884452944,-3.673914877860493e-05,28.0,-2.2135399884452944,-3.673914877860493e-05,28.0,0.0,0.0,0.0,-1.5557551828878446,-0.0004888703625502257,-28.0,-1.5557551828878446,-0.0004888703625502257,-28.0,0.0,0.0,0.0,-2.4471748962313195e-12,1.131013750536869e-11,0.16129277111407686,-2.4471748962313195e-12,1.131013750536869e-11,0.16129277111407686,0.0,0.0,0.0,robotiq_85_left_knuckle_joint,1.077742807583499e-06,-5.981446856484149e-05,,robotiq_85_left_knuckle_joint,1.077742807583499e-06,-5.981446856484149e-05,,0.0,0.0,
sentinel_joint_telemetry_v2,20260731_114715,20260731_114715:1,1,439,short_cube_pick_place,attack,replay_attack,prior_command_replay,medium,arm_trajectory,cube,cube_retreat,3,commands_back,,0,,,,cube_release,2026-07-31T11:47:28.386+01:00,9.255231,0.021966,45.524879,0,3516.766000000,3516.766000000,trusted_fallback,0.000000,-0.020199999998997114,1.0814591409891161e-12,-103.58280950798259,-0.020199999998997114,1.0814591409891161e-12,-103.58280950798259,0.0,0.0,0.0,-0.9021766150387646,4.3736931614831234e-05,150.0,-0.9021766150387646,4.3736931614831234e-05,150.0,0.0,0.0,0.0,1.5480999999948144,-4.348769608308878e-13,105.33148689331955,1.5480999999948144,-4.348769608308878e-13,105.33148689331955,0.0,0.0,0.0,-2.2135407792486883,-3.5272498274133146e-05,28.0,-2.2135407792486883,-3.5272498274133146e-05,28.0,0.0,0.0,0.0,-1.5557660588192535,-0.0004951900576188476,-28.0,-1.5557660588192535,-0.0004951900576188476,-28.0,0.0,0.0,0.0,-2.388521494651253e-12,-3.260901314597331e-12,0.17591764750321642,-2.388521494651253e-12,-3.260901314597331e-12,0.17591764750321642,0.0,0.0,0.0,robotiq_85_left_knuckle_joint,3.389518438622076e-07,-1.8770527094908937e-05,,robotiq_85_left_knuckle_joint,3.389518438622076e-07,-1.8770527094908937e-05,,0.0,0.0,
sentinel_joint_telemetry_v2,20260731_114715,20260731_114715:1,1,440,short_cube_pick_place,attack,replay_attack,prior_command_replay,medium,arm_trajectory,cube,cube_retreat,3,commands_back,,0,,,,cube_retreat,2026-07-31T11:47:28.408+01:00,9.277276,0.022046,45.360194,0,3516.788000000,3516.788000000,trusted_fallback,0.000000,-0.020199999998983434,3.307369569188756e-13,-103.59989232333186,-0.020199999998983434,3.307369569188756e-13,-103.59989232333186,0.0,0.0,0.0,-0.9021756622273124,4.283243813319945e-05,150.0,-0.9021756622273124,4.283243813319945e-05,150.0,0.0,0.0,0.0,1.5480999999948086,-1.2502672508407642e-13,105.33193333832658,1.5480999999948086,-1.2502672508407642e-13,105.33193333832658,0.0,0.0,0.0,-2.213541549916996,-3.471186762933273e-05,28.0,-2.213541549916996,-3.471186762933273e-05,28.0,0.0,0.0,0.0,-1.55577700910861,-0.0004971796837762287,-28.0,-1.55577700910861,-0.0004971796837762287,-28.0,0.0,0.0,0.0,-2.5080359546118098e-12,-7.660639700715621e-12,0.19019038253289758,-2.5080359546118098e-12,-7.660639700715621e-12,0.19019038253289758,0.0,0.0,0.0,robotiq_85_left_knuckle_joint,1.0711139910414163e-07,-5.890503472084918e-06,,robotiq_85_left_knuckle_joint,1.0711139910414163e-07,-5.890503472084918e-06,,0.0,0.0,
sentinel_joint_telemetry_v2,20260731_114715,20260731_114715:1,1,441,short_cube_pick_place,attack,replay_attack,prior_command_replay,medium,arm_trajectory,cube,cube_retreat,3,commands_back,replay-plan-0001,1,arm_replay_proxy,9.291766,0.007402,cube_retreat,2026-07-31T11:47:28.430+01:00,9.299168,0.021892,45.679016,0,3516.810000000,3516.810000000,trusted_fallback,0.000000,-0.020199999998985183,-9.655709391764855e-14,-0.20436408707042494,-0.020199999998985183,-9.655709391764855e-14,-0.20436408707042494,0.0,0.0,0.0,-0.9025139436670103,-0.0829290176349856,-48.16327602432922,-0.9025139436670103,-0.0829290176349856,-48.16327602432922,0.0,0.0,0.0,1.5478450254954095,-0.06158474996987655,-20.203118337381603,1.5478450254954095,-0.06158474996987655,-20.203118337381603,0.0,0.0,0.0,-2.212949068738904,0.14323776305790498,-2.7022636685352572,-2.212949068738904,0.14323776305790498,-2.7022636685352572,0.0,0.0,0.0,-1.5558060474704154,-0.005086335000634356,-0.0562458661740071,-1.5558060474704154,-0.005086335000634356,-0.0562458661740071,0.0,0.0,0.0,-2.6272640605155814e-12,9.036571404358318e-13,-1.830550968306878e-05,-2.6272640605155814e-12,9.036571404358318e-13,-1.830550968306878e-05,0.0,0.0,0.0,robotiq_85_left_knuckle_joint,3.406482706565539e-08,-1.8923291693132005e-06,,robotiq_85_left_knuckle_joint,3.406482706565539e-08,-1.8923291693132005e-06,,0.0,0.0,
sentinel_joint_telemetry_v2,20260731_114715,20260731_114715:1,1,442,short_cube_pick_place,attack,replay_attack,prior_command_replay,medium,arm_trajectory,cube,cube_retreat,3,commands_back,replay-plan-0001,1,arm_replay_proxy,9.291766,0.027470,cube_retreat,2026-07-31T11:47:28.450+01:00,9.319236,0.020067,49.831890,0,3516.830000000,3516.830000000,trusted_fallback,0.000000,-0.020199999999001975,-5.548699520685485e-13,-0.16730387561983376,-0.020199999999001975,-5.548699520685485e-13,-0.16730387561983376,0.0,0.0,0.0,-0.9060127584401667,-0.22775183812469554,-48.20230260024604,-0.9060127584401667,-0.22775183812469554,-48.20230260024604,0.0,0.0,0.0,1.545242249779047,-0.16948609905728826,-20.2304891851328,1.545242249779047,-0.16948609905728826,-20.2304891851328,0.0,0.0,0.0,-2.206895365973442,0.3942016438458996,-2.695816530632906,-2.206895365973442,0.3942016438458996,-2.695816530632906,0.0,0.0,0.0,-1.5560210128512764,-0.01399799590086304,-0.05673351580226829,-1.5560210128512764,-0.01399799590086304,-0.05673351580226829,0.0,0.0,0.0,-2.5895682951695965e-12,2.464023993523079e-12,-1.8665305814700947e-05,-2.5895682951695965e-12,2.464023993523079e-12,-1.8665305814700947e-05,0.0,0.0,0.0,robotiq_85_left_knuckle_joint,1.1880343967672145e-08,-6.598675578780439e-07,,robotiq_85_left_knuckle_joint,1.1880343967672145e-08,-6.598675578780439e-07,,0.0,0.0,
sentinel_joint_telemetry_v2,20260731_114715,20260731_114715:1,1,443,short_cube_pick_place,attack,replay_attack,prior_command_replay,medium,arm_trajectory,cube,cube_retreat,3,commands_back,replay-plan-0001,1,arm_replay_proxy,9.291766,0.049436,cube_retreat,2026-07-31T11:47:28.472+01:00,9.341202,0.021967,45.523845,0,3516.852000000,3516.852000000,trusted_fallback,0.000000,-0.020199999999023843,-8.933303315833419e-13,-0.14490886698692151,-0.020199999999023843,-8.933303315833419e-13,-0.14490886698692151,0.0,0.0,0.0,-0.9117713487050013,-0.2809517176419427,-48.177399498497394,-0.9117713487050013,-0.2809517176419427,-48.177399498497394,0.0,0.0,0.0,1.5409562153608183,-0.2091230758153001,-20.329929959229403,1.5409562153608183,-0.2091230758153001,-20.329929959229403,0.0,0.0,0.0,-2.1969266321195193,0.4863918676127002,-2.6917372194765825,-2.1969266321195193,0.4863918676127002,-2.6917372194765825,0.0,0.0,0.0,-1.5563749999485945,-0.017271646314946994,-0.05745399113053613,-1.5563749999485945,-0.017271646314946994,-0.05745399113053613,0.0,0.0,0.0,-2.527512710106677e-12,3.0361926080940682e-12,-1.8782758739044735e-05,-2.527512710106677e-12,3.0361926080940682e-12,-1.8782758739044735e-05,0.0,0.0,0.0,robotiq_85_left_knuckle_joint,3.730317775297319e-09,-2.0709177594828432e-07,,robotiq_85_left_knuckle_joint,3.730317775297319e-09,-2.0709177594828432e-07,,0.0,0.0,
sentinel_joint_telemetry_v2,20260731_114715,20260731_114715:1,1,444,short_cube_pick_place,attack,replay_attack,prior_command_replay,medium,arm_trajectory,cube,cube_retreat,3,commands_back,replay-plan-0001,1,arm_replay_proxy,9.291766,0.071363,cube_retreat,2026-07-31T11:47:28.494+01:00,9.363129,0.021927,45.606810,0,3516.874000000,3516.874000000,trusted_fallback,0.000000,-0.02019999999904898,-1.0543278489844043e-12,-0.13620220194828467,-0.02019999999904898,-1.0543278489844043e-12,-0.13620220194828467,0.0,0.0,0.0,-0.9181647774498166,-0.298882792715403,-48.11065278188346,-0.9181647774498166,-0.298882792715403,-48.11065278188346,0.0,0.0,0.0,1.53619717494535,-0.222481941614492,-20.46076440768627,1.53619717494535,-0.222481941614492,-20.46076440768627,0.0,0.0,0.0,-2.1858577505680583,0.5174627748517476,-2.689970901512726,-2.1858577505680583,0.5174627748517476,-2.689970901512726,0.0,0.0,0.0,-1.5567680529990995,-0.018374965996419062,-0.05821524663695564,-1.5567680529990995,-0.018374965996419062,-0.05821524663695564,0.0,0.0,0.0,-2.45862736584633e-12,3.2287345540227275e-12,-1.8720799979286303e-05,-2.45862736584633e-12,3.2287345540227275e-12,-1.8720799979286303e-05,0.0,0.0,0.0,robotiq_85_left_knuckle_joint,1.1725519224038083e-09,-6.499479208825487e-08,,robotiq_85_left_knuckle_joint,1.1725519224038083e-09,-6.499479208825487e-08,,0.0,0.0,
sentinel_joint_telemetry_v2,20260731_114715,20260731_114715:1,1,445,short_cube_pick_place,attack,replay_attack,prior_command_replay,medium,arm_trajectory,cube,cube_retreat,3,commands_back,replay-plan-0001,1,arm_replay_proxy,9.291766,0.091398,cube_retreat,2026-07-31T11:47:28.514+01:00,9.383164,0.020035,49.912528,0,3516.894000000,3516.894000000,trusted_fallback,0.000000,-0.020199999999073254,-1.1220733543704231e-12,-0.13400859237334886,-0.020199999999073254,-1.1220733543704231e-12,-0.13400859237334886,0.0,0.0,0.0,-0.92419538851684,-0.3030502635441533,-48.03134826230726,-0.92419538851684,-0.3030502635441533,-48.03134826230726,0.0,0.0,0.0,1.5317080746514768,-0.2255874808360079,-20.590483051447606,1.5317080746514768,-0.2255874808360079,-20.590483051447606,0.0,0.0,0.0,-2.1754167130714084,0.5246858372489047,-2.6893722667815303,-2.1754167130714084,0.5246858372489047,-2.6893722667815303,0.0,0.0,0.0,-1.5571388114736022,-0.018631455027680363,-0.058918887616995375,-1.5571388114736022,-0.018631455027680363,-0.058918887616995375,0.0,0.0,0.0,-2.3936572601620384e-12,3.273305888493172e-12,-1.859120431335493e-05,-2.3936572601620384e-12,3.273305888493172e-12,-1.859120431335493e-05,0.0,0.0,0.0,robotiq_85_left_knuckle_joint,4.1058995483727567e-10,-2.266378902431032e-08,,robotiq_85_left_knuckle_joint,4.1058995483727567e-10,-2.266378902431032e-08,,0.0,0.0,
sentinel_joint_telemetry_v2,20260731_114715,20260731_114715:1,1,446,short_cube_pick_place,attack,replay_attack,prior_command_replay,medium,arm_trajectory,cube,cube_retreat,3,commands_back,replay-plan-0001,1,arm_replay_proxy,9.291766,0.111457,cube_retreat,2026-07-31T11:47:28.534+01:00,9.403223,0.020059,49.852633,0,3516.914000000,3516.914000000,trusted_fallback,0.000000,-0.020199999999098245,-1.1508125181969309e-12,-0.1331516226805449,-0.020199999999098245,-1.1508125181969309e-12,-0.1331516226805449,0.0,0.0,0.0,-0.9302748581286842,-0.3045033707717075,-47.94539259105732,-0.9302748581286842,-0.3045033707717075,-47.94539259105732,0.0,0.0,0.0,1.5271825656738962,-0.22667031540703306,-20.721123461647153,1.5271825656738962,-0.22667031540703306,-20.721123461647153,0.0,0.0,0.0,-2.1648909939219507,0.527204363379155,-2.689014828843215,-2.1648909939219507,0.527204363379155,-2.689014828843215,0.0,0.0,0.0,-1.5575125769711515,-0.01872088722298794,-0.059624853355654525,-1.5575125769711515,-0.01872088722298794,-0.059624853355654525,0.0,0.0,0.0,-2.3281644237475163e-12,3.2888173521344877e-12,-1.8444436321970238e-05,-2.3281644237475163e-12,3.2888173521344877e-12,-1.8444436321970238e-05,0.0,0.0,0.0,robotiq_85_left_knuckle_joint,1.448928805473312e-10,-7.902878682193581e-09,,robotiq_85_left_knuckle_joint,1.448928805473312e-10,-7.902878682193581e-09,,0.0,0.0,
sentinel_joint_telemetry_v2,20260731_114715,20260731_114715:1,1,447,short_cube_pick_place,attack,replay_attack,prior_command_replay,medium,arm_trajectory,cube,cube_retreat,3,commands_back,replay-plan-0001,1,arm_replay_proxy,9.291766,0.133421,cube_retreat,2026-07-31T11:47:28.556+01:00,9.425187,0.021964,45.528737,0,3516.936000000,3516.936000000,trusted_fallback,0.000000,-0.02019999999912608,-1.1626541743248175e-12,-0.13273553560142706,-0.02019999999912608,-1.1626541743248175e-12,-0.13273553560142706,0.0,0.0,0.0,-0.9369814379854188,-0.30503716184944757,-47.845871102930104,-0.9369814379854188,-0.30503716184944757,-47.845871102930104,0.0,0.0,0.0,1.5221902255956243,-0.2270680888277244,-20.86362281852042,1.5221902255956243,-0.2270680888277244,-20.86362281852042,0.0,0.0,0.0,-2.1532794890452225,0.5281295303266239,-2.688720795124552,-2.1532794890452225,0.5281295303266239,-2.688720795124552,0.0,0.0,0.0,-1.557924898432128,-0.01875373965607141,-0.06040218052163171,-1.557924898432128,-0.01875373965607141,-0.06040218052163171,0.0,0.0,0.0,-2.2559176409724798e-12,3.2945063777739536e-12,-1.82761114620457e-05,-2.2559176409724798e-12,3.2945063777739536e-12,-1.82761114620457e-05,0.0,0.0,0.0,robotiq_85_left_knuckle_joint,4.728439997833094e-11,-2.480156992105964e-09,,robotiq_85_left_knuckle_joint,4.728439997833094e-11,-2.480156992105964e-09,,0.0,0.0,
sentinel_joint_telemetry_v2,20260731_114715,20260731_114715:1,1,448,short_cube_pick_place,attack,replay_attack,prior_command_replay,medium,arm_trajectory,cube,cube_retreat,3,commands_back,replay-plan-0001,1,arm_replay_proxy,9.291766,0.153504,cube_retreat,2026-07-31T11:47:28.576+01:00,9.445270,0.020083,49.794198,0,3516.956000000,3516.956000000,trusted_fallback,0.000000,-0.020199999999151536,-1.1654455612380987e-12,-0.13205308705278038,-0.020199999999151536,-1.1654455612380987e-12,-0.13205308705278038,0.0,0.0,0.0,-0.9430679776732076,-0.3060974870800788,-47.75297496819542,-0.9430679776732076,-0.3060974870800788,-47.75297496819542,0.0,0.0,0.0,1.5176594352804496,-0.22785751575461832,-20.990376952004873,1.5176594352804496,-0.22785751575461832,-20.990376952004873,0.0,0.0,0.0,-2.142741486221786,0.529965630124682,-2.6883915109210914,-2.142741486221786,0.529965630124682,-2.6883915109210914,0.0,0.0,0.0,-1.5582991001196829,-0.01881893907330584,-0.061107990762197285,-1.5582991001196829,-0.01881893907330584,-0.061107990762197285,0.0,0.0,0.0,-2.19035097472682e-12,3.305911317266763e-12,-1.812672326584221e-05,-2.19035097472682e-12,3.305911317266763e-12,-1.812672326584221e-05,0.0,0.0,0.0,robotiq_85_left_knuckle_joint,1.8223629150376492e-11,-8.656830174577634e-10,,robotiq_85_left_knuckle_joint,1.8223629150376492e-11,-8.656830174577634e-10,,0.0,0.0,
sentinel_joint_telemetry_v2,20260731_114715,20260731_114715:1,1,449,short_cube_pick_place,attack,replay_attack,prior_command_replay,medium,arm_trajectory,cube,cube_retreat,3,commands_back,replay-plan-0001,1,arm_replay_proxy,9.291766,0.175411,cube_retreat,2026-07-31T11:47:28.598+01:00,9.467177,0.021907,45.646885,0,3516.978000000,3516.978000000,trusted_fallback,0.000000,-0.02019999999917952,-1.1691973344357676e-12,-0.13217661146707957,-0.02019999999917952,-1.1691973344357676e-12,-0.13217661146707957,0.0,0.0,0.0,-0.9497942471128923,-0.30553741243835336,-47.64485519776247,-0.9497942471128923,-0.30553741243835336,-47.64485519776247,0.0,0.0,0.0,1.5126524316047965,-0.22744064487633908,-21.12927334598006,1.5126524316047965,-0.22744064487633908,-21.12927334598006,0.0,0.0,0.0,-2.131095875809383,0.5289960450903137,-2.688208529231135,-2.131095875809383,0.5289960450903137,-2.688208529231135,0.0,0.0,0.0,-1.5587126326591922,-0.018784509365652586,-0.06188594260281305,-1.5587126326591922,-0.018784509365652586,-0.06188594260281305,0.0,0.0,0.0,-2.1178929401458047e-12,3.299856698654735e-12,-1.795119275391859e-05,-2.1178929401458047e-12,3.299856698654735e-12,-1.795119275391859e-05,0.0,0.0,0.0,robotiq_85_left_knuckle_joint,7.528843592356481e-12,-2.714268939815745e-10,,robotiq_85_left_knuckle_joint,7.528843592356481e-12,-2.714268939815745e-10,,0.0,0.0,
sentinel_joint_telemetry_v2,20260731_114715,20260731_114715:1,1,450,short_cube_pick_place,attack,replay_attack,prior_command_replay,medium,arm_trajectory,cube,cube_retreat,3,commands_back,replay-plan-0001,1,arm_replay_proxy,9.291766,0.197380,cube_retreat,2026-07-31T11:47:28.620+01:00,9.489146,0.021969,45.518250,0,3517.000000000,3517.000000000,trusted_fallback,0.000000,-0.02019999999920757,-1.1695711673448406e-12,-0.13209431840352373,-0.02019999999920757,-1.1695711673448406e-12,-0.13209431840352373,0.0,0.0,0.0,-0.9565135988414548,-0.30536165508120106,-47.53353296830964,-0.9565135988414548,-0.30536165508120106,-47.53353296830964,0.0,0.0,0.0,1.5076505768719748,-0.22730982637759348,-21.265212552538493,1.5076505768719748,-0.22730982637759348,-21.265212552538493,0.0,0.0,0.0,-2.1194622411385606,0.5286917790325572,-2.6879874481549137,-2.1194622411385606,0.5286917790325572,-2.6879874481549137,0.0,0.0,0.0,-1.5591257399432912,-0.01877370495858183,-0.06266325180880858,-1.5591257399432912,-0.01877370495858183,-0.06266325180880858,0.0,0.0,0.0,-2.0455096138165262e-12,3.297956525927237e-12,-1.7778046725973322e-05,-2.0455096138165262e-12,3.297956525927237e-12,-1.7778046725973322e-05,0.0,0.0,0.0,robotiq_85_left_knuckle_joint,4.175924532772967e-12,-8.507796116913324e-11,,robotiq_85_left_knuckle_joint,4.175924532772967e-12,-8.507796116913324e-11,,0.0,0.0,
sentinel_joint_telemetry_v2,20260731_114715,20260731_114715:1,1,451,short_cube_pick_place,attack,replay_attack,prior_command_replay,medium,arm_trajectory,cube,cube_retreat,3,commands_back,replay-plan-0001,1,arm_replay_proxy,9.291766,0.217404,cube_retreat,2026-07-31T11:47:28.640+01:00,9.509170,0.020024,49.940144,0,3517.020000000,3517.020000000,trusted_fallback,0.000000,-0.02019999999923307,-1.1696347015921482e-12,-0.13195642659937987,-0.02019999999923307,-1.1696347015921482e-12,-0.13195642659937987,0.0,0.0,0.0,-0.9626201667178464,-0.30530930316720434,-47.42923538106932,-0.9626201667178464,-0.30530930316720434,-47.42923538106932,0.0,0.0,0.0,1.503104875480264,-0.22727086016358908,-21.386458431385314,1.503104875480264,-0.22727086016358908,-21.386458431385314,0.0,0.0,0.0,-2.108889557176585,0.5286011489118285,-2.687776137986375,-2.108889557176585,0.5286011489118285,-2.687776137986375,0.0,0.0,0.0,-1.5595011731488848,-0.018770486707007938,-0.06336956469051844,-1.5595011731488848,-0.018770486707007938,-0.06336956469051844,0.0,0.0,0.0,-1.979727474748991e-12,3.2973875366271166e-12,-1.762125555609012e-05,-1.979727474748991e-12,3.2973875366271166e-12,-1.762125555609012e-05,0.0,0.0,0.0,robotiq_85_left_knuckle_joint,3.1786132991759353e-12,-2.961041741661452e-11,,robotiq_85_left_knuckle_joint,3.1786132991759353e-12,-2.961041741661452e-11,,0.0,0.0,
sentinel_joint_telemetry_v2,20260731_114715,20260731_114715:1,1,452,short_cube_pick_place,attack,replay_attack,prior_command_replay,medium,arm_trajectory,cube,cube_retreat,3,commands_back,replay-plan-0001,1,arm_replay_proxy,9.291766,0.239414,cube_retreat,2026-07-31T11:47:28.662+01:00,9.531179,0.022009,45.435605,0,3517.042000000,3517.042000000,trusted_fallback,0.000000,-0.02019999999926114,-1.1691728314666694e-12,-0.13177615523068778,-0.02019999999926114,-1.1691728314666694e-12,-0.13177615523068778,0.0,0.0,0.0,-0.9693367009754426,-0.305290071974858,-47.31098639091515,-0.9693367009754426,-0.305290071974858,-47.31098639091515,0.0,0.0,0.0,1.4981051178279177,-0.2272565461357016,-21.51732983415025,1.4981051178279177,-0.2272565461357016,-21.51732983415025,0.0,0.0,0.0,-2.097260800030081,0.5285678564273446,-2.687540612383764,-2.097260800030081,0.5285678564273446,-2.687540612383764,0.0,0.0,0.0,-1.5599141072333877,-0.018769304499707432,-0.06414622599214856,-1.5599141072333877,-0.018769304499707432,-0.06414622599214856,0.0,0.0,0.0,-1.9073745611580125e-12,3.297174816160875e-12,-1.7448947447495245e-05,-1.9073745611580125e-12,3.297174816160875e-12,-1.7448947447495245e-05,0.0,0.0,0.0,robotiq_85_left_knuckle_joint,2.8132683721215674e-12,-9.248856021326635e-12,,robotiq_85_left_knuckle_joint,2.8132683721215674e-12,-9.248856021326635e-12,,0.0,0.0,
sentinel_joint_telemetry_v2,20260731_114715,20260731_114715:1,1,453,short_cube_pick_place,attack,replay_attack,prior_command_replay,medium,arm_trajectory,cube,cube_retreat,3,commands_back,replay-plan-0001,1,arm_replay_proxy,9.291766,0.261593,cube_retreat,2026-07-31T11:47:28.684+01:00,9.553359,0.022180,45.085720,0,3517.064000000,3517.064000000,trusted_fallback,0.000000,-0.020199999999289203,-1.1683629324438227e-12,-0.1315797440142167,-0.020199999999289203,-1.1683629324438227e-12,-0.1315797440142167,0.0,0.0,0.0,-0.976052997700711,-0.30528403702292817,-47.18900419183675,-0.976052997700711,-0.30528403702292817,-47.18900419183675,0.0,0.0,0.0,1.4931055369739883,-0.22725205424210296,-21.645594918013455,1.4931055369739883,-0.22725205424210296,-21.645594918013455,0.0,0.0,0.0,-2.0856324540926794,0.5285574088929386,-2.687304767165403,-2.0856324540926794,0.5285574088929386,-2.687304767165403,0.0,0.0,0.0,-1.5603270267159648,-0.018768933510532885,-0.064922619300325,-1.5603270267159648,-0.018768933510532885,-0.064922619300325,0.0,0.0,0.0,-1.8350241997789485e-12,3.2971013072535804e-12,-1.7276635396572483e-05,-1.8350241997789485e-12,3.2971013072535804e-12,-1.7276635396572483e-05,0.0,0.0,0.0,robotiq_85_left_knuckle_joint,2.699486095985835e-12,-2.8638983545770103e-12,,robotiq_85_left_knuckle_joint,2.699486095985835e-12,-2.8638983545770103e-12,,0.0,0.0,
sentinel_joint_telemetry_v2,20260731_114715,20260731_114715:1,1,454,short_cube_pick_place,attack,replay_attack,prior_command_replay,medium,arm_trajectory,cube,cube_retreat,3,commands_back,replay-plan-0001,1,arm_replay_proxy,9.291766,0.283392,cube_retreat,2026-07-31T11:47:28.706+01:00,9.575157,0.021798,45.875665,0,3517.086000000,3517.086000000,trusted_fallback,0.000000,-0.02019999999931727,-1.167896725509654e-12,-0.1313718312676618,-0.02019999999931727,-1.167896725509654e-12,-0.1313718312676618,0.0,0.0,0.0,-0.9827692198858183,-0.3052821431910558,-47.06326986487059,-0.9827692198858183,-0.3052821431910558,-47.06326986487059,0.0,0.0,0.0,1.488106011601275,-0.22725064463829983,-21.771245822446794,1.488106011601275,-0.22725064463829983,-21.771245822446794,0.0,0.0,0.0,-2.0740042371970513,0.5285541303459493,-2.687069644319423,-2.0740042371970513,0.5285541303459493,-2.687069644319423,0.0,0.0,0.0,-1.5607399416163028,-0.0187688170901799,-0.06569875408939428,-1.5607399416163028,-0.0187688170901799,-0.06569875408939428,0.0,0.0,0.0,-1.7626746548041197e-12,3.2970776716462202e-12,-1.7104260961455598e-05,-1.7626746548041197e-12,3.2970776716462202e-12,-1.7104260961455598e-05,0.0,0.0,0.0,robotiq_85_left_knuckle_joint,2.6645873133373836e-12,-8.617629179696884e-13,,robotiq_85_left_knuckle_joint,2.6645873133373836e-12,-8.617629179696884e-13,,0.0,0.0,
sentinel_joint_telemetry_v2,20260731_114715,20260731_114715:1,1,455,short_cube_pick_place,attack,replay_attack,prior_command_replay,medium,arm_trajectory,cube,cube_retreat,3,commands_back,replay-plan-0001,1,arm_replay_proxy,9.291766,0.303437,cube_retreat,2026-07-31T11:47:28.726+01:00,9.595203,0.020045,49.886608,0,3517.106000000,3517.106000000,trusted_fallback,0.000000,-0.02019999999934278,-1.1674359395863476e-12,-0.1311740852325393,-0.02019999999934278,-1.1674359395863476e-12,-0.1311740852325393,0.0,0.0,0.0,-0.9888748555816604,-0.30528157908537656,-46.9457015620542,-0.9888748555816604,-0.30528157908537656,-46.9457015620542,0.0,0.0,0.0,1.483561004043734,-0.22725022476706552,-21.883193506650095,1.483561004043734,-0.22725022476706552,-21.883193506650095,0.0,0.0,0.0,-2.0634331669991073,0.5285531537824996,-2.686856844294223,-2.0634331669991073,0.5285531537824996,-2.686856844294223,0.0,0.0,0.0,-1.561115317517563,-0.018768782412688,-0.06640410920440211,-1.561115317517563,-0.018768782412688,-0.06640410920440211,0.0,0.0,0.0,-1.6969025589181482e-12,3.297065745422323e-12,-1.6947487023200203e-05,-1.6969025589181482e-12,3.297065745422323e-12,-1.6947487023200203e-05,0.0,0.0,0.0,robotiq_85_left_knuckle_joint,2.654894232797777e-12,-2.6576657541355075e-13,,robotiq_85_left_knuckle_joint,2.654894232797777e-12,-2.6576657541355075e-13,,0.0,0.0,
sentinel_joint_telemetry_v2,20260731_114715,20260731_114715:1,1,456,short_cube_pick_place,attack,replay_attack,prior_command_replay,medium,arm_trajectory,cube,cube_retreat,3,commands_back,replay-plan-0001,1,arm_replay_proxy,9.291766,0.325416,cube_retreat,2026-07-31T11:47:28.748+01:00,9.617182,0.021979,45.498387,0,3517.128000000,3517.128000000,trusted_fallback,0.000000,-0.020199999999370836,-1.1673056184852149e-12,-0.1309473936782473,-0.020199999999370836,-1.1673056184852149e-12,-0.1309473936782473,0.0,0.0,0.0,-0.9955910474077755,-0.30528137186419885,-46.81277930365353,-0.9955910474077755,-0.30528137186419885,-46.81277930365353,0.0,0.0,0.0,1.4785615012676154,-0.22725007052965102,-22.003812781744994,1.4785615012676154,-0.22725007052965102,-22.003812781744994,0.0,0.0,0.0,-2.05180500266009,0.5285527950471746,-2.6866239600673993,-2.05180500266009,0.5285527950471746,-2.6866239600673993,0.0,0.0,0.0,-1.5615282305516291,-0.018768769674087006,-0.06717975627460482,-1.5615282305516291,-0.018768769674087006,-0.06717975627460482,0.0,0.0,0.0,-1.6245533357345244e-12,3.2970581560071155e-12,-1.6774953191017747e-05,-1.6245533357345244e-12,3.2970581560071155e-12,-1.6774953191017747e-05,0.0,0.0,0.0,robotiq_85_left_knuckle_joint,2.6520918295230617e-12,-4.713677365097979e-14,,robotiq_85_left_knuckle_joint,2.6520918295230617e-12,-4.713677365097979e-14,,0.0,0.0,
sentinel_joint_telemetry_v2,20260731_114715,20260731_114715:1,1,457,short_cube_pick_place,attack,replay_attack,prior_command_replay,medium,arm_trajectory,cube,cube_retreat,3,commands_back,replay-plan-0001,1,arm_replay_proxy,9.291766,0.345543,cube_retreat,2026-07-31T11:47:28.768+01:00,9.637309,0.020127,49.683390,0,3517.148000000,3517.148000000,trusted_fallback,0.000000,-0.020199999999396336,-1.1673572265086252e-12,-0.13073309728708557,-0.020199999999396336,-1.1673572265086252e-12,-0.13073309728708557,0.0,0.0,0.0,-1.0016966740607445,-0.305281310140344,-46.68866624234737,-1.0016966740607445,-0.305281310140344,-46.68866624234737,0.0,0.0,0.0,1.4740165004408026,-0.22725002458778135,-22.111159640733526,1.4740165004408026,-0.22725002458778135,-22.111159640733526,0.0,0.0,0.0,-2.041233948116906,0.5285526881926141,-2.6864134114974414,-2.041233948116906,0.5285526881926141,-2.6864134114974414,0.0,0.0,0.0,-1.5619036058969933,-0.018768765879713333,-0.06788466854606431,-1.5619036058969933,-0.018768765879713333,-0.06788466854606431,0.0,0.0,0.0,-1.5587813359088657e-12,3.297053602357991e-12,-1.6618027606740992e-05,-1.5587813359088657e-12,3.297053602357991e-12,-1.6618027606740992e-05,0.0,0.0,0.0,robotiq_85_left_knuckle_joint,2.651949843273914e-12,1.79136219746745e-14,,robotiq_85_left_knuckle_joint,2.651949843273914e-12,1.79136219746745e-14,,0.0,0.0,
sentinel_joint_telemetry_v2,20260731_114715,20260731_114715:1,1,458,short_cube_pick_place,attack,replay_attack,prior_command_replay,medium,arm_trajectory,cube,cube_retreat,3,commands_back,replay-plan-0001,1,arm_replay_proxy,9.291766,0.367395,cube_retreat,2026-07-31T11:47:28.790+01:00,9.659161,0.021852,45.763344,0,3517.170000000,3517.170000000,trusted_fallback,0.000000,-0.02019999999942439,-1.1673914872972757e-12,-0.13048838135230065,-0.02019999999942439,-1.1673914872972757e-12,-0.13048838135230065,0.0,0.0,0.0,-1.0084128625650093,-0.30528128746640426,-46.54853525422545,-1.0084128625650093,-0.30528128746640426,-46.54853525422545,0.0,0.0,0.0,1.4690170001371803,-0.2272500077112682,-22.22668855496216,1.4690170001371803,-0.2272500077112682,-22.22668855496216,0.0,0.0,0.0,-2.02960578952858,0.5285526489401348,-2.6861831546755397,-2.02960578952858,0.5285526489401348,-2.6861831546755397,0.0,0.0,0.0,-1.5623165187268542,-0.01876876448585964,-0.06865982828081665,-1.5623165187268542,-0.01876876448585964,-0.06865982828081665,0.0,0.0,0.0,-1.4864321495881161e-12,3.297047964506694e-12,-1.6445324510635424e-05,-1.4864321495881161e-12,3.297047964506694e-12,-1.6445324510635424e-05,0.0,0.0,0.0,robotiq_85_left_knuckle_joint,2.6526506099755247e-12,4.159173006001993e-14,,robotiq_85_left_knuckle_joint,2.6526506099755247e-12,4.159173006001993e-14,,0.0,0.0,
sentinel_joint_telemetry_v2,20260731_114715,20260731_114715:1,1,459,short_cube_pick_place,attack,replay_attack,prior_command_replay,medium,arm_trajectory,cube,cube_retreat,3,commands_back,replay-plan-0001,1,arm_replay_proxy,9.291766,0.387446,cube_retreat,2026-07-31T11:47:28.810+01:00,9.679212,0.020051,49.872153,0,3517.190000000,3517.190000000,trusted_fallback,0.000000,-0.020199999999450033,-1.1592686446210143e-12,-0.12961149281430234,-0.020199999999450033,-1.1592686446210143e-12,-0.12961149281430234,0.0,0.0,0.0,-1.0144962332234115,-0.30651766988515855,-46.41966697977419,-1.0144962332234115,-0.30651766988515855,-46.41966697977419,0.0,0.0,0.0,1.4644885665718472,-0.2281703651849973,-22.32810467046468,1.4644885665718472,-0.2281703651849973,-22.32810467046468,0.0,0.0,0.0,-2.019073268185104,0.5306932754025886,-2.6858085242604557,-2.019073268185104,0.5306932754025886,-2.6858085242604557,0.0,0.0,0.0,-1.5626905257685075,-0.01884477756429358,-0.06936242416230354,-1.5626905257685075,-0.01884477756429358,-0.06936242416230354,0.0,0.0,0.0,-1.4208992568906517e-12,3.3103290074387726e-12,-1.629630663191169e-05,-1.4208992568906517e-12,3.3103290074387726e-12,-1.629630663191169e-05,0.0,0.0,0.0,robotiq_85_left_knuckle_joint,2.6791383507956715e-12,-1.4601852713069796e-12,,robotiq_85_left_knuckle_joint,2.6791383507956715e-12,-1.4601852713069796e-12,,0.0,0.0,
sentinel_joint_telemetry_v2,20260731_114715,20260731_114715:1,1,460,short_cube_pick_place,attack,replay_attack,prior_command_replay,medium,arm_trajectory,cube,cube_retreat,3,commands_back,replay-plan-0001,1,arm_replay_proxy,9.291766,0.407483,cube_retreat,2026-07-31T11:47:28.830+01:00,9.699249,0.020037,49.907048,0,3517.209000000,3517.209000000,trusted_fallback,0.000000,-0.020199999999475415,-1.1661995154288451e-12,-0.12979405871555275,-0.020199999999475415,-1.1661995154288451e-12,-0.12979405871555275,0.0,0.0,0.0,-1.020616353972381,-0.30571238060573097,-46.2846898850627,-1.020616353972381,-0.30571238060573097,-46.2846898850627,0.0,0.0,0.0,1.4599327764055237,-0.2275709114925185,-22.42939711207475,1.4599327764055237,-0.2275709114925185,-22.42939711207475,0.0,0.0,0.0,-2.0084771191038513,0.5292990275442132,-2.6857092066890846,-2.0084771191038513,0.5292990275442132,-2.6857092066890846,0.0,0.0,0.0,-1.5630667922142687,-0.018795268192304676,-0.07006788045979995,-1.5630667922142687,-0.018795268192304676,-0.07006788045979995,0.0,0.0,0.0,-1.3549716822931777e-12,3.3016785919853797e-12,-1.613389954692749e-05,-1.3549716822931777e-12,3.3016785919853797e-12,-1.613389954692749e-05,0.0,0.0,0.0,robotiq_85_left_knuckle_joint,2.6578773916566025e-12,-1.654926196081874e-13,,robotiq_85_left_knuckle_joint,2.6578773916566025e-12,-1.654926196081874e-13,,0.0,0.0,
sentinel_joint_telemetry_v2,20260731_114715,20260731_114715:1,1,461,short_cube_pick_place,attack,replay_attack,prior_command_replay,medium,arm_trajectory,cube,cube_retreat,3,commands_back,replay-plan-0001,1,arm_replay_proxy,9.291766,0.429366,cube_retreat,2026-07-31T11:47:28.852+01:00,9.721132,0.021883,45.698221,0,3517.232000000,3517.232000000,trusted_fallback,0.000000,-0.020199999999503487,-1.1652588616239967e-12,-0.12936778447532804,-0.020199999999503487,-1.1652588616239967e-12,-0.12936778447532804,0.0,0.0,0.0,-1.0273272223044374,-0.306007923054456,-46.13432805447205,-1.0273272223044374,-0.306007923054456,-46.13432805447205,0.0,0.0,0.0,1.4549372364139648,-0.22779091195289744,-22.53700720829954,1.4549372364139648,-0.22779091195289744,-22.53700720829954,0.0,0.0,0.0,-1.996858171663424,0.5298107187305207,-2.685440642041872,-1.996858171663424,0.5298107187305207,-2.685440642041872,0.0,0.0,0.0,-1.5634793779587086,-0.018813438210725786,-0.07084181801852242,-1.5634793779587086,-0.018813438210725786,-0.07084181801852242,0.0,0.0,0.0,-1.2826797058516228e-12,3.304848582297293e-12,-1.5962875116072487e-05,-1.2826797058516228e-12,3.304848582297293e-12,-1.5962875116072487e-05,0.0,0.0,0.0,robotiq_85_left_knuckle_joint,2.661663946927326e-12,-3.34558769576887e-13,,robotiq_85_left_knuckle_joint,2.661663946927326e-12,-3.34558769576887e-13,,0.0,0.0,
sentinel_joint_telemetry_v2,20260731_114715,20260731_114715:1,1,462,short_cube_pick_place,attack,replay_attack,prior_command_replay,medium,arm_trajectory,cube,cube_retreat,3,commands_back,replay-plan-0001,1,arm_replay_proxy,9.291766,0.449379,cube_retreat,2026-07-31T11:47:28.872+01:00,9.741145,0.020013,49.967022,0,3517.252000000,3517.252000000,trusted_fallback,0.000000,-0.020199999999528956,-1.1670647087624886e-12,-0.12936078379590907,-0.020199999999528956,-1.1670647087624886e-12,-0.12936078379590907,0.0,0.0,0.0,-1.0334413668895897,-0.30553464287598425,-45.993249372597575,-1.0334413668895897,-0.30553464287598425,-45.993249372597575,0.0,0.0,0.0,1.4503858948769204,-0.22743860433152976,-22.633221691915825,1.4503858948769204,-0.22743860433152976,-22.633221691915825,0.0,0.0,0.0,-1.9862723694895599,0.5289912990603781,-2.685302282971177,-1.9862723694895599,0.5289912990603781,-2.685302282971177,0.0,0.0,0.0,-1.56385527698853,-0.018784340835385334,-0.07154638384700339,-1.56385527698853,-0.018784340835385334,-0.07154638384700339,0.0,0.0,0.0,-1.2168161796301268e-12,3.299757168895301e-12,-1.5802478349773826e-05,-1.2168161796301268e-12,3.299757168895301e-12,-1.5802478349773826e-05,0.0,0.0,0.0,robotiq_85_left_knuckle_joint,2.6554674600273487e-12,1.0005017647696235e-13,,robotiq_85_left_knuckle_joint,2.6554674600273487e-12,1.0005017647696235e-13,,0.0,0.0,
sentinel_joint_telemetry_v2,20260731_114715,20260731_114715:1,1,463,short_cube_pick_place,attack,replay_attack,prior_command_replay,medium,arm_trajectory,cube,cube_retreat,3,commands_back,replay-plan-0001,1,arm_replay_proxy,9.291766,0.469465,cube_retreat,2026-07-31T11:47:28.892+01:00,9.761230,0.020085,49.787579,0,3517.272000000,3517.272000000,trusted_fallback,0.000000,-0.02019999999955447,-1.1666934779386295e-12,-0.12918466956641367,-0.02019999999955447,-1.1666934779386295e-12,-0.12918466956641367,0.0,0.0,0.0,-1.0395499628382279,-0.3053696202816374,-45.849486678050695,-1.0395499628382279,-0.3053696202816374,-45.849486678050695,0.0,0.0,0.0,1.4458386837197683,-0.227315762259731,-22.726850466231504,1.4458386837197683,-0.227315762259731,-22.726850466231504,0.0,0.0,0.0,-1.975696174018255,0.528705585087919,-2.6851229679525277,-1.975696174018255,0.528705585087919,-2.6851229679525277,0.0,0.0,0.0,-1.5642308348868892,-0.018774195207938108,-0.07225025614567082,-1.5642308348868892,-0.018774195207938108,-0.07225025614567082,0.0,0.0,0.0,-1.1510122359558598e-12,3.2979745236833002e-12,-1.5644019276957395e-05,-1.1510122359558598e-12,3.2979745236833002e-12,-1.5644019276957395e-05,0.0,0.0,0.0,robotiq_85_left_knuckle_joint,2.656109269549544e-12,1.3255715969329174e-13,,robotiq_85_left_knuckle_joint,2.656109269549544e-12,1.3255715969329174e-13,,0.0,0.0,
sentinel_joint_telemetry_v2,20260731_114715,20260731_114715:1,1,464,short_cube_pick_place,attack,replay_attack,prior_command_replay,medium,arm_trajectory,cube,cube_retreat,3,commands_back,replay-plan-0001,1,arm_replay_proxy,9.291766,0.491404,cube_retreat,2026-07-31T11:47:28.914+01:00,9.783170,0.021939,45.580680,0,3517.294000000,3517.294000000,trusted_fallback,0.000000,-0.020199999999582555,-1.1647685854015988e-12,-0.12891871602907978,-0.020199999999582555,-1.1647685854015988e-12,-0.12891871602907978,0.0,0.0,0.0,-1.0462672420971901,-0.30530900012449913,-45.687901129075804,-1.0462672420971901,-0.30530900012449913,-45.687901129075804,0.0,0.0,0.0,1.4408383714632556,-0.22727063688935162,-22.82708537903539,1.4408383714632556,-0.22727063688935162,-22.82708537903539,0.0,0.0,0.0,-1.9640661269378,0.5286006296059993,-2.6849104855796844,-1.9640661269378,0.5286006296059993,-2.6849104855796844,0.0,0.0,0.0,-1.5646438147766053,-0.018770468266591477,-0.07302407601335952,-1.5646438147766053,-0.018770468266591477,-0.07302407601335952,0.0,0.0,0.0,-1.0786512973172412e-12,3.2973172803263395e-12,-1.5470417306176098e-05,-1.0786512973172412e-12,3.2973172803263395e-12,-1.5470417306176098e-05,0.0,0.0,0.0,robotiq_85_left_knuckle_joint,2.6579023690725727e-12,9.925480576322698e-14,,robotiq_85_left_knuckle_joint,2.6579023690725727e-12,9.925480576322698e-14,,0.0,0.0,
sentinel_joint_telemetry_v2,20260731_114715,20260731_114715:1,1,465,short_cube_pick_place,attack,replay_attack,prior_command_replay,medium,arm_trajectory,cube,cube_retreat,3,commands_back,replay-plan-0001,1,arm_replay_proxy,9.291766,0.511426,cube_retreat,2026-07-31T11:47:28.934+01:00,9.803192,0.020023,49.943614,0,3517.313000000,3517.313000000,trusted_fallback,0.000000,-0.020199999999608077,-1.164082935947719e-12,-0.12864939454142013,-0.020199999999608077,-1.164082935947719e-12,-0.12864939454142013,0.0,0.0,0.0,-1.052373192658028,-0.305290943519031,-45.537763237133724,-1.052373192658028,-0.305290943519031,-45.537763237133724,0.0,0.0,0.0,1.4362931295207997,-0.2272571956340397,-22.915765350918825,1.4362931295207997,-0.2272571956340397,-22.915765350918825,0.0,0.0,0.0,-1.953494511592386,0.528569367071945,-2.6847136077232,-1.953494511592386,0.528569367071945,-2.6847136077232,0.0,0.0,0.0,-1.565019210035908,-0.018769358142278786,-0.07372726464558761,-1.565019210035908,-0.018769358142278786,-0.07372726464558761,0.0,0.0,0.0,-1.0128758007227356e-12,3.297119088169209e-12,-1.5312761344718805e-05,-1.0128758007227356e-12,3.297119088169209e-12,-1.5312761344718805e-05,0.0,0.0,0.0,robotiq_85_left_knuckle_joint,2.6593696563017895e-12,7.548215524844082e-14,,robotiq_85_left_knuckle_joint,2.6593696563017895e-12,7.548215524844082e-14,,0.0,0.0,
sentinel_joint_telemetry_v2,20260731_114715,20260731_114715:1,1,466,short_cube_pick_place,attack,replay_attack,prior_command_replay,medium,arm_trajectory,cube,cube_retreat,3,commands_back,replay-plan-0001,1,arm_replay_proxy,9.291766,0.533410,cube_retreat,2026-07-31T11:47:28.956+01:00,9.825176,0.021984,45.487274,0,3517.336000000,3517.336000000,trusted_fallback,0.000000,-0.020199999999636162,-1.1618095808324513e-12,-0.12802660296138466,-0.020199999999636162,-1.1618095808324513e-12,-0.12802660296138466,0.0,0.0,0.0,-1.059078855648145,-0.305875671631072,-45.36989535206668,-1.059078855648145,-0.305875671631072,-45.36989535206668,0.0,0.0,0.0,1.431301464362204,-0.22769246459241715,-23.01005321398904,1.431301464362204,-0.22769246459241715,-23.01005321398904,0.0,0.0,0.0,-1.9418845764870798,0.5295817435426893,-2.6844063839859142,-1.9418845764870798,0.5295817435426893,-2.6844063839859142,0.0,0.0,0.0,-1.565431475754716,-0.01880530736247725,-0.0744993838534168,-1.565431475754716,-0.01880530736247725,-0.0744993838534168,0.0,0.0,0.0,-9.40639686063395e-13,3.3033953177052933e-12,-1.5143201750969018e-05,-9.40639686063395e-13,3.3033953177052933e-12,-1.5143201750969018e-05,0.0,0.0,0.0,robotiq_85_left_knuckle_joint,2.667686549482883e-12,-3.6684631027350534e-13,,robotiq_85_left_knuckle_joint,2.667686549482883e-12,-3.6684631027350534e-13,,0.0,0.0,
sentinel_joint_telemetry_v2,20260731_114715,20260731_114715:1,1,467,short_cube_pick_place,attack,replay_attack,prior_command_replay,medium,arm_trajectory,cube,cube_retreat,3,commands_back,replay-plan-0001,1,arm_replay_proxy,9.291766,0.553414,cube_retreat,2026-07-31T11:47:28.976+01:00,9.845180,0.020003,49.991376,0,3517.356000000,3517.356000000,trusted_fallback,0.000000,-0.020199999999661624,-1.164303679510037e-12,-0.12793492315895175,-0.020199999999661624,-1.164303679510037e-12,-0.12793492315895175,0.0,0.0,0.0,-1.0651914497456367,-0.3054885296559709,-45.2126046193836,-1.0651914497456367,-0.3054885296559709,-45.2126046193836,0.0,0.0,0.0,1.4267512770011508,-0.22740427785947204,-23.094258469463295,1.4267512770011508,-0.22740427785947204,-23.094258469463295,0.0,0.0,0.0,-1.9313014587697932,0.5289114603490136,-2.684268890448911,-1.9313014587697932,0.5289114603490136,-2.684268890448911,0.0,0.0,0.0,-1.5658072794601956,-0.018781505783893322,-0.07520281875461281,-1.5658072794601956,-0.018781505783893322,-0.07520281875461281,0.0,0.0,0.0,-8.747929602050826e-13,3.29923588449077e-12,-1.4982980016071528e-05,-8.747929602050826e-13,3.29923588449077e-12,-1.4982980016071528e-05,0.0,0.0,0.0,robotiq_85_left_knuckle_joint,2.6615836491797096e-12,5.613261591652652e-14,,robotiq_85_left_knuckle_joint,2.6615836491797096e-12,5.613261591652652e-14,,0.0,0.0,
sentinel_joint_telemetry_v2,20260731_114715,20260731_114715:1,1,468,short_cube_pick_place,attack,replay_attack,prior_command_replay,medium,arm_trajectory,cube,cube_retreat,3,commands_back,replay-plan-0001,1,arm_replay_proxy,9.291766,0.575425,cube_retreat,2026-07-31T11:47:28.998+01:00,9.867191,0.022011,45.431642,0,3517.378000000,3517.378000000,trusted_fallback,0.000000,-0.02019999999968968,-1.1638955858123134e-12,-0.12767608477724313,-0.02019999999968968,-1.1638955858123134e-12,-0.12767608477724313,0.0,0.0,0.0,-1.0719101977029477,-0.3053463151461148,-45.036381333461854,-1.0719101977029477,-0.3053463151461148,-45.036381333461854,0.0,0.0,0.0,1.4217498714522376,-0.22729841402244572,-23.183918836144077,1.4217498714522376,-0.22729841402244572,-23.183918836144077,0.0,0.0,0.0,-1.91966886883973,0.5286652354444047,-2.684076821898127,-1.91966886883973,0.5286652354444047,-2.684076821898127,0.0,0.0,0.0,-1.5662203496458271,-0.018772762402805166,-0.07597583256036503,-1.5662203496458271,-0.018772762402805166,-0.07597583256036503,0.0,0.0,0.0,-8.024162466416946e-13,3.297700871054965e-12,-1.4808503961523833e-05,-8.024162466416946e-13,3.297700871054965e-12,-1.4808503961523833e-05,0.0,0.0,0.0,robotiq_85_left_knuckle_joint,2.6619982680397885e-12,1.0505658842863141e-13,,robotiq_85_left_knuckle_joint,2.6619982680397885e-12,1.0505658842863141e-13,,0.0,0.0,
sentinel_joint_telemetry_v2,20260731_114715,20260731_114715:1,1,469,short_cube_pick_place,attack,replay_attack,prior_command_replay,medium,arm_trajectory,cube,cube_retreat,3,commands_back,replay-plan-0001,1,arm_replay_proxy,9.291766,0.597442,cube_retreat,2026-07-31T11:47:29.020+01:00,9.889208,0.022017,45.420088,0,3517.400000000,3517.400000000,trusted_fallback,0.000000,-0.020199999999717735,-1.1638541692893245e-12,-0.1273566338067986,-0.020199999999717735,-1.1638541692893245e-12,-0.1273566338067986,0.0,0.0,0.0,-1.0786271891106431,-0.3053016867260236,-44.85650251740799,-1.0786271891106431,-0.3053016867260236,-44.85650251740799,0.0,0.0,0.0,1.416749773470903,-0.22726519282867377,-23.270661187318126,1.416749773470903,-0.22726519282867377,-23.270661187318126,0.0,0.0,0.0,-1.908039320134236,0.5285879674602976,-2.683871844432422,-1.908039320134236,0.5285879674602976,-2.683871844432422,0.0,0.0,0.0,-1.5666333118383806,-0.01877001863714364,-0.07674840611973806,-1.5666333118383806,-0.01877001863714364,-0.07674840611973806,0.0,0.0,0.0,-7.300584101223317e-13,3.2972108116730015e-12,-1.4634575540176806e-05,-7.300584101223317e-13,3.2972108116730015e-12,-1.4634575540176806e-05,0.0,0.0,0.0,robotiq_85_left_knuckle_joint,2.6635303333130442e-12,8.4593790306009e-14,,robotiq_85_left_knuckle_joint,2.6635303333130442e-12,8.4593790306009e-14,,0.0,0.0,
sentinel_joint_telemetry_v2,20260731_114715,20260731_114715:1,1,470,short_cube_pick_place,attack,replay_attack,prior_command_replay,medium,arm_trajectory,cube,cube_retreat,3,commands_back,replay-plan-0001,1,arm_replay_proxy,9.291766,0.619396,cube_retreat,2026-07-31T11:47:29.042+01:00,9.911162,0.021954,45.549412,0,3517.422000000,3517.422000000,trusted_fallback,0.000000,-0.020199999999745803,-1.1629479931135611e-12,-0.12701174363622703,-0.020199999999745803,-1.1629479931135611e-12,-0.12701174363622703,0.0,0.0,0.0,-1.0853436292944565,-0.3052876818549406,-44.67286752346557,-1.0853436292944565,-0.3052876818549406,-44.67286752346557,0.0,0.0,0.0,1.4117500858181293,-0.22725476766608482,-23.35454047197166,1.4117500858181293,-0.22725476766608482,-23.35454047197166,0.0,0.0,0.0,-1.8964107257972376,0.5285637199481403,-2.683664177719005,-1.8964107257972376,0.5285637199481403,-2.683664177719005,0.0,0.0,0.0,-1.5670462401415612,-0.018769157614421435,-0.07752066469266082,-1.5670462401415612,-0.018769157614421435,-0.07752066469266082,0.0,0.0,0.0,-6.577065145971933e-13,3.297054903400598e-12,-1.446075763922419e-05,-6.577065145971933e-13,3.297054903400598e-12,-1.446075763922419e-05,0.0,0.0,0.0,robotiq_85_left_knuckle_joint,2.664971486933095e-12,6.696813242834665e-14,,robotiq_85_left_knuckle_joint,2.664971486933095e-12,6.696813242834665e-14,,0.0,0.0,
sentinel_joint_telemetry_v2,20260731_114715,20260731_114715:1,1,471,short_cube_pick_place,attack,replay_attack,prior_command_replay,medium,arm_trajectory,cube,cube_retreat,3,commands_back,replay-plan-0001,1,arm_replay_proxy,9.291766,0.639435,cube_retreat,2026-07-31T11:47:29.062+01:00,9.931201,0.020039,49.902540,0,3517.442000000,3517.442000000,trusted_fallback,0.000000,-0.020199999999771324,-1.1622313354775482e-12,-0.12668560048627947,-0.020199999999771324,-1.1622313354775482e-12,-0.12668560048627947,0.0,0.0,0.0,-1.09144932992442,-0.3052835102980744,-44.502640352066976,-1.09144932992442,-0.3052835102980744,-44.502640352066976,0.0,0.0,0.0,1.4072050299230843,-0.22725166237807906,-23.428318071911384,1.4072050299230843,-0.22725166237807906,-23.428318071911384,0.0,0.0,0.0,-1.8858395431728308,0.5285564974699587,-2.683475885189086,-1.8858395431728308,0.5285564974699587,-2.683475885189086,0.0,0.0,0.0,-1.5674216200350557,-0.018768901146121095,-0.07822247966021355,-1.5674216200350557,-0.018768901146121095,-0.07822247966021355,0.0,0.0,0.0,-5.919337321944063e-13,3.2970054637815327e-12,-1.4302719755655646e-05,-5.919337321944063e-13,3.2970054637815327e-12,-1.4302719755655646e-05,0.0,0.0,0.0,robotiq_85_left_knuckle_joint,2.6661340795247377e-12,5.848099782213012e-14,,robotiq_85_left_knuckle_joint,2.6661340795247377e-12,5.848099782213012e-14,,0.0,0.0,
sentinel_joint_telemetry_v2,20260731_114715,20260731_114715:1,1,472,short_cube_pick_place,attack,replay_attack,prior_command_replay,medium,arm_trajectory,cube,cube_retreat,3,commands_back,replay-plan-0001,1,arm_replay_proxy,9.291766,0.661439,cube_retreat,2026-07-31T11:47:29.084+01:00,9.953205,0.022005,45.445105,0,3517.464000000,3517.464000000,trusted_fallback,0.000000,-0.020199999999799396,-1.1611406280920278e-12,-0.12631632740016493,-0.020199999999799396,-1.1611406280920278e-12,-0.12631632740016493,0.0,0.0,0.0,-1.0981655456037327,-0.3052819778992365,-44.31176680247978,-1.0981655456037327,-0.3052819778992365,-44.31176680247978,0.0,0.0,0.0,1.4022055093904429,-0.22725052166731535,-23.506745474849314,1.4022055093904429,-0.22725052166731535,-23.506745474849314,0.0,0.0,0.0,-1.8742113375345626,0.528553844331688,-2.6832703594091587,-1.8742113375345626,0.528553844331688,-2.6832703594091587,0.0,0.0,0.0,-1.5678345345356475,-0.018768806933902815,-0.07899422709248201,-1.5678345345356475,-0.018768806933902815,-0.07899422709248201,0.0,0.0,0.0,-5.19584274606273e-13,3.296982478695476e-12,-1.4128812861104139e-05,-5.19584274606273e-13,3.296982478695476e-12,-1.4128812861104139e-05,0.0,0.0,0.0,robotiq_85_left_knuckle_joint,2.6673157341252945e-12,5.407957068270797e-14,,robotiq_85_left_knuckle_joint,2.6673157341252945e-12,5.407957068270797e-14,,0.0,0.0,
sentinel_joint_telemetry_v2,20260731_114715,20260731_114715:1,1,473,short_cube_pick_place,attack,replay_attack,prior_command_replay,medium,arm_trajectory,cube,cube_retreat,3,commands_back,replay-plan-0001,1,arm_replay_proxy,9.291766,0.681522,cube_retreat,2026-07-31T11:47:29.104+01:00,9.973287,0.020082,49.795537,0,3517.484000000,3517.484000000,trusted_fallback,0.000000,-0.02019999999982491,-1.1605872513031912e-12,-0.12597204337527215,-0.02019999999982491,-1.1605872513031912e-12,-0.12597204337527215,0.0,0.0,0.0,-1.1042711793617284,-0.3052815214516806,-44.13494946974734,-1.1042711793617284,-0.3052815214516806,-44.13494946974734,0.0,0.0,0.0,1.3976605032745872,-0.22725018188985785,-23.575556188115655,1.3976605032745872,-0.22725018188985785,-23.575556188115655,0.0,0.0,0.0,-1.8636402706897905,0.5285530540554431,-2.6830853085581126,-1.8636402706897905,0.5285530540554431,-2.6830853085581126,0.0,0.0,0.0,-1.5682099103178377,-0.0187687788713856,-0.07969559346935627,-1.5682099103178377,-0.0187687788713856,-0.07969559346935627,0.0,0.0,0.0,-4.53812220353665e-13,3.296972937716358e-12,-1.397064441706978e-05,-4.53812220353665e-13,3.296972937716358e-12,-1.397064441706978e-05,0.0,0.0,0.0,robotiq_85_left_knuckle_joint,2.66834696087859e-12,5.2368265973656847e-14,,robotiq_85_left_knuckle_joint,2.66834696087859e-12,5.2368265973656847e-14,,0.0,0.0,
sentinel_joint_telemetry_v2,20260731_114715,20260731_114715:1,1,474,short_cube_pick_place,attack,replay_attack,prior_command_replay,medium,arm_trajectory,cube,cube_retreat,3,commands_back,replay-plan-0001,1,arm_replay_proxy,9.291766,0.703370,cube_retreat,2026-07-31T11:47:29.126+01:00,9.995136,0.021848,45.769904,0,3517.506000000,3517.506000000,trusted_fallback,0.000000,-0.020199999999850404,-1.09230593320353e-12,-0.13341702084429485,-0.020199999999850404,-1.09230593320353e-12,-0.13341702084429485,0.0,0.0,0.0,-1.1109568423483118,-0.2900172899233159,-43.92243239691152,-1.1109568423483118,-0.2900172899233159,-43.92243239691152,0.0,0.0,0.0,1.3926837260279796,-0.21588755707472662,-23.65945886513875,1.3926837260279796,-0.21588755707472662,-23.65945886513875,0.0,0.0,0.0,-1.8520649628457577,0.5021251322023332,-2.6854774667828623,-1.8520649628457577,0.5021251322023332,-2.6854774667828623,0.0,0.0,0.0,-1.5686209464317802,-0.017830330370129807,-0.08046874817470086,-1.5686209464317802,-0.017830330370129807,-0.08046874817470086,0.0,0.0,0.0,-3.8180470234981785e-13,3.1324678094468705e-12,-1.3707357046526516e-05,-3.8180470234981785e-13,3.1324678094468705e-12,-1.3707357046526516e-05,0.0,0.0,0.0,robotiq_85_left_knuckle_joint,2.4891532463243188e-12,5.744796999218593e-14,,robotiq_85_left_knuckle_joint,2.4891532463243188e-12,5.744796999218593e-14,,0.0,0.0,
sentinel_joint_telemetry_v2,20260731_114715,20260731_114715:1,1,475,short_cube_pick_place,attack,replay_attack,prior_command_replay,medium,arm_trajectory,cube,cube_retreat,3,commands_back,replay-plan-0001,1,arm_replay_proxy,9.291766,0.723445,cube_retreat,2026-07-31T11:47:29.146+01:00,10.015210,0.020075,49.814342,0,3517.526000000,3517.526000000,trusted_fallback,0.000000,-0.020199999999878523,-1.1566661257261801e-12,-0.12491290329402445,-0.020199999999878523,-1.1566661257261801e-12,-0.12491290329402445,0.0,0.0,0.0,-1.1170823524169675,-0.30587266494250154,-43.75434788919478,-1.1170823524169675,-0.30587266494250154,-43.75434788919478,0.0,0.0,0.0,1.3881239240765488,-0.22769022642715958,-23.711757547153738,1.3881239240765488,-0.22769022642715958,-23.711757547153738,0.0,0.0,0.0,-1.8414594828969475,0.5295765378740384,-2.682598577247971,-1.8414594828969475,0.5295765378740384,-2.682598577247971,0.0,0.0,0.0,-1.568997544214169,-0.018805122510582948,-0.08116630488888027,-1.568997544214169,-0.018805122510582948,-0.08116630488888027,0.0,0.0,0.0,-3.158052043823062e-13,3.3033029436801975e-12,-1.364210559002178e-05,-3.158052043823062e-13,3.3033029436801975e-12,-1.364210559002178e-05,0.0,0.0,0.0,robotiq_85_left_knuckle_joint,2.6774460729673844e-12,-3.803736839391725e-13,,robotiq_85_left_knuckle_joint,2.6774460729673844e-12,-3.803736839391725e-13,,0.0,0.0,
sentinel_joint_telemetry_v2,20260731_114715,20260731_114715:1,1,476,short_cube_pick_place,attack,replay_attack,prior_command_replay,medium,arm_trajectory,cube,cube_retreat,3,commands_back,replay-plan-0001,1,arm_replay_proxy,9.291766,0.745407,cube_retreat,2026-07-31T11:47:29.168+01:00,10.037173,0.021963,45.531637,0,3517.548000000,3517.548000000,trusted_fallback,0.000000,-0.020199999999906508,-1.160634739358346e-12,-0.12472066136325652,-0.020199999999906508,-1.160634739358346e-12,-0.12472066136325652,0.0,0.0,0.0,-1.1238058449864181,-0.3054668608693415,-43.54834337365904,-1.1238058449864181,-0.3054668608693415,-43.54834337365904,0.0,0.0,0.0,1.383118986659845,-0.22738814771294857,-23.779573822800327,1.383118986659845,-0.22738814771294857,-23.779573822800327,0.0,0.0,0.0,-1.829818678322178,0.5288739438190183,-2.682472711896115,-1.829818678322178,0.5288739438190183,-2.682472711896115,0.0,0.0,0.0,-1.5694109060996575,-0.01878017358187949,-0.0819380818665613,-1.5694109060996575,-0.01878017358187949,-0.0819380818665613,0.0,0.0,0.0,-2.433778872004006e-13,3.298956377170703e-12,-1.3465225153529642e-05,-2.433778872004006e-13,3.298956377170703e-12,-1.3465225153529642e-05,0.0,0.0,0.0,robotiq_85_left_knuckle_joint,2.6710687780079094e-12,6.445451811165626e-14,,robotiq_85_left_knuckle_joint,2.6710687780079094e-12,6.445451811165626e-14,,0.0,0.0,
sentinel_joint_telemetry_v2,20260731_114715,20260731_114715:1,1,477,short_cube_pick_place,attack,replay_attack,prior_command_replay,medium,arm_trajectory,cube,cube_retreat,3,commands_back,replay-plan-0001,1,arm_replay_proxy,9.291766,0.765441,cube_retreat,2026-07-31T11:47:29.188+01:00,10.057207,0.020034,49.916069,0,3517.568000000,3517.568000000,trusted_fallback,0.000000,-0.020199999999932012,-1.1603636888152247e-12,-0.12440737428970425,-0.020199999999932012,-1.1603636888152247e-12,-0.12440737428970425,0.0,0.0,0.0,-1.1299136462731745,-0.3053459861573069,-43.35816537167625,-1.1299136462731745,-0.3053459861573069,-43.35816537167625,0.0,0.0,0.0,1.378572367045396,-0.22729816912476253,-23.83847059263101,1.378572367045396,-0.22729816912476253,-23.83847059263101,0.0,0.0,0.0,-1.8192438586988529,0.5286646658453568,-2.6823172763033423,-1.8192438586988529,0.5286646658453568,-2.6823172763033423,0.0,0.0,0.0,-1.56978641514202,-0.018772742176478938,-0.0826388779247924,-1.56978641514202,-0.018772742176478938,-0.0826388779247924,0.0,0.0,0.0,-1.7758253561151027e-13,3.297652081957203e-12,-1.3305964464207356e-05,-1.7758253561151027e-13,3.297652081957203e-12,-1.3305964464207356e-05,0.0,0.0,0.0,robotiq_85_left_knuckle_joint,2.671533133124769e-12,1.029710171296383e-13,,robotiq_85_left_knuckle_joint,2.671533133124769e-12,1.029710171296383e-13,,0.0,0.0,
sentinel_joint_telemetry_v2,20260731_114715,20260731_114715:1,1,478,short_cube_pick_place,attack,replay_attack,prior_command_replay,medium,arm_trajectory,cube,cube_retreat,3,commands_back,replay-plan-0001,1,arm_replay_proxy,9.291766,0.787437,cube_retreat,2026-07-31T11:47:29.210+01:00,10.079203,0.021996,45.462355,0,3517.590000000,3517.590000000,trusted_fallback,0.000000,-0.02019999999996009,-1.159220939725425e-12,-0.12400742061986551,-0.02019999999996009,-1.159220939725425e-12,-0.12400742061986551,0.0,0.0,0.0,-1.1366306336173948,-0.30530158348584274,-43.145493598458685,-1.1366306336173948,-0.30530158348584274,-43.145493598458685,0.0,0.0,0.0,1.3735722720888923,-0.22726511597726298,-23.900394824086735,1.3735722720888923,-0.22726511597726298,-23.900394824086735,0.0,0.0,0.0,-1.807614317028711,0.5285877887140642,-2.68213307675543,-1.807614317028711,0.5285877887140642,-2.68213307675543,0.0,0.0,0.0,-1.5701993770847495,-0.018770012289926086,-0.08340929327995335,-1.5701993770847495,-0.018770012289926086,-0.08340929327995335,0.0,0.0,0.0,-1.0522474072551095e-13,3.2971659257030606e-12,-1.3131269213762089e-05,-1.0522474072551095e-13,3.2971659257030606e-12,-1.3131269213762089e-05,0.0,0.0,0.0,robotiq_85_left_knuckle_joint,2.673033641175913e-12,8.344106655622241e-14,,robotiq_85_left_knuckle_joint,2.673033641175913e-12,8.344106655622241e-14,,0.0,0.0,
sentinel_joint_telemetry_v2,20260731_114715,20260731_114715:1,1,479,short_cube_pick_place,attack,replay_attack,prior_command_replay,medium,arm_trajectory,cube,cube_retreat,3,commands_back,,0,,9.291766,,cube_retreat,2026-07-31T11:47:29.230+01:00,10.099232,0.020029,49.927059,0,3517.610000000,3517.610000000,trusted_fallback,0.000000,-0.020199999999939662,9.740899276425297e-12,-18.71706786831578,-0.020199999999939662,9.740899276425297e-12,-18.71706786831578,0.0,0.0,0.0,-1.142066145317343,-0.061987371365529835,150.0,-1.142066145317343,-0.061987371365529835,150.0,0.0,0.0,0.0,1.3708027231790447,0.0997054753377504,50.66285808460591,1.3708027231790447,0.0997054753377504,50.66285808460591,0.0,0.0,0.0,-1.8008465238453732,-0.1527149740340019,5.8852837267587415,-1.8008465238453732,-0.1527149740340019,5.8852837267587415,0.0,0.0,0.0,-1.5704629938713277,-0.00020345987136826706,-0.0020240308595777666,-1.5704629938713277,-0.00020345987136826706,-0.0020240308595777666,0.0,0.0,0.0,-5.923996093941525e-14,-2.872680392174143e-14,9.926412624918993e-05,-5.923996093941525e-14,-2.872680392174143e-14,9.926412624918993e-05,0.0,0.0,0.0,robotiq_85_left_knuckle_joint,-3.7563403954237976e-13,-3.1639394945139065e-10,,robotiq_85_left_knuckle_joint,-3.7563403954237976e-13,-3.1639394945139065e-10,,0.0,0.0,
sentinel_joint_telemetry_v2,20260731_114715,20260731_114715:1,1,480,short_cube_pick_place,attack,replay_attack,prior_command_replay,medium,arm_trajectory,cube,cube_retreat,3,commands_back,,0,,9.291766,,cube_retreat,2026-07-31T11:47:29.252+01:00,10.121140,0.021908,45.645280,0,3517.632000000,3517.632000000,trusted_fallback,0.000000,-0.020199999999950768,-1.6153940164687075e-12,0.053306548065666565,-0.020199999999950768,-1.6153940164687075e-12,0.053306548065666565,0.0,0.0,0.0,-1.1386888766013072,0.1811092380087994,-43.22104349548216,-1.1386888766013072,0.1811092380087994,-43.22104349548216,0.0,0.0,0.0,1.3755829644731503,0.2836681366388191,-24.09796852331487,1.3755829644731503,0.2836681366388191,-24.09796852331487,0.0,0.0,0.0,-1.8081699803572295,-0.43460769821614187,-2.720921997815951,-1.8081699803572295,-0.43460769821614187,-2.720921997815951,0.0,0.0,0.0,-1.5704727508027643,-0.0005790213284725615,0.0005774482842091526,-1.5704727508027643,-0.0005790213284725615,0.0005774482842091526,0.0,0.0,0.0,-5.748623443512084e-14,1.10996715291245e-13,-7.80230828224584e-07,-5.748623443512084e-14,1.10996715291245e-13,-7.80230828224584e-07,0.0,0.0,0.0,robotiq_85_left_knuckle_joint,4.181201913204732e-05,-0.0023228898059872174,,robotiq_85_left_knuckle_joint,4.181201913204732e-05,-0.0023228898059872174,,0.0,0.0,
sentinel_joint_telemetry_v2,20260731_114715,20260731_114715:1,1,481,short_cube_pick_place,attack,replay_attack,prior_command_replay,medium,arm_trajectory,cube,cube_retreat,3,commands_back,,0,,9.291766,,cube_retreat,2026-07-31T11:47:29.272+01:00,10.141152,0.020011,49.971719,0,3517.652000000,3517.652000000,trusted_fallback,0.000000,-0.020199999999969985,-7.686427449388189e-13,0.3296267590823011,-0.020199999999969985,-7.686427449388189e-13,0.3296267590823011,0.0,0.0,0.0,-1.1349470434714963,0.190525328790285,-43.58946361513779,-1.1349470434714963,0.190525328790285,-43.58946361513779,0.0,0.0,0.0,1.3819526087471194,0.3384641210736831,-24.194647072711035,1.3819526087471194,0.3384641210736831,-24.194647072711035,0.0,0.0,0.0,-1.8179290720350814,-0.518573592553,-2.749328790920724,-1.8179290720350814,-0.518573592553,-2.749328790920724,0.0,0.0,0.0,-1.5704857526944782,-0.0006908878386396476,0.10929440455648895,-1.5704857526944782,-0.0006908878386396476,0.10929440455648895,0.0,0.0,0.0,-5.5095681184975805e-14,1.1386291215442768e-13,1.397092288826404e-05,-5.5095681184975805e-14,1.1386291215442768e-13,1.397092288826404e-05,0.0,0.0,0.0,robotiq_85_left_knuckle_joint,1.457895115781091e-05,-0.0008099415830906589,,robotiq_85_left_knuckle_joint,1.457895115781091e-05,-0.0008099415830906589,,0.0,0.0,
sentinel_joint_telemetry_v2,20260731_114715,20260731_114715:1,1,482,short_cube_pick_place,attack,replay_attack,prior_command_replay,medium,arm_trajectory,cube,cube_retreat,3,commands_back,,0,,9.291766,,cube_retreat,2026-07-31T11:47:29.292+01:00,10.161430,0.020278,49.313548,0,3517.672000000,3517.672000000,trusted_fallback,0.000000,-0.020199999999977566,-3.6482557426442686e-13,0.2682572884692477,-0.020199999999977566,-3.6482557426442686e-13,0.2682572884692477,0.0,0.0,0.0,-1.1310948180888227,0.19380851663454732,-43.653081227884016,-1.1310948180888227,0.19380851663454732,-43.653081227884016,0.0,0.0,0.0,1.388964669530189,0.35757029944607005,-24.092303668616395,1.388964669530189,0.35757029944607005,-24.092303668616395,0.0,0.0,0.0,-1.8286725620638706,-0.5478506896179638,-2.7397456303052583,-1.8286725620638706,-0.5478506896179638,-2.7397456303052583,0.0,0.0,0.0,-1.5705000660853743,-0.0007298932751067131,0.08147570217815808,-1.5705000660853743,-0.0007298932751067131,0.08147570217815808,0.0,0.0,0.0,-5.2546228565473904e-14,1.2116956743524199e-13,1.0192289524454829e-05,-5.2546228565473904e-14,1.2116956743524199e-13,1.0192289524454829e-05,0.0,0.0,0.0,robotiq_85_left_knuckle_joint,5.083367626442492e-06,-0.0002824091639324635,,robotiq_85_left_knuckle_joint,5.083367626442492e-06,-0.0002824091639324635,,0.0,0.0,
sentinel_joint_telemetry_v2,20260731_114715,20260731_114715:1,1,483,short_cube_pick_place,attack,replay_attack,prior_command_replay,medium,arm_trajectory,cube,cube_retreat,3,commands_back,,0,,9.291766,,cube_retreat,2026-07-31T11:47:29.314+01:00,10.183230,0.021800,45.871901,0,3517.694000000,3517.694000000,trusted_fallback,0.000000,-0.020199999999981153,-2.3031988642674417e-13,0.2771476221283299,-0.020199999999981153,-2.3031988642674417e-13,0.2771476221283299,0.0,0.0,0.0,-1.1268140721517879,0.19501457792463092,-43.77190509949436,-1.1268140721517879,0.19501457792463092,-43.77190509949436,0.0,0.0,0.0,1.3969299048008863,0.36458885069326774,-24.025305840268288,1.3969299048008863,0.36458885069326774,-24.025305840268288,0.0,0.0,0.0,-1.8408765015198045,-0.558605472819058,-2.740471138515195,-1.8408765015198045,-0.558605472819058,-2.740471138515195,0.0,0.0,0.0,-1.5705163252111758,-0.0007442217119353828,0.0842854703605108,-1.5705163252111758,-0.0007442217119353828,0.0842854703605108,0.0,0.0,0.0,-4.968272420996637e-14,1.2254260106647763e-13,1.060106717598978e-05,-4.968272420996637e-14,1.2254260106647763e-13,1.060106717598978e-05,0.0,0.0,0.0,robotiq_85_left_knuckle_joint,1.5952164423064723e-06,-8.862298674732145e-05,,robotiq_85_left_knuckle_joint,1.5952164423064723e-06,-8.862298674732145e-05,,0.0,0.0,
sentinel_joint_telemetry_v2,20260731_114715,20260731_114715:1,1,484,short_cube_pick_place,attack,replay_attack,prior_command_replay,medium,arm_trajectory,cube,cube_retreat,3,commands_back,,0,,9.291766,,cube_retreat,2026-07-31T11:47:29.336+01:00,10.205197,0.021967,45.523120,0,3517.716000000,3517.716000000,trusted_fallback,0.000000,-0.02019999999998305,-1.8616792135661697e-13,0.27989892406890493,-0.02019999999998305,-1.8616792135661697e-13,0.27989892406890493,0.0,0.0,0.0,-1.1225184296581516,0.19539305273681715,-43.87816941981126,-1.1225184296581516,0.19539305273681715,-43.87816941981126,0.0,0.0,0.0,1.4049818290705294,0.3667913464433537,-23.952374256900384,1.4049818290705294,0.3667913464433537,-23.952374256900384,0.0,0.0,0.0,-1.8532132777046593,-0.5619804377468934,-2.741048475562046,-1.8532132777046593,-0.5619804377468934,-2.741048475562046,0.0,0.0,0.0,-1.5705327613133626,-0.0007487181272226168,0.08515023193260286,-1.5705327613133626,-0.0007487181272226168,0.08515023193260286,0.0,0.0,0.0,-4.6798904941512554e-14,1.2297433037156136e-13,1.0737347599616123e-05,-4.6798904941512554e-14,1.2297433037156136e-13,1.0737347599616123e-05,0.0,0.0,0.0,robotiq_85_left_knuckle_joint,5.005976564803509e-07,-2.781083187514957e-05,,robotiq_85_left_knuckle_joint,5.005976564803509e-07,-2.781083187514957e-05,,0.0,0.0,
sentinel_joint_telemetry_v2,20260731_114715,20260731_114715:1,1,485,short_cube_pick_place,attack,replay_attack,prior_command_replay,medium,arm_trajectory,cube,cube_retreat,3,commands_back,,0,,9.291766,,cube_retreat,2026-07-31T11:47:29.356+01:00,10.225238,0.020041,49.897062,0,3517.736000000,3517.736000000,trusted_fallback,0.000000,-0.020199999999984276,-1.7268456629915274e-13,0.2806646306976294,-0.020199999999984276,-1.7268456629915274e-13,0.2806646306976294,0.0,0.0,0.0,-1.1186091361114971,0.19550578702649637,-43.969091222511096,-1.1186091361114971,0.19550578702649637,-43.969091222511096,0.0,0.0,0.0,1.4123259922407063,0.36744739219838063,-23.88249475078481,1.4123259922407063,0.36744739219838063,-23.88249475078481,0.0,0.0,0.0,-1.8644656603876006,-0.5629857206924339,-2.7415322036894514,-1.8644656603876006,-0.5629857206924339,-2.7415322036894514,0.0,0.0,0.0,-1.5705477526943241,-0.0007500574506644313,0.08539390070057386,-1.5705477526943241,-0.0007500574506644313,0.08539390070057386,0.0,0.0,0.0,-4.417156258741798e-14,1.2310855460051506e-13,1.078491994520632e-05,-4.417156258741798e-14,1.2310855460051506e-13,1.078491994520632e-05,0.0,0.0,0.0,robotiq_85_left_knuckle_joint,1.7454935553428604e-07,-9.697037334993521e-06,,robotiq_85_left_knuckle_joint,1.7454935553428604e-07,-9.697037334993521e-06,,0.0,0.0,
sentinel_joint_telemetry_v2,20260731_114715,20260731_114715:1,1,486,short_cube_pick_place,attack,replay_attack,prior_command_replay,medium,arm_trajectory,cube,cube_retreat,3,commands_back,,0,,9.291766,,cube_retreat,2026-07-31T11:47:29.378+01:00,10.247156,0.021918,45.624457,0,3517.758000000,3517.758000000,trusted_fallback,0.000000,-0.020199999999985434,-1.6754653220374394e-13,0.2808688265602862,-0.020199999999985434,-1.6754653220374394e-13,0.2808688265602862,0.0,0.0,0.0,-1.1143074264932058,0.19554719935784406,-44.06472996921295,-1.1143074264932058,0.19554719935784406,-44.06472996921295,0.0,0.0,0.0,1.4204132235263984,0.3676883870568143,-23.802257116968534,1.4204132235263984,0.3676883870568143,-23.802257116968534,0.0,0.0,0.0,-1.8768565388066418,-0.5633550059433352,-2.742050387952491,-1.8768565388066418,-0.5633550059433352,-2.742050387952491,0.0,0.0,0.0,-1.5705642608761075,-0.000750549443890379,0.0854686930560481,-1.5705642608761075,-0.000750549443890379,0.0854686930560481,0.0,0.0,0.0,-4.1279412959992074e-14,1.231514890065455e-13,1.0810113966819715e-05,-4.1279412959992074e-14,1.231514890065455e-13,1.0810113966819715e-05,0.0,0.0,0.0,robotiq_85_left_knuckle_joint,5.477727820551396e-08,-3.0430330103820707e-06,,robotiq_85_left_knuckle_joint,5.477727820551396e-08,-3.0430330103820707e-06,,0.0,0.0,
sentinel_joint_telemetry_v2,20260731_114715,20260731_114715:1,1,487,short_cube_pick_place,attack,replay_attack,prior_command_replay,medium,arm_trajectory,cube,cube_retreat,3,commands_back,,0,,9.291766,,cube_retreat,2026-07-31T11:47:29.400+01:00,10.269155,0.021999,45.456754,0,3517.780000000,3517.780000000,trusted_fallback,0.000000,-0.02019999999998654,-1.657682238004332e-13,0.28083402188727735,-0.02019999999998654,-1.657682238004332e-13,0.28083402188727735,0.0,0.0,0.0,-1.1100052053742608,0.19556019498620172,-44.15643010804102,-1.1100052053742608,0.19556019498620172,-44.15643010804102,0.0,0.0,0.0,1.428503431438219,0.36776401379696416,-23.718689803392294,1.428503431438219,0.36776401379696416,-23.718689803392294,0.0,0.0,0.0,-1.8892519784189539,-0.5634708915680836,-2.742564978381563,-1.8892519784189539,-0.5634708915680836,-2.742564978381563,0.0,0.0,0.0,-1.5705807751347005,-0.0007507038365761063,0.08547713350175964,-1.5705807751347005,-0.0007507038365761063,0.08547713350175964,0.0,0.0,0.0,-3.838654602440885e-14,1.2316688467739478e-13,1.0826088953107219e-05,-3.838654602440885e-14,1.2316688467739478e-13,1.0826088953107219e-05,0.0,0.0,0.0,robotiq_85_left_knuckle_joint,1.7191532017466705e-08,-9.549359777866542e-07,,robotiq_85_left_knuckle_joint,1.7191532017466705e-08,-9.549359777866542e-07,,0.0,0.0,
sentinel_joint_telemetry_v2,20260731_114715,20260731_114715:1,1,488,short_cube_pick_place,attack,replay_attack,prior_command_replay,medium,arm_trajectory,cube,cube_retreat,3,commands_back,,0,,9.291766,,cube_retreat,2026-07-31T11:47:29.420+01:00,10.289211,0.020056,49.860640,0,3517.800000000,3517.800000000,trusted_fallback,0.000000,-0.02019999999998753,-1.6469551417097605e-13,0.28071835544770823,-0.02019999999998753,-1.6469551417097605e-13,0.28071835544770823,0.0,0.0,0.0,-1.106093952287296,0.1955640659253039,-44.23656805779295,-1.106093952287296,0.1955640659253039,-44.23656805779295,0.0,0.0,0.0,1.435858997954321,0.36778654033390906,-23.639895708068924,1.435858997954321,0.36778654033390906,-23.639895708068924,0.0,0.0,0.0,-1.900521834866634,-0.5635054098059458,-2.743032934177434,-1.900521834866634,-0.5635054098059458,-2.743032934177434,0.0,0.0,0.0,-1.5705957897956973,-0.0007507498247089264,0.08546627626460558,-1.5705957897956973,-0.0007507498247089264,0.08546627626460558,0.0,0.0,0.0,-3.57564443757853e-14,1.231731730499952e-13,1.0838127623146372e-05,-3.57564443757853e-14,1.231731730499952e-13,1.0838127623146372e-05,0.0,0.0,0.0,robotiq_85_left_knuckle_joint,5.996065046989356e-09,-3.329655721955732e-07,,robotiq_85_left_knuckle_joint,5.996065046989356e-09,-3.329655721955732e-07,,0.0,0.0,
sentinel_joint_telemetry_v2,20260731_114715,20260731_114715:1,1,489,short_cube_pick_place,attack,replay_attack,prior_command_replay,medium,arm_trajectory,cube,cube_retreat,3,commands_back,,0,,9.291766,,cube_retreat,2026-07-31T11:47:29.442+01:00,10.311209,0.021998,45.459091,0,3517.822000000,3517.822000000,trusted_fallback,0.000000,-0.0201999999999886,-1.647965618134517e-13,0.2805422099280614,-0.0201999999999886,-1.647965618134517e-13,0.2805422099280614,0.0,0.0,0.0,-1.1017915228424733,0.19556548789379963,-44.32124594709846,-1.1017915228424733,0.19556548789379963,-44.32124594709846,0.0,0.0,0.0,1.4439504181974385,0.36779481533533825,-23.55014782700711,1.4439504181974385,0.36779481533533825,-23.55014782700711,0.0,0.0,0.0,-1.912919132178609,-0.5635180898938804,-2.7435490068050608,-1.912919132178609,-0.5635180898938804,-2.7435490068050608,0.0,0.0,0.0,-1.5706123065292754,-0.0007507667182143803,0.08544769628671844,-1.5706123065292754,-0.0007507667182143803,0.08544769628671844,0.0,0.0,0.0,-3.2863272128870314e-14,1.2317490777347118e-13,1.0850580060708369e-05,-3.2863272128870314e-14,1.2317490777347118e-13,1.0850580060708369e-05,0.0,0.0,0.0,robotiq_85_left_knuckle_joint,1.8834711155014704e-09,-1.0448811220593879e-07,,robotiq_85_left_knuckle_joint,1.8834711155014704e-09,-1.0448811220593879e-07,,0.0,0.0,
sentinel_joint_telemetry_v2,20260731_114715,20260731_114715:1,1,490,short_cube_pick_place,attack,replay_attack,prior_command_replay,medium,arm_trajectory,cube,cube_retreat,3,commands_back,,0,,9.291766,,cube_retreat,2026-07-31T11:47:29.464+01:00,10.333155,0.021946,45.565394,0,3517.844000000,3517.844000000,trusted_fallback,0.000000,-0.02019999999998967,-1.645569531333324e-13,0.2803295636082429,-0.02019999999998967,-1.645569531333324e-13,0.2803295636082429,0.0,0.0,0.0,-1.0974890758343356,0.19556593412258524,-44.40231692964879,-1.0974890758343356,0.19556593412258524,-44.40231692964879,0.0,0.0,0.0,1.4520419406484857,0.36779741211845485,-23.457199185456272,1.4520419406484857,0.36779741211845485,-23.457199185456272,0.0,0.0,0.0,-1.9253165861075399,-0.5635220690398446,-2.744066823363571,-1.9253165861075399,-0.5635220690398446,-2.744066823363571,0.0,0.0,0.0,-1.5706288234715127,-0.000750772019559128,0.08542679630481927,-1.5706288234715127,-0.000750772019559128,0.08542679630481927,0.0,0.0,0.0,-2.997008773889099e-14,1.231740404117332e-13,1.0862859192090972e-05,-2.997008773889099e-14,1.231740404117332e-13,1.0862859192090972e-05,0.0,0.0,0.0,robotiq_85_left_knuckle_joint,5.928958162668589e-10,-3.278946541108302e-08,,robotiq_85_left_knuckle_joint,5.928958162668589e-10,-3.278946541108302e-08,,0.0,0.0,
sentinel_joint_telemetry_v2,20260731_114715,20260731_114715:1,1,491,short_cube_pick_place,attack,replay_attack,prior_command_replay,medium,arm_trajectory,cube,cube_retreat,3,commands_back,,0,,9.291766,,cube_retreat,2026-07-31T11:47:29.484+01:00,10.353496,0.020341,49.162969,0,3517.864000000,3517.864000000,trusted_fallback,0.000000,-0.020199999999990642,-1.6470895827791487e-13,0.28010886175225685,-0.020199999999990642,-1.6470895827791487e-13,0.28010886175225685,0.0,0.0,0.0,-1.0935777554629516,0.19556606703839954,-44.472903530793545,-1.0935777554629516,0.19556606703839954,-44.472903530793545,0.0,0.0,0.0,1.4593978987194312,0.36779818560849786,-23.369936824159407,1.4593978987194312,0.36779818560849786,-23.369936824159407,0.0,0.0,0.0,-1.936587042549053,-0.5635232542869812,-2.7445391433125925,-1.936587042549053,-0.5635232542869812,-2.7445391433125925,0.0,0.0,0.0,-1.5706438389318724,-0.0007507735986371699,0.0854071107669548,-1.5706438389318724,-0.0007507735986371699,0.0854071107669548,0.0,0.0,0.0,-2.7339901088817123e-14,1.2317100464565023e-13,1.0874058842825387e-05,-2.7339901088817123e-14,1.2317100464565023e-13,1.0874058842825387e-05,0.0,0.0,0.0,robotiq_85_left_knuckle_joint,2.0847919347766514e-10,-1.143296918856146e-08,,robotiq_85_left_knuckle_joint,2.0847919347766514e-10,-1.143296918856146e-08,,0.0,0.0,
sentinel_joint_telemetry_v2,20260731_114715,20260731_114715:1,1,492,short_cube_pick_place,attack,replay_attack,prior_command_replay,medium,arm_trajectory,cube,cube_retreat,3,commands_back,,0,,9.291766,,cube_retreat,2026-07-31T11:47:29.506+01:00,10.375194,0.021698,46.086736,0,3517.886000000,3517.886000000,trusted_fallback,0.000000,-0.02019999999999171,-1.6465973549928403e-13,0.2798375412971644,-0.02019999999999171,-1.6465973549928403e-13,0.2798375412971644,0.0,0.0,0.0,-1.089275301301562,0.19556611586428813,-44.54713598867981,-1.089275301301562,0.19556611586428813,-44.54713598867981,0.0,0.0,0.0,1.4674894627981012,0.36779846974588426,-23.27092259662591,1.4674894627981012,0.36779846974588426,-23.27092259662591,0.0,0.0,0.0,-1.9489845602655171,-0.5635236896811124,-2.745060405314443,-1.9489845602655171,-0.5635236896811124,-2.745060405314443,0.0,0.0,0.0,-1.5706603559590924,-0.0007507741787028859,0.08538516860842171,-1.5706603559590924,-0.0007507741787028859,0.08538516860842171,0.0,0.0,0.0,-2.4446693713751747e-14,1.231733898904297e-13,1.088648421867492e-05,-2.4446693713751747e-14,1.231733898904297e-13,1.088648421867492e-05,0.0,0.0,0.0,robotiq_85_left_knuckle_joint,6.726605368588169e-11,-3.5877760241886936e-09,,robotiq_85_left_knuckle_joint,6.726605368588169e-11,-3.5877760241886936e-09,,0.0,0.0,
sentinel_joint_telemetry_v2,20260731_114715,20260731_114715:1,1,493,short_cube_pick_place,attack,replay_attack,prior_command_replay,medium,arm_trajectory,cube,cube_retreat,3,commands_back,,0,,9.291766,,cube_retreat,2026-07-31T11:47:29.526+01:00,10.395200,0.020006,49.985207,0,3517.906000000,3517.906000000,trusted_fallback,0.000000,-0.020199999999992686,-1.6482822051688828e-13,0.2795654504113474,-0.020199999999992686,-1.6482822051688828e-13,0.2795654504113474,0.0,0.0,0.0,-1.0853639787994767,0.19556613040781498,-44.61152791811534,-1.0853639787994767,0.19556613040781498,-44.61152791811534,0.0,0.0,0.0,1.4748454332684464,0.36779855438038966,-23.17817168219279,1.4748454332684464,0.36779855438038966,-23.17817168219279,0.0,0.0,0.0,-1.9602550357070856,-0.5635238193696667,-2.745535784022335,-1.9602550357070856,-0.5635238193696667,-2.745535784022335,0.0,0.0,0.0,-1.5706753714447652,-0.0007507743515057768,0.0853650928172412,-1.5706753714447652,-0.0007507743515057768,0.0853650928172412,0.0,0.0,0.0,-2.181650554579484e-14,1.2316926992217425e-13,1.0897894457600295e-05,-2.181650554579484e-14,1.2316926992217425e-13,1.0897894457600295e-05,0.0,0.0,0.0,robotiq_85_left_knuckle_joint,2.520384783645841e-11,-1.2509700948737379e-09,,robotiq_85_left_knuckle_joint,2.520384783645841e-11,-1.2509700948737379e-09,,0.0,0.0,
sentinel_joint_telemetry_v2,20260731_114715,20260731_114715:1,1,494,short_cube_pick_place,attack,replay_attack,prior_command_replay,medium,arm_trajectory,cube,cube_retreat,3,commands_back,,0,,9.291766,,cube_retreat,2026-07-31T11:47:29.546+01:00,10.415212,0.020012,49.968919,0,3517.926000000,3517.926000000,trusted_fallback,0.000000,-0.020199999999993657,-1.6465604921189758e-13,0.27926936144658054,-0.020199999999993657,-1.6465604921189758e-13,0.27926936144658054,0.0,0.0,0.0,-1.0814526561268862,0.19556613547884252,-44.67298484043778,-1.0814526561268862,0.19556613547884252,-44.67298484043778,0.0,0.0,0.0,1.4822014047310283,0.367798583890619,-23.082825386061526,1.4822014047310283,0.367798583890619,-23.082825386061526,0.0,0.0,0.0,-1.971525512669095,-0.5635238645892844,-2.7460125380827107,-1.971525512669095,-0.5635238645892844,-2.7460125380827107,0.0,0.0,0.0,-1.5706903869324638,-0.0007507744117431613,0.08534493678586197,-1.5706903869324638,-0.0007507744117431613,0.08534493678586197,0.0,0.0,0.0,-1.918631716099749e-14,1.231731730499952e-13,1.0909419054038418e-05,-1.918631716099749e-14,1.231731730499952e-13,1.0909419054038418e-05,0.0,0.0,0.0,robotiq_85_left_knuckle_joint,1.05378608334959e-11,-4.3617612299762243e-10,,robotiq_85_left_knuckle_joint,1.05378608334959e-11,-4.3617612299762243e-10,,0.0,0.0,
sentinel_joint_telemetry_v2,20260731_114715,20260731_114715:1,1,495,short_cube_pick_place,attack,replay_attack,prior_command_replay,medium,arm_trajectory,cube,cube_retreat,3,commands_back,,0,,9.291766,,cube_retreat,2026-07-31T11:47:29.568+01:00,10.437241,0.022029,45.394272,0,3517.948000000,3517.948000000,trusted_fallback,0.000000,-0.02019999999999473,-1.6480762067561106e-13,0.2789161048435307,-0.02019999999999473,-1.6480762067561106e-13,0.2789161048435307,0.0,0.0,0.0,-1.0771502011201612,0.1955661373416462,-44.7372091797823,-1.0771502011201612,0.1955661373416462,-44.7372091797823,0.0,0.0,0.0,1.4902929737290436,0.3677985947310282,-22.974961270150004,1.4902929737290436,0.3677985947310282,-22.974961270150004,0.0,0.0,0.0,-1.9839230379236525,-0.5635238812004523,-2.7465384861370294,-1.9839230379236525,-0.5635238812004523,-2.7465384861370294,0.0,0.0,0.0,-1.5707069039697272,-0.0007507744338550752,0.0853226873418692,-1.5707069039697272,-0.0007507744338550752,0.0853226873418692,0.0,0.0,0.0,-1.6293119326911235e-14,1.2316428259218082e-13,1.0922229604018405e-05,-1.6293119326911235e-14,1.2316428259218082e-13,1.0922229604018405e-05,0.0,0.0,0.0,robotiq_85_left_knuckle_joint,5.150610052604261e-12,-1.3686617464370165e-10,,robotiq_85_left_knuckle_joint,5.150610052604261e-12,-1.3686617464370165e-10,,0.0,0.0,
sentinel_joint_telemetry_v2,20260731_114715,20260731_114715:1,1,496,short_cube_pick_place,attack,replay_attack,prior_command_replay,medium,arm_trajectory,cube,cube_retreat,3,commands_back,,0,,9.291766,,cube_retreat,2026-07-31T11:47:29.590+01:00,10.459412,0.022170,45.105039,0,3517.970000000,3517.970000000,trusted_fallback,0.000000,-0.0201999999999958,-1.6444311190522143e-13,0.2785341156005222,-0.0201999999999958,-1.6444311190522143e-13,0.2785341156005222,0.0,0.0,0.0,-1.0728477460904275,0.19556613792620733,-44.797907374721625,-1.0728477460904275,0.19556613792620733,-44.797907374721625,0.0,0.0,0.0,1.4983845428609532,0.36779859813287186,-22.863987988394054,1.4983845428609532,0.36779859813287186,-22.863987988394054,0.0,0.0,0.0,-1.9963205633833816,-0.5635238864132242,-2.7470659478826565,-1.9963205633833816,-0.5635238864132242,-2.7470659478826565,0.0,0.0,0.0,-1.5707234210072634,-0.0007507744408124569,0.0853003605718915,-1.5707234210072634,-0.0007507744408124569,0.0853003605718915,0.0,0.0,0.0,-1.3399917589697157e-14,1.2316710151782928e-13,1.093517982558966e-05,-1.3399917589697157e-14,1.2316710151782928e-13,1.093517982558966e-05,0.0,0.0,0.0,robotiq_85_left_knuckle_joint,3.4602583259578165e-12,-4.293964316059995e-11,,robotiq_85_left_knuckle_joint,3.4602583259578165e-12,-4.293964316059995e-11,,0.0,0.0,
sentinel_joint_telemetry_v2,20260731_114715,20260731_114715:1,1,497,short_cube_pick_place,attack,replay_attack,prior_command_replay,medium,arm_trajectory,cube,cube_retreat,3,commands_back,,0,,9.291766,,cube_retreat,2026-07-31T11:47:29.612+01:00,10.481223,0.021811,45.847652,0,3517.992000000,3517.992000000,trusted_fallback,0.000000,-0.02019999999999688,-1.6426205014241635e-13,0.2781235276277001,-0.02019999999999688,-1.6426205014241635e-13,0.2781235276277001,0.0,0.0,0.0,-1.0685452910534736,0.19556613810964651,-44.855093287493645,-1.0685452910534736,0.19556613810964651,-44.855093287493645,0.0,0.0,0.0,1.5064761120348804,0.3677985992003895,-22.749922585089507,1.5064761120348804,0.3677985992003895,-22.749922585089507,0.0,0.0,0.0,-2.0087180889074956,-0.5635238880490654,-2.747594842991338,-2.0087180889074956,-0.5635238880490654,-2.747594842991338,0.0,0.0,0.0,-1.5707399380448859,-0.0007507744429736275,0.0852779566613579,-1.5707399380448859,-0.0007507744429736275,0.0852779566613579,0.0,0.0,0.0,-1.0506723875579155e-14,1.2316449943261532e-13,1.0948268925631505e-05,-1.0506723875579155e-14,1.2316449943261532e-13,1.0948268925631505e-05,0.0,0.0,0.0,robotiq_85_left_knuckle_joint,2.930030803479206e-12,-1.3464589686262851e-11,,robotiq_85_left_knuckle_joint,2.930030803479206e-12,-1.3464589686262851e-11,,0.0,0.0,
sentinel_joint_telemetry_v2,20260731_114715,20260731_114715:1,1,498,short_cube_pick_place,attack,replay_attack,prior_command_replay,medium,arm_trajectory,cube,cube_retreat,3,commands_back,,0,,9.291766,,cube_retreat,2026-07-31T11:47:29.632+01:00,10.501359,0.020136,49.662319,0,3518.012000000,3518.012000000,trusted_fallback,0.000000,-0.020199999999997855,-1.6394633046978857e-13,0.2777255614131429,-0.020199999999997855,-1.6394633046978857e-13,0.2777255614131429,0.0,0.0,0.0,-1.0646339682905883,0.19556613816429252,-44.90404468982695,-1.0646339682905883,0.19556613816429252,-44.90404468982695,0.0,0.0,0.0,1.5138320840229227,0.36779859951835414,-22.643558249427493,1.5138320840229227,0.36779859951835414,-22.643558249427493,0.0,0.0,0.0,-2.0199885666746877,-0.5635238885363283,-2.7480768326498155,-2.0199885666746877,-0.5635238885363283,-2.7480768326498155,0.0,0.0,0.0,-1.5707549535336571,-0.0007507744436252312,0.08525752155697354,-1.5707549535336571,-0.0007507744436252312,0.08525752155697354,0.0,0.0,0.0,-7.876550452771797e-15,1.2316731835826378e-13,1.0960287775413769e-05,-7.876550452771797e-15,1.2316731835826378e-13,1.0960287775413769e-05,0.0,0.0,0.0,robotiq_85_left_knuckle_joint,2.772292129793858e-12,-4.68515851115292e-12,,robotiq_85_left_knuckle_joint,2.772292129793858e-12,-4.68515851115292e-12,,0.0,0.0,
sentinel_joint_telemetry_v2,20260731_114715,20260731_114715:1,1,499,short_cube_pick_place,attack,replay_attack,prior_command_replay,medium,arm_trajectory,cube,cube_retreat,3,commands_back,,0,,9.291766,,cube_retreat,2026-07-31T11:47:29.654+01:00,10.523147,0.021788,45.897755,0,3518.034000000,3518.034000000,trusted_fallback,0.000000,-0.020199999999998934,-1.637800138565293e-13,0.27726075029857034,-0.020199999999998934,-1.637800138565293e-13,0.27726075029857034,0.0,0.0,0.0,-1.0603315132506936,0.19556613818435464,-44.95456555849615,-1.0603315132506936,0.19556613818435464,-44.95456555849615,0.0,0.0,0.0,1.5219236532139626,0.3677985996351579,-22.523638745943465,1.5219236532139626,0.3677985996351579,-22.523638745943465,0.0,0.0,0.0,-2.032386092225025,-0.5635238887153181,-2.7486082398684295,-2.032386092225025,-0.5635238887153181,-2.7486082398684295,0.0,0.0,0.0,-1.5707714705713143,-0.0007507744438656552,0.08523496678058576,-1.5707714705713143,-0.0007507744438656552,0.08523496678058576,0.0,0.0,0.0,-4.983351100802498e-15,1.2316233102827034e-13,1.097363913795725e-05,-4.983351100802498e-15,1.2316233102827034e-13,1.097363913795725e-05,0.0,0.0,0.0,robotiq_85_left_knuckle_joint,2.7145608386920438e-12,-1.460010064235906e-12,,robotiq_85_left_knuckle_joint,2.7145608386920438e-12,-1.460010064235906e-12,,0.0,0.0,
sentinel_joint_telemetry_v2,20260731_114715,20260731_114715:1,1,500,short_cube_pick_place,attack,replay_attack,prior_command_replay,medium,arm_trajectory,cube,cube_retreat,3,commands_back,,0,,9.291766,,cube_retreat,2026-07-31T11:47:29.674+01:00,10.543236,0.020089,49.778632,0,3518.054000000,3518.054000000,trusted_fallback,0.000000,-0.020199999999999912,-1.6330556698584964e-13,0.2768137198877192,-0.020199999999999912,-1.6330556698584964e-13,0.2768137198877192,0.0,0.0,0.0,-1.0564201904869324,0.19556613819033164,-44.99748271517491,-1.0564201904869324,0.19556613819033164,-44.99748271517491,0.0,0.0,0.0,1.529279625207102,0.3677985996699535,-22.411982633548075,1.529279625207102,0.3677985996699535,-22.411982633548075,0.0,0.0,0.0,-2.0436565700000284,-0.5635238887686544,-2.7490923790145394,-2.0436565700000284,-0.5635238887686544,-2.7490923790145394,0.0,0.0,0.0,-1.5707864860600962,-0.0007507744439287862,0.08521439181779852,-1.5707864860600962,-0.0007507744439287862,0.08521439181779852,0.0,0.0,0.0,-2.35317138962254e-15,1.2316384891131182e-13,1.0985894574036544e-05,-2.35317138962254e-15,1.2316384891131182e-13,1.0985894574036544e-05,0.0,0.0,0.0,robotiq_85_left_knuckle_joint,2.6975585441544948e-12,-4.99485869331906e-13,,robotiq_85_left_knuckle_joint,2.6975585441544948e-12,-4.99485869331906e-13,,0.0,0.0,
sentinel_joint_telemetry_v2,20260731_114715,20260731_114715:1,1,501,short_cube_pick_place,attack,replay_attack,prior_command_replay,medium,arm_trajectory,cube,cube_retreat,3,commands_back,,0,,9.291766,,cube_retreat,2026-07-31T11:47:29.696+01:00,10.565166,0.021930,45.599908,0,3518.076000000,3518.076000000,trusted_fallback,0.000000,-0.020200000000004034,-2.800927892399052e-15,0.3727668201110226,-0.020200000000004034,-2.800927892399052e-15,0.3727668201110226,0.0,0.0,0.0,-1.0540046730745167,0.06137072639040332,-44.927676655156944,-1.0540046730745167,0.06137072639040332,-44.927676655156944,0.0,0.0,0.0,1.5338224562412484,0.11541909777563551,-22.471979671173813,1.5338224562412484,0.11541909777563551,-22.471979671173813,0.0,0.0,0.0,-2.050616884182778,-0.17683976749800948,-2.780400301194506,-2.050616884182778,-0.17683976749800948,-2.780400301194506,0.0,0.0,0.0,-1.5707957591824635,-0.0002356009828605645,0.15236809168058155,-1.5707957591824635,-0.0002356009828605645,0.15236809168058155,0.0,0.0,0.0,-7.977053471953621e-16,2.9166773163336046e-14,2.133942198084294e-05,-7.977053471953621e-16,2.9166773163336046e-14,2.133942198084294e-05,0.0,0.0,0.0,robotiq_85_left_knuckle_joint,3.926425029287092e-12,-6.30911147977975e-11,,robotiq_85_left_knuckle_joint,3.926425029287092e-12,-6.30911147977975e-11,,0.0,0.0,
sentinel_joint_telemetry_v2,20260731_114715,20260731_114715:1,1,502,short_cube_pick_place,attack,replay_attack,prior_command_replay,medium,arm_trajectory,cube,cube_retreat,3,commands_back,,0,,9.291766,,cube_retreat,2026-07-31T11:47:29.718+01:00,10.587405,0.022239,44.965074,0,3518.098000000,3518.098000000,trusted_fallback,0.000000,-0.02020000000000709,-8.529440174986913e-14,0.49418747776261124,-0.02020000000000709,-8.529440174986913e-14,0.49418747776261124,0.0,0.0,0.0,-1.0537032638881032,-0.059856253162269106,-45.029459840630906,-1.0537032638881032,-0.059856253162269106,-45.029459840630906,0.0,0.0,0.0,1.5343515105113854,-0.10542493181079507,-22.528675426805137,1.5343515105113854,-0.10542493181079507,-22.528675426805137,0.0,0.0,0.0,-2.051416792831323,0.16355729284025938,-2.7957066661095857,-2.051416792831323,0.16355729284025938,-2.7957066661095857,0.0,0.0,0.0,-1.5707979783045631,-1.2682957440555628e-06,0.20329253461423594,-1.5707979783045631,-1.2682957440555628e-06,0.20329253461423594,0.0,0.0,0.0,-4.573317845270007e-16,-1.6885364634289246e-14,2.858123091205437e-05,-4.573317845270007e-16,-1.6885364634289246e-14,2.858123091205437e-05,0.0,0.0,0.0,robotiq_85_left_knuckle_joint,4.484712476808934e-12,-8.937270888631499e-11,,robotiq_85_left_knuckle_joint,4.484712476808934e-12,-8.937270888631499e-11,,0.0,0.0,
sentinel_joint_telemetry_v2,20260731_114715,20260731_114715:1,1,503,short_cube_pick_place,attack,replay_attack,prior_command_replay,medium,arm_trajectory,cube,cube_retreat,3,commands_back,,0,,9.291766,,cube_retreat,2026-07-31T11:47:29.740+01:00,10.609136,0.021731,46.018170,0,3518.120000000,3518.120000000,trusted_fallback,0.000000,-0.020200000000006643,1.2163664173114874e-14,0.32619018071169437,-0.020200000000006643,1.2163664173114874e-14,0.32619018071169437,0.0,0.0,0.0,-1.0560735643997676,-0.13477653205608472,-44.93591902507289,-1.0560735643997676,-0.13477653205608472,-44.93591902507289,0.0,0.0,0.0,1.5300915215775581,-0.24343958495999538,-22.46657490452845,1.5300915215775581,-0.24343958495999538,-22.46657490452845,0.0,0.0,0.0,-2.044807803425493,0.37767460488823096,-2.766870511222478,-2.044807803425493,0.37767460488823096,-2.766870511222478,0.0,0.0,0.0,-1.5707980295531343,-2.928636965599321e-06,0.12222694151722158,-1.5707980295531343,-2.928636965599321e-06,0.12222694151722158,0.0,0.0,0.0,-4.357806642636374e-16,-8.58276123782975e-15,1.6762922070410073e-05,-4.357806642636374e-16,-8.58276123782975e-15,1.6762922070410073e-05,0.0,0.0,0.0,robotiq_85_left_knuckle_joint,3.931200243365414e-12,-6.593162387574791e-11,,robotiq_85_left_knuckle_joint,3.931200243365414e-12,-6.593162387574791e-11,,0.0,0.0,
sentinel_joint_telemetry_v2,20260731_114715,20260731_114715:1,1,504,short_cube_pick_place,attack,replay_attack,prior_command_replay,medium,arm_trajectory,cube,cube_retreat,3,commands_back,,0,,9.291766,,cube_retreat,2026-07-31T11:47:29.760+01:00,10.629166,0.020030,49.924564,0,3518.140000000,3518.140000000,trusted_fallback,0.000000,-0.020200000000005207,-2.9822064956386285e-14,0.2803047841957464,-0.020200000000005207,-2.9822064956386285e-14,0.2803047841957464,0.0,0.0,0.0,-1.0590526613199023,-0.1570926391060567,-44.895770303848444,-1.0590526613199023,-0.1570926391060567,-44.895770303848444,0.0,0.0,0.0,1.524700357268249,-0.28454927941583463,-22.508844028201274,1.524700357268249,-0.28454927941583463,-22.508844028201274,0.0,0.0,0.0,-2.036443897239487,0.44145259570536743,-2.7573791100957012,-2.036443897239487,0.44145259570536743,-2.7573791100957012,0.0,0.0,0.0,-1.5707980944099882,-3.423193983224243e-06,0.09805841917155429,-1.5707980944099882,-3.423193983224243e-06,0.09805841917155429,0.0,0.0,0.0,-3.9667696134903717e-16,-7.333977175560946e-15,1.31844047917375e-05,-3.9667696134903717e-16,-7.333977175560946e-15,1.31844047917375e-05,0.0,0.0,0.0,robotiq_85_left_knuckle_joint,3.335939433971431e-12,-3.5011251710292957e-11,,robotiq_85_left_knuckle_joint,3.335939433971431e-12,-3.5011251710292957e-11,,0.0,0.0,
sentinel_joint_telemetry_v2,20260731_114715,20260731_114715:1,1,505,short_cube_pick_place,attack,replay_attack,prior_command_replay,medium,arm_trajectory,cube,cube_retreat,3,commands_back,,0,,9.291766,,cube_retreat,2026-07-31T11:47:29.780+01:00,10.649233,0.020067,49.834102,0,3518.160000000,3518.160000000,trusted_fallback,0.000000,-0.020200000000004218,-6.744084457555033e-14,0.264877251763598,-0.020200000000004218,-6.744084457555033e-14,0.264877251763598,0.0,0.0,0.0,-1.0622933875498395,-0.16487378450008036,-44.85637787397782,-1.0622933875498395,-0.16487378450008036,-44.85637787397782,0.0,0.0,0.0,1.51882723161313,-0.2988833435481365,-22.58354872828383,1.51882723161313,-0.2988833435481365,-22.58354872828383,0.0,0.0,0.0,-2.027332271405184,0.4636906060630375,-2.7537818859235608,-2.027332271405184,0.4636906060630375,-2.7537818859235608,0.0,0.0,0.0,-1.5707981650649403,-3.595635334338425e-06,0.08960753957561898,-1.5707981650649403,-3.595635334338425e-06,0.08960753957561898,0.0,0.0,0.0,-3.6614994814010077e-16,-7.3075226425523e-15,1.1925233590320767e-05,-3.6614994814010077e-16,-7.3075226425523e-15,1.1925233590320767e-05,0.0,0.0,0.0,robotiq_85_left_knuckle_joint,2.987603618917874e-12,-1.6412067885274162e-11,,robotiq_85_left_knuckle_joint,2.987603618917874e-12,-1.6412067885274162e-11,,0.0,0.0,
sentinel_joint_telemetry_v2,20260731_114715,20260731_114715:1,1,506,short_cube_pick_place,attack,replay_attack,prior_command_replay,medium,arm_trajectory,cube,cube_retreat,3,commands_back,,0,,9.291766,,cube_retreat,2026-07-31T11:47:29.800+01:00,10.669410,0.020178,49.559068,0,3518.180000000,3518.180000000,trusted_fallback,0.000000,-0.02020000000000365,-8.92680027120285e-14,0.259706375889214,-0.02020000000000365,-8.92680027120285e-14,0.259706375889214,0.0,0.0,0.0,-1.0656253382793885,-0.167586902137808,-44.81457644493812,-1.0656253382793885,-0.167586902137808,-44.81457644493812,0.0,0.0,0.0,1.5127860564278066,-0.30388132266881007,-22.668656543967824,1.5127860564278066,-0.30388132266881007,-22.668656543967824,0.0,0.0,0.0,-2.0179599318501995,0.4714445208278121,-2.7523206108824994,-2.0179599318501995,0.4714445208278121,-2.7523206108824994,0.0,0.0,0.0,-1.570798237741564,-3.655761905669609e-06,0.0866483219070092,-1.570798237741564,-3.655761905669609e-06,0.0866483219070092,0.0,0.0,0.0,-3.435480191311645e-16,-7.433290094560618e-15,1.1481820213344144e-05,-3.435480191311645e-16,-7.433290094560618e-15,1.1481820213344144e-05,0.0,0.0,0.0,robotiq_85_left_knuckle_joint,2.8168857996964188e-12,-7.1950648564134134e-12,,robotiq_85_left_knuckle_joint,2.8168857996964188e-12,-7.1950648564134134e-12,,0.0,0.0,
sentinel_joint_telemetry_v2,20260731_114715,20260731_114715:1,1,507,short_cube_pick_place,attack,replay_attack,prior_command_replay,medium,arm_trajectory,cube,cube_retreat,3,commands_back,,0,,9.291766,,cube_retreat,2026-07-31T11:47:29.822+01:00,10.691193,0.021782,45.908860,0,3518.202000000,3518.202000000,trusted_fallback,0.000000,-0.0202000000000033,-1.0072888703693827e-13,0.25799071947622343,-0.0202000000000033,-1.0072888703693827e-13,0.25799071947622343,0.0,0.0,0.0,-1.0693262641276002,-0.16858355122218502,-44.76589195706475,-1.0693262641276002,-0.16858355122218502,-44.76589195706475,0.0,0.0,0.0,1.5060748513879347,-0.30571730325610136,-22.765017736900063,1.5060748513879347,-0.30571730325610136,-22.765017736900063,0.0,0.0,0.0,-2.007548101282821,0.4742928794639411,-2.7515685425640886,-2.007548101282821,0.4742928794639411,-2.7515685425640886,0.0,0.0,0.0,-1.570798318478789,-3.6778490667185165e-06,0.0855530088291451,-1.570798318478789,-3.6778490667185165e-06,0.0855530088291451,0.0,0.0,0.0,-3.237051678107693e-16,-7.525013598352892e-15,1.1315709608367725e-05,-3.237051678107693e-16,-7.525013598352892e-15,1.1315709608367725e-05,0.0,0.0,0.0,robotiq_85_left_knuckle_joint,2.7353809933201653e-12,-2.7706855906806105e-12,,robotiq_85_left_knuckle_joint,2.7353809933201653e-12,-2.7706855906806105e-12,,0.0,0.0,
sentinel_joint_telemetry_v2,20260731_114715,20260731_114715:1,1,508,short_cube_pick_place,attack,replay_attack,prior_command_replay,medium,arm_trajectory,cube,cube_retreat,3,commands_back,,0,,9.291766,,cube_retreat,2026-07-31T11:47:29.844+01:00,10.713151,0.021959,45.540057,0,3518.224000000,3518.224000000,trusted_fallback,0.000000,-0.02020000000000308,-1.056713310604307e-13,0.25762809432003025,-0.02020000000000308,-1.056713310604307e-13,0.25762809432003025,0.0,0.0,0.0,-1.0730394999965527,-0.16889631026538535,-44.714571829729366,-1.0730394999965527,-0.16889631026538535,-44.714571829729366,0.0,0.0,0.0,1.4993409694004145,-0.3062934534184414,-22.86085320003562,1.4993409694004145,-0.3062934534184414,-22.86085320003562,0.0,0.0,0.0,-1.997101089472183,0.47518672458571776,-2.7511153839786355,-1.997101089472183,0.47518672458571776,-2.7511153839786355,0.0,0.0,0.0,-1.5707983994888224,-3.6847802712828073e-06,0.08520297500869141,-1.5707983994888224,-3.6847802712828073e-06,0.08520297500869141,0.0,0.0,0.0,-3.0620636158728775e-16,-7.571200610900775e-15,1.1260734460366107e-05,-3.0620636158728775e-16,-7.571200610900775e-15,1.1260734460366107e-05,0.0,0.0,0.0,robotiq_85_left_knuckle_joint,2.703439059846942e-12,-1.0337607506127888e-12,,robotiq_85_left_knuckle_joint,2.703439059846942e-12,-1.0337607506127888e-12,,0.0,0.0,
sentinel_joint_telemetry_v2,20260731_114715,20260731_114715:1,1,509,short_cube_pick_place,attack,replay_attack,prior_command_replay,medium,arm_trajectory,cube,cube_retreat,3,commands_back,,0,,9.291766,,cube_retreat,2026-07-31T11:47:29.864+01:00,10.733215,0.020064,49.841529,0,3518.244000000,3518.244000000,trusted_fallback,0.000000,-0.02020000000000294,-1.0737309479036394e-13,0.25766667387454506,-0.02020000000000294,-1.0737309479036394e-13,0.25766667387454506,0.0,0.0,0.0,-1.0764186099657165,-0.16898947014669835,-44.665698703639464,-1.0764186099657165,-0.16898947014669835,-44.665698703639464,0.0,0.0,0.0,1.493212919657326,-0.30646506821871505,-22.946532003142607,1.493212919657326,-0.30646506821871505,-22.946532003142607,0.0,0.0,0.0,-1.987593971859934,0.47545296950271293,-2.7507884140821175,-1.987593971859934,0.47545296950271293,-2.7507884140821175,0.0,0.0,0.0,-1.5707984732105653,-3.686844815535377e-06,0.08509371154731149,-1.5707984732105653,-3.686844815535377e-06,0.08509371154731149,0.0,0.0,0.0,-2.9112163992106237e-16,-7.58572892001208e-15,1.1241970088478615e-05,-2.9112163992106237e-16,-7.58572892001208e-15,1.1241970088478615e-05,0.0,0.0,0.0,robotiq_85_left_knuckle_joint,2.6920236157361246e-12,-4.154203023243319e-13,,robotiq_85_left_knuckle_joint,2.6920236157361246e-12,-4.154203023243319e-13,,0.0,0.0,
sentinel_joint_telemetry_v2,20260731_114715,20260731_114715:1,1,510,short_cube_pick_place,attack,replay_attack,prior_command_replay,medium,arm_trajectory,cube,cube_retreat,3,commands_back,,0,,9.291766,,cube_retreat,2026-07-31T11:47:29.884+01:00,10.753341,0.020126,49.686056,0,3518.264000000,3518.264000000,trusted_fallback,0.000000,-0.020200000000002803,-1.0880033853022386e-13,0.2578123696587405,-0.020200000000002803,-1.0880033853022386e-13,0.2578123696587405,0.0,0.0,0.0,-1.0797988121215865,-0.16902195298878403,-44.61473095593007,-1.0797988121215865,-0.16902195298878403,-44.61473095593007,0.0,0.0,0.0,1.487082857938688,-0.3065249065995374,-23.030531027276332,1.487082857938688,-0.3065249065995374,-23.030531027276332,0.0,0.0,0.0,-1.9780837328487015,0.4755458033650548,-2.750489134276588,-1.9780837328487015,0.4755458033650548,-2.750489134276588,0.0,0.0,0.0,-1.5707985469565124,-3.68756468363627e-06,0.08505094584229295,-1.5707985469565124,-3.68756468363627e-06,0.08505094584229295,0.0,0.0,0.0,-2.7636217890658265e-16,-7.592234133046993e-15,1.1233182036483217e-05,-2.7636217890658265e-16,-7.592234133046993e-15,1.1233182036483217e-05,0.0,0.0,0.0,robotiq_85_left_knuckle_joint,2.687367428841744e-12,-1.6667049684837565e-13,,robotiq_85_left_knuckle_joint,2.687367428841744e-12,-1.6667049684837565e-13,,0.0,0.0,
sentinel_joint_telemetry_v2,20260731_114715,20260731_114715:1,1,511,short_cube_pick_place,attack,replay_attack,prior_command_replay,medium,arm_trajectory,cube,cube_retreat,3,commands_back,,0,,9.291766,,cube_retreat,2026-07-31T11:47:29.906+01:00,10.775146,0.021805,45.861235,0,3518.286000000,3518.286000000,trusted_fallback,0.000000,-0.020200000000002678,-1.0941529800245764e-13,0.2580031722359116,-0.020200000000002678,-1.0941529800245764e-13,0.2580031722359116,0.0,0.0,0.0,-1.0835174628701831,-0.16903388538506614,-44.55624953819785,-1.0835174628701831,-0.16903388538506614,-44.55624953819785,0.0,0.0,0.0,1.4803390009117436,-0.30654688790500334,-23.12086764102897,1.4803390009117436,-0.30654688790500334,-23.12086764102897,0.0,0.0,0.0,-1.9676212456621782,0.47557990538211103,-2.750171401212625,-1.9676212456621782,0.47557990538211103,-2.750171401212625,0.0,0.0,0.0,-1.5707986280865476,-3.687829139648914e-06,0.08503003713159552,-1.5707986280865476,-3.687829139648914e-06,0.08503003713159552,0.0,0.0,0.0,-2.602557051130071e-16,-7.597221463040427e-15,1.1227483690772762e-05,-2.602557051130071e-16,-7.597221463040427e-15,1.1227483690772762e-05,0.0,0.0,0.0,robotiq_85_left_knuckle_joint,2.6853393219926156e-12,-6.281000025643024e-14,,robotiq_85_left_knuckle_joint,2.6853393219926156e-12,-6.281000025643024e-14,,0.0,0.0,
sentinel_joint_telemetry_v2,20260731_114715,20260731_114715:1,1,512,short_cube_pick_place,attack,replay_attack,prior_command_replay,medium,arm_trajectory,cube,cube_retreat,3,commands_back,,0,,9.291766,,cube_retreat,2026-07-31T11:47:29.928+01:00,10.797171,0.022025,45.402702,0,3518.308000000,3518.308000000,trusted_fallback,0.000000,-0.02020000000000256,-1.093511132338465e-13,0.2581921101488826,-0.02020000000000256,-1.093511132338465e-13,0.2581921101488826,0.0,0.0,0.0,-1.0872362610006907,-0.16903762989743187,-44.495232062958785,-1.0872362610006907,-0.16903762989743187,-44.495232062958785,0.0,0.0,0.0,1.4735948723846994,-0.3065537858715506,-23.208993192010617,1.4735948723846994,-0.3065537858715506,-23.208993192010617,0.0,0.0,0.0,-1.9571583372676857,0.47559060695642236,-2.7498582170102344,-1.9571583372676857,0.47559060695642236,-2.7498582170102344,0.0,0.0,0.0,-1.5707987092198494,-3.687912107996384e-06,0.08501812357468164,-1.5707987092198494,-3.687912107996384e-06,0.08501812357468164,0.0,0.0,0.0,-2.4420279090675217e-16,-7.593752016088473e-15,1.1223202230899415e-05,-2.4420279090675217e-16,-7.593752016088473e-15,1.1223202230899415e-05,0.0,0.0,0.0,robotiq_85_left_knuckle_joint,2.6845327597103742e-12,-2.6038199374411874e-14,,robotiq_85_left_knuckle_joint,2.6845327597103742e-12,-2.6038199374411874e-14,,0.0,0.0,
sentinel_joint_telemetry_v2,20260731_114715,20260731_114715:1,1,513,short_cube_pick_place,attack,replay_attack,prior_command_replay,medium,arm_trajectory,cube,cube_retreat,3,commands_back,,0,,9.291766,,cube_retreat,2026-07-31T11:47:29.950+01:00,10.819186,0.022015,45.423657,0,3518.330000000,3518.330000000,trusted_fallback,0.000000,-0.02020000000000244,-1.0946929127064742e-13,0.2583677453124071,-0.02020000000000244,-1.0946929127064742e-13,0.2583677453124071,0.0,0.0,0.0,-1.090955105381202,-0.1690388049651285,-44.43167213824879,-1.090955105381202,-0.1690388049651285,-44.43167213824879,0.0,0.0,0.0,1.4668506586580465,-0.3065559505265477,-23.294884278452194,1.4668506586580465,-0.3065559505265477,-23.294884278452194,0.0,0.0,0.0,-1.9466952966936688,0.47559396522382097,-2.749547072023191,-1.9466952966936688,0.47559396522382097,-2.749547072023191,0.0,0.0,0.0,-1.5707987903541756,-3.687938166465135e-06,0.08500902009125512,-1.5707987903541756,-3.687938166465135e-06,0.08500902009125512,0.0,0.0,0.0,-2.2815616507309777e-16,-7.594836218260959e-15,1.1219415696472098e-05,-2.2815616507309777e-16,-7.594836218260959e-15,1.1219415696472098e-05,0.0,0.0,0.0,robotiq_85_left_knuckle_joint,2.68416005870837e-12,-1.3327880465929809e-14,,robotiq_85_left_knuckle_joint,2.68416005870837e-12,-1.3327880465929809e-14,,0.0,0.0,
sentinel_joint_telemetry_v2,20260731_114715,20260731_114715:1,1,514,short_cube_pick_place,attack,replay_attack,prior_command_replay,medium,arm_trajectory,cube,cube_retreat,3,commands_back,,0,,9.291766,,cube_retreat,2026-07-31T11:47:29.970+01:00,10.839293,0.020107,49.734097,0,3518.350000000,3518.350000000,trusted_fallback,0.000000,-0.02020000000000234,1.2145514628747467e-13,-0.1509636346659184,-0.02020000000000234,1.2145514628747467e-13,-0.1509636346659184,0.0,0.0,0.0,-1.0943269024843125,-0.1695382351829317,-44.03538728183891,-1.0943269024843125,-0.1695382351829317,-44.03538728183891,0.0,0.0,0.0,1.4607358231471972,-0.30746168934076834,-23.132670346855203,1.4607358231471972,-0.30746168934076834,-23.132670346855203,0.0,0.0,0.0,-1.9372086797733403,0.47699913746770917,-2.6982845264950104,-1.9372086797733403,0.47699913746770917,-2.6982845264950104,0.0,0.0,0.0,-1.5707988639169457,-3.698824886599894e-06,-0.08484707425447874,-1.5707988639169457,-3.698824886599894e-06,-0.08484707425447874,0.0,0.0,0.0,-2.0943025883079712e-16,8.826056205335497e-15,-1.2705752603627588e-05,-2.0943025883079712e-16,8.826056205335497e-15,-1.2705752603627588e-05,0.0,0.0,0.0,robotiq_85_left_knuckle_joint,2.695996987714785e-12,-7.275187396960092e-13,,robotiq_85_left_knuckle_joint,2.695996987714785e-12,-7.275187396960092e-13,,0.0,0.0,
sentinel_joint_telemetry_v2,20260731_114715,20260731_114715:1,1,515,short_cube_pick_place,attack,replay_attack,prior_command_replay,medium,arm_trajectory,cube,cube_retreat,3,commands_back,,0,,9.291766,,cube_retreat,2026-07-31T11:47:29.992+01:00,10.861185,0.021892,45.679434,0,3518.372000000,3518.372000000,trusted_fallback,0.000000,-0.02020000000000219,1.1954261365521024e-13,-0.15102794795167415,-0.02020000000000219,1.1954261365521024e-13,-0.15102794795167415,0.0,0.0,0.0,-1.0980519300455864,-0.1691959002082498,-43.96613525134729,-1.0980519300455864,-0.1691959002082498,-43.96613525134729,0.0,0.0,0.0,1.453980395533225,-0.30684086025578106,-23.213845591318474,1.453980395533225,-0.30684086025578106,-23.213845591318474,0.0,0.0,0.0,-1.926728241862487,0.47603597702198314,-2.698028647711059,-1.926728241862487,0.47603597702198314,-2.698028647711059,0.0,0.0,0.0,-1.5707989451861795,-3.6913560816911536e-06,-0.08483879366234848,-1.5707989451861795,-3.6913560816911536e-06,-0.08483879366234848,0.0,0.0,0.0,-1.9622489321035817e-16,8.977410828614474e-15,-1.2703942399261906e-05,-1.9622489321035817e-16,8.977410828614474e-15,-1.2703942399261906e-05,0.0,0.0,0.0,robotiq_85_left_knuckle_joint,2.6843719872733466e-12,-5.5708042345781195e-14,,robotiq_85_left_knuckle_joint,2.6843719872733466e-12,-5.5708042345781195e-14,,0.0,0.0,
sentinel_joint_telemetry_v2,20260731_114715,20260731_114715:1,1,516,short_cube_pick_place,attack,replay_attack,prior_command_replay,medium,arm_trajectory,cube,cube_retreat,3,commands_back,,0,,9.291766,,cube_retreat,2026-07-31T11:47:30.014+01:00,10.883199,0.022014,45.425494,0,3518.394000000,3518.394000000,trusted_fallback,0.000000,-0.02020000000000207,1.201515015952781e-13,-0.15093662715086484,-0.02020000000000207,1.201515015952781e-13,-0.15093662715086484,0.0,0.0,0.0,-1.1017727292874804,-0.1690884718658128,-43.89490897403864,-1.1017727292874804,-0.1690884718658128,-43.89490897403864,0.0,0.0,0.0,1.4472326360333694,-0.30664603751062536,-23.292563989186714,1.4472326360333694,-0.30664603751062536,-23.292563989186714,0.0,0.0,0.0,-1.9162597003404904,0.47573372706828476,-2.6977409190830945,-1.9162597003404904,0.47573372706828476,-2.6977409190830945,0.0,0.0,0.0,-1.5707990263631633,-3.689012266118105e-06,-0.08483101935264006,-1.5707990263631633,-3.689012266118105e-06,-0.08483101935264006,0.0,0.0,0.0,-1.8110872968113074e-16,9.027717809417801e-15,-1.2704207786510951e-05,-1.8110872968113074e-16,9.027717809417801e-15,-1.2704207786510951e-05,0.0,0.0,0.0,robotiq_85_left_knuckle_joint,2.6828131291960022e-12,3.3748177863390794e-14,,robotiq_85_left_knuckle_joint,2.6828131291960022e-12,3.3748177863390794e-14,,0.0,0.0,
sentinel_joint_telemetry_v2,20260731_114715,20260731_114715:1,1,517,short_cube_pick_place,attack,replay_attack,prior_command_replay,medium,arm_trajectory,cube,cube_retreat,3,commands_back,,0,,9.291766,,cube_retreat,2026-07-31T11:47:30.036+01:00,10.905193,0.021994,45.466780,0,3518.416000000,3518.416000000,trusted_fallback,0.000000,-0.020200000000001956,1.207426086197172e-13,-0.15079086168291972,-0.020200000000001956,1.207426086197172e-13,-0.15079086168291972,0.0,0.0,0.0,-1.1054922016379496,-0.16905475971362696,-43.821313678861564,-1.1054922016379496,-0.16905475971362696,-43.821313678861564,0.0,0.0,0.0,1.4404872828689745,-0.3065849000688682,-23.368961819736086,1.4404872828689745,-0.3065849000688682,-23.368961819736086,0.0,0.0,0.0,-1.9057948920313734,0.4756388778301046,-2.697443648707287,-1.9057948920313734,0.4756388778301046,-2.697443648707287,0.0,0.0,0.0,-1.5707991075111976,-3.6882767640057657e-06,-0.08482337858381987,-1.5707991075111976,-3.6882767640057657e-06,-0.08482337858381987,0.0,0.0,0.0,-1.653763056370625e-16,9.04202927809461e-15,-1.2705068274704181e-05,-1.653763056370625e-16,9.04202927809461e-15,-1.2705068274704181e-05,0.0,0.0,0.0,robotiq_85_left_knuckle_joint,2.6829126147199878e-12,2.3451726671730455e-14,,robotiq_85_left_knuckle_joint,2.6829126147199878e-12,2.3451726671730455e-14,,0.0,0.0,
sentinel_joint_telemetry_v2,20260731_114715,20260731_114715:1,1,518,short_cube_pick_place,attack,replay_attack,prior_command_replay,medium,arm_trajectory,cube,cube_retreat,3,commands_back,,0,,9.291766,,cube_retreat,2026-07-31T11:47:30.056+01:00,10.925236,0.020043,49.893505,0,3518.436000000,3518.436000000,trusted_fallback,0.000000,-0.020200000000001852,1.2114918443439926e-13,-0.15063833884116848,-0.020200000000001852,1.2114918443439926e-13,-0.15063833884116848,0.0,0.0,0.0,-1.1088731692348637,-0.16904471805325397,-43.75224323853023,-1.1088731692348637,-0.16904471805325397,-43.75224323853023,0.0,0.0,0.0,1.4343558162671275,-0.3065666893825585,-23.43643222036104,1.4343558162671275,-0.3065666893825585,-23.43643222036104,0.0,0.0,0.0,-1.8962824734702863,0.4756106255893884,-2.697171285138439,-1.8962824734702863,0.4756106255893884,-2.697171285138439,0.0,0.0,0.0,-1.5707991812740458,-3.6880576823128744e-06,-0.08481645261827868,-1.5707991812740458,-3.6880576823128744e-06,-0.08481645261827868,0.0,0.0,0.0,-1.508985203469946e-16,9.046149246350055e-15,-1.2705968712888706e-05,-1.508985203469946e-16,9.046149246350055e-15,-1.2705968712888706e-05,0.0,0.0,0.0,robotiq_85_left_knuckle_joint,2.6830526194812443e-12,9.321970279030367e-15,,robotiq_85_left_knuckle_joint,2.6830526194812443e-12,9.321970279030367e-15,,0.0,0.0,
sentinel_joint_telemetry_v2,20260731_114715,20260731_114715:1,1,519,short_cube_pick_place,attack,replay_attack,prior_command_replay,medium,arm_trajectory,cube,cube_retreat,3,commands_back,,0,,9.291766,,cube_retreat,2026-07-31T11:47:30.078+01:00,10.947192,0.021956,45.545971,0,3518.458000000,3518.458000000,trusted_fallback,0.000000,-0.020200000000001737,1.215653012281992e-13,-0.15045818302295857,-0.020200000000001737,1.215653012281992e-13,-0.15045818302295857,0.0,0.0,0.0,-1.1125921011640862,-0.16904102930364193,-43.67384095613482,-1.1125921011640862,-0.16904102930364193,-43.67384095613482,0.0,0.0,0.0,1.427611443163937,-0.30655999978549847,-23.508475244414246,1.427611443163937,-0.30655999978549847,-23.508475244414246,0.0,0.0,0.0,-1.885819185637917,0.4756002472816153,-2.696871604975801,-1.885819185637917,0.4756002472816153,-2.696871604975801,0.0,0.0,0.0,-1.5707992624102896,-3.687977211836238e-06,-0.08480882439039299,-1.5707992624102896,-3.687977211836238e-06,-0.08480882439039299,0.0,0.0,0.0,-1.3490263517501252e-16,9.0502692146055e-15,-1.2706948339954459e-05,-1.3490263517501252e-16,9.0502692146055e-15,-1.2706948339954459e-05,0.0,0.0,0.0,robotiq_85_left_knuckle_joint,2.683077292886924e-12,1.3530843112619095e-16,,robotiq_85_left_knuckle_joint,2.683077292886924e-12,1.3530843112619095e-16,,0.0,0.0,
sentinel_joint_telemetry_v2,20260731_114715,20260731_114715:1,1,520,short_cube_pick_place,attack,replay_attack,prior_command_replay,medium,arm_trajectory,cube,cube_retreat,3,commands_back,,0,,9.291766,,cube_retreat,2026-07-31T11:47:30.098+01:00,10.967207,0.020015,49.961357,0,3518.477000000,3518.477000000,trusted_fallback,0.000000,-0.020200000000001633,1.2215033672047237e-13,-0.1502859382412449,-0.020200000000001633,1.2215033672047237e-13,-0.1502859382412449,0.0,0.0,0.0,-1.1159729077885832,-0.1690399305553342,-43.6003463120119,-1.1159729077885832,-0.1690399305553342,-43.6003463120119,0.0,0.0,0.0,1.4214802684877355,-0.3065580071906111,-23.571989602779084,1.4214802684877355,-0.3065580071906111,-23.571989602779084,0.0,0.0,0.0,-1.8763072199731938,0.4755971559499909,-2.6965997802783517,-1.8763072199731938,0.4755971559499909,-2.6965997802783517,0.0,0.0,0.0,-1.5707993361696255,-3.6879532518416594e-06,-0.08480187246835272,-1.5707993361696255,-3.6879532518416594e-06,-0.08480187246835272,0.0,0.0,0.0,-1.2035394306286397e-16,9.04723344852254e-15,-1.270778811240186e-05,-1.2035394306286397e-16,9.04723344852254e-15,-1.270778811240186e-05,0.0,0.0,0.0,robotiq_85_left_knuckle_joint,2.6830164136338966e-12,-3.8571576488344306e-15,,robotiq_85_left_knuckle_joint,2.6830164136338966e-12,-3.8571576488344306e-15,,0.0,0.0,
sentinel_joint_telemetry_v2,20260731_114715,20260731_114715:1,1,521,short_cube_pick_place,attack,replay_attack,prior_command_replay,medium,arm_trajectory,cube,cube_retreat,3,commands_back,,0,,9.291766,,cube_retreat,2026-07-31T11:47:30.120+01:00,10.989213,0.022006,45.441902,0,3518.500000000,3518.500000000,trusted_fallback,0.000000,-0.020200000000001547,1.243631933545153e-13,-0.14987835327609694,-0.020200000000001547,1.243631933545153e-13,-0.14987835327609694,0.0,0.0,0.0,-1.1196858865480384,-0.1693669734594844,-43.51785882413661,-1.1196858865480384,-0.1693669734594844,-43.51785882413661,0.0,0.0,0.0,1.4147466916014348,-0.3071511074207884,-23.639400980874523,1.4147466916014348,-0.3071511074207884,-23.639400980874523,0.0,0.0,0.0,-1.8658606814995915,0.4765172975736699,-2.696246987034521,-1.8658606814995915,0.4765172975736699,-2.696246987034521,0.0,0.0,0.0,-1.570799417175989,-3.695088365054597e-06,-0.08479471581697488,-1.570799417175989,-3.695088365054597e-06,-0.08479471581697488,0.0,0.0,0.0,-1.0426503334448252e-16,9.040294554618633e-15,-1.2711678939599339e-05,-1.0426503334448252e-16,9.040294554618633e-15,-1.2711678939599339e-05,0.0,0.0,0.0,robotiq_85_left_knuckle_joint,2.688446895652822e-12,-3.4713768318206384e-13,,robotiq_85_left_knuckle_joint,2.688446895652822e-12,-3.4713768318206384e-13,,0.0,0.0,
sentinel_joint_telemetry_v2,20260731_114715,20260731_114715:1,1,522,short_cube_pick_place,attack,replay_attack,prior_command_replay,medium,arm_trajectory,cube,cube_retreat,3,commands_back,,0,,9.291766,,cube_retreat,2026-07-31T11:47:30.142+01:00,11.011201,0.021988,45.479148,0,3518.522000000,3518.522000000,trusted_fallback,0.000000,-0.020200000000001387,1.2227415260857022e-13,-0.1498161957809252,-0.020200000000001387,1.2227415260857022e-13,-0.1498161957809252,0.0,0.0,0.0,-1.1234087987856736,-0.1691421564647228,-43.4314357889318,-1.1234087987856736,-0.1691421564647228,-43.4314357889318,0.0,0.0,0.0,1.407995100111869,-0.3067433963584066,-23.70497767713261,1.407995100111869,-0.3067433963584066,-23.70497767713261,0.0,0.0,0.0,-1.8553861949904717,0.4758847705575432,-2.6959872746901077,-1.8553861949904717,0.4758847705575432,-2.6959872746901077,0.0,0.0,0.0,-1.5707994983990716,-3.690183509303009e-06,-0.08478666378593232,-1.5707994983990716,-3.690183509303009e-06,-0.08478666378593232,0.0,0.0,0.0,-8.83355013454565e-17,9.046799767653546e-15,-1.2710366420504548e-05,-8.83355013454565e-17,9.046799767653546e-15,-1.2710366420504548e-05,0.0,0.0,0.0,robotiq_85_left_knuckle_joint,2.682381903394407e-12,4.206270748374763e-15,,robotiq_85_left_knuckle_joint,2.682381903394407e-12,4.206270748374763e-15,,0.0,0.0,
sentinel_joint_telemetry_v2,20260731_114715,20260731_114715:1,1,523,short_cube_pick_place,attack,replay_attack,prior_command_replay,medium,arm_trajectory,cube,cube_retreat,3,commands_back,,0,,9.291766,,cube_retreat,2026-07-31T11:47:30.164+01:00,11.033162,0.021960,45.536843,0,3518.544000000,3518.544000000,trusted_fallback,0.000000,-0.02020000000000143,1.3202503326703585e-13,-0.1492058837103455,-0.02020000000000143,1.3202503326703585e-13,-0.1492058837103455,0.0,0.0,0.0,-1.1271166112485345,-0.16975621584635656,-43.344512876431374,-1.1271166112485345,-0.16975621584635656,-43.344512876431374,0.0,0.0,0.0,1.4012708924294695,-0.3078570079164456,-23.767568461753054,1.4012708924294695,-0.3078570079164456,-23.767568461753054,0.0,0.0,0.0,-1.8449541919934123,0.47761243865581077,-2.6955840365171824,-1.8449541919934123,0.47761243865581077,-2.6955840365171824,0.0,0.0,0.0,-1.5707995792927212,-3.7035804913128703e-06,-0.08477978807227897,-1.5707995792927212,-3.7035804913128703e-06,-0.08477978807227897,0.0,0.0,0.0,-7.181009183243247e-17,9.022513638989871e-15,-1.2716775825335023e-05,-7.181009183243247e-17,9.022513638989871e-15,-1.2716775825335023e-05,0.0,0.0,0.0,robotiq_85_left_knuckle_joint,2.702501263565341e-12,-1.1849640192684863e-12,,robotiq_85_left_knuckle_joint,2.702501263565341e-12,-1.1849640192684863e-12,,0.0,0.0,
sentinel_joint_telemetry_v2,20260731_114715,20260731_114715:1,1,524,short_cube_pick_place,attack,replay_attack,prior_command_replay,medium,arm_trajectory,cube,cube_retreat,3,commands_back,,0,,9.291766,,cube_retreat,2026-07-31T11:47:30.184+01:00,11.053186,0.020024,49.940174,0,3518.564000000,3518.564000000,trusted_fallback,0.000000,-0.020200000000001175,1.2395401545461926e-13,-0.14930485910523275,-0.020200000000001175,1.2395401545461926e-13,-0.14930485910523275,0.0,0.0,0.0,-1.1305058025684953,-0.1692893006833622,-43.26070292203336,-1.1305058025684953,-0.1692893006833622,-43.26070292203336,0.0,0.0,0.0,1.395124511904803,-0.3070102459623979,-23.823301493252295,1.395124511904803,-0.3070102459623979,-23.823301493252295,0.0,0.0,0.0,-1.8354186358234483,0.47629876369971286,-2.69539694461393,-1.8354186358234483,0.47629876369971286,-2.69539694461393,0.0,0.0,0.0,-1.5707996532349873,-3.6933937496820904e-06,-0.08477209178281794,-1.5707996532349873,-3.6933937496820904e-06,-0.08477209178281794,0.0,0.0,0.0,-5.76779501949529e-17,9.039427192880645e-15,-1.271298345219442e-05,-5.76779501949529e-17,9.039427192880645e-15,-1.271298345219442e-05,0.0,0.0,0.0,robotiq_85_left_knuckle_joint,2.6847034981337756e-12,-1.5631723346287707e-13,,robotiq_85_left_knuckle_joint,2.6847034981337756e-12,-1.5631723346287707e-13,,0.0,0.0,
sentinel_joint_telemetry_v2,20260731_114715,20260731_114715:1,1,525,short_cube_pick_place,attack,replay_attack,prior_command_replay,medium,arm_trajectory,cube,cube_retreat,3,commands_back,,0,,9.291766,,cube_retreat,2026-07-31T11:47:30.206+01:00,11.075167,0.021981,45.493610,0,3518.586000000,3518.586000000,trusted_fallback,0.000000,-0.020200000000001037,1.2325036824467617e-13,-0.14918553493243975,-0.020200000000001037,1.2325036824467617e-13,-0.14918553493243975,0.0,0.0,0.0,-1.1342277554378835,-0.16911778192455734,-43.16688894280552,-1.1342277554378835,-0.16911778192455734,-43.16688894280552,0.0,0.0,0.0,1.38837466025276,-0.30669919254021194,-23.88211829058489,1.38837466025276,-0.30669919254021194,-23.88211829058489,0.0,0.0,0.0,-1.824946848515645,0.47581619231225325,-2.695133733461848,-1.824946848515645,0.47581619231225325,-2.695133733461848,0.0,0.0,0.0,-1.5707997344371392,-3.6896517082536315e-06,-0.08476410930424434,-1.5707997344371392,-3.6896517082536315e-06,-0.08476410930424434,0.0,0.0,0.0,-4.175015291940285e-17,9.044414522874078e-15,-1.2711919690279607e-05,-4.175015291940285e-17,9.044414522874078e-15,-1.2711919690279607e-05,0.0,0.0,0.0,robotiq_85_left_knuckle_joint,2.681398279621697e-12,3.64851378276132e-14,,robotiq_85_left_knuckle_joint,2.681398279621697e-12,3.64851378276132e-14,,0.0,0.0,
sentinel_joint_telemetry_v2,20260731_114715,20260731_114715:1,1,526,short_cube_pick_place,attack,replay_attack,prior_command_replay,medium,arm_trajectory,cube,cube_retreat,3,commands_back,,0,,9.291766,,cube_retreat,2026-07-31T11:47:30.226+01:00,11.095186,0.020019,49.951971,0,3518.606000000,3518.606000000,trusted_fallback,0.000000,-0.020200000000000922,1.2301726477759178e-13,-0.14900244885941563,-0.020200000000000922,1.2301726477759178e-13,-0.14900244885941563,0.0,0.0,0.0,-1.1376094618938428,-0.16906669253943946,-43.079613426787,-1.1376094618938428,-0.16906669253943946,-43.079613426787,0.0,0.0,0.0,1.3822418537102001,-0.30660654070323795,-23.933490045558713,1.3822418537102001,-0.30660654070323795,-23.933490045558713,0.0,0.0,0.0,-1.8154323511571466,0.4756724513264472,-2.6948773099016776,-1.8154323511571466,0.4756724513264472,-2.6948773099016776,0.0,0.0,0.0,-1.570799808216107,-3.6885370985548227e-06,-0.08475697993879196,-1.570799808216107,-3.6885370985548227e-06,-0.08475697993879196,0.0,0.0,0.0,-2.7191486147267502e-17,9.042679799398101e-15,-1.2711855622016676e-05,-2.7191486147267502e-17,9.042679799398101e-15,-1.2711855622016676e-05,0.0,0.0,0.0,robotiq_85_left_knuckle_joint,2.6813481539194966e-12,3.6657742813472893e-14,,robotiq_85_left_knuckle_joint,2.6813481539194966e-12,3.6657742813472893e-14,,0.0,0.0,
sentinel_joint_telemetry_v2,20260731_114715,20260731_114715:1,1,527,short_cube_pick_place,attack,replay_attack,prior_command_replay,medium,arm_trajectory,cube,cube_retreat,3,commands_back,,0,,9.291766,,cube_retreat,2026-07-31T11:47:30.248+01:00,11.117204,0.022019,45.416189,0,3518.628000000,3518.628000000,trusted_fallback,0.000000,-0.020200000000000797,1.233073972789489e-13,-0.14876910839648555,-0.020200000000000797,1.233073972789489e-13,-0.14876910839648555,0.0,0.0,0.0,-1.1413286652389378,-0.1690479251302475,-42.98122439369778,-1.1413286652389378,-0.1690479251302475,-42.98122439369778,0.0,0.0,0.0,1.375496988387038,-0.3065725055522295,-23.987748994866347,1.375496988387038,-0.3065725055522295,-23.987748994866347,0.0,0.0,0.0,-1.804968299689796,0.4756196488530123,-2.694589866592305,-1.804968299689796,0.4756196488530123,-2.694589866592305,0.0,0.0,0.0,-1.5707998893582724,-3.688127635801189e-06,-0.08474916768029268,-1.5707998893582724,-3.688127635801189e-06,-0.08474916768029268,0.0,0.0,0.0,-1.1174567453139153e-17,9.042679799398101e-15,-1.2712053815553525e-05,-1.1174567453139153e-17,9.042679799398101e-15,-1.2712053815553525e-05,0.0,0.0,0.0,robotiq_85_left_knuckle_joint,2.6815915356231766e-12,1.6488112958290557e-14,,robotiq_85_left_knuckle_joint,2.6815915356231766e-12,1.6488112958290557e-14,,0.0,0.0,
sentinel_joint_telemetry_v2,20260731_114715,20260731_114715:1,1,528,short_cube_pick_place,attack,replay_attack,prior_command_replay,medium,arm_trajectory,cube,cube_retreat,3,commands_back,,0,,9.291766,,cube_retreat,2026-07-31T11:47:30.270+01:00,11.139162,0.021958,45.542444,0,3518.650000000,3518.650000000,trusted_fallback,0.000000,-0.020199999999992026,-2.4198178183443275e-13,-0.18434511311524399,-0.020199999999992026,-2.4198178183443275e-13,-0.18434511311524399,0.0,0.0,0.0,-1.1446032627762956,-0.0998187346243899,-42.780891234808614,-1.1446032627762956,-0.0998187346243899,-42.780891234808614,0.0,0.0,0.0,1.3695584264617435,-0.18102369224621526,-24.062551833073883,1.3695584264617435,-0.18102369224621526,-24.062551833073883,0.0,0.0,0.0,-1.7957551553731044,0.28084196527711114,-2.704892863054255,-1.7957551553731044,0.28084196527711114,-2.704892863054255,0.0,0.0,0.0,-1.5707999608004364,-2.1777486932271148e-06,-0.08469292106796816,-1.5707999608004364,-2.1777486932271148e-06,-0.08469292106796816,0.0,0.0,0.0,-4.343695465935581e-17,1.0428290175834576e-14,-1.2199178029462262e-05,-4.343695465935581e-17,1.0428290175834576e-14,-1.2199178029462262e-05,0.0,0.0,0.0,robotiq_85_left_knuckle_joint,1.7338054149864333e-12,4.2048881303963226e-11,,robotiq_85_left_knuckle_joint,1.7338054149864333e-12,4.2048881303963226e-11,,0.0,0.0,
