schema_version,session_id,run_key,run_id,sample_index,task_type,condition,attack_type,attack_variant,attack_severity,attack_target,attack_target_object,attack_target_phase,attack_parameter_value,attack_parameter_unit,attack_event_id,attack_active,attack_source,attack_start_elapsed_seconds,attack_elapsed_seconds,task_phase,received_at,elapsed_seconds,sample_interval_seconds,instantaneous_sample_rate_hz,sampling_gap,ros_time_seconds,reported_ros_time_seconds,reported_state_source,reported_state_age_seconds,shoulder_pan_position,shoulder_pan_velocity,shoulder_pan_effort,reported_shoulder_pan_position,reported_shoulder_pan_velocity,reported_shoulder_pan_effort,shoulder_pan_position_residual,shoulder_pan_velocity_residual,shoulder_pan_effort_residual,shoulder_lift_position,shoulder_lift_velocity,shoulder_lift_effort,reported_shoulder_lift_position,reported_shoulder_lift_velocity,reported_shoulder_lift_effort,shoulder_lift_position_residual,shoulder_lift_velocity_residual,shoulder_lift_effort_residual,elbow_position,elbow_velocity,elbow_effort,reported_elbow_position,reported_elbow_velocity,reported_elbow_effort,elbow_position_residual,elbow_velocity_residual,elbow_effort_residual,wrist_1_position,wrist_1_velocity,wrist_1_effort,reported_wrist_1_position,reported_wrist_1_velocity,reported_wrist_1_effort,wrist_1_position_residual,wrist_1_velocity_residual,wrist_1_effort_residual,wrist_2_position,wrist_2_velocity,wrist_2_effort,reported_wrist_2_position,reported_wrist_2_velocity,reported_wrist_2_effort,wrist_2_position_residual,wrist_2_velocity_residual,wrist_2_effort_residual,wrist_3_position,wrist_3_velocity,wrist_3_effort,reported_wrist_3_position,reported_wrist_3_velocity,reported_wrist_3_effort,wrist_3_position_residual,wrist_3_velocity_residual,wrist_3_effort_residual,gripper_joint_name,gripper_position,gripper_velocity,gripper_effort,reported_gripper_joint_name,reported_gripper_position,reported_gripper_velocity,reported_gripper_effort,gripper_position_residual,gripper_velocity_residual,gripper_effort_residual
sentinel_joint_telemetry_v2,20260731_120941,20260731_120941:1,1,0,short_cube_pick_place,attack,mitm_trajectory_manipulation,joint_offset,medium,shoulder_pan_joint,cube,cube_transport,0.1,rad,,0,,,,cube_approach,2026-07-31T12:09:45.008+01:00,-0.026877,,,0,4850.474000000,4850.474000000,trusted_fallback,0.000000,1.166268263817009e-21,-2.506158732688661e-19,1.385229144620492e-08,1.166268263817009e-21,-2.506158732688661e-19,1.385229144620492e-08,0.0,0.0,0.0,-1.570799999999998,-1.005347793785587e-13,0.0003518169114635828,-1.570799999999998,-1.005347793785587e-13,0.0003518169114635828,0.0,0.0,0.0,-3.2374782728186477e-17,2.4177496688189935e-19,0.0001858088319885806,-3.2374782728186477e-17,2.4177496688189935e-19,0.0001858088319885806,0.0,0.0,0.0,-1.5708000000000024,1.0799101443099014e-13,0.00010493585257432891,-1.5708000000000024,1.0799101443099014e-13,0.00010493585257432891,0.0,0.0,0.0,2.7867392588957624e-17,-1.468119855828516e-18,-1.4669791875967635e-05,2.7867392588957624e-17,-1.468119855828516e-18,-1.4669791875967635e-05,0.0,0.0,0.0,-1.3687601381416584e-15,0.0,8.484275113775777e-05,-1.3687601381416584e-15,0.0,8.484275113775777e-05,0.0,0.0,0.0,robotiq_85_left_knuckle_joint,1.031710308628919e-09,-5.7317238037285146e-08,,robotiq_85_left_knuckle_joint,1.031710308628919e-09,-5.7317238037285146e-08,,0.0,0.0,
sentinel_joint_telemetry_v2,20260731_120941,20260731_120941:1,1,1,short_cube_pick_place,attack,mitm_trajectory_manipulation,joint_offset,medium,shoulder_pan_joint,cube,cube_transport,0.1,rad,,0,,,,cube_approach,2026-07-31T12:09:45.008+01:00,0.000478,0.027355,36.557012,0,4850.492000000,4850.492000000,trusted_fallback,0.000000,1.1664800220538233e-21,-2.506158732688661e-19,1.3852291446032867e-08,1.1664800220538233e-21,-2.506158732688661e-19,1.3852291446032867e-08,0.0,0.0,0.0,-1.570799999999998,-1.0053477932561914e-13,0.0003518169114635838,-1.570799999999998,-1.0053477932561914e-13,0.0003518169114635838,0.0,0.0,0.0,-3.237478241054911e-17,2.420926042371197e-19,0.0001858088319885812,-3.237478241054911e-17,2.420926042371197e-19,0.0001858088319885812,0.0,0.0,0.0,-1.5708000000000024,1.0799101358395719e-13,0.00010493585257432898,-1.5708000000000024,1.0799101358395719e-13,0.00010493585257432898,0.0,0.0,0.0,2.78673900478588e-17,-1.469178647012584e-18,-1.4669791875967691e-05,2.78673900478588e-17,-1.469178647012584e-18,-1.4669791875967691e-05,0.0,0.0,0.0,-1.368760097484077e-15,2.0328790734103208e-20,8.484275113775777e-05,-1.368760097484077e-15,2.0328790734103208e-20,8.484275113775777e-05,0.0,0.0,0.0,robotiq_85_left_knuckle_joint,1.031710308628925e-09,-5.731723803728144e-08,,robotiq_85_left_knuckle_joint,1.031710308628925e-09,-5.731723803728144e-08,,0.0,0.0,
sentinel_joint_telemetry_v2,20260731_120941,20260731_120941:1,1,2,short_cube_pick_place,attack,mitm_trajectory_manipulation,joint_offset,medium,shoulder_pan_joint,cube,cube_transport,0.1,rad,,0,,,,cube_approach,2026-07-31T12:09:45.029+01:00,0.021083,0.020605,48.531168,0,4850.522000000,4850.522000000,trusted_fallback,0.000000,-1.1779359785544089e-20,-1.228610702080522e-17,1.1211558894510143e-06,-1.1779359785544089e-20,-1.228610702080522e-17,1.1211558894510143e-06,0.0,0.0,0.0,-1.570799999999998,-1.0053041885294624e-13,0.0003493211737678196,-1.570799999999998,-1.0053041885294624e-13,0.0003493211737678196,0.0,0.0,0.0,-3.2362299791884555e-17,1.1844432278371305e-17,0.00018446889258266264,-3.2362299791884555e-17,1.1844432278371305e-17,0.00018446889258266264,0.0,0.0,0.0,-1.5708000000000024,1.0802782500057015e-13,0.00010466251103205059,-1.5708000000000024,1.0802782500057015e-13,0.00010466251103205059,0.0,0.0,0.0,2.779180252171172e-17,-7.173045574263839e-17,-1.392499226536654e-05,2.779180252171172e-17,-7.173045574263839e-17,-1.392499226536654e-05,0.0,0.0,0.0,-1.3687581323676391e-15,1.802486111757151e-18,8.484054628091892e-05,-1.3687581323676391e-15,1.802486111757151e-18,8.484054628091892e-05,0.0,0.0,0.0,robotiq_85_left_knuckle_joint,1.4152404679387739e-09,8.364865682873035e-07,,robotiq_85_left_knuckle_joint,1.4152404679387739e-09,8.364865682873035e-07,,0.0,0.0,
sentinel_joint_telemetry_v2,20260731_120941,20260731_120941:1,1,3,short_cube_pick_place,attack,mitm_trajectory_manipulation,joint_offset,medium,shoulder_pan_joint,cube,cube_transport,0.1,rad,,0,,,,cube_approach,2026-07-31T12:09:45.051+01:00,0.043099,0.022016,45.421049,0,4850.544000000,4850.544000000,trusted_fallback,0.000000,-0.00013463999839530773,-0.03251999977129318,-26.07396054471955,-0.00013463999839530773,-0.03251999977129318,-26.07396054471955,0.0,0.0,0.0,-1.571161982283634,-0.06053540724383885,150.0,-1.571161982283634,-0.06053540724383885,150.0,0.0,0.0,0.0,0.002143917596212436,0.5178267995851982,63.04760220740849,0.002143917596212436,0.5178267995851982,63.04760220740849,0.0,0.0,0.0,-1.5711584790077995,-0.0865845007261234,7.455454844294555,-1.5711584790077995,-0.0865845007261234,7.455454844294555,0.0,0.0,0.0,-0.0017624375954145486,-0.42568679965101075,-5.409046616035339,-0.0017624375954145486,-0.42568679965101075,-5.409046616035339,0.0,0.0,0.0,-3.9687172601237147e-13,-2.0260081589826284e-11,0.04281546685603373,-3.9687172601237147e-13,-2.0260081589826284e-11,0.04281546685603373,0.0,0.0,0.0,robotiq_85_left_knuckle_joint,4.489257146537352e-10,-2.4403538133842273e-08,,robotiq_85_left_knuckle_joint,4.489257146537352e-10,-2.4403538133842273e-08,,0.0,0.0,
sentinel_joint_telemetry_v2,20260731_120941,20260731_120941:1,1,4,short_cube_pick_place,attack,mitm_trajectory_manipulation,joint_offset,medium,shoulder_pan_joint,cube,cube_transport,0.1,rad,,0,,,,cube_approach,2026-07-31T12:09:45.073+01:00,0.065120,0.022021,45.411066,0,4850.565000000,4850.565000000,trusted_fallback,0.000000,-0.001694138713657911,-0.09254784923140177,0.013278848167494684,-0.001694138713657911,-0.09254784923140177,0.013278848167494684,0.0,0.0,0.0,-1.571692905240742,0.01756140225593617,-0.6673084451507285,-1.571692905240742,0.01756140225593617,-0.6673084451507285,0.0,0.0,0.0,0.026976335496651474,1.4736702501688126,-0.6389954553063003,0.026976335496651474,1.4736702501688126,-0.6389954553063003,0.0,0.0,0.0,-1.5753106443490148,-0.24640864731089385,-0.0937325215499789,-1.5753106443490148,-0.24640864731089385,-0.0937325215499789,0.0,0.0,0.0,-0.022176275797355094,-1.2114513445678317,0.04168741473465396,-0.022176275797355094,-1.2114513445678317,0.04168741473465396,0.0,0.0,0.0,-7.043895319911935e-13,3.66821837662068e-11,-6.437164303754715e-06,-7.043895319911935e-13,3.66821837662068e-11,-6.437164303754715e-06,0.0,0.0,0.0,robotiq_85_left_knuckle_joint,1.4797571578460622e-10,-8.192012794895967e-09,,robotiq_85_left_knuckle_joint,1.4797571578460622e-10,-8.192012794895967e-09,,0.0,0.0,
sentinel_joint_telemetry_v2,20260731_120941,20260731_120941:1,1,5,short_cube_pick_place,attack,mitm_trajectory_manipulation,joint_offset,medium,shoulder_pan_joint,cube,cube_transport,0.1,rad,,0,,,,cube_approach,2026-07-31T12:09:45.095+01:00,0.087111,0.021991,45.472478,0,4850.587000000,4850.587000000,trusted_fallback,0.000000,-0.003982133822312604,-0.11210367653696492,0.11687717735341785,-0.003982133822312604,-0.11210367653696492,0.11687717735341785,0.0,0.0,0.0,-1.571699868260447,-0.0072295410847932635,-1.9641555985480328,-1.571699868260447,-0.0072295410847932635,-1.9641555985480328,0.0,0.0,0.0,0.06340884425460849,1.7850642080870398,-1.6776676224234848,0.06340884425460849,1.7850642080870398,-1.6776676224234848,0.0,0.0,0.0,-1.5814024313142694,-0.2984760380727366,-0.2468438324989483,-1.5814024313142694,-0.2984760380727366,-0.2468438324989483,0.0,0.0,0.0,-0.05212613175241792,-1.4674371248747102,0.15670460429872207,-0.05212613175241792,-1.4674371248747102,0.15670460429872207,0.0,0.0,0.0,-3.8609602282021285e-13,2.0911589300454114e-11,-0.00021852680982369722,-3.8609602282021285e-13,2.0911589300454114e-11,-0.00021852680982369722,0.0,0.0,0.0,robotiq_85_left_knuckle_joint,0.001031751094702507,-0.05731950527222659,,robotiq_85_left_knuckle_joint,0.001031751094702507,-0.05731950527222659,,0.0,0.0,
sentinel_joint_telemetry_v2,20260731_120941,20260731_120941:1,1,6,short_cube_pick_place,attack,mitm_trajectory_manipulation,joint_offset,medium,shoulder_pan_joint,cube,cube_transport,0.1,rad,,0,,,,cube_approach,2026-07-31T12:09:45.115+01:00,0.107356,0.020244,49.396950,0,4850.608000000,4850.608000000,trusted_fallback,0.000000,-0.006272909953796012,-0.11150500269685522,11.066255281593433,-0.006272909953796012,-0.11150500269685522,11.066255281593433,0.0,0.0,0.0,-1.571945251185418,-0.014660531420312668,-66.15325810120035,-1.571945251185418,-0.014660531420312668,-66.15325810120035,0.0,0.0,0.0,0.09988563616996478,1.775531324192288,-29.127180121651296,0.09988563616996478,1.775531324192288,-29.127180121651296,0.0,0.0,0.0,-1.5875016227542111,-0.29688206864542316,-3.5070021341103303,-1.5875016227542111,-0.29688206864542316,-3.5070021341103303,0.0,0.0,0.0,-0.0821123912995228,-1.459600483650752,2.4424522859303073,-0.0821123912995228,-1.459600483650752,2.4424522859303073,0.0,0.0,0.0,-8.660969645687205e-14,2.4392611194801184e-11,-0.018313585175215,-8.660969645687205e-14,2.4392611194801184e-11,-0.018313585175215,0.0,0.0,0.0,robotiq_85_left_knuckle_joint,0.0003597493616169509,-0.019986075887640953,,robotiq_85_left_knuckle_joint,0.0003597493616169509,-0.019986075887640953,,0.0,0.0,
sentinel_joint_telemetry_v2,20260731_120941,20260731_120941:1,1,7,short_cube_pick_place,attack,mitm_trajectory_manipulation,joint_offset,medium,shoulder_pan_joint,cube,cube_transport,0.1,rad,,0,,,,cube_approach,2026-07-31T12:09:45.137+01:00,0.129133,0.021777,45.918987,0,4850.630000000,4850.630000000,trusted_fallback,0.000000,-0.008890327492053967,-0.11942625044246115,0.114795214591556,-0.008890327492053967,-0.11942625044246115,0.114795214591556,0.0,0.0,0.0,-1.5723537442248505,-0.01896976527868147,-4.1115903782977,-1.5723537442248505,-0.01896976527868147,-4.1115903782977,0.0,0.0,0.0,0.14156364810279043,1.9016639943222289,-3.5745440168159552,0.14156364810279043,1.9016639943222289,-3.5745440168159552,0.0,0.0,0.0,-1.5944704969488308,-0.3179723916606293,-0.5085761510350117,-1.5944704969488308,-0.3179723916606293,-0.5085761510350117,0.0,0.0,0.0,-0.11637438687423526,-1.5632896181220903,0.23644196554301838,-0.11637438687423526,-1.5632896181220903,0.23644196554301838,0.0,0.0,0.0,-6.740196903439532e-14,4.116469318193872e-12,-0.0005458154198261279,-6.740196903439532e-14,4.116469318193872e-12,-0.0005458154198261279,0.0,0.0,0.0,robotiq_85_left_knuckle_joint,0.00011289316198952572,-0.006271842345653906,,robotiq_85_left_knuckle_joint,0.00011289316198952572,-0.006271842345653906,,0.0,0.0,
sentinel_joint_telemetry_v2,20260731_120941,20260731_120941:1,1,8,short_cube_pick_place,attack,mitm_trajectory_manipulation,joint_offset,medium,shoulder_pan_joint,cube,cube_transport,0.1,rad,,0,,,,cube_approach,2026-07-31T12:09:45.159+01:00,0.151048,0.021915,45.631775,0,4850.652000000,4850.652000000,trusted_fallback,0.000000,-0.01152324087644568,-0.11981995130987799,0.1504588671740548,-0.01152324087644568,-0.11981995130987799,0.1504588671740548,0.0,0.0,0.0,-1.5727868085285928,-0.020088415068877805,-5.340364302031982,-1.5727868085285928,-0.020088415068877805,-5.340364302031982,0.0,0.0,0.0,0.1834884055576176,1.90793302461872,-4.637969497507538,0.1834884055576176,1.90793302461872,-4.637969497507538,0.0,0.0,0.0,-1.6014806288329233,-0.3190206203033489,-0.6589945398828447,-1.6014806288329233,-0.3190206203033489,-0.6589945398828447,0.0,0.0,0.0,-0.15083922307391387,-1.5684431625916433,0.30608802242849265,-0.15083922307391387,-1.5684431625916433,0.30608802242849265,0.0,0.0,0.0,-1.7401526012337343e-14,1.5348312898399996e-12,-0.0007358633837350381,-1.7401526012337343e-14,1.5348312898399996e-12,-0.0007358633837350381,0.0,0.0,0.0,robotiq_85_left_knuckle_joint,3.5427070282168924e-05,-0.001968170589480244,,robotiq_85_left_knuckle_joint,3.5427070282168924e-05,-0.001968170589480244,,0.0,0.0,
sentinel_joint_telemetry_v2,20260731_120941,20260731_120941:1,1,9,short_cube_pick_place,attack,mitm_trajectory_manipulation,joint_offset,medium,shoulder_pan_joint,cube,cube_transport,0.1,rad,,0,,,,cube_approach,2026-07-31T12:09:45.179+01:00,0.171349,0.020302,49.257362,0,4850.672000000,4850.672000000,trusted_fallback,0.000000,-0.013921130023758086,-0.11993722090377132,0.18237349144545686,-0.013921130023758086,-0.11993722090377132,0.18237349144545686,0.0,0.0,0.0,-1.5731928108152677,-0.02042162136321769,-6.447453805365825,-1.5731928108152677,-0.02042162136321769,-6.447453805365825,0.0,0.0,0.0,0.22167079374587045,1.9098003475011063,-5.598386014523808,0.22167079374587045,1.9098003475011063,-5.598386014523808,0.0,0.0,0.0,-1.6078650086868533,-0.3193328506254468,-0.7944368698086975,-1.6078650086868533,-0.3193328506254468,-0.7944368698086975,0.0,0.0,0.0,-0.18222759201163924,-1.5699782216129707,0.3680333533569573,-0.18222759201163924,-1.5699782216129707,0.3680333533569573,0.0,0.0,0.0,9.573370285752652e-16,6.692459086909963e-13,-0.0009043831653905254,9.573370285752652e-16,6.692459086909963e-13,-0.0009043831653905254,0.0,0.0,0.0,robotiq_85_left_knuckle_joint,-2.0269998333088347e-14,-1.1637253660712332e-12,,robotiq_85_left_knuckle_joint,-2.0269998333088347e-14,-1.1637253660712332e-12,,0.0,0.0,
sentinel_joint_telemetry_v2,20260731_120941,20260731_120941:1,1,10,short_cube_pick_place,attack,mitm_trajectory_manipulation,joint_offset,medium,shoulder_pan_joint,cube,cube_transport,0.1,rad,,0,,,,cube_approach,2026-07-31T12:09:45.201+01:00,0.193047,0.021698,46.087441,0,4850.694000000,4850.694000000,trusted_fallback,0.000000,-0.01655063461340198,-0.12052029925285916,-0.33335941197821506,-0.01655063461340198,-0.12052029925285916,-0.33335941197821506,0.0,0.0,0.0,-1.573643700231036,-0.020549987154804415,-6.253077528303661,-1.573643700231036,-0.020549987154804415,-6.253077528303661,0.0,0.0,0.0,0.26354127182862924,1.9190848984596778,-5.8792207866168,0.26354127182862924,1.9190848984596778,-5.8792207866168,0.0,0.0,0.0,-1.6148660646567183,-0.3208852967495446,-0.7859061594836103,-1.6148660646567183,-0.3208852967495446,-0.7859061594836103,0.0,0.0,0.0,-0.21664780709026854,-1.5776107172102707,0.03778298247534499,-0.21664780709026854,-1.5776107172102707,0.03778298247534499,0.0,0.0,0.0,-5.090672287009316e-15,1.2548746763929586e-12,-0.0012650867910520877,-5.090672287009316e-15,1.2548746763929586e-12,-0.0012650867910520877,0.0,0.0,0.0,robotiq_85_left_knuckle_joint,0.0010329679234373805,-0.05738710689192784,,robotiq_85_left_knuckle_joint,0.0010329679234373805,-0.05738710689192784,,0.0,0.0,
sentinel_joint_telemetry_v2,20260731_120941,20260731_120941:1,1,11,short_cube_pick_place,attack,mitm_trajectory_manipulation,joint_offset,medium,shoulder_pan_joint,cube,cube_transport,0.1,rad,,0,,,,cube_approach,2026-07-31T12:09:45.223+01:00,0.215095,0.022048,45.355621,0,4850.716000000,4850.716000000,trusted_fallback,0.000000,-0.019197061042476152,-0.12016327541958881,0.251749846860703,-0.019197061042476152,-0.12016327541958881,0.251749846860703,0.0,0.0,0.0,-1.5740962825018667,-0.02058430543831594,-8.84326816694394,-1.5740962825018667,-0.02058430543831594,-8.84326816694394,0.0,0.0,0.0,0.305681202000435,1.913399888928747,-7.677395242375068,0.305681202000435,1.913399888928747,-7.677395242375068,0.0,0.0,0.0,-1.6219121750234275,-0.31993472078798546,-1.0856531557084574,-1.6219121750234275,-0.31993472078798546,-1.0856531557084574,0.0,0.0,0.0,-0.2512895290465408,-1.5729372752417374,0.4985068516836202,-0.2512895290465408,-1.5729372752417374,0.4985068516836202,0.0,0.0,0.0,1.8452051039376982e-14,5.108587164404099e-13,-0.0018251022644106827,1.8452051039376982e-14,5.108587164404099e-13,-0.0018251022644106827,0.0,0.0,0.0,robotiq_85_left_knuckle_joint,0.0003241562793616057,-0.018008682216885428,,robotiq_85_left_knuckle_joint,0.0003241562793616057,-0.018008682216885428,,0.0,0.0,
sentinel_joint_telemetry_v2,20260731_120941,20260731_120941:1,1,12,short_cube_pick_place,attack,mitm_trajectory_manipulation,joint_offset,medium,shoulder_pan_joint,cube,cube_transport,0.1,rad,,0,,,,cube_approach,2026-07-31T12:09:45.245+01:00,0.237124,0.022028,45.395791,0,4850.738000000,4850.738000000,trusted_fallback,0.000000,-0.021839077724009084,-0.12005123755662608,0.2857074584658362,-0.021839077724009084,-0.12005123755662608,0.2857074584658362,0.0,0.0,0.0,-1.574549288651901,-0.020595074879788726,-10.01591646518554,-1.574549288651901,-0.020595074879788726,-10.01591646518554,0.0,0.0,0.0,0.34775091429270627,1.9116158726975159,-8.699386056801085,0.34775091429270627,1.9116158726975159,-8.699386056801085,0.0,0.0,0.0,-1.6289465444376976,-0.31963641998427345,-1.2279391373122692,-1.6289465444376976,-0.31963641998427345,-1.2279391373122692,0.0,0.0,0.0,-0.2858735274078255,-1.5714706996200478,0.5606648586009331,-0.2858735274078255,-1.5714706996200478,0.5606648586009331,0.0,0.0,0.0,2.832827934676975e-14,3.1742664052814007e-13,-0.0022539236677122845,2.832827934676975e-14,3.1742664052814007e-13,-0.0022539236677122845,0.0,0.0,0.0,robotiq_85_left_knuckle_joint,0.0001017236748393164,-0.005651315301909394,,robotiq_85_left_knuckle_joint,0.0001017236748393164,-0.005651315301909394,,0.0,0.0,
sentinel_joint_telemetry_v2,20260731_120941,20260731_120941:1,1,13,short_cube_pick_place,attack,mitm_trajectory_manipulation,joint_offset,medium,shoulder_pan_joint,cube,cube_transport,0.1,rad,,0,,,,cube_approach,2026-07-31T12:09:45.267+01:00,0.259066,0.021942,45.573692,0,4850.760000000,4850.760000000,trusted_fallback,0.000000,-0.024479710580041426,-0.12001607888814833,0.3200038918072352,-0.024479710580041426,-0.12001607888814833,0.3200038918072352,0.0,0.0,0.0,-1.5750024278197174,-0.020598454444625748,-11.169780459648845,-1.5750024278197174,-0.020598454444625748,-11.169780459648845,0.0,0.0,0.0,0.3897985914703504,1.9110560295004952,-9.704534903871538,0.3897985914703504,1.9110560295004952,-9.704534903871538,0.0,0.0,0.0,-1.6359772294166781,-0.3195428100315364,-1.3667820537465647,-1.6359772294166781,-0.3195428100315364,-1.3667820537465647,0.0,0.0,0.0,-0.32043941149337096,-1.571010472650179,0.6202134025247316,-0.32043941149337096,-1.571010472650179,0.6202134025247316,0.0,0.0,0.0,3.517836928649479e-14,2.846785307486499e-13,-0.0026685951900144974,3.517836928649479e-14,2.846785307486499e-13,-0.0026685951900144974,0.0,0.0,0.0,robotiq_85_left_knuckle_joint,3.192196660506805e-05,-0.0017734426246040803,,robotiq_85_left_knuckle_joint,3.192196660506805e-05,-0.0017734426246040803,,0.0,0.0,
sentinel_joint_telemetry_v2,20260731_120941,20260731_120941:1,1,14,short_cube_pick_place,attack,mitm_trajectory_manipulation,joint_offset,medium,shoulder_pan_joint,cube,cube_transport,0.1,rad,,0,,,,cube_approach,2026-07-31T12:09:45.287+01:00,0.279336,0.020270,49.333273,0,4850.780000000,4850.780000000,trusted_fallback,0.000000,-0.02687989908551866,-0.12000560636161942,0.35118186325176126,-0.02687989908551866,-0.12000560636161942,0.35118186325176126,0.0,0.0,0.0,-1.5754144096999483,-0.020599461097742102,-12.200254085217557,-1.5754144096999483,-0.020599461097742102,-12.200254085217557,0.0,0.0,0.0,0.42801759310598864,1.910889271969408,-10.60253180863553,0.42801759310598864,1.910889271969408,-10.60253180863553,0.0,0.0,0.0,-1.642367731312361,-0.3195149269308424,-1.4898228206253312,-1.642367731312361,-0.3195149269308424,-1.4898228206253312,0.0,0.0,0.0,-0.3518578790301485,-1.5708733872777139,0.6718338373805407,-0.3518578790301485,-1.5708733872777139,0.6718338373805407,0.0,0.0,0.0,4.082102923689483e-14,2.79359868571305e-13,-0.00303605363732089,4.082102923689483e-14,2.79359868571305e-13,-0.00303605363732089,0.0,0.0,0.0,robotiq_85_left_knuckle_joint,-3.338502755088944e-14,3.183217578417441e-14,,robotiq_85_left_knuckle_joint,-3.338502755088944e-14,3.183217578417441e-14,,0.0,0.0,
sentinel_joint_telemetry_v2,20260731_120941,20260731_120941:1,1,15,short_cube_pick_place,attack,mitm_trajectory_manipulation,joint_offset,medium,shoulder_pan_joint,cube,cube_transport,0.1,rad,,0,,,,cube_approach,2026-07-31T12:09:45.309+01:00,0.301091,0.021755,45.966711,0,4850.802000000,4850.802000000,trusted_fallback,0.000000,-0.029513591039976174,-0.120356053336253,0.39092709253589314,-0.029513591039976174,-0.120356053336253,0.39092709253589314,0.0,0.0,0.0,-1.5758658938879924,-0.020694783983372426,-13.32053259677703,-1.5758658938879924,-0.020694783983372426,-13.32053259677703,0.0,0.0,0.0,0.4699547479943172,1.9164695559556162,-11.570610336834466,0.4699547479943172,1.9164695559556162,-11.570610336834466,0.0,0.0,0.0,-1.6493799361410864,-0.32044799199463364,-1.6207606583722367,-1.6493799361410864,-0.32044799199463364,-1.6207606583722367,0.0,0.0,0.0,-0.38633290671416265,-1.5754607381703063,0.7267400873199128,-0.38633290671416265,-1.5754607381703063,0.7267400873199128,0.0,0.0,0.0,3.396506899292713e-14,2.1953619477876885e-13,-0.0024995440409671596,3.396506899292713e-14,2.1953619477876885e-13,-0.0024995440409671596,0.0,0.0,0.0,robotiq_85_left_knuckle_joint,0.0006466976882609758,-0.03592764938649616,,robotiq_85_left_knuckle_joint,0.0006466976882609758,-0.03592764938649616,,0.0,0.0,
sentinel_joint_telemetry_v2,20260731_120941,20260731_120941:1,1,16,short_cube_pick_place,attack,mitm_trajectory_manipulation,joint_offset,medium,shoulder_pan_joint,cube,cube_transport,0.1,rad,,0,,,,cube_approach,2026-07-31T12:09:45.331+01:00,0.323138,0.022046,45.358851,0,4850.824000000,4850.824000000,trusted_fallback,0.000000,-0.032157988800456325,-0.12011173330951114,0.42297068844762264,-0.032157988800456325,-0.12011173330951114,0.42297068844762264,0.0,0.0,0.0,-1.5763202646037546,-0.020629744218284653,-14.398803975918876,-1.5763202646037546,-0.020629744218284653,-14.398803975918876,0.0,0.0,0.0,0.5120623750003471,1.9125791667351253,-12.518963634859333,0.5120623750003471,1.9125791667351253,-12.518963634859333,0.0,0.0,0.0,-1.6564206451781311,-0.31979748993165547,-1.7481969208675925,-1.6564206451781311,-0.31979748993165547,-1.7481969208675925,0.0,0.0,0.0,-0.4209480733988508,-1.5722625890242117,0.7768745866542209,-0.4209480733988508,-1.5722625890242117,0.7768745866542209,0.0,0.0,0.0,3.761222448720676e-14,-7.94850296692573e-14,-0.0024310295689368476,3.761222448720676e-14,-7.94850296692573e-14,-0.0024310295689368476,0.0,0.0,0.0,robotiq_85_left_knuckle_joint,0.00020294058652737618,-0.01127447706834549,,robotiq_85_left_knuckle_joint,0.00020294058652737618,-0.01127447706834549,,0.0,0.0,
sentinel_joint_telemetry_v2,20260731_120941,20260731_120941:1,1,17,short_cube_pick_place,attack,mitm_trajectory_manipulation,joint_offset,medium,shoulder_pan_joint,cube,cube_transport,0.1,rad,,0,,,,cube_approach,2026-07-31T12:09:45.353+01:00,0.345151,0.022014,45.426187,0,4850.846000000,4850.846000000,trusted_fallback,0.000000,-0.03479936886429167,-0.12003506309640034,0.4559150193652031,-0.03479936886429167,-0.12003506309640034,0.4559150193652031,0.0,0.0,0.0,-1.5767738319867632,-0.02060933405066244,-15.45304541055012,-1.5767738319867632,-0.02060933405066244,-15.45304541055012,0.0,0.0,0.0,0.55412195021688,1.9113583213751082,-13.443009277069377,0.55412195021688,1.9113583213751082,-13.443009277069377,0.0,0.0,0.0,-1.6634533195979913,-0.3195933554910332,-1.8706494807534964,-1.6634533195979913,-0.3195933554910332,-1.8706494807534964,0.0,0.0,0.0,-0.45552373843451244,-1.5712589759348885,0.8234381914874104,-0.45552373843451244,-1.5712589759348885,0.8234381914874104,0.0,0.0,0.0,3.6522337625890485e-14,-9.950894275245759e-14,-0.0023617911100988144,3.6522337625890485e-14,-9.950894275245759e-14,-0.0023617911100988144,0.0,0.0,0.0,robotiq_85_left_knuckle_joint,6.368490593472864e-05,-0.0035380503688050603,,robotiq_85_left_knuckle_joint,6.368490593472864e-05,-0.0035380503688050603,,0.0,0.0,
sentinel_joint_telemetry_v2,20260731_120941,20260731_120941:1,1,18,short_cube_pick_place,attack,mitm_trajectory_manipulation,joint_offset,medium,shoulder_pan_joint,cube,cube_transport,0.1,rad,,0,,,,cube_approach,2026-07-31T12:09:45.375+01:00,0.367063,0.021911,45.638418,0,4850.868000000,4850.868000000,trusted_fallback,0.000000,-0.03743980194294561,-0.12001100317115543,0.4892550077303542,-0.03743980194294561,-0.12001100317115543,0.4892550077303542,0.0,0.0,0.0,-1.5772271472754396,-0.020602929123816546,-16.47812254295127,-1.5772271472754396,-0.020602929123816546,-16.47812254295127,0.0,0.0,0.0,0.5961664462727086,1.9109752071648125,-14.341482470965094,0.5961664462727086,1.9109752071648125,-14.341482470965094,0.0,0.0,0.0,-1.6704834726698425,-0.3195292959407954,-1.9880447349112902,-1.6704834726698425,-0.3195292959407954,-1.9880447349112902,0.0,0.0,0.0,-0.49008700743415184,-1.5709440315130856,0.8661699126073782,-0.49008700743415184,-1.5709440315130856,0.8661699126073782,0.0,0.0,0.0,3.492095540461812e-14,-7.890563202828105e-14,-0.0022998521566910896,3.492095540461812e-14,-7.890563202828105e-14,-0.0022998521566910896,0.0,0.0,0.0,robotiq_85_left_knuckle_joint,-3.459792783823e-14,8.601799827978596e-14,,robotiq_85_left_knuckle_joint,-3.459792783823e-14,8.601799827978596e-14,,0.0,0.0,
sentinel_joint_telemetry_v2,20260731_120941,20260731_120941:1,1,19,short_cube_pick_place,attack,mitm_trajectory_manipulation,joint_offset,medium,shoulder_pan_joint,cube,cube_transport,0.1,rad,,0,,,,cube_approach,2026-07-31T12:09:45.397+01:00,0.389306,0.022244,44.956602,0,4850.890000000,4850.890000000,trusted_fallback,0.000000,-0.040079937847614586,-0.12000345291160643,0.47461338954145316,-0.040079937847614586,-0.12000345291160643,0.47461338954145316,0.0,0.0,0.0,-1.5776803834542454,-0.020600919189991435,-17.315759256937366,-1.5776803834542454,-0.020600919189991435,-17.315759256937366,0.0,0.0,0.0,0.6382062103281192,1.9108549818655438,-15.123246034049412,0.6382062103281192,1.9108549818655438,-15.123246034049412,0.0,0.0,0.0,-1.6775128345159938,-0.31950919337650613,-2.0817580646928464,-1.6775128345159938,-0.31950919337650613,-2.0817580646928464,0.0,0.0,0.0,-0.5246463864263065,-1.5708451986141558,0.8652057533964769,-0.5246463864263065,-1.5708451986141558,0.8652057533964769,0.0,0.0,0.0,3.406224299788094e-14,1.7234824678524774e-13,-0.002567240604268768,3.406224299788094e-14,1.7234824678524774e-13,-0.002567240604268768,0.0,0.0,0.0,robotiq_85_left_knuckle_joint,-3.370087457322678e-14,1.056411902400356e-13,,robotiq_85_left_knuckle_joint,-3.370087457322678e-14,1.056411902400356e-13,,0.0,0.0,
sentinel_joint_telemetry_v2,20260731_120941,20260731_120941:1,1,20,short_cube_pick_place,attack,mitm_trajectory_manipulation,joint_offset,medium,shoulder_pan_joint,cube,cube_transport,0.1,rad,,0,,,,cube_approach,2026-07-31T12:09:45.419+01:00,0.411091,0.021785,45.903642,0,4850.912000000,4850.912000000,trusted_fallback,0.000000,-0.04271998049594051,-0.12000108356028188,0.5537825084120935,-0.04271998049594051,-0.12000108356028188,0.5537825084120935,0.0,0.0,0.0,-1.5781335948075326,-0.02060028845137027,-18.43390430813517,-1.5781335948075326,-0.02060028845137027,-18.43390430813517,0.0,0.0,0.0,0.6802444894316616,1.9108172538929935,-16.057155776934373,0.6802444894316616,1.9108172538929935,-16.057155776934373,0.0,0.0,0.0,-1.6845419480671198,-0.31950288497779705,-2.207078917140512,-1.6845419480671198,-0.31950288497779705,-2.207078917140512,0.0,0.0,0.0,-0.5592045446929462,-1.5708141838062535,0.9388882841807992,-0.5592045446929462,-1.5708141838062535,0.9388882841807992,0.0,0.0,0.0,3.7752136874438206e-14,1.4026974026748462e-13,-0.002786483723462127,3.7752136874438206e-14,1.4026974026748462e-13,-0.002786483723462127,0.0,0.0,0.0,robotiq_85_left_knuckle_joint,-3.2170536217189565e-14,9.568040804097677e-14,,robotiq_85_left_knuckle_joint,-3.2170536217189565e-14,9.568040804097677e-14,,0.0,0.0,
sentinel_joint_telemetry_v2,20260731_120941,20260731_120941:1,1,21,short_cube_pick_place,attack,mitm_trajectory_manipulation,joint_offset,medium,shoulder_pan_joint,cube,cube_transport,0.1,rad,,0,,,,cube_approach,2026-07-31T12:09:45.439+01:00,0.431250,0.020159,49.605180,0,4850.932000000,4850.932000000,trusted_fallback,0.000000,-0.04511999319937151,-0.1200003778140992,0.5831944976336538,-0.04511999319937151,-0.1200003778140992,0.5831944976336538,0.0,0.0,0.0,-1.5785455981892735,-0.020600100576679808,-19.277145675312923,-1.5785455981892735,-0.020600100576679808,-19.277145675312923,0.0,0.0,0.0,0.7184606917126536,1.9108060160610432,-16.799188997520226,0.7184606917126536,1.9108060160610432,-16.799188997520226,0.0,0.0,0.0,-1.6909319818899846,-0.3195010059293193,-2.2996222031040165,-1.6909319818899846,-0.3195010059293193,-2.2996222031040165,0.0,0.0,0.0,-0.5906207109808945,-1.5708049455881998,0.9664385103896931,-0.5906207109808945,-1.5708049455881998,0.9664385103896931,0.0,0.0,0.0,4.018530512465365e-14,1.1383602394055004e-13,-0.002930145105829324,4.018530512465365e-14,1.1383602394055004e-13,-0.002930145105829324,0.0,0.0,0.0,robotiq_85_left_knuckle_joint,-3.0329043980713326e-14,1.0692488561225844e-13,,robotiq_85_left_knuckle_joint,-3.0329043980713326e-14,1.0692488561225844e-13,,0.0,0.0,
sentinel_joint_telemetry_v2,20260731_120941,20260731_120941:1,1,22,short_cube_pick_place,attack,mitm_trajectory_manipulation,joint_offset,medium,shoulder_pan_joint,cube,cube_transport,0.1,rad,,0,,,,cube_approach,2026-07-31T12:09:45.461+01:00,0.453025,0.021775,45.923837,0,4850.954000000,4850.954000000,trusted_fallback,0.000000,-0.047759997865907955,-0.12000011856205804,0.615098953663645,-0.047759997865907955,-0.12000011856205804,0.615098953663645,0.0,0.0,0.0,-1.578998799431536,-0.020600031561937092,-20.16940092232735,-1.578998799431536,-0.020600031561937092,-20.16940092232735,0.0,0.0,0.0,0.760498366019491,1.9108018879040591,-17.585936179442733,0.760498366019491,1.9108018879040591,-17.585936179442733,0.0,0.0,0.0,-1.6979609943146297,-0.31950031567139386,-2.3958786937884886,-1.6979609943146297,-0.31950031567139386,-2.3958786937884886,0.0,0.0,0.0,-0.6251783720658869,-1.5708015519785599,0.9924128328383583,-0.6251783720658869,-1.5708015519785599,0.9924128328383583,0.0,0.0,0.0,4.2488699578993004e-14,1.0263057764747785e-13,-0.003085110295117786,4.2488699578993004e-14,1.0263057764747785e-13,-0.003085110295117786,0.0,0.0,0.0,robotiq_85_left_knuckle_joint,-2.7816706420501247e-14,1.2665216098106669e-13,,robotiq_85_left_knuckle_joint,-2.7816706420501247e-14,1.2665216098106669e-13,,0.0,0.0,
sentinel_joint_telemetry_v2,20260731_120941,20260731_120941:1,1,23,short_cube_pick_place,attack,mitm_trajectory_manipulation,joint_offset,medium,shoulder_pan_joint,cube,cube_transport,0.1,rad,,0,,,,cube_approach,2026-07-31T12:09:45.481+01:00,0.473058,0.020033,49.918844,0,4850.974000000,4850.974000000,trusted_fallback,0.000000,-0.0501599992559043,-0.12000004134002575,0.6436453879044378,-0.0501599992559043,-0.12000004134002575,0.6436453879044378,0.0,0.0,0.0,-1.5794107998015605,-0.020600011004924312,-20.947102755225867,-1.5794107998015605,-0.020600011004924312,-20.947102755225867,0.0,0.0,0.0,0.7987143881528804,1.9108006582715968,-18.273228935556066,0.7987143881528804,1.9108006582715968,-18.273228935556066,0.0,0.0,0.0,-1.7043509980154985,-0.3195001100682033,-2.4781922159246195,-1.7043509980154985,-0.3195001100682033,-2.4781922159246195,0.0,0.0,0.0,-0.6565943902609593,-1.5708005411418127,1.0119883127431226,-0.6565943902609593,-1.5708005411418127,1.0119883127431226,0.0,0.0,0.0,4.4438602491738677e-14,9.781411791642824e-14,-0.0032230449749364757,4.4438602491738677e-14,9.781411791642824e-14,-0.0032230449749364757,0.0,0.0,0.0,robotiq_85_left_knuckle_joint,-2.510091355213271e-14,1.4601861386687176e-13,,robotiq_85_left_knuckle_joint,-2.510091355213271e-14,1.4601861386687176e-13,,0.0,0.0,
sentinel_joint_telemetry_v2,20260731_120941,20260731_120941:1,1,24,short_cube_pick_place,attack,mitm_trajectory_manipulation,joint_offset,medium,shoulder_pan_joint,cube,cube_transport,0.1,rad,,0,,,,cube_approach,2026-07-31T12:09:45.501+01:00,0.493076,0.020018,49.955178,0,4850.994000000,4850.994000000,trusted_fallback,0.000000,-0.052559999740565924,-0.12000001441436894,0.6717077771392544,-0.052559999740565924,-0.12000001441436894,0.6717077771392544,0.0,0.0,0.0,-1.579822799930579,-0.020600003837151465,-21.69175073208789,-1.579822799930579,-0.020600003837151465,-21.69175073208789,0.0,0.0,0.0,0.8369303958703176,1.9108002295251127,-18.93289810805335,0.8369303958703176,1.9108002295251127,-18.93289810805335,0.0,0.0,0.0,-1.710740999305922,-0.31950003837905727,-2.5554287458886744,-1.710740999305922,-0.31950003837905727,-2.5554287458886744,0.0,0.0,0.0,-0.6880103966051936,-1.5708001886846523,1.0276386853099626,-0.6880103966051936,-1.5708001886846523,1.0276386853099626,0.0,0.0,0.0,4.631194685331905e-14,9.448258148081479e-14,-0.0033580351701000444,4.631194685331905e-14,9.448258148081479e-14,-0.0033580351701000444,0.0,0.0,0.0,robotiq_85_left_knuckle_joint,-2.1984958141772793e-14,1.6523241108679088e-13,,robotiq_85_left_knuckle_joint,-2.1984958141772793e-14,1.6523241108679088e-13,,0.0,0.0,
sentinel_joint_telemetry_v2,20260731_120941,20260731_120941:1,1,25,short_cube_pick_place,attack,mitm_trajectory_manipulation,joint_offset,medium,shoulder_pan_joint,cube,cube_transport,0.1,rad,,0,,,,cube_approach,2026-07-31T12:09:45.523+01:00,0.515040,0.021964,45.529019,0,4851.016000000,4851.016000000,trusted_fallback,0.000000,-0.05519362262659903,-0.12035429852365635,0.7056477504767742,-0.05519362262659903,-0.12035429852365635,0.7056477504767742,0.0,0.0,0.0,-1.580271713854719,-0.02083811916257672,-22.485366582454184,-1.580271713854719,-0.02083811916257672,-22.485366582454184,0.0,0.0,0.0,0.8788664509589528,1.916441613489729,-19.62212893123126,0.8788664509589528,1.916441613489729,-19.62212893123126,0.0,0.0,0.0,-1.7177530202400975,-0.320443319815016,-2.6329035095629743,-1.7177530202400975,-0.320443319815016,-2.6329035095629743,0.0,0.0,0.0,-0.7224845201833763,-1.5754377676747018,1.0399587063669005,-0.7224845201833763,-1.5754377676747018,1.0399587063669005,0.0,0.0,0.0,4.275861431191849e-14,4.2794457214001547e-13,-0.0035085496752179607,4.275861431191849e-14,4.2794457214001547e-13,-0.0035085496752179607,0.0,0.0,0.0,robotiq_85_left_knuckle_joint,0.00026335142080609786,-0.014630634509554333,,robotiq_85_left_knuckle_joint,0.00026335142080609786,-0.014630634509554333,,0.0,0.0,
sentinel_joint_telemetry_v2,20260731_120941,20260731_120941:1,1,26,short_cube_pick_place,attack,mitm_trajectory_manipulation,joint_offset,medium,shoulder_pan_joint,cube,cube_transport,0.1,rad,,0,,,,cube_approach,2026-07-31T12:09:45.543+01:00,0.535074,0.020034,49.914885,0,4851.036000000,4851.036000000,trusted_fallback,0.000000,-0.05759777634740762,-0.12012353625648743,0.7300671780110248,-0.05759777634740762,-0.12012353625648743,0.7300671780110248,0.0,0.0,0.0,-1.580686505513316,-0.02068302701831999,-23.14759707747155,-1.580686505513316,-0.02068302701831999,-23.14759707747155,0.0,0.0,0.0,0.917148592039931,1.9127671089903677,-20.22265928600772,0.917148592039931,1.9127671089903677,-20.22265928600772,0.0,0.0,0.0,-1.7241540795216939,-0.31982891528376955,-2.700027929726621,-1.7241540795216939,-0.31982891528376955,-2.700027929726621,0.0,0.0,0.0,-0.753954892388761,-1.5724170895972691,1.0472544293297066,-0.753954892388761,-1.5724170895972691,1.0472544293297066,0.0,0.0,0.0,4.960150341449472e-14,1.2447248093350183e-13,-0.0036333886736597825,4.960150341449472e-14,1.2447248093350183e-13,-0.0036333886736597825,0.0,0.0,0.0,robotiq_85_left_knuckle_joint,9.18249623798538e-05,-0.005101386814705887,,robotiq_85_left_knuckle_joint,9.18249623798538e-05,-0.005101386814705887,,0.0,0.0,
sentinel_joint_telemetry_v2,20260731_120941,20260731_120941:1,1,27,short_cube_pick_place,attack,mitm_trajectory_manipulation,joint_offset,medium,shoulder_pan_joint,cube,cube_transport,0.1,rad,,0,,,,cube_approach,2026-07-31T12:09:45.565+01:00,0.557063,0.021989,45.478289,0,4851.058000000,4851.058000000,trusted_fallback,0.000000,-0.060228502194262686,-0.12063876698100802,-1.066160820098294,-0.060228502194262686,-0.12063876698100802,-1.066160820098294,0.0,0.0,0.0,-1.581132152389074,-0.02125017104945058,-12.614182275980163,-1.581132152389074,-0.02125017104945058,-12.614182275980163,0.0,0.0,0.0,0.9590385166080604,1.9209712996019106,-16.274967423778893,0.9590385166080604,1.9209712996019106,-16.274967423778893,0.0,0.0,0.0,-1.7311583870891585,-0.32120071717792514,-2.236741945611179,-1.7311583870891585,-0.32120071717792514,-2.236741945611179,0.0,0.0,0.0,-0.7883910937240755,-1.5791614597952448,0.7517640769249684,-0.7883910937240755,-1.5791614597952448,0.7517640769249684,0.0,0.0,0.0,4.001851092033737e-14,-4.9788383051779794e-12,-0.0010400250972559893,4.001851092033737e-14,-4.9788383051779794e-12,-0.0010400250972559893,0.0,0.0,0.0,robotiq_85_left_knuckle_joint,2.8815646118802247e-05,-0.0016008692032221435,,robotiq_85_left_knuckle_joint,2.8815646118802247e-05,-0.0016008692032221435,,0.0,0.0,
sentinel_joint_telemetry_v2,20260731_120941,20260731_120941:1,1,28,short_cube_pick_place,attack,mitm_trajectory_manipulation,joint_offset,medium,shoulder_pan_joint,cube,cube_transport,0.1,rad,,0,,,,cube_approach,2026-07-31T12:09:45.585+01:00,0.577068,0.020006,49.986091,0,4851.078000000,4851.078000000,trusted_fallback,0.000000,-0.06263599096304835,-0.1202227242764408,0.7858910625170459,-0.06263599096304835,-0.1202227242764408,0.7858910625170459,0.0,0.0,0.0,-1.5815500452929006,-0.020775261485818014,-24.44632146223308,-1.5815500452929006,-0.020775261485818014,-24.44632146223308,0.0,0.0,0.0,0.9973737627696374,1.9143465128940542,-21.380723582385947,0.9973737627696374,1.9143465128940542,-21.380723582385947,0.0,0.0,0.0,-1.7375683259359265,-0.3200930033862344,-2.8214242393764044,-1.7375683259359265,-0.3200930033862344,-2.8214242393764044,0.0,0.0,0.0,-0.8199051217074796,-1.5737154607779706,1.0495541624358913,-0.8199051217074796,-1.5737154607779706,1.0495541624358913,0.0,0.0,0.0,5.1992373309272347e-14,1.9667034385599524e-13,-0.0039027720656718426,5.1992373309272347e-14,1.9667034385599524e-13,-0.0039027720656718426,0.0,0.0,0.0,robotiq_85_left_knuckle_joint,1.0047394431204778e-05,-0.0005581885849893827,,robotiq_85_left_knuckle_joint,1.0047394431204778e-05,-0.0005581885849893827,,0.0,0.0,
sentinel_joint_telemetry_v2,20260731_120941,20260731_120941:1,1,29,short_cube_pick_place,attack,mitm_trajectory_manipulation,joint_offset,medium,shoulder_pan_joint,cube,cube_transport,0.1,rad,,0,,,,cube_approach,2026-07-31T12:09:45.605+01:00,0.597114,0.020046,49.884903,0,4851.098000000,4851.098000000,trusted_fallback,0.000000,-0.06503860213526562,-0.12007765915324688,0.8091103538391619,-0.06503860213526562,-0.12007765915324688,0.8091103538391619,0.0,0.0,0.0,-1.5819641000214173,-0.02066110990160004,-24.995261585626757,-1.5819641000214173,-0.02066110990160004,-24.995261585626757,0.0,0.0,0.0,1.0356313413352218,1.9120365925827691,-21.883358497661078,1.0356313413352218,1.9120365925827691,-21.883358497661078,0.0,0.0,0.0,-1.7439652781819635,-0.31970676749776417,-2.871305340950461,-1.7439652781819635,-0.31970676749776417,-2.871305340950461,0.0,0.0,0.0,-0.8513553019517891,-1.5718165583150003,1.0441466072079766,-0.8513553019517891,-1.5718165583150003,1.0441466072079766,0.0,0.0,0.0,5.552824634677816e-14,7.192141847356393e-14,-0.004012573030103784,5.552824634677816e-14,7.192141847356393e-14,-0.004012573030103784,0.0,0.0,0.0,robotiq_85_left_knuckle_joint,1.0199355518790033e-07,0.00010199355596360055,,robotiq_85_left_knuckle_joint,1.0199355518790033e-07,0.00010199355596360055,,0.0,0.0,
sentinel_joint_telemetry_v2,20260731_120941,20260731_120941:1,1,30,short_cube_pick_place,attack,mitm_trajectory_manipulation,joint_offset,medium,shoulder_pan_joint,cube,cube_transport,0.1,rad,,0,,,,cube_approach,2026-07-31T12:09:45.627+01:00,0.619073,0.021958,45.540941,0,4851.120000000,4851.120000000,trusted_fallback,0.000000,-0.06767956133525106,-0.12002437026516075,0.8344670084309274,-0.06767956133525106,-0.12002437026516075,0.8344670084309274,0.0,0.0,0.0,-1.5824180548148226,-0.020619176934687934,-25.55945417909514,-1.5824180548148226,-0.020619176934687934,-25.55945417909514,0.0,0.0,0.0,1.0776842149963044,1.9111880558546899,-22.398013648889922,1.0776842149963044,1.9111880558546899,-22.398013648889922,0.0,0.0,0.0,-1.75099683205197,-0.3195648858335474,-2.9194427717939,-1.75099683205197,-0.3195648858335474,-2.9194427717939,0.0,0.0,0.0,-0.8859254578795744,-1.5711190067696468,1.033369574858704,-0.8859254578795744,-1.5711190067696468,1.033369574858704,0.0,0.0,0.0,5.731586837201117e-14,5.86841773092539e-14,-0.0041338772634236095,5.731586837201117e-14,5.86841773092539e-14,-0.0041338772634236095,0.0,0.0,0.0,robotiq_85_left_knuckle_joint,5.284126886985279e-06,-0.00029356259824711486,,robotiq_85_left_knuckle_joint,5.284126886985279e-06,-0.00029356259824711486,,0.0,0.0,
sentinel_joint_telemetry_v2,20260731_120941,20260731_120941:1,1,31,short_cube_pick_place,attack,mitm_trajectory_manipulation,joint_offset,medium,shoulder_pan_joint,cube,cube_transport,0.1,rad,,0,,,,cube_approach,2026-07-31T12:09:45.647+01:00,0.639094,0.020022,49.946046,0,4851.140000000,4851.140000000,trusted_fallback,0.000000,-0.07007984704707523,-0.12000849738603833,0.8572149417424134,-0.07007984704707523,-0.12000849738603833,0.8572149417424134,0.0,0.0,0.0,-1.582830279641141,-0.0206066865837021,-26.032545483079545,-1.582830279641141,-0.0206066865837021,-26.032545483079545,0.0,0.0,0.0,1.115904764480899,1.9109353067093078,-22.830849061329673,1.115904764480899,1.9109353067093078,-22.830849061329673,0.0,0.0,0.0,-1.7573875927597495,-0.3195226242928899,-2.9573064976960657,-1.7573875927597495,-0.3195226242928899,-2.9573064976960657,0.0,0.0,0.0,-0.9173451978473255,-1.5709112307816755,1.019461657300146,-0.9173451978473255,-1.5709112307816755,1.019461657300146,0.0,0.0,0.0,5.864705505199538e-14,6.366651997269379e-14,-0.004242562111752249,5.864705505199538e-14,6.366651997269379e-14,-0.004242562111752249,0.0,0.0,0.0,robotiq_85_left_knuckle_joint,4.026886888805713e-06,-0.00022371592547529556,,robotiq_85_left_knuckle_joint,4.026886888805713e-06,-0.00022371592547529556,,0.0,0.0,
sentinel_joint_telemetry_v2,20260731_120941,20260731_120941:1,1,32,short_cube_pick_place,attack,mitm_trajectory_manipulation,joint_offset,medium,shoulder_pan_joint,cube,cube_transport,0.1,rad,,0,,,,cube_approach,2026-07-31T12:09:45.669+01:00,0.661095,0.022001,45.453483,0,4851.162000000,4851.162000000,trusted_fallback,0.000000,-0.07271995200176792,-0.12000266656977841,0.8813241180918734,-0.07271995200176792,-0.12000266656977841,0.8813241180918734,0.0,0.0,0.0,-1.5832835622298735,-0.020602098320842373,-26.507173530184595,-1.5832835622298735,-0.020602098320842373,-26.507173530184595,0.0,0.0,0.0,1.157944035709432,1.910842460678229,-23.26787876570779,1.157944035709432,1.910842460678229,-23.26787876570779,0.0,0.0,0.0,-1.7644168722016729,-0.31950709974458474,-2.9925638387173725,-1.7644168722016729,-0.31950709974458474,-2.9925638387173725,0.0,0.0,0.0,-0.9519041717042166,-1.5708349053965704,0.9996110264802128,-0.9519041717042166,-1.5708349053965704,0.9996110264802128,0.0,0.0,0.0,6.010916760108415e-14,6.718410550110576e-14,-0.004358339337041866,6.010916760108415e-14,6.718410550110576e-14,-0.004358339337041866,0.0,0.0,0.0,robotiq_85_left_knuckle_joint,1.2636799869641673e-06,-7.020442378001144e-05,,robotiq_85_left_knuckle_joint,1.2636799869641673e-06,-7.020442378001144e-05,,0.0,0.0,
sentinel_joint_telemetry_v2,20260731_120941,20260731_120941:1,1,33,short_cube_pick_place,attack,mitm_trajectory_manipulation,joint_offset,medium,shoulder_pan_joint,cube,cube_transport,0.1,rad,,0,,,,cube_approach,2026-07-31T12:09:45.691+01:00,0.683049,0.021955,45.548388,0,4851.184000000,4851.184000000,trusted_fallback,0.000000,-0.0753599849376626,-0.12000083679785317,0.9042784719563489,-0.0753599849376626,-0.12000083679785317,0.9042784719563489,0.0,0.0,0.0,-1.5837367881470934,-0.020600658475336,-26.932580232939603,-1.5837367881470934,-0.020600658475336,-26.932580232939603,0.0,0.0,0.0,1.199982160158635,1.910813324609832,-23.66327260690687,1.199982160158635,1.910813324609832,-23.66327260690687,0.0,0.0,0.0,-1.7714459598935475,-0.31950222797687866,-3.0211655245391125,-1.7714459598935475,-0.31950222797687866,-3.0211655245391125,0.0,0.0,0.0,-0.9864622028350365,-1.570810953681811,0.9750491099502969,-0.9864622028350365,-1.570810953681811,0.9750491099502969,0.0,0.0,0.0,6.157284790651434e-14,6.733242435830178e-14,-0.004469334433346886,6.157284790651434e-14,6.733242435830178e-14,-0.004469334433346886,0.0,0.0,0.0,robotiq_85_left_knuckle_joint,3.965564729008872e-07,-2.203088775996312e-05,,robotiq_85_left_knuckle_joint,3.965564729008872e-07,-2.203088775996312e-05,,0.0,0.0,
sentinel_joint_telemetry_v2,20260731_120941,20260731_120941:1,1,34,short_cube_pick_place,attack,mitm_trajectory_manipulation,joint_offset,medium,shoulder_pan_joint,cube,cube_transport,0.1,rad,,0,,,,cube_approach,2026-07-31T12:09:45.711+01:00,0.703110,0.020061,49.848550,0,4851.204000000,4851.204000000,trusted_fallback,0.000000,-0.07774919474809744,-0.12060029177187025,0.9329847056624476,-0.07774919474809744,-0.12060029177187025,0.9329847056624476,0.0,0.0,0.0,-1.5841420805169628,-0.020973304599281612,-27.31329615098909,-1.5841420805169628,-0.020973304599281612,-27.31329615098909,0.0,0.0,0.0,1.2380263443734554,1.9203586459850457,-23.985369723917593,1.2380263443734554,1.9203586459850457,-23.985369723917593,0.0,0.0,0.0,-1.7778072310140414,-0.32109827688677023,-3.0396232209159346,-1.7778072310140414,-0.32109827688677023,-3.0396232209159346,0.0,0.0,0.0,-1.0177369592535621,-1.5786578192854026,0.949394569935861,-1.0177369592535621,-1.5786578192854026,0.949394569935861,0.0,0.0,0.0,5.313566075966071e-14,-2.2783806091775105e-12,-0.004609103569266779,5.313566075966071e-14,-2.2783806091775105e-12,-0.004609103569266779,0.0,0.0,0.0,robotiq_85_left_knuckle_joint,1.382711214943906e-07,-7.681675942580388e-06,,robotiq_85_left_knuckle_joint,1.382711214943906e-07,-7.681675942580388e-06,,0.0,0.0,
sentinel_joint_telemetry_v2,20260731_120941,20260731_120941:1,1,35,short_cube_pick_place,attack,mitm_trajectory_manipulation,joint_offset,medium,shoulder_pan_joint,cube,cube_transport,0.1,rad,,0,,,,cube_approach,2026-07-31T12:09:45.733+01:00,0.725042,0.021932,45.595321,0,4851.226000000,4851.226000000,trusted_fallback,0.000000,-0.0803966091974772,-0.12018837791928161,0.9473816639696159,-0.0803966091974772,-0.12018837791928161,0.9473816639696159,0.0,0.0,0.0,-1.5845998913547796,-0.020717146937312872,-27.617359187480915,-1.5845998913547796,-0.020717146937312872,-27.617359187480915,0.0,0.0,0.0,1.280182007122361,1.913799604399658,-24.300404396445337,1.280182007122361,1.913799604399658,-24.300404396445337,0.0,0.0,0.0,-1.7848559719854311,-0.3200015562114818,-3.056977386621221,-1.7848559719854311,-0.3200015562114818,-3.056977386621221,0.0,0.0,0.0,-1.0523916143959111,-1.573265866961025,0.9157191156125964,-1.0523916143959111,-1.573265866961025,0.9157191156125964,0.0,0.0,0.0,6.315402536978108e-14,1.4425440009180335e-13,-0.004680985959016967,6.315402536978108e-14,1.4425440009180335e-13,-0.004680985959016967,0.0,0.0,0.0,robotiq_85_left_knuckle_joint,4.339141795719643e-08,-2.4105919836387574e-06,,robotiq_85_left_knuckle_joint,4.339141795719643e-08,-2.4105919836387574e-06,,0.0,0.0,
sentinel_joint_telemetry_v2,20260731_120941,20260731_120941:1,1,36,short_cube_pick_place,attack,mitm_trajectory_manipulation,joint_offset,medium,shoulder_pan_joint,cube,cube_transport,0.1,rad,,0,,,,cube_approach,2026-07-31T12:09:45.753+01:00,0.745054,0.020012,49.970258,0,4851.246000000,4851.246000000,trusted_fallback,0.000000,-0.08279881770028172,-0.12006568331902923,0.9629077868174498,-0.08279881770028172,-0.12006568331902923,0.9629077868174498,0.0,0.0,0.0,-1.5850132647606465,-0.020640846611429755,-27.86503704566489,-1.5850132647606465,-0.020640846611429755,-27.86503704566489,0.0,0.0,0.0,1.3184331738486528,1.9118458973817893,-24.549062048042543,1.3184331738486528,1.9118458973817893,-24.549062048042543,0.0,0.0,0.0,-1.7912518521241776,-0.3196748818396617,-3.0664025418514393,-1.7912518521241776,-0.3196748818396617,-3.0664025418514393,0.0,0.0,0.0,-1.083836523697574,-1.5716597946433517,0.8816229896914078,-1.083836523697574,-1.5716597946433517,0.8816229896914078,0.0,0.0,0.0,6.567550232062632e-14,5.569329719623539e-14,-0.004759448964219406,6.567550232062632e-14,5.569329719623539e-14,-0.004759448964219406,0.0,0.0,0.0,robotiq_85_left_knuckle_joint,1.513019893716609e-08,-8.405168123596166e-07,,robotiq_85_left_knuckle_joint,1.513019893716609e-08,-8.405168123596166e-07,,0.0,0.0,
sentinel_joint_telemetry_v2,20260731_120941,20260731_120941:1,1,37,short_cube_pick_place,attack,mitm_trajectory_manipulation,joint_offset,medium,shoulder_pan_joint,cube,cube_transport,0.1,rad,,0,,,,cube_approach,2026-07-31T12:09:45.773+01:00,0.765122,0.020068,49.830489,0,4851.266000000,4851.266000000,trusted_fallback,0.000000,-0.08519958775759442,-0.1200229023572165,0.978391887960022,-0.08519958775759442,-0.1200229023572165,0.978391887960022,0.0,0.0,0.0,-1.5854257436376626,-0.020614242332820044,-28.075348549551208,-1.5854257436376626,-0.020614242332820044,-28.075348549551208,0.0,0.0,0.0,1.3566614357278977,1.9111646818665209,-24.761810214640988,1.3566614357278977,1.9111646818665209,-24.761810214640988,0.0,0.0,0.0,-1.797643902401823,-0.31956097752898205,-3.070368893070013,-1.797643902401823,-0.31956097752898205,-3.070368893070013,0.0,0.0,0.0,-1.1152626037477422,-1.5710997918530116,0.8441720241683128,-1.1152626037477422,-1.5710997918530116,0.8441720241683128,0.0,0.0,0.0,6.689048529596573e-14,4.484433657747644e-14,-0.00483915730124046,6.689048529596573e-14,4.484433657747644e-14,-0.00483915730124046,0.0,0.0,0.0,robotiq_85_left_knuckle_joint,5.2762113581807145e-09,-2.930654860525128e-07,,robotiq_85_left_knuckle_joint,5.2762113581807145e-09,-2.930654860525128e-07,,0.0,0.0,
sentinel_joint_telemetry_v2,20260731_120941,20260731_120941:1,1,38,short_cube_pick_place,attack,mitm_trajectory_manipulation,joint_offset,medium,shoulder_pan_joint,cube,cube_transport,0.1,rad,,0,,,,cube_approach,2026-07-31T12:09:45.795+01:00,0.787113,0.021991,45.473347,0,4851.288000000,4851.288000000,trusted_fallback,0.000000,-0.08783987063398176,-0.12000718700237265,0.9944127601999839,-0.08783987063398176,-0.12000718700237265,0.9944127601999839,0.0,0.0,0.0,-1.5858791195505444,-0.02060446939500012,-28.259560306628856,-1.5858791195505444,-0.02060446939500012,-28.259560306628856,0.0,0.0,0.0,1.398703540062871,1.9109144410328014,-24.954222157462432,1.398703540062871,1.9109144410328014,-24.954222157462432,0.0,0.0,0.0,-1.804673655560263,-0.3195191353966331,-3.068736710892267,-1.804673655560263,-0.3195191353966331,-3.068736710892267,0.0,0.0,0.0,-1.1498239065995868,-1.5708940778579135,0.7992042622608446,-1.1498239065995868,-1.5708940778579135,0.7992042622608446,0.0,0.0,0.0,6.796957784045273e-14,4.6613754522972783e-14,-0.004923821598875005,6.796957784045273e-14,4.6613754522972783e-14,-0.004923821598875005,0.0,0.0,0.0,robotiq_85_left_knuckle_joint,1.6565038205334751e-09,-9.196216888864017e-08,,robotiq_85_left_knuckle_joint,1.6565038205334751e-09,-9.196216888864017e-08,,0.0,0.0,
sentinel_joint_telemetry_v2,20260731_120941,20260731_120941:1,1,39,short_cube_pick_place,attack,mitm_trajectory_manipulation,joint_offset,medium,shoulder_pan_joint,cube,cube_transport,0.1,rad,,0,,,,cube_approach,2026-07-31T12:09:45.817+01:00,0.809045,0.021932,45.596383,0,4851.310000000,4851.310000000,trusted_fallback,0.000000,-0.09047995940358958,-0.12000225535750293,1.008973987613444,-0.09047995940358958,-0.12000225535750293,1.008973987613444,0.0,0.0,0.0,-1.5863323747538716,-0.020601402543541484,-28.392887579527617,-1.5863323747538716,-0.020601402543541484,-28.392887579527617,0.0,0.0,0.0,1.4407425535708902,1.9108359128076209,-25.1029022981824,1.4407425535708902,1.9108359128076209,-25.1029022981824,0.0,0.0,0.0,-1.8117028919094025,-0.3195060048920796,-3.0610414591381163,-1.8117028919094025,-0.3195060048920796,-3.0610414591381163,0.0,0.0,0.0,-1.1843826685936838,-1.5708295226264042,0.7504616632225674,-1.1843826685936838,-1.5708295226264042,0.7504616632225674,0.0,0.0,0.0,6.901285007988428e-14,4.738570646978246e-14,-0.005003607609585615,6.901285007988428e-14,4.738570646978246e-14,-0.005003607609585615,0.0,0.0,0.0,robotiq_85_left_knuckle_joint,5.207066409548514e-10,-2.885377352324081e-08,,robotiq_85_left_knuckle_joint,5.207066409548514e-10,-2.885377352324081e-08,,0.0,0.0,
sentinel_joint_telemetry_v2,20260731_120941,20260731_120941:1,1,40,short_cube_pick_place,attack,mitm_trajectory_manipulation,joint_offset,medium,shoulder_pan_joint,cube,cube_transport,0.1,rad,,0,,,,cube_approach,2026-07-31T12:09:45.839+01:00,0.831093,0.022049,45.354242,0,4851.331000000,4851.331000000,trusted_fallback,0.000000,-0.09311998726043322,-0.12000070775508824,1.0218946197382517,-0.09311998726043322,-0.12000070775508824,1.0218946197382517,0.0,0.0,0.0,-1.5867855920772613,-0.020600440133068013,-28.47483009772723,-1.5867855920772613,-0.020600440133068013,-28.47483009772723,0.0,0.0,0.0,1.4827805971446608,1.91081126981845,-25.20776982531362,1.4827805971446608,1.91081126981845,-25.20776982531362,0.0,0.0,0.0,-1.8187319660783063,-0.3195018844005832,-3.0474793221569376,-1.8187319660783063,-0.3195018844005832,-3.0474793221569376,0.0,0.0,0.0,-1.218940633239694,-1.5708092645106297,0.6981605328354542,-1.218940633239694,-1.5708092645106297,0.6981605328354542,0.0,0.0,0.0,7.002629895331686e-14,4.598925407162113e-14,-0.005077853265539516,7.002629895331686e-14,4.598925407162113e-14,-0.005077853265539516,0.0,0.0,0.0,robotiq_85_left_knuckle_joint,1.643876249589724e-10,-9.049661173210488e-09,,robotiq_85_left_knuckle_joint,1.643876249589724e-10,-9.049661173210488e-09,,0.0,0.0,
sentinel_joint_telemetry_v2,20260731_120941,20260731_120941:1,1,41,short_cube_pick_place,attack,mitm_trajectory_manipulation,joint_offset,medium,shoulder_pan_joint,cube,cube_transport,0.1,rad,,0,,,,cube_approach,2026-07-31T12:09:45.859+01:00,0.851119,0.020025,49.936593,0,4851.352000000,4851.352000000,trusted_fallback,0.000000,-0.095515346512135,-0.1202585271050104,1.0365601242715967,-0.095515346512135,-0.1202585271050104,1.0365601242715967,0.0,0.0,0.0,-1.5871967991510845,-0.020644491587357084,-28.52222862449138,-1.5871967991510845,-0.020644491587357084,-28.52222862449138,0.0,0.0,0.0,1.520922700962559,1.9149166132668691,-25.265433246776695,1.520922700962559,1.9149166132668691,-25.265433246776695,0.0,0.0,0.0,-1.8251096100860482,-0.3201883284176117,-3.0295550219195615,-1.8251096100860482,-0.3201883284176117,-3.0295550219195615,0.0,0.0,0.0,-1.2502958858443958,-1.5741841198012192,0.6480383980130624,-1.2502958858443958,-1.5741841198012192,0.6480383980130624,0.0,0.0,0.0,6.93510352888877e-14,1.550886155610165e-13,-0.005161943557637796,6.93510352888877e-14,1.550886155610165e-13,-0.005161943557637796,0.0,0.0,0.0,robotiq_85_left_knuckle_joint,5.83520807285018e-11,-3.150942827837011e-09,,robotiq_85_left_knuckle_joint,5.83520807285018e-11,-3.150942827837011e-09,,0.0,0.0,
sentinel_joint_telemetry_v2,20260731_120941,20260731_120941:1,1,42,short_cube_pick_place,attack,mitm_trajectory_manipulation,joint_offset,medium,shoulder_pan_joint,cube,cube_transport,0.1,rad,,0,,,,cube_approach,2026-07-31T12:09:45.881+01:00,0.873076,0.021957,45.543513,0,4851.374000000,4851.374000000,trusted_fallback,0.000000,-0.09815853968621678,-0.1200811285449166,1.0430685726812492,-0.09815853968621678,-0.1200811285449166,1.0430685726812492,0.0,0.0,0.0,-1.5876505486848884,-0.02061396193163225,-28.493987832924763,-1.5876505486848884,-0.02061396193163225,-28.493987832924763,0.0,0.0,0.0,1.5630111469378152,1.912091836861762,-25.28651502095496,1.5630111469378152,1.912091836861762,-25.28651502095496,0.0,0.0,0.0,-1.8321471119120616,-0.31971600475341333,-3.0058244933260885,-1.8321471119120616,-0.31971600475341333,-3.0058244933260885,0.0,0.0,0.0,-1.2848952844930517,-1.5718619726491967,0.5894062730450624,-1.2848952844930517,-1.5718619726491967,0.5894062730450624,0.0,0.0,0.0,7.192406214990683e-14,4.160040367739981e-14,-0.005210183415165338,7.192406214990683e-14,4.160040367739981e-14,-0.005210183415165338,0.0,0.0,0.0,robotiq_85_left_knuckle_joint,1.9498327616076793e-11,-9.837886113389649e-10,,robotiq_85_left_knuckle_joint,1.9498327616076793e-11,-9.837886113389649e-10,,0.0,0.0,
sentinel_joint_telemetry_v2,20260731_120941,20260731_120941:1,1,43,short_cube_pick_place,attack,mitm_trajectory_manipulation,joint_offset,medium,shoulder_pan_joint,cube,cube_transport,0.1,rad,,0,,,,cube_approach,2026-07-31T12:09:45.903+01:00,0.895068,0.021992,45.470824,0,4851.396000000,4851.396000000,trusted_fallback,0.000000,-0.10079079373807623,-0.12051145899720071,1.058270802007677,-0.10079079373807623,-0.12051145899720071,1.058270802007677,0.0,0.0,0.0,-1.5881024193944295,-0.020687811401577143,-28.456103880013988,-1.5881024193944295,-0.020687811401577143,-28.456103880013988,0.0,0.0,0.0,1.6049254056235518,1.9189441320968212,-25.265195392735592,1.6049254056235518,1.9189441320968212,-25.265195392735592,0.0,0.0,0.0,-1.8391554883252879,-0.3208617595769548,-2.9753550442171997,-1.8391554883252879,-0.3208617595769548,-2.9753550442171997,0.0,0.0,0.0,-1.3193514900317962,-1.5774949982701632,0.5286792736353378,-1.3193514900317962,-1.5774949982701632,0.5286792736353378,0.0,0.0,0.0,6.877348773049859e-14,2.9970123605060905e-13,-0.005304326755155922,6.877348773049859e-14,2.9970123605060905e-13,-0.005304326755155922,0.0,0.0,0.0,robotiq_85_left_knuckle_joint,7.413591812010802e-12,-3.0380398197138447e-10,,robotiq_85_left_knuckle_joint,7.413591812010802e-12,-3.0380398197138447e-10,,0.0,0.0,
sentinel_joint_telemetry_v2,20260731_120941,20260731_120941:1,1,44,short_cube_pick_place,attack,mitm_trajectory_manipulation,joint_offset,medium,shoulder_pan_joint,cube,cube_transport,0.1,rad,,0,,,,cube_approach,2026-07-31T12:09:45.923+01:00,0.915121,0.020053,49.867888,0,4851.416000000,4851.416000000,trusted_fallback,0.000000,-0.10319678997497053,-0.12017833472529398,1.0577659599939113,-0.10319678997497053,-0.12017833472529398,1.0577659599939113,0.0,0.0,0.0,-1.588515448876691,-0.020630617942661,-28.32807159972593,-1.588515448876691,-0.020630617942661,-28.32807159972593,0.0,0.0,0.0,1.6432368857023305,1.9136396832739269,-25.206626464694093,1.6432368857023305,1.9136396832739269,-25.206626464694093,0.0,0.0,0.0,-1.8455614533059839,-0.3199748162078872,-2.945036657842071,-1.8455614533059839,-0.3199748162078872,-2.945036657842071,0.0,0.0,0.0,-1.3508459807726776,-1.5731344015502051,0.4704044628533254,-1.3508459807726776,-1.5731344015502051,0.4704044628533254,0.0,0.0,0.0,7.302680764898877e-14,6.658822798710773e-14,-0.005322136782168441,7.302680764898877e-14,6.658822798710773e-14,-0.005322136782168441,0.0,0.0,0.0,robotiq_85_left_knuckle_joint,3.906747850956639e-12,-1.0131335007046438e-10,,robotiq_85_left_knuckle_joint,3.906747850956639e-12,-1.0131335007046438e-10,,0.0,0.0,
sentinel_joint_telemetry_v2,20260731_120941,20260731_120941:1,1,45,short_cube_pick_place,attack,mitm_trajectory_manipulation,joint_offset,medium,shoulder_pan_joint,cube,cube_transport,0.1,rad,,0,,,,cube_approach,2026-07-31T12:09:45.945+01:00,0.937122,0.022001,45.452430,0,4851.438000000,4851.438000000,trusted_fallback,0.000000,-0.10583899266014998,-0.12005596332644783,1.05957806334333,-0.10583899266014998,-0.12005596332644783,1.05957806334333,0.0,0.0,0.0,-1.5889690270514318,-0.020609608234897516,-28.155901816573767,-1.5889690270514318,-0.020609608234897516,-28.155901816573767,0.0,0.0,0.0,1.6853095597926324,1.9116911226996418,-25.101535350476162,1.6853095597926324,1.9116911226996418,-25.101535350476162,0.0,0.0,0.0,-1.8525963179553122,-0.3196490023593171,-2.90651540359295,-1.8525963179553122,-0.3196490023593171,-2.90651540359295,0.0,0.0,0.0,-1.385432413921592,-1.57153255993909,0.40443947114064827,-1.385432413921592,-1.57153255993909,0.40443947114064827,0.0,0.0,0.0,7.424627314979006e-14,2.1593837828959295e-14,-0.00535660137111071,7.424627314979006e-14,2.1593837828959295e-14,-0.00535660137111071,0.0,0.0,0.0,robotiq_85_left_knuckle_joint,2.7193323655747136e-12,-2.7022387799613412e-11,,robotiq_85_left_knuckle_joint,2.7193323655747136e-12,-2.7022387799613412e-11,,0.0,0.0,
sentinel_joint_telemetry_v2,20260731_120941,20260731_120941:1,1,46,short_cube_pick_place,attack,mitm_trajectory_manipulation,joint_offset,medium,shoulder_pan_joint,cube,cube_transport,0.1,rad,,0,,,,cube_approach,2026-07-31T12:09:45.965+01:00,0.957126,0.020005,49.988315,0,4851.458000000,4851.458000000,trusted_fallback,0.000000,-0.10823964876232954,-0.12001951320537493,1.0607910327917685,-0.10823964876232954,-0.12001951320537493,1.0607910327917685,0.0,0.0,0.0,-1.5893811396963415,-0.020603350184387477,-27.9612586294557,-1.5893811396963415,-0.020603350184387477,-27.9612586294557,0.0,0.0,0.0,1.7235360071263028,1.9111107152717552,-24.969108493225427,1.7235360071263028,1.9111107152717552,-24.969108493225427,0.0,0.0,0.0,-1.8589880648274133,-0.3195519539118997,-2.8673852859751547,-1.8589880648274133,-0.3195519539118997,-2.8673852859751547,0.0,0.0,0.0,-1.4168570022990425,-1.5710554278541695,0.3428475934725507,-1.4168570022990425,-1.5710554278541695,0.3428475934725507,0.0,0.0,0.0,7.473643314571511e-14,1.821719858297044e-14,-0.005388903135087351,7.473643314571511e-14,1.821719858297044e-14,-0.005388903135087351,0.0,0.0,0.0,robotiq_85_left_knuckle_joint,2.4561961027955297e-12,-4.975467954304591e-12,,robotiq_85_left_knuckle_joint,2.4561961027955297e-12,-4.975467954304591e-12,,0.0,0.0,
sentinel_joint_telemetry_v2,20260731_120941,20260731_120941:1,1,47,short_cube_pick_place,attack,mitm_trajectory_manipulation,joint_offset,medium,shoulder_pan_joint,cube,cube_transport,0.1,rad,,0,,,,cube_approach,2026-07-31T12:09:45.987+01:00,0.979063,0.021936,45.586635,0,4851.480000000,4851.480000000,trusted_fallback,0.000000,-0.11087988977791544,-0.12000612345061933,1.0606432671045396,-0.11087988977791544,-0.12000612345061933,1.0606432671045396,0.0,0.0,0.0,-1.58983438107584,-0.02060105132337421,-27.701991705331643,-1.58983438107584,-0.02060105132337421,-27.701991705331643,0.0,0.0,0.0,1.7655774448977766,1.9108975057435222,-24.783174597329037,1.7655774448977766,1.9108975057435222,-24.783174597329037,0.0,0.0,0.0,-1.8660177065314631,-0.3195163036897372,-2.820208771531485,-1.8660177065314631,-0.3195163036897372,-2.820208771531485,0.0,0.0,0.0,-1.451417757192972,-1.5708801559643826,0.2735334278738465,-1.451417757192972,-1.5708801559643826,0.2735334278738465,0.0,0.0,0.0,7.517081831244056e-14,1.8460059869607193e-14,-0.005420676158008552,7.517081831244056e-14,1.8460059869607193e-14,-0.005420676158008552,0.0,0.0,0.0,robotiq_85_left_knuckle_joint,2.4560098767609367e-12,3.0128885497582303e-12,,robotiq_85_left_knuckle_joint,2.4560098767609367e-12,3.0128885497582303e-12,,0.0,0.0,
sentinel_joint_telemetry_v2,20260731_120941,20260731_120941:1,1,48,short_cube_pick_place,attack,mitm_trajectory_manipulation,joint_offset,medium,shoulder_pan_joint,cube,cube_transport,0.1,rad,,0,,,,cube_approach,2026-07-31T12:09:46.007+01:00,0.999078,0.020016,49.960721,0,4851.500000000,4851.500000000,trusted_fallback,0.000000,-0.11327996156795289,-0.12000213511522238,1.0588526746775344,-0.11327996156795289,-0.12000213511522238,1.0588526746775344,0.0,0.0,0.0,-1.590246393401333,-0.020600366573812,-27.424720694191784,-1.590246393401333,-0.020600366573812,-27.424720694191784,0.0,0.0,0.0,1.8037945880344375,1.9108339981495295,-24.577933709586237,1.8037945880344375,1.9108339981495295,-24.577933709586237,0.0,0.0,0.0,-1.8724078976724843,-0.31950568474663155,-2.77383088150523,-1.8724078976724843,-0.31950568474663155,-2.77383088150523,0.0,0.0,0.0,-1.4828346969244803,-1.5708279486539725,0.2093415510274268,-1.4828346969244803,-1.5708279486539725,0.2093415510274268,0.0,0.0,0.0,7.553235376679237e-14,1.7333356971960256e-14,-0.005444700852183539,7.553235376679237e-14,1.7333356971960256e-14,-0.005444700852183539,0.0,0.0,0.0,robotiq_85_left_knuckle_joint,2.5421858875327025e-12,5.2704229869249275e-12,,robotiq_85_left_knuckle_joint,2.5421858875327025e-12,5.2704229869249275e-12,,0.0,0.0,
sentinel_joint_telemetry_v2,20260731_120941,20260731_120941:1,1,49,short_cube_pick_place,attack,mitm_trajectory_manipulation,joint_offset,medium,shoulder_pan_joint,cube,cube_transport,0.1,rad,,0,,,,cube_approach,2026-07-31T12:09:46.027+01:00,1.019098,0.020020,49.950187,0,4851.520000000,4851.520000000,trusted_fallback,0.000000,-0.11567026659958976,-0.12054074446876811,1.0649101809242865,-0.11567026659958976,-0.12054074446876811,1.0649101809242865,0.0,0.0,0.0,-1.5906567290989753,-0.020692827815868484,-27.143997873750866,-1.5906567290989753,-0.020692827815868484,-27.143997873750866,0.0,0.0,0.0,1.8418562118214843,1.9194104544231572,-24.341125414538386,1.8418562118214843,1.9194104544231572,-24.341125414538386,0.0,0.0,0.0,-1.8787720848193712,-0.3209397321439636,-2.7234734724146787,-1.8787720848193712,-0.3209397321439636,-2.7234734724146787,0.0,0.0,0.0,-1.5141237897885103,-1.5778783450925198,0.14480922981906102,-1.5141237897885103,-1.5778783450925198,0.14480922981906102,0.0,0.0,0.0,7.357734079236735e-14,1.8571862797633898e-13,-0.005512656082970347,7.357734079236735e-14,1.8571862797633898e-13,-0.005512656082970347,0.0,0.0,0.0,robotiq_85_left_knuckle_joint,2.6260188697555117e-12,7.618457947833335e-12,,robotiq_85_left_knuckle_joint,2.6260188697555117e-12,7.618457947833335e-12,,0.0,0.0,
sentinel_joint_telemetry_v2,20260731_120941,20260731_120941:1,1,50,short_cube_pick_place,attack,mitm_trajectory_manipulation,joint_offset,medium,shoulder_pan_joint,cube,cube_transport,0.1,rad,,0,,,,cube_approach,2026-07-31T12:09:46.049+01:00,1.041110,0.022012,45.429778,0,4851.541000000,4851.541000000,trusted_fallback,0.000000,-0.11824734555586149,-0.09736969133535049,-4.975956351874913,-0.11824734555586149,-0.09736969133535049,-4.975956351874913,0.0,0.0,0.0,-1.5910991276531503,-0.01671513032665451,-74.75353436929962,-1.5910991276531503,-0.01671513032665451,-74.75353436929962,0.0,0.0,0.0,1.8830229704363621,1.5466145195760734,-96.5494926197026,1.8830229704363621,1.5466145195760734,-96.5494926197026,0.0,0.0,0.0,-1.8856335575380707,-0.25924680283713814,-14.212016113271172,-1.8856335575380707,-0.25924680283713814,-14.212016113271172,0.0,0.0,0.0,-1.5478577533263589,-1.2745692596787128,0.21027381175495122,-1.5478577533263589,-1.2745692596787128,0.21027381175495122,0.0,0.0,0.0,1.0419671588333516e-13,-5.744350307923529e-13,-0.005815338630022199,1.0419671588333516e-13,-5.744350307923529e-13,-0.005815338630022199,0.0,0.0,0.0,robotiq_85_left_knuckle_joint,3.3908152348824527e-12,3.751016615372027e-10,,robotiq_85_left_knuckle_joint,3.3908152348824527e-12,3.751016615372027e-10,,0.0,0.0,
sentinel_joint_telemetry_v2,20260731_120941,20260731_120941:1,1,51,short_cube_pick_place,attack,mitm_trajectory_manipulation,joint_offset,medium,shoulder_pan_joint,cube,cube_transport,0.1,rad,,0,,,,cube_approach,2026-07-31T12:09:46.071+01:00,1.063310,0.022200,45.045301,0,4851.564000000,4851.564000000,trusted_fallback,0.000000,-0.1194499984641951,-0.03055564087837689,0.06675977673691352,-0.1194499984641951,-0.03055564087837689,0.06675977673691352,0.0,0.0,0.0,-1.5913055830689953,-0.005245385038085576,-23.030717332030637,-1.5913055830689953,-0.005245385038085576,-23.030717332030637,0.0,0.0,0.0,1.902115855682373,0.482452462155723,-23.730461505310785,1.902115855682373,0.482452462155723,-23.730461505310785,0.0,0.0,0.0,-1.8888356209041732,-0.08135439407998747,-2.743976826344201,-1.8888356209041732,-0.08135439407998747,-2.743976826344201,0.0,0.0,0.0,-1.5636004798968672,-0.399973339069686,0.01674899842693453,-1.5636004798968672,-0.399973339069686,0.01674899842693453,0.0,0.0,0.0,9.037476459582393e-14,-4.523029954045521e-12,-0.00035400596791737305,9.037476459582393e-14,-4.523029954045521e-12,-0.00035400596791737305,0.0,0.0,0.0,robotiq_85_left_knuckle_joint,3.997459438503674e-12,-6.788842404903406e-11,,robotiq_85_left_knuckle_joint,3.997459438503674e-12,-6.788842404903406e-11,,0.0,0.0,
sentinel_joint_telemetry_v2,20260731_120941,20260731_120941:1,1,52,short_cube_pick_place,attack,mitm_trajectory_manipulation,joint_offset,medium,shoulder_pan_joint,cube,cube_transport,0.1,rad,,0,,,,cube_approach,2026-07-31T12:09:46.093+01:00,1.085049,0.021739,46.000881,0,4851.586000000,4851.586000000,trusted_fallback,0.000000,-0.11967638770422981,-0.00015217409884837315,0.016713791919030812,-0.11967638770422981,-0.00015217409884837315,0.016713791919030812,0.0,0.0,0.0,-1.590131314447687,0.15937764859345968,-22.833383843852978,-1.590131314447687,0.15937764859345968,-22.833383843852978,0.0,0.0,0.0,1.9067174743147492,0.12140889519204306,-23.64342509727244,1.9067174743147492,0.12140889519204306,-23.64342509727244,0.0,0.0,0.0,-1.891592921994941,-0.2835085113083396,-2.738086408376645,-1.891592921994941,-0.2835085113083396,-2.738086408376645,0.0,0.0,0.0,-1.5665639150496757,-0.001991958913534,0.008542627934008683,-1.5665639150496757,-0.001991958913534,0.008542627934008683,0.0,0.0,0.0,7.748544239586366e-14,-6.831493039988722e-13,-1.5251341215091174e-06,7.748544239586366e-14,-6.831493039988722e-13,-1.5251341215091174e-06,0.0,0.0,0.0,robotiq_85_left_knuckle_joint,2.5068136580816564e-12,-1.1661852039601683e-12,,robotiq_85_left_knuckle_joint,2.5068136580816564e-12,-1.1661852039601683e-12,,0.0,0.0,
sentinel_joint_telemetry_v2,20260731_120941,20260731_120941:1,1,53,short_cube_pick_place,attack,mitm_trajectory_manipulation,joint_offset,medium,shoulder_pan_joint,cube,cube_transport,0.1,rad,,0,,,,cube_approach,2026-07-31T12:09:46.113+01:00,1.105068,0.020019,49.953680,0,4851.606000000,4851.606000000,trusted_fallback,0.000000,-0.11968085962980489,-0.00026458979711599883,0.0519391249634276,-0.11968085962980489,-0.00026458979711599883,0.0519391249634276,0.0,0.0,0.0,-1.5854476987929453,0.2771148319383633,-23.07377693316981,-1.5854476987929453,0.2771148319383633,-23.07377693316981,0.0,0.0,0.0,1.9103690336313968,0.2176866002438663,-23.5282464089533,1.9103690336313968,0.2176866002438663,-23.5282464089533,0.0,0.0,0.0,-1.899924359393853,-0.492944990491894,-2.725427098608169,-1.899924359393853,-0.492944990491894,-2.725427098608169,0.0,0.0,0.0,-1.566622452555286,-0.0034634804078720045,0.008424208866830905,-1.566622452555286,-0.0034634804078720045,0.008424208866830905,0.0,0.0,0.0,6.879443899388714e-14,-2.7145055951291464e-13,-2.0589679756821564e-06,6.879443899388714e-14,-2.7145055951291464e-13,-2.0589679756821564e-06,0.0,0.0,0.0,robotiq_85_left_knuckle_joint,1.9745178603644704e-12,3.50205819205085e-11,,robotiq_85_left_knuckle_joint,1.9745178603644704e-12,3.50205819205085e-11,,0.0,0.0,
sentinel_joint_telemetry_v2,20260731_120941,20260731_120941:1,1,54,short_cube_pick_place,attack,mitm_trajectory_manipulation,joint_offset,medium,shoulder_pan_joint,cube,cube_transport,0.1,rad,,0,,,,cube_approach,2026-07-31T12:09:46.133+01:00,1.125334,0.020267,49.341966,0,4851.626000000,4851.626000000,trusted_fallback,0.000000,-0.11968664949321894,-0.0003037867263194586,0.06880937651599912,-0.11968664949321894,-0.0003037867263194586,0.06880937651599912,0.0,0.0,0.0,-1.5793837573516782,0.31816724936438723,-23.312508248645273,-1.5793837573516782,0.31816724936438723,-23.312508248645273,0.0,0.0,0.0,1.9151493323588407,0.25125656024998794,-23.42382281810427,1.9151493323588407,0.25125656024998794,-23.42382281810427,0.0,0.0,0.0,-1.9107111856903507,-0.5659709753673771,-2.7196387446815304,-1.9107111856903507,-0.5659709753673771,-2.7196387446815304,0.0,0.0,0.0,-1.5666982418670514,-0.0039765682269170075,0.008273046819998724,-1.5666982418670514,-0.0039765682269170075,0.008273046819998724,0.0,0.0,0.0,6.501972209227388e-14,-1.3428078364952772e-13,-2.3028656832098708e-06,6.501972209227388e-14,-1.3428078364952772e-13,-2.3028656832098708e-06,0.0,0.0,0.0,robotiq_85_left_knuckle_joint,2.204401408325856e-12,2.4580443583333e-11,,robotiq_85_left_knuckle_joint,2.204401408325856e-12,2.4580443583333e-11,,0.0,0.0,
sentinel_joint_telemetry_v2,20260731_120941,20260731_120941:1,1,55,short_cube_pick_place,attack,mitm_trajectory_manipulation,joint_offset,medium,shoulder_pan_joint,cube,cube_transport,0.1,rad,,0,,,,cube_approach,2026-07-31T12:09:46.155+01:00,1.147103,0.021769,45.937590,0,4851.648000000,4851.648000000,trusted_fallback,0.000000,-0.11969353526414088,-0.00031818550576183526,0.075606695865642,-0.11969353526414088,-0.00031818550576183526,0.075606695865642,0.0,0.0,0.0,-1.5721720308028206,0.33324763278465536,-23.56010737859346,-1.5721720308028206,0.33324763278465536,-23.56010737859346,0.0,0.0,0.0,1.9208503747900685,0.26358830342063055,-23.318096753285808,1.9208503747900685,0.26358830342063055,-23.318096753285808,0.0,0.0,0.0,-1.9235397465092603,-0.5927966757999821,-2.7175923320777016,-1.9235397465092603,-0.5927966757999821,-2.7175923320777016,0.0,0.0,0.0,-1.5667883766081951,-0.00416504826107529,0.008094375996851259,-1.5667883766081951,-0.00416504826107529,0.008094375996851259,0.0,0.0,0.0,6.270902485359428e-14,-8.630756157500252e-14,-2.381862494971197e-06,6.270902485359428e-14,-8.630756157500252e-14,-2.381862494971197e-06,0.0,0.0,0.0,robotiq_85_left_knuckle_joint,2.446766912727898e-12,1.1999599230927416e-11,,robotiq_85_left_knuckle_joint,2.446766912727898e-12,1.1999599230927416e-11,,0.0,0.0,
sentinel_joint_telemetry_v2,20260731_120941,20260731_120941:1,1,56,short_cube_pick_place,attack,mitm_trajectory_manipulation,joint_offset,medium,shoulder_pan_joint,cube,cube_transport,0.1,rad,,0,,,,cube_approach,2026-07-31T12:09:46.177+01:00,1.169078,0.021975,45.505586,0,4851.670000000,4851.670000000,trusted_fallback,0.000000,-0.11970059888028256,-0.00032270399518488326,0.07780079934905815,-0.11970059888028256,-0.00032270399518488326,0.07780079934905815,0.0,0.0,0.0,-1.5647740402663763,0.33798001689446283,-23.798537863987764,-1.5647740402663763,0.33798001689446283,-23.798537863987764,0.0,0.0,0.0,1.9267037316282287,0.2674581350948443,-23.213803525818957,1.9267037316282287,0.2674581350948443,-23.213803525818957,0.0,0.0,0.0,-1.9366996425331515,-0.6012148648450151,-2.717205853453277,-1.9366996425331515,-0.6012148648450151,-2.717205853453277,0.0,0.0,0.0,-1.5668808393433804,-0.004224195292914413,0.00791136417628669,-1.5668808393433804,-0.004224195292914413,0.00791136417628669,0.0,0.0,0.0,6.10013970942384e-14,-7.204177846723697e-14,-2.38660556773011e-06,6.10013970942384e-14,-7.204177846723697e-14,-2.38660556773011e-06,0.0,0.0,0.0,robotiq_85_left_knuckle_joint,2.5759712648063143e-12,5.125930929716915e-12,,robotiq_85_left_knuckle_joint,2.5759712648063143e-12,5.125930929716915e-12,,0.0,0.0,
sentinel_joint_telemetry_v2,20260731_120941,20260731_120941:1,1,57,short_cube_pick_place,attack,mitm_trajectory_manipulation,joint_offset,medium,shoulder_pan_joint,cube,cube_transport,0.1,rad,,0,,,,cube_approach,2026-07-31T12:09:46.199+01:00,1.191089,0.022011,45.432502,0,4851.692000000,4851.692000000,trusted_fallback,0.000000,-0.11970771830613698,-0.00032412194500103036,0.0784809338433294,-0.11970771830613698,-0.00032412194500103036,0.0784809338433294,0.0,0.0,0.0,-1.5573175981169654,0.33946508917273477,-24.03135176327844,-1.5573175981169654,0.33946508917273477,-24.03135176327844,0.0,0.0,0.0,1.932604886341209,0.26867252927899854,-23.107482656658718,1.932604886341209,0.26867252927899854,-23.107482656658718,0.0,0.0,0.0,-1.9499635150552446,-0.6038565817678121,-2.717353261695505,-1.9499635150552446,-0.6038565817678121,-2.717353261695505,0.0,0.0,0.0,-1.566974032627763,-0.00424275625825696,0.00772690849472315,-1.566974032627763,-0.00424275625825696,0.00772690849472315,0.0,0.0,0.0,5.94731281548878e-14,-6.7806573073384e-14,-2.366946043908415e-06,5.94731281548878e-14,-6.7806573073384e-14,-2.366946043908415e-06,0.0,0.0,0.0,robotiq_85_left_knuckle_joint,2.633521181027736e-12,2.050356412430787e-12,,robotiq_85_left_knuckle_joint,2.633521181027736e-12,2.050356412430787e-12,,0.0,0.0,
sentinel_joint_telemetry_v2,20260731_120941,20260731_120941:1,1,58,short_cube_pick_place,attack,mitm_trajectory_manipulation,joint_offset,medium,shoulder_pan_joint,cube,cube_transport,0.1,rad,,0,,,,cube_approach,2026-07-31T12:09:46.221+01:00,1.213136,0.022048,45.356546,0,4851.714000000,4851.714000000,trusted_fallback,0.000000,-0.11971485524567003,-0.00032456691266614956,0.07867043228101772,-0.11971485524567003,-0.00032456691266614956,0.07867043228101772,0.0,0.0,0.0,-1.5498428132320485,0.3399311205895448,-24.25982428768024,-1.5498428132320485,0.3399311205895448,-24.25982428768024,0.0,0.0,0.0,1.9385210405337743,0.2690536190417099,-22.998003807997073,1.9385210405337743,0.2690536190417099,-22.998003807997073,0.0,0.0,0.0,-1.9632600165042247,-0.6046855805302449,-2.7176688620022906,-1.9632600165042247,-0.6046855805302449,-2.7176688620022906,0.0,0.0,0.0,-1.5670674551662247,-0.004248580885837242,0.00754193691273708,-1.5670674551662247,-0.004248580885837242,0.00754193691273708,0.0,0.0,0.0,5.799809500587917e-14,-6.655169037389497e-14,-2.3393924916070147e-06,5.799809500587917e-14,-6.655169037389497e-14,-2.3393924916070147e-06,0.0,0.0,0.0,robotiq_85_left_knuckle_joint,2.657236601280326e-12,7.969284954167932e-13,,robotiq_85_left_knuckle_joint,2.657236601280326e-12,7.969284954167932e-13,,0.0,0.0,
sentinel_joint_telemetry_v2,20260731_120941,20260731_120941:1,1,59,short_cube_pick_place,attack,mitm_trajectory_manipulation,joint_offset,medium,shoulder_pan_joint,cube,cube_transport,0.1,rad,,0,,,,cube_approach,2026-07-31T12:09:46.243+01:00,1.235300,0.022163,45.119932,0,4851.736000000,4851.736000000,trusted_fallback,0.000000,-0.11972199768118091,-0.00032470654823119234,0.07869580510963861,-0.11972199768118091,-0.00032470654823119234,0.07869580510963861,0.0,0.0,0.0,-1.5423622722023693,0.3400773661862298,-24.484376917172817,-1.5423622722023693,0.3400773661862298,-24.484376917172817,0.0,0.0,0.0,1.9444419017219676,0.26917320904730657,-22.885027176366407,1.9444419017219676,0.26917320904730657,-22.885027176366407,0.0,0.0,0.0,-1.9765667572562038,-0.6049457291261017,-2.718038274670777,-1.9765667572562038,-0.6049457291261017,-2.718038274670777,0.0,0.0,0.0,-1.5671609496470456,-0.004250408715702514,0.007356748204608641,-1.5671609496470456,-0.004250408715702514,0.007356748204608641,0.0,0.0,0.0,5.653886984980603e-14,-6.618254663921797e-14,-2.3092050236272444e-06,5.653886984980603e-14,-6.618254663921797e-14,-2.3092050236272444e-06,0.0,0.0,0.0,robotiq_85_left_knuckle_joint,2.6667696058743787e-12,3.128018677411859e-13,,robotiq_85_left_knuckle_joint,2.6667696058743787e-12,3.128018677411859e-13,,0.0,0.0,
sentinel_joint_telemetry_v2,20260731_120941,20260731_120941:1,1,60,short_cube_pick_place,attack,mitm_trajectory_manipulation,joint_offset,medium,shoulder_pan_joint,cube,cube_transport,0.1,rad,,0,,,,cube_approach,2026-07-31T12:09:46.265+01:00,1.257087,0.021787,45.898606,0,4851.757000000,4851.757000000,trusted_fallback,0.000000,-0.1197291245817563,-0.0003257092357683283,0.07912543689332095,-0.1197291245817563,-0.0003257092357683283,0.07912543689332095,0.0,0.0,0.0,-1.5348980014933906,0.34112751848851064,-24.705782099654904,-1.5348980014933906,0.34112751848851064,-24.705782099654904,0.0,0.0,0.0,1.9503499321407998,0.27000561957295727,-22.76801199217593,1.9503499321407998,0.27000561957295727,-22.76801199217593,0.0,0.0,0.0,-1.989844555590982,-0.6068137897886433,-2.7182790535757033,-1.989844555590982,-0.6068137897886433,-2.7182790535757033,0.0,0.0,0.0,-1.567254240775572,-0.004263533895267971,0.007171917520317868,-1.567254240775572,-0.004263533895267971,0.007171917520317868,0.0,0.0,0.0,5.508488973858272e-14,-6.608998287874202e-14,-2.2852660544296035e-06,5.508488973858272e-14,-6.608998287874202e-14,-2.2852660544296035e-06,0.0,0.0,0.0,robotiq_85_left_knuckle_joint,2.657788305795731e-12,9.076472212710129e-13,,robotiq_85_left_knuckle_joint,2.657788305795731e-12,9.076472212710129e-13,,0.0,0.0,
sentinel_joint_telemetry_v2,20260731_120941,20260731_120941:1,1,61,short_cube_pick_place,attack,mitm_trajectory_manipulation,joint_offset,medium,shoulder_pan_joint,cube,cube_transport,0.1,rad,,0,,,,cube_approach,2026-07-31T12:09:46.287+01:00,1.279046,0.021960,45.537996,0,4851.780000000,4851.780000000,trusted_fallback,0.000000,-0.11973626980252333,-0.0003256941348790743,0.07904664933064756,-0.11973626980252333,-0.0003256941348790743,0.07904664933064756,0.0,0.0,0.0,-1.5274145433601827,0.34111170277805386,-24.922804585285178,-1.5274145433601827,0.34111170277805386,-24.922804585285178,0.0,0.0,0.0,1.9562731644807458,0.2699934789255798,-22.647873724328036,1.9562731644807458,0.2699934789255798,-22.647873724328036,0.0,0.0,0.0,-2.003156485424909,-0.6067856560540987,-2.7186820817434394,-2.003156485424909,-0.6067856560540987,-2.7186820817434394,0.0,0.0,0.0,-1.567347771715398,-0.004263336224854574,0.006986512341927992,-1.567347771715398,-0.004263336224854574,0.006986512341927992,0.0,0.0,0.0,5.363307765223364e-14,-6.613324254542419e-14,-2.2534084313930166e-06,5.363307765223364e-14,-6.613324254542419e-14,-2.2534084313930166e-06,0.0,0.0,0.0,robotiq_85_left_knuckle_joint,2.666093292702246e-12,4.821143484434742e-13,,robotiq_85_left_knuckle_joint,2.666093292702246e-12,4.821143484434742e-13,,0.0,0.0,
sentinel_joint_telemetry_v2,20260731_120941,20260731_120941:1,1,62,short_cube_pick_place,attack,mitm_trajectory_manipulation,joint_offset,medium,shoulder_pan_joint,cube,cube_transport,0.1,rad,,0,,,,cube_approach,2026-07-31T12:09:46.307+01:00,1.299132,0.020085,49.787470,0,4851.800000000,4851.800000000,trusted_fallback,0.000000,-0.11974277604025221,-0.0003250924908997331,0.07867793938522485,-0.11974277604025221,-0.0003250924908997331,0.07867793938522485,0.0,0.0,0.0,-1.5206003161674884,0.34048157845761406,-25.116472333522132,-1.5206003161674884,0.34048157845761406,-25.116472333522132,0.0,0.0,0.0,1.9616666979689474,0.26949484111099653,-22.535797248202954,1.9616666979689474,0.26949484111099653,-22.535797248202954,0.0,0.0,0.0,-2.015277955559024,-0.6056647610631168,-2.7191367121717946,-2.015277955559024,-0.6056647610631168,-2.7191367121717946,0.0,0.0,0.0,-1.5674329383672554,-0.004255460705418924,0.006817592621565245,-1.5674329383672554,-0.004255460705418924,0.006817592621565245,0.0,0.0,0.0,5.2311786431267575e-14,-6.611166692219173e-14,-2.2198462161917368e-06,5.2311786431267575e-14,-6.611166692219173e-14,-2.2198462161917368e-06,0.0,0.0,0.0,robotiq_85_left_knuckle_joint,2.674691270934406e-12,2.2100377083944522e-15,,robotiq_85_left_knuckle_joint,2.674691270934406e-12,2.2100377083944522e-15,,0.0,0.0,
sentinel_joint_telemetry_v2,20260731_120941,20260731_120941:1,1,63,short_cube_pick_place,attack,mitm_trajectory_manipulation,joint_offset,medium,shoulder_pan_joint,cube,cube_transport,0.1,rad,,0,,,,cube_approach,2026-07-31T12:09:46.329+01:00,1.321045,0.021913,45.634461,0,4851.822000000,4851.822000000,trusted_fallback,0.000000,-0.11974992496739502,-0.00032487148024403997,0.0784733876998448,-0.11974992496739502,-0.00032487148024403997,0.0784733876998448,0.0,0.0,0.0,-1.513112976207394,0.34025010569791586,-25.3262569992417,-1.513112976207394,0.34025010569791586,-25.3262569992417,0.0,0.0,0.0,1.9675930088714981,0.26931166920779637,-22.408895091954264,1.9675930088714981,0.26931166920779637,-22.408895091954264,0.0,0.0,0.0,-2.0285967905705133,-0.605253006352904,-2.7195714931825408,-2.0285967905705133,-0.605253006352904,-2.7195714931825408,0.0,0.0,0.0,-1.5675265178235438,-0.004252567675980668,0.006631929920575775,-1.5675265178235438,-0.004252567675980668,0.006631929920575775,0.0,0.0,0.0,5.0858340777505195e-14,-6.607296090463399e-14,-2.1860447522153544e-06,5.0858340777505195e-14,-6.607296090463399e-14,-2.1860447522153544e-06,0.0,0.0,0.0,robotiq_85_left_knuckle_joint,2.675913959551425e-12,-4.262909469865406e-14,,robotiq_85_left_knuckle_joint,2.675913959551425e-12,-4.262909469865406e-14,,0.0,0.0,
sentinel_joint_telemetry_v2,20260731_120941,20260731_120941:1,1,64,short_cube_pick_place,attack,mitm_trajectory_manipulation,joint_offset,medium,shoulder_pan_joint,cube,cube_transport,0.1,rad,,0,,,,cube_approach,2026-07-31T12:09:46.349+01:00,1.341065,0.020020,49.949466,0,4851.842000000,4851.842000000,trusted_fallback,0.000000,-0.11975642156049521,-0.0003248056489724293,0.07834101168183155,-0.11975642156049521,-0.0003248056489724293,0.07834101168183155,0.0,0.0,0.0,-1.5063088501962758,0.3401811581317415,-25.513843642775523,-1.5063088501962758,0.3401811581317415,-25.513843642775523,0.0,0.0,0.0,1.9729785489670575,0.26925710876221615,-22.290385909194462,1.9729785489670575,0.26925710876221615,-22.290385909194462,0.0,0.0,0.0,-2.0407002922443347,-0.605130359156036,-2.719948515196775,-2.0407002922443347,-0.605130359156036,-2.719948515196775,0.0,0.0,0.0,-1.5676115582272165,-0.004251705944595414,0.006463149587018833,-1.5676115582272165,-0.004251705944595414,0.006463149587018833,0.0,0.0,0.0,4.953737340772805e-14,-6.604634374129947e-14,-2.1561430005145455e-06,4.953737340772805e-14,-6.604634374129947e-14,-2.1561430005145455e-06,0.0,0.0,0.0,robotiq_85_left_knuckle_joint,2.6759431688253122e-12,-1.5615980730743217e-14,,robotiq_85_left_knuckle_joint,2.6759431688253122e-12,-1.5615980730743217e-14,,0.0,0.0,
sentinel_joint_telemetry_v2,20260731_120941,20260731_120941:1,1,65,short_cube_pick_place,attack,mitm_trajectory_manipulation,joint_offset,medium,shoulder_pan_joint,cube,cube_transport,0.1,rad,,0,,,,cube_approach,2026-07-31T12:09:46.369+01:00,1.361103,0.020038,49.905840,0,4851.862000000,4851.862000000,trusted_fallback,0.000000,-0.1197629173818035,-0.00032478269502753614,0.07821811008444515,-0.1197629173818035,-0.00032478269502753614,0.07821811008444515,0.0,0.0,0.0,-1.499505532511813,0.34015711760193423,-25.698398768823676,-1.499505532511813,0.34015711760193423,-25.698398768823676,0.0,0.0,0.0,1.9783634494075155,0.26923808471113214,-22.168940669660294,1.9783634494075155,0.26923808471113214,-22.168940669660294,0.0,0.0,0.0,-2.052802356028411,-0.605087594722781,-2.7203210806715603,-2.052802356028411,-0.605087594722781,-2.7203210806715603,0.0,0.0,0.0,-1.5676965885281324,-0.004251405477456332,0.006294329909773708,-1.5676965885281324,-0.004251405477456332,0.006294329909773708,0.0,0.0,0.0,4.82166070490337e-14,-6.603485119827113e-14,-2.126384416862282e-06,4.82166070490337e-14,-6.603485119827113e-14,-2.126384416862282e-06,0.0,0.0,0.0,robotiq_85_left_knuckle_joint,2.676094506101357e-12,6.845218836204481e-15,,robotiq_85_left_knuckle_joint,2.676094506101357e-12,6.845218836204481e-15,,0.0,0.0,
sentinel_joint_telemetry_v2,20260731_120941,20260731_120941:1,1,66,short_cube_pick_place,attack,mitm_trajectory_manipulation,joint_offset,medium,shoulder_pan_joint,cube,cube_transport,0.1,rad,,0,,,,cube_approach,2026-07-31T12:09:46.391+01:00,1.383107,0.022003,45.447348,0,4851.884000000,4851.884000000,trusted_fallback,0.000000,-0.11977006248253068,-0.00032477426301902995,0.07807808552204,-0.11977006248253068,-0.00032477426301902995,0.07807808552204,0.0,0.0,0.0,-1.4920222001005397,0.34014828644340195,-25.897890513777114,-1.4920222001005397,0.34014828644340195,-25.897890513777114,0.0,0.0,0.0,1.984286589006688,0.26923109632890835,-22.031995940143048,1.984286589006688,0.26923109632890835,-22.031995940143048,0.0,0.0,0.0,-2.0661140622222147,-0.6050718854395639,-2.720730491823528,-2.0661140622222147,-0.6050718854395639,-2.720730491823528,0.0,0.0,0.0,-1.5677901178966407,-0.004251295102469356,0.006108566271616221,-1.5677901178966407,-0.004251295102469356,0.006108566271616221,0.0,0.0,0.0,4.676387393293907e-14,-6.603235753327441e-14,-2.0935712894336136e-06,4.676387393293907e-14,-6.603235753327441e-14,-2.0935712894336136e-06,0.0,0.0,0.0,robotiq_85_left_knuckle_joint,2.6764823902705846e-12,1.985217545907858e-14,,robotiq_85_left_knuckle_joint,2.6764823902705846e-12,1.985217545907858e-14,,0.0,0.0,
sentinel_joint_telemetry_v2,20260731_120941,20260731_120941:1,1,67,short_cube_pick_place,attack,mitm_trajectory_manipulation,joint_offset,medium,shoulder_pan_joint,cube,cube_transport,0.1,rad,,0,,,,cube_approach,2026-07-31T12:09:46.413+01:00,1.405092,0.021986,45.484516,0,4851.906000000,4851.906000000,trusted_fallback,0.000000,-0.11977720747911061,-0.00032477161696765975,0.07792734476747297,-0.11977720747911061,-0.00032477161696765975,0.07792734476747297,0.0,0.0,0.0,-1.4845389767665202,0.34014551513228236,-26.093693282508013,-1.4845389767665202,0.34014551513228236,-26.093693282508013,0.0,0.0,0.0,1.9902096422894917,0.2692289033004997,-21.89156549378228,1.9902096422894917,0.2692289033004997,-21.89156549378228,0.0,0.0,0.0,-2.0794255743842323,-0.6050669557000157,-2.7211410719642495,-2.0794255743842323,-0.6050669557000157,-2.7211410719642495,0.0,0.0,0.0,-1.5678836459018621,-0.004251260465642561,0.005922731797206758,-1.5678836459018621,-0.004251260465642561,0.005922731797206758,0.0,0.0,0.0,4.531119578589461e-14,-6.603398383653314e-14,-2.060588553059809e-06,4.531119578589461e-14,-6.603398383653314e-14,-2.060588553059809e-06,0.0,0.0,0.0,robotiq_85_left_knuckle_joint,2.67700571817937e-12,2.5375535006588734e-14,,robotiq_85_left_knuckle_joint,2.67700571817937e-12,2.5375535006588734e-14,,0.0,0.0,
sentinel_joint_telemetry_v2,20260731_120941,20260731_120941:1,1,68,short_cube_pick_place,attack,mitm_trajectory_manipulation,joint_offset,medium,shoulder_pan_joint,cube,cube_transport,0.1,rad,,0,,,,cube_approach,2026-07-31T12:09:46.433+01:00,1.425103,0.020011,49.973427,0,4851.926000000,4851.926000000,trusted_fallback,0.000000,-0.1197836837240666,-0.00032583623815406323,0.07829105391197631,-0.1197836837240666,-0.00032583623815406323,0.07829105391197631,0.0,0.0,0.0,-1.477756162130717,0.34126053286140096,-26.269285548842625,-1.477756162130717,0.34126053286140096,-26.269285548842625,0.0,0.0,0.0,1.9955783144167998,0.27011145220219374,-21.76051746519743,1.9955783144167998,0.27011145220219374,-21.76051746519743,0.0,0.0,0.0,-2.091491166374097,-0.6070504020563036,-2.7213820485589197,-2.091491166374097,-0.6070504020563036,-2.7213820485589197,0.0,0.0,0.0,-1.5679684199483341,-0.004265196356518172,0.005754323415582583,-1.5679684199483341,-0.004265196356518172,0.005754323415582583,0.0,0.0,0.0,4.399172130829888e-14,-6.608027926929827e-14,-2.0382562538069463e-06,4.399172130829888e-14,-6.608027926929827e-14,-2.0382562538069463e-06,0.0,0.0,0.0,robotiq_85_left_knuckle_joint,2.6622269184675793e-12,9.408099299612616e-13,,robotiq_85_left_knuckle_joint,2.6622269184675793e-12,9.408099299612616e-13,,0.0,0.0,
sentinel_joint_telemetry_v2,20260731_120941,20260731_120941:1,1,69,short_cube_pick_place,attack,mitm_trajectory_manipulation,joint_offset,medium,shoulder_pan_joint,cube,cube_transport,0.1,rad,,0,,,,cube_approach,2026-07-31T12:09:46.455+01:00,1.447071,0.021969,45.519630,0,4851.948000000,4851.948000000,trusted_fallback,0.000000,-0.11979084183753617,-0.0003251048760099368,0.0777642623245626,-0.11979084183753617,-0.0003251048760099368,0.0777642623245626,0.0,0.0,0.0,-1.470259200985978,0.34049454984364746,-26.457520101348102,-1.470259200985978,0.34049454984364746,-26.457520101348102,0.0,0.0,0.0,2.0015122413352984,0.2695051683018084,-21.61377384470064,2.0015122413352984,0.2695051683018084,-21.61377384470064,0.0,0.0,0.0,-2.104827116004594,-0.6056878351790845,-2.7218887804250174,-2.104827116004594,-0.6056878351790845,-2.7218887804250174,0.0,0.0,0.0,-1.5680621196536337,-0.004255622826438299,0.005567943566302664,-1.5680621196536337,-0.004255622826438299,0.005567943566302664,0.0,0.0,0.0,4.253894970302715e-14,-6.608819394515741e-14,-1.999507227944115e-06,4.253894970302715e-14,-6.608819394515741e-14,-1.999507227944115e-06,0.0,0.0,0.0,robotiq_85_left_knuckle_joint,2.6771130212346983e-12,1.047807673959511e-13,,robotiq_85_left_knuckle_joint,2.6771130212346983e-12,1.047807673959511e-13,,0.0,0.0,
sentinel_joint_telemetry_v2,20260731_120941,20260731_120941:1,1,70,short_cube_pick_place,attack,mitm_trajectory_manipulation,joint_offset,medium,shoulder_pan_joint,cube,cube_transport,0.1,rad,,0,,,,cube_approach,2026-07-31T12:09:46.477+01:00,1.469113,0.022042,45.367576,0,4851.970000000,4851.970000000,trusted_fallback,0.000000,-0.11979799091765254,-0.00032487536682391247,0.07746593858099839,-0.11979799091765254,-0.00032487536682391247,0.07746593858099839,0.0,0.0,0.0,-1.4627717008109864,0.34025417625629617,-26.642449362522818,-1.4627717008109864,0.34025417625629617,-26.642449362522818,0.0,0.0,0.0,2.007438679793208,0.269314909989659,-21.463435065822186,2.007438679793208,0.269314909989659,-21.463435065822186,0.0,0.0,0.0,-2.118146236013933,-0.6052602472550734,-2.7223324090949195,-2.118146236013933,-0.6052602472550734,-2.7223324090949195,0.0,0.0,0.0,-1.5681557011123457,-0.004252618551254049,0.005381768405486076,-1.5681557011123457,-0.004252618551254049,0.005381768405486076,0.0,0.0,0.0,4.10857752082281e-14,-6.606043836954179e-14,-1.964253153407243e-06,4.10857752082281e-14,-6.606043836954179e-14,-1.964253153407243e-06,0.0,0.0,0.0,robotiq_85_left_knuckle_joint,2.6796066203119226e-12,-1.3440637491868301e-14,,robotiq_85_left_knuckle_joint,2.6796066203119226e-12,-1.3440637491868301e-14,,0.0,0.0,
sentinel_joint_telemetry_v2,20260731_120941,20260731_120941:1,1,71,short_cube_pick_place,attack,mitm_trajectory_manipulation,joint_offset,medium,shoulder_pan_joint,cube,cube_transport,0.1,rad,,0,,,,cube_approach,2026-07-31T12:09:46.500+01:00,1.491671,0.022557,44.331441,0,4851.992000000,4851.992000000,trusted_fallback,0.000000,-0.11980513716300699,-0.00032480334441090943,0.07722997346120623,-0.11980513716300699,-0.00032480334441090943,0.07722997346120623,0.0,0.0,0.0,-1.45528716958855,0.34017874447758983,-26.823830638854226,-1.45528716958855,0.34017874447758983,-26.823830638854226,0.0,0.0,0.0,2.0133627682928377,0.26925520491534294,-21.30965897799454,2.0133627682928377,0.26925520491534294,-21.30965897799454,0.0,0.0,0.0,-2.1314600747098256,-0.6051260656336627,-2.7227578703471806,-2.1314600747098256,-0.6051260656336627,-2.7227578703471806,0.0,0.0,0.0,-1.5682492454640247,-0.004251675777894617,0.005195608759534556,-1.5682492454640247,-0.004251675777894617,0.005195608759534556,0.0,0.0,0.0,3.963280302555444e-14,-6.604493427847524e-14,-1.9299471176092882e-06,3.963280302555444e-14,-6.604493427847524e-14,-1.9299471176092882e-06,0.0,0.0,0.0,robotiq_85_left_knuckle_joint,2.6799920654599436e-12,-5.5615234639816435e-15,,robotiq_85_left_knuckle_joint,2.6799920654599436e-12,-5.5615234639816435e-15,,0.0,0.0,
sentinel_joint_telemetry_v2,20260731_120941,20260731_120941:1,1,72,short_cube_pick_place,attack,mitm_trajectory_manipulation,joint_offset,medium,shoulder_pan_joint,cube,cube_transport,0.1,rad,,0,,,,cube_approach,2026-07-31T12:09:46.521+01:00,1.513094,0.021423,46.677792,0,4852.014000000,4852.014000000,trusted_fallback,0.000000,-0.11981228251878313,-0.00032478074301521597,0.07700453115875336,-0.11981228251878313,-0.00032478074301521597,0.07700453115875336,0.0,0.0,0.0,-1.4478035700548846,0.3401550731861356,-27.001593313207692,-1.4478035700548846,0.3401550731861356,-27.001593313207692,0.0,0.0,0.0,2.019286119350659,0.26923646883037444,-21.1525124932611,2.019286119350659,0.26923646883037444,-21.1525124932611,0.0,0.0,0.0,-2.144772256073595,-0.6050839580190835,-2.7231787510722834,-2.144772256073595,-0.6050839580190835,-2.7231787510722834,0.0,0.0,0.0,-1.568342778171124,-0.004251379925618562,0.0050094048735063275,-1.568342778171124,-0.004251379925618562,0.0050094048735063275,0.0,0.0,0.0,3.8180010169920133e-14,-6.603853748565758e-14,-1.8957960748017525e-06,3.8180010169920133e-14,-6.603853748565758e-14,-1.8957960748017525e-06,0.0,0.0,0.0,robotiq_85_left_knuckle_joint,2.680270117347014e-12,1.0946105133413653e-14,,robotiq_85_left_knuckle_joint,2.680270117347014e-12,1.0946105133413653e-14,,0.0,0.0,
sentinel_joint_telemetry_v2,20260731_120941,20260731_120941:1,1,73,short_cube_pick_place,attack,mitm_trajectory_manipulation,joint_offset,medium,shoulder_pan_joint,cube,cube_transport,0.1,rad,,0,,,,cube_approach,2026-07-31T12:09:46.543+01:00,1.535059,0.021964,45.528397,0,4852.036000000,4852.036000000,trusted_fallback,0.000000,-0.11981942759540017,-0.0003247736504588852,0.07677345174666875,-0.11981942759540017,-0.0003247736504588852,0.07677345174666875,0.0,0.0,0.0,-1.4403202628950278,0.3401476448840796,-27.17572161890884,-1.4403202628950278,0.3401476448840796,-27.17572161890884,0.0,0.0,0.0,2.025209238991426,0.26923058924834825,-20.992035667968217,2.025209238991426,0.26923058924834825,-20.992035667968217,0.0,0.0,0.0,-2.1580839173489847,-0.6050707442034263,-2.7235991069517183,-2.1580839173489847,-0.6050707442034263,-2.7235991069517183,0.0,0.0,0.0,-1.568436307224031,-0.004251287084017444,0.004823138098245265,-1.568436307224031,-0.004251287084017444,0.004823138098245265,0.0,0.0,0.0,3.6727282583256593e-14,-6.60330080545779e-14,-1.8615534403787942e-06,3.6727282583256593e-14,-6.60330080545779e-14,-1.8615534403787942e-06,0.0,0.0,0.0,robotiq_85_left_knuckle_joint,2.680686260161667e-12,2.029279522197669e-14,,robotiq_85_left_knuckle_joint,2.680686260161667e-12,2.029279522197669e-14,,0.0,0.0,
sentinel_joint_telemetry_v2,20260731_120941,20260731_120941:1,1,74,short_cube_pick_place,attack,mitm_trajectory_manipulation,joint_offset,medium,shoulder_pan_joint,cube,cube_transport,0.1,rad,,0,,,,cube_approach,2026-07-31T12:09:46.565+01:00,1.557047,0.021988,45.479075,0,4852.058000000,4852.058000000,trusted_fallback,0.000000,-0.11982656000214295,-0.00032547043980710774,0.07686199673965013,-0.11982656000214295,-0.00032547043980710774,0.07686199673965013,0.0,0.0,0.0,-1.4328502253702502,0.3408774185308548,-27.346774541466488,-1.4328502253702502,0.3408774185308548,-27.346774541466488,0.0,0.0,0.0,2.031121855570586,0.26980821308895986,-20.82807096403237,2.031121855570586,0.26980821308895986,-20.82807096403237,0.0,0.0,0.0,-2.1713719739688915,-0.6063689001367538,-2.7239480928329987,-2.1713719739688915,-0.6063689001367538,-2.7239480928329987,0.0,0.0,0.0,-1.568529670428286,-0.004260408056428107,0.004637212750644063,-1.568529670428286,-0.004260408056428107,0.004637212750644063,0.0,0.0,0.0,3.527612524659947e-14,-6.610987798860712e-14,-1.8321296565069712e-06,3.527612524659947e-14,-6.610987798860712e-14,-1.8321296565069712e-06,0.0,0.0,0.0,robotiq_85_left_knuckle_joint,2.6741414468592435e-12,4.578039336511353e-13,,robotiq_85_left_knuckle_joint,2.6741414468592435e-12,4.578039336511353e-13,,0.0,0.0,
sentinel_joint_telemetry_v2,20260731_120941,20260731_120941:1,1,75,short_cube_pick_place,attack,mitm_trajectory_manipulation,joint_offset,medium,shoulder_pan_joint,cube,cube_transport,0.1,rad,,0,,,,cube_approach,2026-07-31T12:09:46.585+01:00,1.577279,0.020232,49.426370,0,4852.076000000,4852.076000000,trusted_fallback,0.000000,-0.11983241358833165,-0.0003250416139641638,0.07645249756127058,-0.11983241358833165,-0.0003250416139641638,0.07645249756127058,0.0,0.0,0.0,-1.4267195446536038,0.34042829313017725,-27.483235874747365,-1.4267195446536038,0.34042829313017725,-27.483235874747365,0.0,0.0,0.0,2.035974356555564,0.2694527254114884,-20.691761356272544,2.035974356555564,0.2694527254114884,-20.691761356272544,0.0,0.0,0.0,-2.182277519250432,-0.6055699745985328,-2.7243381594562597,-2.182277519250432,-0.6055699745985328,-2.7243381594562597,0.0,0.0,0.0,-1.5686062938714849,-0.004254794726340435,0.004484454219258469,-1.5686062938714849,-0.004254794726340435,0.004484454219258469,0.0,0.0,0.0,3.408699366260016e-14,-6.608017084908102e-14,-1.8007704336287453e-06,3.408699366260016e-14,-6.608017084908102e-14,-1.8007704336287453e-06,0.0,0.0,0.0,robotiq_85_left_knuckle_joint,2.681380708133017e-12,5.6659538172354473e-14,,robotiq_85_left_knuckle_joint,2.681380708133017e-12,5.6659538172354473e-14,,0.0,0.0,
sentinel_joint_telemetry_v2,20260731_120941,20260731_120941:1,1,76,short_cube_pick_place,attack,mitm_trajectory_manipulation,joint_offset,medium,shoulder_pan_joint,cube,cube_transport,0.1,rad,,0,,,,cube_approach,2026-07-31T12:09:46.605+01:00,1.597328,0.020049,49.878085,0,4852.096000000,4852.096000000,trusted_fallback,0.000000,-0.11983891217604353,-0.0003248649709320543,0.07612971615510665,-0.11983891217604353,-0.0003248649709320543,0.07612971615510665,0.0,0.0,0.0,-1.4199133296107922,0.3402432882476915,-27.632257087444653,-1.4199133296107922,0.3402432882476915,-27.632257087444653,0.0,0.0,0.0,2.041361550364162,0.26930629201920464,-20.537675187718982,2.041361550364162,0.26930629201920464,-20.537675187718982,0.0,0.0,0.0,-2.194384736992794,-0.6052408791495862,-2.724740267694688,-2.194384736992794,-0.6052408791495862,-2.724740267694688,0.0,0.0,0.0,-1.5686913603846242,-0.004252482469022469,0.004314842115912381,-1.5686913603846242,-0.004252482469022469,0.004314842115912381,0.0,0.0,0.0,3.276588691863376e-14,-6.60553426193311e-14,-1.7679225444081709e-06,3.276588691863376e-14,-6.60553426193311e-14,-1.7679225444081709e-06,0.0,0.0,0.0,robotiq_85_left_knuckle_joint,2.683021704499587e-12,-1.578251418443699e-14,,robotiq_85_left_knuckle_joint,2.683021704499587e-12,-1.578251418443699e-14,,0.0,0.0,
sentinel_joint_telemetry_v2,20260731_120941,20260731_120941:1,1,77,short_cube_pick_place,attack,mitm_trajectory_manipulation,joint_offset,medium,shoulder_pan_joint,cube,cube_transport,0.1,rad,,0,,,,cube_approach,2026-07-31T12:09:46.625+01:00,1.617338,0.020011,49.972905,0,4852.116000000,4852.116000000,trusted_fallback,0.000000,-0.11984539143319857,-0.0003257622477251405,0.07630003837496928,-0.11984539143319857,-0.0003257622477251405,0.07630003837496928,0.0,0.0,0.0,-1.4131273601859353,0.3411830399182569,-27.7791782359173,-1.4131273601859353,0.3411830399182569,-27.7791782359173,0.0,0.0,0.0,2.0467327195442375,0.2700501157670768,-20.38067563625294,2.0467327195442375,0.2700501157670768,-20.38067563625294,0.0,0.0,0.0,-2.206455940870877,-0.6069125539382755,-2.725041890005467,-2.206455940870877,-0.6069125539382755,-2.725041890005467,0.0,0.0,0.0,-1.5687761738607786,-0.004264227821980375,0.004145808956040277,-1.5687761738607786,-0.004264227821980375,0.004145808956040277,0.0,0.0,0.0,3.1446885044765017e-14,-6.613806724509175e-14,-1.742475052227267e-06,3.1446885044765017e-14,-6.613806724509175e-14,-1.742475052227267e-06,0.0,0.0,0.0,robotiq_85_left_knuckle_joint,2.6708437410008595e-12,7.42569200573584e-13,,robotiq_85_left_knuckle_joint,2.6708437410008595e-12,7.42569200573584e-13,,0.0,0.0,
sentinel_joint_telemetry_v2,20260731_120941,20260731_120941:1,1,78,short_cube_pick_place,attack,mitm_trajectory_manipulation,joint_offset,medium,shoulder_pan_joint,cube,cube_transport,0.1,rad,,0,,,,cube_approach,2026-07-31T12:09:46.647+01:00,1.639353,0.022015,45.424433,0,4852.138000000,4852.138000000,trusted_fallback,0.000000,-0.11985254863278208,-0.0003250816570292384,0.07569352842968016,-0.11985254863278208,-0.0003250816570292384,0.07569352842968016,0.0,0.0,0.0,-1.4056313561882532,0.3404702317369847,-27.935991761455,-1.4056313561882532,0.3404702317369847,-27.935991761455,0.0,0.0,0.0,2.0526658888713225,0.2694859202784618,-20.205330024031582,2.0526658888713225,0.2694859202784618,-20.205330024031582,0.0,0.0,0.0,-2.219790187882852,-0.6056445769790454,-2.725530542238661,-2.219790187882852,-0.6056445769790454,-2.725530542238661,0.0,0.0,0.0,-1.5688698616033119,-0.00425531889005483,0.00395881649358111,-1.5688698616033119,-0.00425531889005483,0.00395881649358111,0.0,0.0,0.0,2.99932292726216e-14,-6.608841078559191e-14,-1.7025560357481335e-06,2.99932292726216e-14,-6.608841078559191e-14,-1.7025560357481335e-06,0.0,0.0,0.0,robotiq_85_left_knuckle_joint,2.682968767677994e-12,6.042041866827219e-14,,robotiq_85_left_knuckle_joint,2.682968767677994e-12,6.042041866827219e-14,,0.0,0.0,
sentinel_joint_telemetry_v2,20260731_120941,20260731_120941:1,1,79,short_cube_pick_place,attack,mitm_trajectory_manipulation,joint_offset,medium,shoulder_pan_joint,cube,cube_transport,0.1,rad,,0,,,,cube_approach,2026-07-31T12:09:46.669+01:00,1.661261,0.021908,45.645626,0,4852.160000000,4852.160000000,trusted_fallback,0.000000,-0.1198596974261113,-0.0003248680804623517,0.075294264240065,-0.1198596974261113,-0.0003248680804623517,0.075294264240065,0.0,0.0,0.0,-1.3981441563761496,0.34024654497675666,-28.089604487844014,-1.3981441563761496,0.34024654497675666,-28.089604487844014,0.0,0.0,0.0,2.058592089589018,0.26930886975594687,-20.02671339638752,2.058592089589018,0.26930886975594687,-20.02671339638752,0.0,0.0,0.0,-2.2331087735924595,-0.6052466723735737,-2.725974693210082,-2.2331087735924595,-0.6052466723735737,-2.725974693210082,0.0,0.0,0.0,-1.5689634393079805,-0.004252523172808196,0.003772031594479448,-1.5689634393079805,-0.004252523172808196,0.003772031594479448,0.0,0.0,0.0,2.8539925215662964e-14,-6.606108889084528e-14,-1.665747368276261e-06,2.8539925215662964e-14,-6.606108889084528e-14,-1.665747368276261e-06,0.0,0.0,0.0,robotiq_85_left_knuckle_joint,2.6847995011594727e-12,-2.2815083156046967e-14,,robotiq_85_left_knuckle_joint,2.6847995011594727e-12,-2.2815083156046967e-14,,0.0,0.0,
sentinel_joint_telemetry_v2,20260731_120941,20260731_120941:1,1,80,short_cube_pick_place,attack,mitm_trajectory_manipulation,joint_offset,medium,shoulder_pan_joint,cube,cube_transport,0.1,rad,,0,,,,cube_approach,2026-07-31T12:09:46.691+01:00,1.683324,0.022063,45.324127,0,4852.182000000,4852.182000000,trusted_fallback,0.000000,-0.1198668435814689,-0.000324801057874223,0.07495118034769097,-0.1198668435814689,-0.000324801057874223,0.07495118034769097,0.0,0.0,0.0,-1.3906597194107695,0.3401763497011849,-28.239769798725888,-1.3906597194107695,0.3401763497011849,-28.239769798725888,0.0,0.0,0.0,2.064516103483248,0.26925330942595316,-19.844939712472186,2.064516103483248,0.26925330942595316,-19.844939712472186,0.0,0.0,0.0,-2.2464224446194354,-0.6051218056920978,-2.726405787070915,-2.2464224446194354,-0.6051218056920978,-2.726405787070915,0.0,0.0,0.0,-1.5690569824816019,-0.004251645847107221,0.0035852654756996474,-1.5690569824816019,-0.004251645847107221,0.0035852654756996474,0.0,0.0,0.0,2.7086944467792156e-14,-6.603940484739557e-14,-1.6297748168382344e-06,2.7086944467792156e-14,-6.603940484739557e-14,-1.6297748168382344e-06,0.0,0.0,0.0,robotiq_85_left_knuckle_joint,2.6850190165375708e-12,-8.094219738907782e-15,,robotiq_85_left_knuckle_joint,2.6850190165375708e-12,-8.094219738907782e-15,,0.0,0.0,
sentinel_joint_telemetry_v2,20260731_120941,20260731_120941:1,1,81,short_cube_pick_place,attack,mitm_trajectory_manipulation,joint_offset,medium,shoulder_pan_joint,cube,cube_transport,0.1,rad,,0,,,,cube_approach,2026-07-31T12:09:46.713+01:00,1.705213,0.021889,45.685976,0,4852.204000000,4852.204000000,trusted_fallback,0.000000,-0.1198739889090031,-0.00032478002547555894,0.07461721819687551,-0.1198739889090031,-0.00032478002547555894,0.07461721819687551,0.0,0.0,0.0,-1.3831761494559673,0.34015432167992105,-28.386419495966628,-1.3831761494559673,0.34015432167992105,-28.386419495966628,0.0,0.0,0.0,2.0704394311291034,0.26923587400562643,-19.66006573925941,2.0704394311291034,0.26923587400562643,-19.66006573925941,0.0,0.0,0.0,-2.2597345733669245,-0.6050826212043544,-2.72683320911483,-2.2597345733669245,-0.6050826212043544,-2.72683320911483,0.0,0.0,0.0,-1.5691505148190137,-0.004251370533013489,0.0033984590834431625,-1.5691505148190137,-0.004251370533013489,0.0033984590834431625,0.0,0.0,0.0,2.5634133722821993e-14,-6.60296470278432e-14,-1.5939316654504935e-06,2.5634133722821993e-14,-6.60296470278432e-14,-1.5939316654504935e-06,0.0,0.0,0.0,robotiq_85_left_knuckle_joint,2.6852361865695282e-12,9.270362255620057e-15,,robotiq_85_left_knuckle_joint,2.6852361865695282e-12,9.270362255620057e-15,,0.0,0.0,
sentinel_joint_telemetry_v2,20260731_120941,20260731_120941:1,1,82,short_cube_pick_place,attack,mitm_trajectory_manipulation,joint_offset,medium,shoulder_pan_joint,cube,cube_transport,0.1,rad,,0,,,,cube_approach,2026-07-31T12:09:46.733+01:00,1.725275,0.020062,49.845593,0,4852.224000000,4852.224000000,trusted_fallback,0.000000,-0.11988048442990692,-0.0003247737606675784,0.07430898792175984,-0.11988048442990692,-0.0003247737606675784,0.07430898792175984,0.0,0.0,0.0,-1.3763731463963778,0.3401477603097823,-28.516676624018164,-1.3763731463963778,0.3401477603097823,-28.516676624018164,0.0,0.0,0.0,2.075824082617774,0.2692306806092923,-19.48934220046003,2.075824082617774,0.2692306806092923,-19.48934220046003,0.0,0.0,0.0,-2.2718360774813737,-0.6050709495283714,-2.7272209440671724,-2.2718360774813737,-0.6050709495283714,-2.7272209440671724,0.0,0.0,0.0,-1.569235541187636,-0.00425128852664614,0.003228584566369252,-1.569235541187636,-0.00425128852664614,0.003228584566369252,0.0,0.0,0.0,2.4313474212251744e-14,-6.603593540044361e-14,-1.5612714567334841e-06,2.4313474212251744e-14,-6.603593540044361e-14,-1.5612714567334841e-06,0.0,0.0,0.0,robotiq_85_left_knuckle_joint,2.6855691077601437e-12,1.78537740147533e-14,,robotiq_85_left_knuckle_joint,2.6855691077601437e-12,1.78537740147533e-14,,0.0,0.0,
sentinel_joint_telemetry_v2,20260731_120941,20260731_120941:1,1,83,short_cube_pick_place,attack,mitm_trajectory_manipulation,joint_offset,medium,shoulder_pan_joint,cube,cube_transport,0.1,rad,,0,,,,cube_approach,2026-07-31T12:09:46.753+01:00,1.745312,0.020038,49.906015,0,4852.244000000,4852.244000000,trusted_fallback,0.000000,-0.11988697987736349,-0.0003247715762629759,0.07399263615671058,-0.11988697987736349,-0.0003247715762629759,0.07399263615671058,0.0,0.0,0.0,-1.369570220260902,0.3401454725014929,-28.64402369784413,-1.369570220260902,0.3401454725014929,-28.64402369784413,0.0,0.0,0.0,2.081208673220167,0.26922886978390964,-19.316116784524823,2.081208673220167,0.26922886978390964,-19.316116784524823,0.0,0.0,0.0,-2.2839374447595686,-0.6050668798665741,-2.727608508329274,-2.2839374447595686,-0.6050668798665741,-2.727608508329274,0.0,0.0,0.0,-1.569320566594833,-0.004251259932797676,0.003058657562317498,-1.569320566594833,-0.004251259932797676,0.003058657562317498,0.0,0.0,0.0,2.299281383431975e-14,-6.60298638682777e-14,-1.5284839792464953e-06,2.299281383431975e-14,-6.60298638682777e-14,-1.5284839792464953e-06,0.0,0.0,0.0,robotiq_85_left_knuckle_joint,2.685984105657302e-12,2.1947721418058563e-14,,robotiq_85_left_knuckle_joint,2.685984105657302e-12,2.1947721418058563e-14,,0.0,0.0,
sentinel_joint_telemetry_v2,20260731_120941,20260731_120941:1,1,84,short_cube_pick_place,attack,mitm_trajectory_manipulation,joint_offset,medium,shoulder_pan_joint,cube,cube_transport,0.1,rad,,0,,,,cube_approach,2026-07-31T12:09:46.775+01:00,1.767331,0.022018,45.416903,0,4852.266000000,4852.266000000,trusted_fallback,0.000000,-0.11989412484075823,-0.0003247707738347938,0.07363392460911933,-0.11989412484075823,-0.0003247707738347938,0.07363392460911933,0.0,0.0,0.0,-1.36208703168303,0.34014463208747714,-28.780755846074804,-1.36208703168303,0.34014463208747714,-28.780755846074804,0.0,0.0,0.0,2.0871316990020006,0.2692282045870197,-19.122710500172897,2.0871316990020006,0.2692282045870197,-19.122710500172897,0.0,0.0,0.0,-2.2972488950957066,-0.6050653848983325,-2.728034787761979,-2.2972488950957066,-0.6050653848983325,-2.728034787761979,0.0,0.0,0.0,-1.5694140941656594,-0.004251249429022084,0.002871675974399797,-1.5694140941656594,-0.004251249429022084,0.002871675974399797,0.0,0.0,0.0,2.1540095246534237e-14,-6.603138175131917e-14,-1.492250936551237e-06,2.1540095246534237e-14,-6.603138175131917e-14,-1.492250936551237e-06,0.0,0.0,0.0,robotiq_85_left_knuckle_joint,2.6864858778921746e-12,2.3640811530611927e-14,,robotiq_85_left_knuckle_joint,2.6864858778921746e-12,2.3640811530611927e-14,,0.0,0.0,
sentinel_joint_telemetry_v2,20260731_120941,20260731_120941:1,1,85,short_cube_pick_place,attack,mitm_trajectory_manipulation,joint_offset,medium,shoulder_pan_joint,cube,cube_transport,0.1,rad,,0,,,,cube_approach,2026-07-31T12:09:46.797+01:00,1.789284,0.021953,45.552101,0,4852.288000000,4852.288000000,trusted_fallback,0.000000,-0.11990126979424184,-0.0003247705220238075,0.07326356569757868,-0.11990126979424184,-0.0003247705220238075,0.07326356569757868,0.0,0.0,0.0,-1.3546038534854559,0.34014436835667433,-28.913993674229133,-1.3546038534854559,0.34014436835667433,-28.913993674229133,0.0,0.0,0.0,2.093054716567714,0.26922799584124535,-18.92634371183558,2.093054716567714,0.26922799584124535,-18.92634371183558,0.0,0.0,0.0,-2.310560326966881,-0.605064915761481,-2.728461001981544,-2.310560326966881,-0.605064915761481,-2.728461001981544,0.0,0.0,0.0,-1.5695076216067498,-0.004251246132814388,0.0026846295513756895,-1.5695076216067498,-0.004251246132814388,0.0026846295513756895,0.0,0.0,0.0,2.0087383163961764e-14,-6.603289963436065e-14,-1.4558372613960424e-06,2.0087383163961764e-14,-6.603289963436065e-14,-1.4558372613960424e-06,0.0,0.0,0.0,robotiq_85_left_knuckle_joint,2.687005545534426e-12,2.4244495300251856e-14,,robotiq_85_left_knuckle_joint,2.687005545534426e-12,2.4244495300251856e-14,,0.0,0.0,
sentinel_joint_telemetry_v2,20260731_120941,20260731_120941:1,1,86,short_cube_pick_place,attack,mitm_trajectory_manipulation,joint_offset,medium,shoulder_pan_joint,cube,cube_transport,0.1,rad,,0,,,,cube_approach,2026-07-31T12:09:46.817+01:00,1.809305,0.020021,49.947193,0,4852.308000000,4852.308000000,trusted_fallback,0.000000,-0.11990776520372923,-0.0003247704470193569,0.07291671472100256,-0.11990776520372923,-0.0003247704470193569,0.07291671472100256,0.0,0.0,0.0,-1.3478009671165194,0.340144289800601,-29.03210057643711,-1.3478009671165194,0.340144289800601,-29.03210057643711,0.0,0.0,0.0,2.0984392756944557,0.26922793366316355,-18.745289166747142,2.0984392756944557,0.26922793366316355,-18.745289166747142,0.0,0.0,0.0,-2.3226616235064705,-0.6050647760221989,-2.7288483405731143,-2.3226616235064705,-0.6050647760221989,-2.7288483405731143,0.0,0.0,0.0,-1.5695926465169308,-0.004251245150967522,0.0025145314908670956,-1.5695926465169308,-0.004251245150967522,0.0025145314908670956,0.0,0.0,0.0,1.8766750541605385e-14,-6.603246595349166e-14,-1.4225766082693097e-06,1.8766750541605385e-14,-6.603246595349166e-14,-1.4225766082693097e-06,0.0,0.0,0.0,robotiq_85_left_knuckle_joint,2.6874810540558733e-12,2.4272250875867485e-14,,robotiq_85_left_knuckle_joint,2.6874810540558733e-12,2.4272250875867485e-14,,0.0,0.0,
sentinel_joint_telemetry_v2,20260731_120941,20260731_120941:1,1,87,short_cube_pick_place,attack,mitm_trajectory_manipulation,joint_offset,medium,shoulder_pan_joint,cube,cube_transport,0.1,rad,,0,,,,cube_approach,2026-07-31T12:09:46.839+01:00,1.831248,0.021944,45.571137,0,4852.330000000,4852.330000000,trusted_fallback,0.000000,-0.11991488384677271,-0.00032623188632935124,0.07317980303211523,-0.11991488384677271,-0.00032623188632935124,0.07317980303211523,0.0,0.0,0.0,-1.3403453448307423,0.3416749100585318,-29.16004230853715,-1.3403453448307423,0.3416749100585318,-29.16004230853715,0.0,0.0,0.0,2.104340482453941,0.27043943637448487,-18.543221407195112,2.104340482453941,0.27043943637448487,-18.543221407195112,0.0,0.0,0.0,-2.3359240376163894,-0.607787515843956,-2.7291918978844865,-2.3359240376163894,-0.607787515843956,-2.7291918978844865,0.0,0.0,0.0,-1.5696858295543659,-0.004270375391137414,0.002328232817869275,-1.5696858295543659,-0.004270375391137414,0.002328232817869275,0.0,0.0,0.0,1.731752828898571e-14,-6.621374455673124e-14,-1.3954327532147804e-06,1.731752828898571e-14,-6.621374455673124e-14,-1.3954327532147804e-06,0.0,0.0,0.0,robotiq_85_left_knuckle_joint,2.664253599374011e-12,1.4280937543631467e-12,,robotiq_85_left_knuckle_joint,2.664253599374011e-12,1.4280937543631467e-12,,0.0,0.0,
sentinel_joint_telemetry_v2,20260731_120941,20260731_120941:1,1,88,short_cube_pick_place,attack,mitm_trajectory_manipulation,joint_offset,medium,shoulder_pan_joint,cube,cube_transport,0.1,rad,,0,,,,cube_approach,2026-07-31T12:09:46.859+01:00,1.851269,0.020020,49.949491,0,4852.350000000,4852.350000000,trusted_fallback,0.000000,-0.1199213963889856,-0.00032527999323894263,0.07238423097246857,-0.1199213963889856,-0.00032527999323894263,0.07238423097246857,0.0,0.0,0.0,-1.333524514715247,0.3406779566936251,-29.27129372580214,-1.333524514715247,0.3406779566936251,-29.27129372580214,0.0,0.0,0.0,2.1097392442527645,0.2696503368585049,-18.357281078483595,2.1097392442527645,0.2696503368585049,-18.357281078483595,0.0,0.0,0.0,-2.3480572533423647,-0.6060140879721859,-2.72963409723433,-2.3480572533423647,-0.6060140879721859,-2.72963409723433,0.0,0.0,0.0,-1.5697710787319172,-0.004257915110941949,0.0021574570795151135,-1.5697710787319172,-0.004257915110941949,0.0021574570795151135,0.0,0.0,0.0,1.5995023032637016e-14,-6.611529899946955e-14,-1.3555689875978236e-06,1.5995023032637016e-14,-6.611529899946955e-14,-1.3555689875978236e-06,0.0,0.0,0.0,robotiq_85_left_knuckle_joint,2.685084873579612e-12,2.416192246279536e-13,,robotiq_85_left_knuckle_joint,2.685084873579612e-12,2.416192246279536e-13,,0.0,0.0,
sentinel_joint_telemetry_v2,20260731_120941,20260731_120941:1,1,89,short_cube_pick_place,attack,mitm_trajectory_manipulation,joint_offset,medium,shoulder_pan_joint,cube,cube_transport,0.1,rad,,0,,,,cube_approach,2026-07-31T12:09:46.881+01:00,1.873286,0.022017,45.419585,0,4852.372000000,4852.372000000,trusted_fallback,0.000000,-0.11992854763204651,-0.000324930320466854,0.07181328258451222,-0.11992854763204651,-0.000324930320466854,0.07181328258451222,0.0,0.0,0.0,-1.3260347492071878,0.34031173126919756,-29.391028874716728,-1.3260347492071878,0.34031173126919756,-29.391028874716728,0.0,0.0,0.0,2.11566747574693,0.26936046542090136,-18.14997301251352,2.11566747574693,0.26936046542090136,-18.14997301251352,0.0,0.0,0.0,-2.3613804030334795,-0.6053626288387258,-2.7300782022551457,-2.3613804030334795,-0.6053626288387258,-2.7300782022551457,0.0,0.0,0.0,-1.5698646885035732,-0.004253337894402924,0.001969960853305681,-1.5698646885035732,-0.004253337894402924,0.001969960853305681,0.0,0.0,0.0,1.4541334083907133e-14,-6.606759410388019e-14,-1.3161818738368982e-06,1.4541334083907133e-14,-6.606759410388019e-14,-1.3161818738368982e-06,0.0,0.0,0.0,robotiq_85_left_knuckle_joint,2.6896026486225675e-12,-1.2490009027033011e-15,,robotiq_85_left_knuckle_joint,2.6896026486225675e-12,-1.2490009027033011e-15,,0.0,0.0,
sentinel_joint_telemetry_v2,20260731_120941,20260731_120941:1,1,90,short_cube_pick_place,attack,mitm_trajectory_manipulation,joint_offset,medium,shoulder_pan_joint,cube,cube_transport,0.1,rad,,0,,,,cube_approach,2026-07-31T12:09:46.901+01:00,1.893304,0.020018,49.955053,0,4852.392000000,4852.392000000,trusted_fallback,0.000000,-0.11993504491497699,-0.000324826165288701,0.07138023219717729,-0.11993504491497699,-0.000324826165288701,0.07138023219717729,0.0,0.0,0.0,-1.319229900710932,0.34020264563982505,-29.497114578514317,-1.319229900710932,0.34020264563982505,-29.497114578514317,0.0,0.0,0.0,2.12105358791895,0.2692741229495379,-17.959071408880344,2.12105358791895,0.2692741229495379,-17.959071408880344,0.0,0.0,0.0,-2.3734851898980955,-0.6051685821536176,-2.730469398695078,-2.3734851898980955,-0.6051685821536176,-2.730469398695078,0.0,0.0,0.0,-1.5699497379371237,-0.004251974503148602,0.001799583590701123,-1.5699497379371237,-0.004251974503148602,0.001799583590701123,0.0,0.0,0.0,1.3220304860396063e-14,-6.6044392177389e-14,-1.2816290577286457e-06,1.3220304860396063e-14,-6.6044392177389e-14,-1.2816290577286457e-06,0.0,0.0,0.0,robotiq_85_left_knuckle_joint,2.6901914554036776e-12,-1.4613310561628623e-14,,robotiq_85_left_knuckle_joint,2.6901914554036776e-12,-1.4613310561628623e-14,,0.0,0.0,
sentinel_joint_telemetry_v2,20260731_120941,20260731_120941:1,1,91,short_cube_pick_place,attack,mitm_trajectory_manipulation,joint_offset,medium,shoulder_pan_joint,cube,cube_transport,0.1,rad,,0,,,,cube_approach,2026-07-31T12:09:46.921+01:00,1.913318,0.020015,49.963514,0,4852.412000000,4852.412000000,trusted_fallback,0.000000,-0.11994150849977635,-0.00030855132827363593,0.06405004860073993,-0.11994150849977635,-0.00030855132827363593,0.06405004860073993,0.0,0.0,0.0,-1.312460345536227,0.323157397445433,-29.580647180696243,-1.312460345536227,0.323157397445433,-29.580647180696243,0.0,0.0,0.0,2.126411765040136,0.25578262217249026,-17.77616916130431,2.126411765040136,0.25578262217249026,-17.77616916130431,0.0,0.0,0.0,-2.3855271953302513,-0.5748476871974121,-2.7315038210290052,-2.3855271953302513,-0.5748476871974121,-2.7315038210290052,0.0,0.0,0.0,-1.5700343462621016,-0.004038936886757452,0.0016282407372120568,-1.5700343462621016,-0.004038936886757452,0.0016282407372120568,0.0,0.0,0.0,1.1913657361862579e-14,-6.280306136252634e-14,-1.1483301566819695e-06,1.1913657361862579e-14,-6.280306136252634e-14,-1.1483301566819695e-06,0.0,0.0,0.0,robotiq_85_left_knuckle_joint,2.8265432047394727e-12,-7.779887845060784e-14,,robotiq_85_left_knuckle_joint,2.8265432047394727e-12,-7.779887845060784e-14,,0.0,0.0,
sentinel_joint_telemetry_v2,20260731_120941,20260731_120941:1,1,92,short_cube_pick_place,attack,mitm_trajectory_manipulation,joint_offset,medium,shoulder_pan_joint,cube,cube_transport,0.1,rad,,0,,,,cube_approach,2026-07-31T12:09:46.943+01:00,1.935254,0.021936,45.587632,0,4852.434000000,4852.434000000,trusted_fallback,0.000000,-0.11994867597425882,-0.0003253427100947037,0.07076278334189594,-0.11994867597425882,-0.0003253427100947037,0.07076278334189594,0.0,0.0,0.0,-1.3049535802475105,0.3407436424134448,-29.711480763344,-1.3049535802475105,0.3407436424134448,-29.711480763344,0.0,0.0,0.0,2.1323534520470036,0.2697023278256955,-17.550775555222227,2.1323534520470036,0.2697023278256955,-17.550775555222227,0.0,0.0,0.0,-2.3988805850366965,-0.6061309328422017,-2.7312584660216372,-2.3988805850366965,-0.6061309328422017,-2.7312584660216372,0.0,0.0,0.0,-1.5701281685031039,-0.00425873607459712,0.001442058519178191,-1.5701281685031039,-0.00425873607459712,0.001442058519178191,0.0,0.0,0.0,1.0448576700906393e-14,-6.613307991509831e-14,-1.2132783170605424e-06,1.0448576700906393e-14,-6.613307991509831e-14,-1.2132783170605424e-06,0.0,0.0,0.0,robotiq_85_left_knuckle_joint,2.686398295173319e-12,2.7814556213812125e-13,,robotiq_85_left_knuckle_joint,2.686398295173319e-12,2.7814556213812125e-13,,0.0,0.0,
sentinel_joint_telemetry_v2,20260731_120941,20260731_120941:1,1,93,short_cube_pick_place,attack,mitm_trajectory_manipulation,joint_offset,medium,shoulder_pan_joint,cube,cube_transport,0.1,rad,,0,,,,cube_approach,2026-07-31T12:09:46.963+01:00,1.955404,0.020150,49.628742,0,4852.454000000,4852.454000000,trusted_fallback,0.000000,-0.11995517809195792,-0.00032496995666027404,0.07018454923354693,-0.11995517809195792,-0.00032496995666027404,0.07018454923354693,0.0,0.0,0.0,-1.298143668116531,0.3403532437438556,-29.80867220729172,-1.298143668116531,0.3403532437438556,-29.80867220729172,0.0,0.0,0.0,2.1377435721414098,0.2693933229995464,-17.352927191972082,2.1377435721414098,0.2693933229995464,-17.352927191972082,0.0,0.0,0.0,-2.4109943793346287,-0.6054364731951521,-2.7316573209980266,-2.4109943793346287,-0.6054364731951521,-2.7316573209980266,0.0,0.0,0.0,-1.5702132812237743,-0.004253856732212614,0.001271371426142245,-1.5702132812237743,-0.004253856732212614,0.001271371426142245,0.0,0.0,0.0,9.126777260171988e-15,-6.607605088082558e-14,-1.1766012999845024e-06,9.126777260171988e-15,-6.607605088082558e-14,-1.1766012999845024e-06,0.0,0.0,0.0,robotiq_85_left_knuckle_joint,2.6913169509337857e-12,8.208711488322251e-15,,robotiq_85_left_knuckle_joint,2.6913169509337857e-12,8.208711488322251e-15,,0.0,0.0,
sentinel_joint_telemetry_v2,20260731_120941,20260731_120941:1,1,94,short_cube_pick_place,attack,mitm_trajectory_manipulation,joint_offset,medium,shoulder_pan_joint,cube,cube_transport,0.1,rad,,0,,,,cube_approach,2026-07-31T12:09:46.985+01:00,1.977382,0.021978,45.500058,0,4852.476000000,4852.476000000,trusted_fallback,0.000000,-0.11996232550563013,-0.0003248330277039078,0.0696579513821949,-0.11996232550563013,-0.0003248330277039078,0.0696579513821949,0.0,0.0,0.0,-1.2906579132710103,0.34020983290491286,-29.912657953063164,-1.2906579132710103,0.34020983290491286,-29.912657953063164,0.0,0.0,0.0,2.143668629152215,0.2692798117486246,-17.13275918960492,2.143668629152215,0.2692798117486246,-17.13275918960492,0.0,0.0,0.0,-2.4243103946692326,-0.6051813672012055,-2.7320836387703302,-2.4243103946692326,-0.6051813672012055,-2.7320836387703302,0.0,0.0,0.0,-1.5703068408687337,-0.004252064332162196,0.001083719900949713,-1.5703068408687337,-0.004252064332162196,0.001083719900949713,0.0,0.0,0.0,7.67356058990844e-15,-6.604894582651344e-14,-1.1378369767884488e-06,7.67356058990844e-15,-6.604894582651344e-14,-1.1378369767884488e-06,0.0,0.0,0.0,robotiq_85_left_knuckle_joint,2.692122764682846e-12,-1.7555401576885288e-14,,robotiq_85_left_knuckle_joint,2.692122764682846e-12,-1.7555401576885288e-14,,0.0,0.0,
sentinel_joint_telemetry_v2,20260731_120941,20260731_120941:1,1,95,short_cube_pick_place,attack,mitm_trajectory_manipulation,joint_offset,medium,shoulder_pan_joint,cube,cube_transport,0.1,rad,,0,,,,cube_approach,2026-07-31T12:09:47.007+01:00,1.999322,0.021940,45.578924,0,4852.498000000,4852.498000000,trusted_fallback,0.000000,-0.11996947122803678,-0.0003247900579470295,0.06916155485091009,-0.11996947122803678,-0.0003247900579470295,0.06916155485091009,0.0,0.0,0.0,-1.283173929751455,0.3401648290640542,-30.01342046116906,-1.283173929751455,0.3401648290640542,-30.01342046116906,0.0,0.0,0.0,2.149592284139104,0.26924419071526484,-16.90998500534846,2.149592284139104,0.26924419071526484,-16.90998500534846,0.0,0.0,0.0,-2.4376232590852984,-0.6051013122371897,-2.732505238159827,-2.4376232590852984,-0.6051013122371897,-2.732505238159827,0.0,0.0,0.0,-1.5704003783750262,-0.004251501858050706,0.0008960655740278493,-1.5704003783750262,-0.004251501858050706,0.0008960655740278493,0.0,0.0,0.0,6.220666795051859e-15,-6.603745328348509e-14,-1.0995009705607675e-06,6.220666795051859e-15,-6.603745328348509e-14,-1.0995009705607675e-06,0.0,0.0,0.0,robotiq_85_left_knuckle_joint,2.692264012807154e-12,-1.3183898417423734e-15,,robotiq_85_left_knuckle_joint,2.692264012807154e-12,-1.3183898417423734e-15,,0.0,0.0,
sentinel_joint_telemetry_v2,20260731_120941,20260731_120941:1,1,96,short_cube_pick_place,attack,mitm_trajectory_manipulation,joint_offset,medium,shoulder_pan_joint,cube,cube_transport,0.1,rad,,0,,,,cube_approach,2026-07-31T12:09:47.029+01:00,2.021350,0.022028,45.395873,0,4852.520000000,4852.520000000,trusted_fallback,0.000000,-0.11997659011330297,-0.00032623804043934693,0.06928863208134194,-0.11997659011330297,-0.00032623804043934693,0.06928863208134194,0.0,0.0,0.0,-1.2757180537768287,0.34168135549703804,-30.112350100067484,-1.2757180537768287,0.34168135549703804,-30.112350100067484,0.0,0.0,0.0,2.155493691696094,0.27044453800965407,-16.68466479391782,2.155493691696094,0.27044453800965407,-16.68466479391782,0.0,0.0,0.0,-2.4508861244689633,-0.6077989812954074,-2.7328900067765023,-2.4508861244689633,-0.6077989812954074,-2.7328900067765023,0.0,0.0,0.0,-1.5704935645831561,-0.004270455948537024,0.000709198338874779,-1.5704935645831561,-0.004270455948537024,0.000709198338874779,0.0,0.0,0.0,4.7725296119664065e-15,-6.628291665533581e-14,-1.0700788757195325e-06,4.7725296119664065e-15,-6.628291665533581e-14,-1.0700788757195325e-06,0.0,0.0,0.0,robotiq_85_left_knuckle_joint,2.6700231023049737e-12,1.3417114641534056e-12,,robotiq_85_left_knuckle_joint,2.6700231023049737e-12,1.3417114641534056e-12,,0.0,0.0,
sentinel_joint_telemetry_v2,20260731_120941,20260731_120941:1,1,97,short_cube_pick_place,attack,mitm_trajectory_manipulation,joint_offset,medium,shoulder_pan_joint,cube,cube_transport,0.1,rad,,0,,,,cube_approach,2026-07-31T12:09:47.051+01:00,2.043251,0.021901,45.659590,0,4852.542000000,4852.542000000,trusted_fallback,0.000000,-0.11998375318959699,-0.0003252309658277107,0.0683598456494123,-0.11998375318959699,-0.0003252309658277107,0.0683598456494123,0.0,0.0,0.0,-1.2682158948794868,0.3406266084457903,-30.20561350084332,-1.2682158948794868,0.3406266084457903,-30.20561350084332,0.0,0.0,0.0,2.161431732693722,0.2696096941574746,-16.456799418212647,2.161431732693722,0.2696096941574746,-16.456799418212647,0.0,0.0,0.0,-2.464231320108015,-0.6059227472766842,-2.733333196831316,-2.464231320108015,-0.6059227472766842,-2.733333196831316,0.0,0.0,0.0,-1.5705873292518286,-0.004257273342175192,0.0005208843661120602,-1.5705873292518286,-0.004257273342175192,0.0005208843661120602,0.0,0.0,0.0,3.3167555256184014e-15,-6.612028632946299e-14,-1.0255280992360579e-06,3.3167555256184014e-15,-6.612028632946299e-14,-1.0255280992360579e-06,0.0,0.0,0.0,robotiq_85_left_knuckle_joint,2.690383905626103e-12,1.7986306888317927e-13,,robotiq_85_left_knuckle_joint,2.690383905626103e-12,1.7986306888317927e-13,,0.0,0.0,
sentinel_joint_telemetry_v2,20260731_120941,20260731_120941:1,1,98,short_cube_pick_place,attack,mitm_trajectory_manipulation,joint_offset,medium,shoulder_pan_joint,cube,cube_transport,0.1,rad,,0,,,,cube_approach,2026-07-31T12:09:47.074+01:00,2.066010,0.022759,43.939023,0,4852.564000000,4852.564000000,trusted_fallback,0.000000,-0.11999087752039872,-0.0003263762530380664,-130.3822089811212,-0.11999087752039872,-0.0003263762530380664,-130.3822089811212,0.0,0.0,0.0,-1.2616199370150365,-0.0913879656202364,150.0,-1.2616199370150365,-0.0913879656202364,150.0,0.0,0.0,0.0,2.1673376547330077,0.2705592368445252,-6.6672567016357975,2.1673376547330077,0.2705592368445252,-6.6672567016357975,0.0,0.0,0.0,-2.4773570533804707,-0.5341599219095619,-28.0,-2.4773570533804707,-0.5341599219095619,-28.0,0.0,0.0,0.0,-1.5706719271151475,0.00010439917722713989,-28.0,-1.5706719271151475,0.00010439917722713989,-28.0,0.0,0.0,0.0,-4.6231518140487785e-12,-4.5831952629783734e-09,6.579489460651207,-4.6231518140487785e-12,-4.5831952629783734e-09,6.579489460651207,0.0,0.0,0.0,robotiq_85_left_knuckle_joint,7.399055064675236e-07,0.0007399388230019885,,robotiq_85_left_knuckle_joint,7.399055064675236e-07,0.0007399388230019885,,0.0,0.0,
sentinel_joint_telemetry_v2,20260731_120941,20260731_120941:1,1,99,short_cube_pick_place,attack,mitm_trajectory_manipulation,joint_offset,medium,shoulder_pan_joint,cube,cube_transport,0.1,rad,,0,,,,cube_approach,2026-07-31T12:09:47.096+01:00,2.087776,0.021766,45.944090,0,4852.586000000,4852.586000000,trusted_fallback,0.000000,-0.11999688419260378,-0.00017310024259770216,-131.49911602585811,-0.11999688419260378,-0.00017310024259770216,-131.49911602585811,0.0,0.0,0.0,-1.2632878709279813,-0.04826081447073926,150.0,-1.2632878709279813,-0.04826081447073926,150.0,0.0,0.0,0.0,2.172317062422619,0.14349653209610658,-8.687594222601467,2.172317062422619,0.14349653209610658,-8.687594222601467,0.0,0.0,0.0,-2.487211176835746,-0.28427954016281043,-28.0,-2.487211176835746,-0.28427954016281043,-28.0,0.0,0.0,0.0,-1.5706756450454968,-0.00035793620457882924,-28.0,-1.5706756450454968,-0.00035793620457882924,-28.0,0.0,0.0,0.0,-9.87224806120188e-11,-2.4731632607740556e-09,10.295692007539838,-9.87224806120188e-11,-2.4731632607740556e-09,10.295692007539838,0.0,0.0,0.0,robotiq_85_left_knuckle_joint,2.3182424634415562e-07,-1.2910987876674218e-05,,robotiq_85_left_knuckle_joint,2.3182424634415562e-07,-1.2910987876674218e-05,,0.0,0.0,
sentinel_joint_telemetry_v2,20260731_120941,20260731_120941:1,1,100,short_cube_pick_place,attack,mitm_trajectory_manipulation,joint_offset,medium,shoulder_pan_joint,cube,cube_transport,0.1,rad,,0,,,,cube_approach,2026-07-31T12:09:47.118+01:00,2.109664,0.021889,45.685769,0,4852.608000000,4852.608000000,trusted_fallback,0.000000,-0.1199990222245326,-5.432069490280745e-05,-128.15676550342448,-0.1199990222245326,-5.432069490280745e-05,-128.15676550342448,0.0,0.0,0.0,-1.2638998145387184,-0.01622927516252717,150.0,-1.2638998145387184,-0.01622927516252717,150.0,0.0,0.0,0.0,2.174089446819485,0.04503073227083232,-9.339809522126533,2.174089446819485,0.04503073227083232,-9.339809522126533,0.0,0.0,0.0,-2.490715478735954,-0.08869659949559652,-28.0,-2.490715478735954,-0.08869659949559652,-28.0,0.0,0.0,0.0,-1.570686525921231,-0.0005473119582107243,-28.0,-1.570686525921231,-0.0005473119582107243,-28.0,0.0,0.0,0.0,-1.2954198955496866e-10,-8.911128889909498e-10,10.454033880151448,-1.2954198955496866e-10,-8.911128889909498e-10,10.454033880151448,0.0,0.0,0.0,robotiq_85_left_knuckle_joint,7.235705180285252e-08,-4.050109047200323e-06,,robotiq_85_left_knuckle_joint,7.235705180285252e-08,-4.050109047200323e-06,,0.0,0.0,
sentinel_joint_telemetry_v2,20260731_120941,20260731_120941:1,1,101,short_cube_pick_place,attack,mitm_trajectory_manipulation,joint_offset,medium,shoulder_pan_joint,cube,cube_transport,0.1,rad,,0,,,,cube_grasp,2026-07-31T12:09:47.139+01:00,2.131627,0.021962,45.532398,0,4852.630000000,4852.630000000,trusted_fallback,0.000000,-0.11999969316177403,-1.704641635984043e-05,-118.20627939574035,-0.11999969316177403,-1.704641635984043e-05,-118.20627939574035,0.0,0.0,0.0,-1.2641140628297558,-0.006019930923119263,150.0,-1.2641140628297558,-0.006019930923119263,150.0,0.0,0.0,0.0,2.174645639823529,0.014131120935349364,-9.604988565358614,2.174645639823529,0.014131120935349364,-9.604988565358614,0.0,0.0,0.0,-2.4918035017379743,-0.02732985801805801,-28.0,-2.4918035017379743,-0.02732985801805801,-28.0,0.0,0.0,0.0,-1.5706985799238884,-0.0005459261173301764,-28.0,-1.5706985799238884,-0.0005459261173301764,-28.0,0.0,0.0,0.0,-1.4140077412106302e-10,-3.5107771724496306e-10,10.604492526823128,-1.4140077412106302e-10,-3.5107771724496306e-10,10.604492526823128,0.0,0.0,0.0,robotiq_85_left_knuckle_joint,2.2372235241239605e-08,-1.2686321266552891e-06,,robotiq_85_left_knuckle_joint,2.2372235241239605e-08,-1.2686321266552891e-06,,0.0,0.0,
sentinel_joint_telemetry_v2,20260731_120941,20260731_120941:1,1,102,short_cube_pick_place,attack,mitm_trajectory_manipulation,joint_offset,medium,shoulder_pan_joint,cube,cube_transport,0.1,rad,,0,,,,cube_grasp,2026-07-31T12:09:47.162+01:00,2.153677,0.022050,45.351013,0,4852.652000000,4852.652000000,trusted_fallback,0.000000,-0.11999990370908838,-5.349349366909079e-06,-113.48302226409668,-0.11999990370908838,-5.349349366909079e-06,-113.48302226409668,0.0,0.0,0.0,-1.2641996199709247,-0.0026384408237948628,150.0,-1.2641996199709247,-0.0026384408237948628,150.0,0.0,0.0,0.0,2.1748201790816584,0.0044344954838503245,-9.69761957164273,2.1748201790816584,0.0044344954838503245,-9.69761957164273,0.0,0.0,0.0,-2.4921350113342378,-0.00817520108534282,-28.0,-2.4921350113342378,-0.00817520108534282,-28.0,0.0,0.0,0.0,-1.5707104680502741,-0.0005345551555018578,-28.0,-1.5707104680502741,-0.0005345551555018578,-28.0,0.0,0.0,0.0,-1.4610065769279657e-10,-1.4009608967704978e-10,10.668320017588895,-1.4610065769279657e-10,-1.4009608967704978e-10,10.668320017588895,0.0,0.0,0.0,robotiq_85_left_knuckle_joint,6.720889630562164e-09,-3.9696012096857025e-07,,robotiq_85_left_knuckle_joint,6.720889630562164e-09,-3.9696012096857025e-07,,0.0,0.0,
sentinel_joint_telemetry_v2,20260731_120941,20260731_120941:1,1,103,short_cube_pick_place,attack,mitm_trajectory_manipulation,joint_offset,medium,shoulder_pan_joint,cube,cube_transport,0.1,rad,,0,,,,cube_grasp,2026-07-31T12:09:47.184+01:00,2.175661,0.021984,45.487226,0,4852.674000000,4852.674000000,trusted_fallback,0.000000,-0.11999996978112251,-1.678684688869803e-06,-110.44751448819612,-0.11999996978112251,-1.678684688869803e-06,-110.44751448819612,0.0,0.0,0.0,-1.2642411630854733,-0.0014265104666285056,150.0,-1.2642411630854733,-0.0014265104666285056,150.0,0.0,0.0,0.0,2.1748749513502896,0.0013915916710671595,-9.736086022508617,2.1748749513502896,0.0013915916710671595,-9.736086022508617,0.0,0.0,0.0,-2.4922313214086107,-0.0022575462524487312,-28.0,-2.4922313214086107,-0.0022575462524487312,-28.0,0.0,0.0,0.0,-1.5707220672721816,-0.0005203737058585498,-28.0,-1.5707220672721816,-0.0005203737058585498,-28.0,0.0,0.0,0.0,-1.480488253627334e-10,-6.114207187421505e-11,10.705849511652275,-1.480488253627334e-10,-6.114207187421505e-11,10.705849511652275,0.0,0.0,0.0,robotiq_85_left_knuckle_joint,1.8289480729317664e-09,-1.2380452223820226e-07,,robotiq_85_left_knuckle_joint,1.8289480729317664e-09,-1.2380452223820226e-07,,0.0,0.0,
sentinel_joint_telemetry_v2,20260731_120941,20260731_120941:1,1,104,short_cube_pick_place,attack,mitm_trajectory_manipulation,joint_offset,medium,shoulder_pan_joint,cube,cube_transport,0.1,rad,,0,,,,cube_grasp,2026-07-31T12:09:47.206+01:00,2.197912,0.022251,44.942479,0,4852.696000000,4852.696000000,trusted_fallback,0.000000,-0.11999999051526862,-5.267908360121702e-07,-107.98709379288427,-0.11999999051526862,-5.267908360121702e-07,-107.98709379288427,0.0,0.0,0.0,-1.2642659200361501,-0.0009245644533364857,150.0,-1.2642659200361501,-0.0009245644533364857,150.0,0.0,0.0,0.0,2.174892139468557,0.00043669621180334774,-9.757611814042988,2.174892139468557,0.00043669621180334774,-9.757611814042988,0.0,0.0,0.0,-2.492255670220407,-0.0004761229138268569,-28.0,-2.492255670220407,-0.0004761229138268569,-28.0,0.0,0.0,0.0,-1.570733345936323,-0.0005056210908966994,-28.0,-1.570733345936323,-0.0005056210908966994,-28.0,0.0,0.0,0.0,-1.489740555264849e-10,-3.218707115074104e-11,10.734756954818469,-1.489740555264849e-10,-3.218707115074104e-11,10.734756954818469,0.0,0.0,0.0,robotiq_85_left_knuckle_joint,3.085184084284909e-10,-3.821769809647657e-08,,robotiq_85_left_knuckle_joint,3.085184084284909e-10,-3.821769809647657e-08,,0.0,0.0,
sentinel_joint_telemetry_v2,20260731_120941,20260731_120941:1,1,105,short_cube_pick_place,attack,mitm_trajectory_manipulation,joint_offset,medium,shoulder_pan_joint,cube,cube_transport,0.1,rad,,0,,,,cube_grasp,2026-07-31T12:09:47.227+01:00,2.219640,0.021729,46.022031,0,4852.718000000,4852.718000000,trusted_fallback,0.000000,-0.11999999702190062,-1.6531423302815727e-07,-105.6864632281101,-0.11999999702190062,-1.6531423302815727e-07,-105.6864632281101,0.0,0.0,0.0,-1.2642830227554056,-0.0006697952524645327,150.0,-1.2642830227554056,-0.0006697952524645327,150.0,0.0,0.0,0.0,2.1748975332821963,0.0001370398985353731,-9.772619803002199,2.1748975332821963,0.0001370398985353731,-9.772619803002199,0.0,0.0,0.0,-2.492258906818026,2.3790238428376964e-05,-28.0,-2.492258906818026,2.3790238428376964e-05,-28.0,0.0,0.0,0.0,-1.5707442348337115,-0.0004844181822949,-28.0,-1.5707442348337115,-0.0004844181822949,-28.0,0.0,0.0,0.0,-1.4818733710907683e-10,8.583278207109635e-11,10.525775756821485,-1.4818733710907683e-10,8.583278207109635e-11,10.525775756821485,0.0,0.0,0.0,robotiq_85_left_knuckle_joint,-1.707533104122973e-11,3.8320124851054516e-11,,robotiq_85_left_knuckle_joint,-1.707533104122973e-11,3.8320124851054516e-11,,0.0,0.0,
sentinel_joint_telemetry_v2,20260731_120941,20260731_120941:1,1,106,short_cube_pick_place,attack,mitm_trajectory_manipulation,joint_offset,medium,shoulder_pan_joint,cube,cube_transport,0.1,rad,,0,,,,cube_grasp,2026-07-31T12:09:47.250+01:00,2.241686,0.022046,45.359941,0,4852.740000000,4852.740000000,trusted_fallback,0.000000,-0.11999999906379812,-5.18801926436413e-08,-102.03807272196482,-0.11999999906379812,-5.18801926436413e-08,-102.03807272196482,0.0,0.0,0.0,-1.2642959116464851,-0.0005205054121114206,150.0,-1.2642959116464851,-0.0005205054121114206,150.0,0.0,0.0,0.0,2.1748992259180695,4.3004572245906175e-05,-9.76818698196018,2.1748992259180695,4.3004572245906175e-05,-9.76818698196018,0.0,0.0,0.0,-2.492256378907275,0.00016048656271943143,-28.0,-2.492256378907275,0.00016048656271943143,-28.0,0.0,0.0,0.0,-1.5707534495115982,-0.0003549002285150099,-28.0,-1.5707534495115982,-0.0003549002285150099,-28.0,0.0,0.0,0.0,-1.2122965119870914e-10,2.0453867436570627e-09,6.061548374799631,-1.2122965119870914e-10,2.0453867436570627e-09,6.061548374799631,0.0,0.0,0.0,robotiq_85_left_knuckle_joint,5.762249912559701e-07,-3.2009555476990303e-05,,robotiq_85_left_knuckle_joint,5.762249912559701e-07,-3.2009555476990303e-05,,0.0,0.0,
sentinel_joint_telemetry_v2,20260731_120941,20260731_120941:1,1,107,short_cube_pick_place,attack,mitm_trajectory_manipulation,joint_offset,medium,shoulder_pan_joint,cube,cube_transport,0.1,rad,,0,,,,cube_grasp,2026-07-31T12:09:47.272+01:00,2.264017,0.022330,44.782394,0,4852.762000000,4852.762000000,trusted_fallback,0.000000,-0.1199999997046135,-1.628260324466023e-08,-99.47717613810167,-0.1199999997046135,-1.628260324466023e-08,-99.47717613810167,0.0,0.0,0.0,-1.2643059525087796,-0.0004074659380522757,150.0,-1.2643059525087796,-0.0004074659380522757,150.0,0.0,0.0,0.0,2.1748997570851416,1.3495290452216618e-05,-9.757659147765995,2.1748997570851416,1.3495290452216618e-05,-9.757659147765995,0.0,0.0,0.0,-2.492252589845275,0.00017073189866921926,-28.0,-2.492252589845275,0.00017073189866921926,-28.0,0.0,0.0,0.0,-1.5707595784074249,-0.0002506821157086817,-28.0,-1.5707595784074249,-0.0002506821157086817,-28.0,0.0,0.0,0.0,-7.201286547022217e-11,2.1363745861344846e-09,2.4103866173955515,-7.201286547022217e-11,2.1363745861344846e-09,2.4103866173955515,0.0,0.0,0.0,robotiq_85_left_knuckle_joint,1.8099602694860237e-07,-1.0038827023030328e-05,,robotiq_85_left_knuckle_joint,1.8099602694860237e-07,-1.0038827023030328e-05,,0.0,0.0,
sentinel_joint_telemetry_v2,20260731_120941,20260731_120941:1,1,108,short_cube_pick_place,attack,mitm_trajectory_manipulation,joint_offset,medium,shoulder_pan_joint,cube,cube_transport,0.1,rad,,0,,,,cube_grasp,2026-07-31T12:09:47.293+01:00,2.285597,0.021580,46.338486,0,4852.784000000,4852.784000000,trusted_fallback,0.000000,-0.11999999990576661,-5.112507404838457e-09,-95.52351407480651,-0.11999999990576661,-5.112507404838457e-09,-95.52351407480651,0.0,0.0,0.0,-1.264313913874767,-0.00032365136929527263,150.0,-1.264313913874767,-0.00032365136929527263,150.0,0.0,0.0,0.0,2.174899923770997,4.234965160035756e-06,-9.765226460812753,2.174899923770997,4.234965160035756e-06,-9.765226460812753,0.0,0.0,0.0,-2.4922491122582104,0.0001438341340933777,-28.0,-2.4922491122582104,0.0001438341340933777,-28.0,0.0,0.0,0.0,-1.5707650740728711,-0.00024868920513022256,-28.0,-1.5707650740728711,-0.00024868920513022256,-28.0,0.0,0.0,0.0,-2.8330961745845306e-11,1.8791160491787168e-09,-0.3926401172202774,-2.8330961745845306e-11,1.8791160491787168e-09,-0.3926401172202774,0.0,0.0,0.0,robotiq_85_left_knuckle_joint,5.698405705130075e-08,-3.1515717609995053e-06,,robotiq_85_left_knuckle_joint,5.698405705130075e-08,-3.1515717609995053e-06,,0.0,0.0,
sentinel_joint_telemetry_v2,20260731_120941,20260731_120941:1,1,109,short_cube_pick_place,attack,mitm_trajectory_manipulation,joint_offset,medium,shoulder_pan_joint,cube,cube_transport,0.1,rad,,0,,,,cube_grasp,2026-07-31T12:09:47.315+01:00,2.307475,0.021878,45.707278,0,4852.806000000,4852.806000000,trusted_fallback,0.000000,-0.11999999996893725,-1.6055990230932904e-09,-93.51932541737469,-0.11999999996893725,-1.6055990230932904e-09,-93.51932541737469,0.0,0.0,0.0,-1.2643202422372195,-0.00025702523769242057,150.0,-1.2643202422372195,-0.00025702523769242057,150.0,0.0,0.0,0.0,2.1748999760787853,1.32897692454656e-06,-9.77287989677328,2.1748999760787853,1.32897692454656e-06,-9.77287989677328,0.0,0.0,0.0,-2.4922463217278317,0.00011018958334397394,-28.0,-2.4922463217278317,0.00011018958334397394,-28.0,0.0,0.0,0.0,-1.5707705098423013,-0.0002453710435167504,-28.0,-1.5707705098423013,-0.0002453710435167504,-28.0,0.0,0.0,0.0,2.5077955296331777e-12,8.217596596683113e-10,-1.241653285500204,2.5077955296331777e-12,8.217596596683113e-10,-1.241653285500204,0.0,0.0,0.0,robotiq_85_left_knuckle_joint,1.8048900241343006e-08,-9.893163028240615e-07,,robotiq_85_left_knuckle_joint,1.8048900241343006e-08,-9.893163028240615e-07,,0.0,0.0,
sentinel_joint_telemetry_v2,20260731_120941,20260731_120941:1,1,110,short_cube_pick_place,attack,mitm_trajectory_manipulation,joint_offset,medium,shoulder_pan_joint,cube,cube_transport,0.1,rad,,0,,,,cube_grasp,2026-07-31T12:09:47.335+01:00,2.327630,0.020155,49.615517,0,4852.826000000,4852.826000000,trusted_fallback,0.000000,-0.11999999998777051,-5.606344151941334e-10,-92.48504396185622,-0.11999999998777051,-5.606344151941334e-10,-92.48504396185622,0.0,0.0,0.0,-1.2643248518294876,-0.00020806407040071737,150.0,-1.2643248518294876,-0.00020806407040071737,150.0,0.0,0.0,0.0,2.1748999916594305,4.633855615141652e-07,-9.779883760674162,2.1748999916594305,4.633855615141652e-07,-9.779883760674162,0.0,0.0,0.0,-2.4922444247983373,8.157578633576079e-05,-28.0,-2.4922444247983373,8.157578633576079e-05,-28.0,0.0,0.0,0.0,-1.5707753816174053,-0.0002419598184313235,-28.0,-1.5707753816174053,-0.0002419598184313235,-28.0,0.0,0.0,0.0,1.20935612052146e-11,2.823600374780161e-10,-1.2328220979037412,1.20935612052146e-11,2.823600374780161e-10,-1.2328220979037412,0.0,0.0,0.0,robotiq_85_left_knuckle_joint,6.449371938801378e-09,-3.450354701048375e-07,,robotiq_85_left_knuckle_joint,6.449371938801378e-09,-3.450354701048375e-07,,0.0,0.0,
sentinel_joint_telemetry_v2,20260731_120941,20260731_120941:1,1,111,short_cube_pick_place,attack,mitm_trajectory_manipulation,joint_offset,medium,shoulder_pan_joint,cube,cube_transport,0.1,rad,,0,,,,cube_grasp,2026-07-31T12:09:47.355+01:00,2.347632,0.020001,49.996615,0,4852.846000000,4852.846000000,trusted_fallback,0.000000,-0.11999999999435806,-1.9723016037205554e-10,-90.48419572169146,-0.11999999999435806,-1.9723016037205554e-10,-90.48419572169146,0.0,0.0,0.0,-1.2643285782742124,-0.0001677398669480308,150.0,-1.2643285782742124,-0.0001677398669480308,150.0,0.0,0.0,0.0,2.1748999970920653,1.6157251116373506e-07,-9.78680092161878,2.1748999970920653,1.6157251116373506e-07,-9.78680092161878,0.0,0.0,0.0,-2.492243064207858,5.5473664311345844e-05,-28.0,-2.492243064207858,5.5473664311345844e-05,-28.0,0.0,0.0,0.0,-1.570780184077775,-0.00023839827525457165,-28.0,-1.570780184077775,-0.00023839827525457165,-28.0,0.0,0.0,0.0,1.8669845720859472e-11,6.892761392034152e-10,-2.22910806161945,1.8669845720859472e-11,6.892761392034152e-10,-2.22910806161945,0.0,0.0,0.0,robotiq_85_left_knuckle_joint,2.3999550425625996e-09,-1.209817284131276e-07,,robotiq_85_left_knuckle_joint,2.3999550425625996e-09,-1.209817284131276e-07,,0.0,0.0,
sentinel_joint_telemetry_v2,20260731_120941,20260731_120941:1,1,112,short_cube_pick_place,attack,mitm_trajectory_manipulation,joint_offset,medium,shoulder_pan_joint,cube,cube_transport,0.1,rad,,0,,,,cube_grasp,2026-07-31T12:09:47.377+01:00,2.369496,0.021864,45.736649,0,4852.868000000,4852.868000000,trusted_fallback,0.000000,-0.11999999999683167,-6.457073634461019e-11,-86.77542660056957,-0.11999999999683167,-6.457073634461019e-11,-86.77542660056957,0.0,0.0,0.0,-1.26433183281102,-0.0001311666959437005,150.0,-1.26433183281102,-0.0001311666959437005,150.0,0.0,0.0,0.0,2.1748999990877125,5.070321167956193e-08,-9.794301288256019,2.1748999990877125,5.070321167956193e-08,-9.794301288256019,0.0,0.0,0.0,-2.492242165388635,2.8542206664282366e-05,-28.0,-2.492242165388635,2.8542206664282366e-05,-28.0,0.0,0.0,0.0,-1.5707853816172155,-0.00023431815949274092,-28.0,-1.5707853816172155,-0.00023431815949274092,-28.0,0.0,0.0,0.0,4.3589986677938276e-11,1.3621735603635415e-09,-4.8872487238751265,4.3589986677938276e-11,1.3621735603635415e-09,-4.8872487238751265,0.0,0.0,0.0,robotiq_85_left_knuckle_joint,8.881079138663681e-10,-3.919744524100155e-08,,robotiq_85_left_knuckle_joint,8.881079138663681e-10,-3.919744524100155e-08,,0.0,0.0,
sentinel_joint_telemetry_v2,20260731_120941,20260731_120941:1,1,113,short_cube_pick_place,attack,mitm_trajectory_manipulation,joint_offset,medium,shoulder_pan_joint,cube,cube_transport,0.1,rad,,0,,,,cube_grasp,2026-07-31T12:09:47.397+01:00,2.389591,0.020095,49.763982,0,4852.888000000,4852.888000000,trusted_fallback,0.000000,-0.11999999999763428,-2.665077338502575e-11,-81.5833086939023,-0.11999999999763428,-2.665077338502575e-11,-81.5833086939023,0.0,0.0,0.0,-1.264334148097191,-0.00010231351817256186,150.0,-1.264334148097191,-0.00010231351817256186,150.0,0.0,0.0,0.0,2.1748999996821463,1.7679172180026792e-08,-9.811657638392784,2.1748999996821463,1.7679172180026792e-08,-9.811657638392784,0.0,0.0,0.0,-2.4922418917224776,-9.68387648039165e-07,-28.0,-2.4922418917224776,-9.68387648039165e-07,-28.0,0.0,0.0,0.0,-1.570790521914559,-0.00029051537294475394,-28.0,-1.570790521914559,-0.00029051537294475394,-28.0,0.0,0.0,0.0,7.506535795082875e-11,1.7653613247885919e-09,-7.666778893072762,7.506535795082875e-11,1.7653613247885919e-09,-7.666778893072762,0.0,0.0,0.0,robotiq_85_left_knuckle_joint,4.783210644059538e-10,-7.743218052858047e-09,,robotiq_85_left_knuckle_joint,4.783210644059538e-10,-7.743218052858047e-09,,0.0,0.0,
sentinel_joint_telemetry_v2,20260731_120941,20260731_120941:1,1,114,short_cube_pick_place,attack,mitm_trajectory_manipulation,joint_offset,medium,shoulder_pan_joint,cube,cube_transport,0.1,rad,,0,,,,cube_grasp,2026-07-31T12:09:47.419+01:00,2.411516,0.021925,45.609298,0,4852.910000000,4852.910000000,trusted_fallback,0.000000,-0.11999999999825377,-3.952422633970998e-11,-44.76984682226095,-0.11999999999825377,-3.952422633970998e-11,-44.76984682226095,0.0,0.0,0.0,-1.2643361096801087,-8.039678683185829e-05,150.0,-1.2643361096801087,-8.039678683185829e-05,150.0,0.0,0.0,0.0,2.1748999999005094,5.547884818213333e-09,-9.804599459515414,2.1748999999005094,5.547884818213333e-09,-9.804599459515414,0.0,0.0,0.0,-2.4922421443115224,-8.674257787336798e-06,-28.0,-2.4922421443115224,-8.674257787336798e-06,-28.0,0.0,0.0,0.0,-1.5707966589621492,-0.00018561265325081188,-8.797801059624149,-1.5707966589621492,-0.00018561265325081188,-8.797801059624149,0.0,0.0,0.0,1.1767461213483496e-10,1.7634356394829326e-09,-10.72361226080665,1.1767461213483496e-10,1.7634356394829326e-09,-10.72361226080665,0.0,0.0,0.0,robotiq_85_left_knuckle_joint,3.058140663793867e-10,-1.9366026317302332e-08,,robotiq_85_left_knuckle_joint,3.058140663793867e-10,-1.9366026317302332e-08,,0.0,0.0,
sentinel_joint_telemetry_v2,20260731_120941,20260731_120941:1,1,115,short_cube_pick_place,attack,mitm_trajectory_manipulation,joint_offset,medium,shoulder_pan_joint,cube,cube_transport,0.1,rad,,0,,,,cube_grasp,2026-07-31T12:09:47.439+01:00,2.431520,0.020004,49.989990,0,4852.930000000,4852.930000000,trusted_fallback,0.000000,-0.11999999999898447,-2.946008107601594e-11,-20.990231695731534,-0.11999999999898447,-2.946008107601594e-11,-20.990231695731534,0.0,0.0,0.0,-1.2643375672846475,-6.612680548538641e-05,150.0,-1.2643375672846475,-6.612680548538641e-05,150.0,0.0,0.0,0.0,2.1748999999655507,1.934433807582181e-09,-9.788485737490717,2.1748999999655507,1.934433807582181e-09,-9.788485737490717,0.0,0.0,0.0,-2.492242259638699,-5.252511732507792e-06,-28.0,-2.492242259638699,-5.252511732507792e-06,-28.0,0.0,0.0,0.0,-1.5707988350533257,-6.471959366408098e-05,5.237307413131795,-1.5707988350533257,-6.471959366408098e-05,5.237307413131795,0.0,0.0,0.0,1.4345943812837682e-10,8.080233281516219e-10,-11.341216874056315,1.4345943812837682e-10,8.080233281516219e-10,-11.341216874056315,0.0,0.0,0.0,robotiq_85_left_knuckle_joint,-2.2449908456487272e-11,5.970751670858476e-12,,robotiq_85_left_knuckle_joint,-2.2449908456487272e-11,5.970751670858476e-12,,0.0,0.0,
sentinel_joint_telemetry_v2,20260731_120941,20260731_120941:1,1,116,short_cube_pick_place,attack,mitm_trajectory_manipulation,joint_offset,medium,shoulder_pan_joint,cube,cube_transport,0.1,rad,,0,,,,cube_grasp,2026-07-31T12:09:47.459+01:00,2.451576,0.020056,49.860704,0,4852.950000000,4852.950000000,trusted_fallback,0.000000,-0.11999999999939592,-1.4499662321504347e-11,-14.840766909205795,-0.11999999999939592,-1.4499662321504347e-11,-14.840766909205795,0.0,0.0,0.0,-1.264338752354638,-5.3238555405902416e-05,150.0,-1.264338752354638,-5.3238555405902416e-05,150.0,0.0,0.0,0.0,2.1748999999882295,6.74497823913156e-10,-9.782879268850133,2.1748999999882295,6.74497823913156e-10,-9.782879268850133,0.0,0.0,0.0,-2.49224238855964,-8.43819666686979e-06,-28.0,-2.49224238855964,-8.43819666686979e-06,-28.0,0.0,0.0,0.0,-1.5707995938142039,-2.2566459729508707e-05,9.129742015043602,-1.5707995938142039,-2.2566459729508707e-05,9.129742015043602,0.0,0.0,0.0,1.5217210595668258e-10,2.331043272903871e-10,-11.22378701437097,1.5217210595668258e-10,2.331043272903871e-10,-11.22378701437097,0.0,0.0,0.0,robotiq_85_left_knuckle_joint,-2.9288753634146365e-11,2.07511785532688e-12,,robotiq_85_left_knuckle_joint,-2.9288753634146365e-11,2.07511785532688e-12,,0.0,0.0,
sentinel_joint_telemetry_v2,20260731_120941,20260731_120941:1,1,117,short_cube_pick_place,attack,mitm_trajectory_manipulation,joint_offset,medium,shoulder_pan_joint,cube,cube_transport,0.1,rad,,0,,,,cube_grasp,2026-07-31T12:09:47.481+01:00,2.473563,0.021987,45.481102,0,4852.972000000,4852.972000000,trusted_fallback,0.000000,-0.11999999999960097,-6.0092534247269125e-12,-12.581758912616579,-0.11999999999960097,-6.0092534247269125e-12,-12.581758912616579,0.0,0.0,0.0,-1.2643397806090833,-4.114960226007762e-05,150.0,-1.2643397806090833,-4.114960226007762e-05,150.0,0.0,0.0,0.0,2.1748999999965606,2.1166397107252877e-10,-9.780839840924543,2.1748999999965606,2.1166397107252877e-10,-9.780839840924543,0.0,0.0,0.0,-2.492242638914613,-1.4252718562791922e-05,-28.0,-2.492242638914613,-1.4252718562791922e-05,-28.0,0.0,0.0,0.0,-1.5707998725426002,-7.081640034589491e-06,10.560307726703734,-1.5707998725426002,-7.081640034589491e-06,10.560307726703734,0.0,0.0,0.0,1.5475253599277993e-10,5.6363021238084454e-11,-11.180657152755924,1.5475253599277993e-10,5.6363021238084454e-11,-11.180657152755924,0.0,0.0,0.0,robotiq_85_left_knuckle_joint,-3.180156210933213e-11,6.786238238021269e-13,,robotiq_85_left_knuckle_joint,-3.180156210933213e-11,6.786238238021269e-13,,0.0,0.0,
sentinel_joint_telemetry_v2,20260731_120941,20260731_120941:1,1,118,short_cube_pick_place,attack,mitm_trajectory_manipulation,joint_offset,medium,shoulder_pan_joint,cube,cube_transport,0.1,rad,,0,,,,cube_grasp,2026-07-31T12:09:47.503+01:00,2.495505,0.021942,45.575291,0,4852.994000000,4852.994000000,trusted_fallback,0.000000,-0.11999999999968343,-2.3917803501638524e-12,-11.831011623851934,-0.11999999999968343,-2.3917803501638524e-12,-11.831011623851934,0.0,0.0,0.0,-1.264340568359207,-3.125125400860185e-05,150.0,-1.264340568359207,-3.125125400860185e-05,150.0,0.0,0.0,0.0,2.1748999999991745,6.644588525228645e-11,-9.780240225144627,2.1748999999991745,6.644588525228645e-11,-9.780240225144627,0.0,0.0,0.0,-2.4922430186749027,-1.993393595662446e-05,-28.0,-2.4922430186749027,-1.993393595662446e-05,-28.0,0.0,0.0,0.0,-1.570799960011094,-2.2223094061973522e-06,11.032907894380525,-1.570799960011094,-2.2223094061973522e-06,11.032907894380525,0.0,0.0,0.0,1.5535534130929365e-10,1.257031241250206e-11,-11.167346272276465,1.5535534130929365e-10,1.257031241250206e-11,-11.167346272276465,0.0,0.0,0.0,robotiq_85_left_knuckle_joint,-3.259129252234103e-11,8.080341951099967e-14,,robotiq_85_left_knuckle_joint,-3.259129252234103e-11,8.080341951099967e-14,,0.0,0.0,
sentinel_joint_telemetry_v2,20260731_120941,20260731_120941:1,1,119,short_cube_pick_place,attack,mitm_trajectory_manipulation,joint_offset,medium,shoulder_pan_joint,cube,cube_transport,0.1,rad,,0,,,,cube_grasp,2026-07-31T12:09:47.523+01:00,2.515515,0.020010,49.975524,0,4853.014000000,4853.014000000,trusted_fallback,0.000000,-0.11999999999971607,-1.1280468746599492e-12,-11.403081062236284,-0.11999999999971607,-1.1280468746599492e-12,-11.403081062236284,0.0,0.0,0.0,-1.2643411138939042,-2.3907560147674867e-05,150.0,-1.2643411138939042,-2.3907560147674867e-05,150.0,0.0,0.0,0.0,2.1748999999999534,2.314685422499796e-11,-9.780111459272655,2.1748999999999534,2.314685422499796e-11,-9.780111459272655,0.0,0.0,0.0,-2.4922434654897625,-2.440918276036888e-05,-28.0,-2.4922434654897625,-2.440918276036888e-05,-28.0,0.0,0.0,0.0,-1.5707999860651134,-7.748800591161203e-07,11.286459379528011,-1.5707999860651134,-7.748800591161203e-07,11.286459379528011,0.0,0.0,0.0,1.5548393324153506e-10,3.1831048213915025e-12,-11.164445713797472,1.5548393324153506e-10,3.1831048213915025e-12,-11.164445713797472,0.0,0.0,0.0,robotiq_85_left_knuckle_joint,-3.2829856572799774e-11,-8.819334151866087e-15,,robotiq_85_left_knuckle_joint,-3.2829856572799774e-11,-8.819334151866087e-15,,0.0,0.0,
sentinel_joint_telemetry_v2,20260731_120941,20260731_120941:1,1,120,short_cube_pick_place,attack,mitm_trajectory_manipulation,joint_offset,medium,shoulder_pan_joint,cube,cube_transport,0.1,rad,,0,,,,cube_grasp,2026-07-31T12:09:47.543+01:00,2.535558,0.020043,49.892121,0,4853.034000000,4853.034000000,trusted_fallback,0.000000,-0.11999999999971989,1.1466641438445668e-12,-13.016792849872443,-0.11999999999971989,1.1466641438445668e-12,-13.016792849872443,0.0,0.0,0.0,-1.2643415277099206,-1.8027674782612052e-05,150.0,-1.2643415277099206,-1.8027674782612052e-05,150.0,0.0,0.0,0.0,2.1749000000002243,8.092200520781745e-12,-9.780171056546822,2.1749000000002243,8.092200520781745e-12,-9.780171056546822,0.0,0.0,0.0,-2.4922439897090958,-2.7449023564614372e-05,-28.0,-2.4922439897090958,-2.7449023564614372e-05,-28.0,0.0,0.0,0.0,-1.5707999951493832,-2.701411906851428e-07,10.385016715285774,-1.5707999951493832,-2.701411906851428e-07,10.385016715285774,0.0,0.0,0.0,1.5563788280426833e-10,1.908772467341946e-11,-11.196181326894534,1.5563788280426833e-10,1.908772467341946e-11,-11.196181326894534,0.0,0.0,0.0,robotiq_85_left_knuckle_joint,-3.103203131607788e-11,1.607923169610892e-10,,robotiq_85_left_knuckle_joint,-3.103203131607788e-11,1.607923169610892e-10,,0.0,0.0,
sentinel_joint_telemetry_v2,20260731_120941,20260731_120941:1,1,121,short_cube_pick_place,attack,mitm_trajectory_manipulation,joint_offset,medium,shoulder_pan_joint,cube,cube_transport,0.1,rad,,0,,,,cube_grasp,2026-07-31T12:09:47.565+01:00,2.557589,0.022031,45.390866,0,4853.056000000,4853.056000000,trusted_fallback,0.000000,-0.11999999999968247,1.6503736311596073e-12,-15.022377027305078,-0.11999999999968247,1.6503736311596073e-12,-15.022377027305078,0.0,0.0,0.0,-1.2643418632402992,-1.2894948025851671e-05,150.0,-1.2643418632402992,-1.2894948025851671e-05,150.0,0.0,0.0,0.0,2.1749000000003247,2.5416058146987552e-12,-9.780331629279562,2.1749000000003247,2.5416058146987552e-12,-9.780331629279562,0.0,0.0,0.0,-2.492244619517448,-2.963652278343415e-05,-28.0,-2.492244619517448,-2.963652278343415e-05,-28.0,0.0,0.0,0.0,-1.5707999984853604,-8.473724222475554e-08,9.26062444342591,-1.5707999984853604,-8.473724222475554e-08,9.26062444342591,0.0,0.0,0.0,1.5613937033328893e-10,2.0829319605925045e-11,-11.234336726947774,1.5613937033328893e-10,2.0829319605925045e-11,-11.234336726947774,0.0,0.0,0.0,robotiq_85_left_knuckle_joint,-2.8858527085315425e-11,5.540678332804916e-11,,robotiq_85_left_knuckle_joint,-2.8858527085315425e-11,5.540678332804916e-11,,0.0,0.0,
sentinel_joint_telemetry_v2,20260731_120941,20260731_120941:1,1,122,short_cube_pick_place,attack,mitm_trajectory_manipulation,joint_offset,medium,shoulder_pan_joint,cube,cube_transport,0.1,rad,,0,,,,cube_grasp,2026-07-31T12:09:47.586+01:00,2.577692,0.020103,49.743710,0,4853.076000000,4853.076000000,trusted_fallback,0.000000,-0.11999999999965769,9.939321501256648e-13,-15.581863969101585,-0.11999999999965769,9.939321501256648e-13,-15.581863969101585,0.0,0.0,0.0,-1.2643420801447947,-9.11061505414791e-06,150.0,-1.2643420801447947,-9.11061505414791e-06,150.0,0.0,0.0,0.0,2.174900000000354,8.985555355334185e-13,-9.780482519446377,2.174900000000354,8.985555355334185e-13,-9.780482519446377,0.0,0.0,0.0,-2.492245230055802,-3.128240246298014e-05,-28.0,-2.492245230055802,-3.128240246298014e-05,-28.0,0.0,0.0,0.0,-1.5707999994786512,-2.953439685957765e-08,8.947361815026516,-1.5707999994786512,-2.953439685957765e-08,8.947361815026516,0.0,0.0,0.0,1.5644787056407554e-10,1.2222050845347998e-11,-11.245333989510483,1.5644787056407554e-10,1.2222050845347998e-11,-11.245333989510483,0.0,0.0,0.0,robotiq_85_left_knuckle_joint,-2.824362417894476e-11,2.650678287974273e-11,,robotiq_85_left_knuckle_joint,-2.824362417894476e-11,2.650678287974273e-11,,0.0,0.0,
sentinel_joint_telemetry_v2,20260731_120941,20260731_120941:1,1,123,short_cube_pick_place,attack,mitm_trajectory_manipulation,joint_offset,medium,shoulder_pan_joint,cube,cube_transport,0.1,rad,,0,,,,cube_grasp,2026-07-31T12:09:47.607+01:00,2.599593,0.021902,45.658610,0,4853.098000000,4853.098000000,trusted_fallback,0.000000,-0.1199999999996433,5.30263116402252e-13,-15.84342569376532,-0.1199999999996433,5.30263116402252e-13,-15.84342569376532,0.0,0.0,0.0,-1.2643422404292572,-5.739178734571679e-06,150.0,-1.2643422404292572,-5.739178734571679e-06,150.0,0.0,0.0,0.0,2.1749000000003655,2.77342385168744e-13,-9.780648210191583,2.1749000000003655,2.77342385168744e-13,-9.780648210191583,0.0,0.0,0.0,-2.4922459357719884,-3.2746634672703445e-05,-28.0,-2.4922459357719884,-3.2746634672703445e-05,-28.0,0.0,0.0,0.0,-1.5707999998433835,-9.262153620459568e-09,8.80124325659544,-1.5707999998433835,-9.262153620459568e-09,8.80124325659544,0.0,0.0,0.0,1.5662581224586413e-10,6.491061160796008e-12,-11.25069092471036,1.5662581224586413e-10,6.491061160796008e-12,-11.25069092471036,0.0,0.0,0.0,robotiq_85_left_knuckle_joint,-2.795133733838061e-11,1.7656674733412814e-11,,robotiq_85_left_knuckle_joint,-2.795133733838061e-11,1.7656674733412814e-11,,0.0,0.0,
sentinel_joint_telemetry_v2,20260731_120941,20260731_120941:1,1,124,short_cube_pick_place,attack,mitm_trajectory_manipulation,joint_offset,medium,shoulder_pan_joint,cube,cube_transport,0.1,rad,,0,,,,cube_grasp,2026-07-31T12:09:47.629+01:00,2.621564,0.021971,45.515114,0,4853.120000000,4853.120000000,trusted_fallback,0.000000,-0.11999999999963361,3.906115882135186e-13,-16.153633188398036,-0.11999999999963361,3.906115882135186e-13,-16.153633188398036,0.0,0.0,0.0,-1.2643423345382927,-3.0381737152265775e-06,150.0,-1.2643423345382927,-3.0381737152265775e-06,150.0,0.0,0.0,0.0,2.1749000000003664,1.8860780992557835e-13,-9.780811972193746,2.1749000000003664,1.8860780992557835e-13,-9.780811972193746,0.0,0.0,0.0,-2.4922466700730057,-3.391235795871875e-05,-28.0,-2.4922466700730057,-3.391235795871875e-05,-28.0,0.0,0.0,0.0,-1.5707999999576978,-2.900300108583942e-09,8.627735305139351,-1.5707999999576978,-2.900300108583942e-09,8.627735305139351,0.0,0.0,0.0,1.5674292073803864e-10,4.702558438138271e-12,-11.256792415028563,1.5674292073803864e-10,4.702558438138271e-12,-11.256792415028563,0.0,0.0,0.0,robotiq_85_left_knuckle_joint,-2.7611961734372405e-11,1.410969258097694e-11,,robotiq_85_left_knuckle_joint,-2.7611961734372405e-11,1.410969258097694e-11,,0.0,0.0,
sentinel_joint_telemetry_v2,20260731_120941,20260731_120941:1,1,125,short_cube_pick_place,attack,mitm_trajectory_manipulation,joint_offset,medium,shoulder_pan_joint,cube,cube_transport,0.1,rad,,0,,,,cube_grasp,2026-07-31T12:09:47.649+01:00,2.641573,0.020009,49.977747,0,4853.140000000,4853.140000000,trusted_fallback,0.000000,-0.11999999999962682,3.1194686590796383e-13,-16.385799373115454,-0.11999999999962682,3.1194686590796383e-13,-16.385799373115454,0.0,0.0,0.0,-1.264342373769146,-1.0506385000417368e-06,150.0,-1.264342373769146,-1.0506385000417368e-06,150.0,0.0,0.0,0.0,2.1749000000003664,1.8892006015125418e-13,-9.780958495823999,2.1749000000003664,1.8892006015125418e-13,-9.780958495823999,0.0,0.0,0.0,-2.4922473576115474,-3.477008039859397e-05,-28.0,-2.4922473576115474,-3.477008039859397e-05,-28.0,0.0,0.0,0.0,-1.5707999999916393,-1.0063741220575628e-09,8.497996460879195,-1.5707999999916393,-1.0063741220575628e-09,8.497996460879195,0.0,0.0,0.0,1.5682403576159074e-10,3.730215138511572e-12,-11.261344093552411,1.5682403576159074e-10,3.730215138511572e-12,-11.261344093552411,0.0,0.0,0.0,robotiq_85_left_knuckle_joint,-2.735862806782795e-11,1.151055639692089e-11,,robotiq_85_left_knuckle_joint,-2.735862806782795e-11,1.151055639692089e-11,,0.0,0.0,
sentinel_joint_telemetry_v2,20260731_120941,20260731_120941:1,1,126,short_cube_pick_place,attack,mitm_trajectory_manipulation,joint_offset,medium,shoulder_pan_joint,cube,cube_transport,0.1,rad,,0,,,,cube_grasp,2026-07-31T12:09:47.671+01:00,2.663521,0.021948,45.562313,0,4853.162000000,4853.162000000,trusted_fallback,0.000000,-0.11999999999962162,1.400251442573719e-13,-16.47653510937949,-0.11999999999962162,1.400251442573719e-13,-16.47653510937949,0.0,0.0,0.0,-1.264342375795859,7.212554068037474e-07,150.0,-1.264342375795859,7.212554068037474e-07,150.0,0.0,0.0,0.0,2.1749000000003664,1.893589451906763e-13,-9.781117285035252,2.1749000000003664,1.893589451906763e-13,-9.781117285035252,0.0,0.0,0.0,-2.492248131680002,-3.553908171105569e-05,-28.0,-2.492248131680002,-3.553908171105569e-05,-28.0,0.0,0.0,0.0,-1.5708000000040323,-3.14654526392677e-10,8.447777431329493,-1.5708000000040323,-3.14654526392677e-10,8.447777431329493,0.0,0.0,0.0,1.568865505808668e-10,1.7515353317038018e-12,-11.263270281036615,1.568865505808668e-10,1.7515353317038018e-12,-11.263270281036615,0.0,0.0,0.0,robotiq_85_left_knuckle_joint,-2.7256421768848227e-11,-2.64834681962256e-12,,robotiq_85_left_knuckle_joint,-2.7256421768848227e-11,-2.64834681962256e-12,,0.0,0.0,
sentinel_joint_telemetry_v2,20260731_120941,20260731_120941:1,1,127,short_cube_pick_place,attack,mitm_trajectory_manipulation,joint_offset,medium,shoulder_pan_joint,cube,cube_transport,0.1,rad,,0,,,,cube_grasp,2026-07-31T12:09:47.691+01:00,2.683552,0.020031,49.922460,0,4853.182000000,4853.182000000,trusted_fallback,0.000000,-0.11999999999962044,1.2243461453009807e-14,-16.427843400552444,-0.11999999999962044,1.2243461453009807e-14,-16.427843400552444,0.0,0.0,0.0,-1.2643423472346706,2.0260671968266863e-06,150.0,-1.2643423472346706,2.0260671968266863e-06,150.0,0.0,0.0,0.0,2.1749000000003664,1.8966946069287616e-13,-9.781259885128668,2.1749000000003664,1.8966946069287616e-13,-9.781259885128668,0.0,0.0,0.0,-2.492248848641857,-3.610961309383556e-05,-28.0,-2.492248848641857,-3.610961309383556e-05,-28.0,0.0,0.0,0.0,-1.5708000000077345,-1.1077198359965568e-10,8.475819356101475,-1.5708000000077345,-1.1077198359965568e-10,8.475819356101475,0.0,0.0,0.0,1.5690308150137949e-10,2.9886553301605723e-13,-11.262572980888493,1.5690308150137949e-10,2.9886553301605723e-13,-11.262572980888493,0.0,0.0,0.0,robotiq_85_left_knuckle_joint,-2.7303844806567218e-11,-2.0638699083086465e-12,,robotiq_85_left_knuckle_joint,-2.7303844806567218e-11,-2.0638699083086465e-12,,0.0,0.0,
sentinel_joint_telemetry_v2,20260731_120941,20260731_120941:1,1,128,short_cube_pick_place,attack,mitm_trajectory_manipulation,joint_offset,medium,shoulder_pan_joint,cube,cube_transport,0.1,rad,,0,,,,cube_grasp,2026-07-31T12:09:47.713+01:00,2.705501,0.021949,45.560631,0,4853.204000000,4853.204000000,trusted_fallback,0.000000,-0.11999999999962074,-2.6722547785684725e-14,-16.38457136702693,-0.11999999999962074,-2.6722547785684725e-14,-16.38457136702693,0.0,0.0,0.0,-1.2643422888222744,3.188606333430835e-06,150.0,-1.2643422888222744,3.188606333430835e-06,150.0,0.0,0.0,0.0,2.1749000000003664,1.900632429219229e-13,-9.781415680849385,2.1749000000003664,1.900632429219229e-13,-9.781415680849385,0.0,0.0,0.0,-2.492249649099956,-3.661762400730337e-05,-28.0,-2.492249649099956,-3.661762400730337e-05,-28.0,0.0,0.0,0.0,-1.5708000000091153,-3.565045481046525e-11,8.500906448396671,-1.5708000000091153,-3.565045481046525e-11,8.500906448396671,0.0,0.0,0.0,1.569028899768489e-10,-1.8147918064148616e-13,-11.261953716942465,1.569028899768489e-10,-1.8147918064148616e-13,-11.261953716942465,0.0,0.0,0.0,robotiq_85_left_knuckle_joint,-2.734620101538531e-11,-1.7841839117238578e-12,,robotiq_85_left_knuckle_joint,-2.734620101538531e-11,-1.7841839117238578e-12,,0.0,0.0,
sentinel_joint_telemetry_v2,20260731_120941,20260731_120941:1,1,129,short_cube_pick_place,attack,mitm_trajectory_manipulation,joint_offset,medium,shoulder_pan_joint,cube,cube_transport,0.1,rad,,0,,,,cube_grasp,2026-07-31T12:09:47.733+01:00,2.725518,0.020017,49.958247,0,4853.224000000,4853.224000000,trusted_fallback,0.000000,-0.11999999999962133,-3.5024717501275227e-14,-16.35272998627485,-0.11999999999962133,-3.5024717501275227e-14,-16.35272998627485,0.0,0.0,0.0,-1.2643422157829896,4.044004897205827e-06,150.0,-1.2643422157829896,4.044004897205827e-06,150.0,0.0,0.0,0.0,2.1749000000003664,1.9014997909572173e-13,-9.781556582843244,2.1749000000003664,1.9014997909572173e-13,-9.781556582843244,0.0,0.0,0.0,-2.4922503854980897,-3.699113084016867e-05,-28.0,-2.4922503854980897,-3.699113084016867e-05,-28.0,0.0,0.0,0.0,-1.570800000009542,-1.3137986358546794e-11,8.519517377550349,-1.570800000009542,-1.3137986358546794e-11,8.519517377550349,0.0,0.0,0.0,1.568982013959451e-10,-2.666911830262464e-13,-11.261498287998766,1.568982013959451e-10,-2.666911830262464e-13,-11.261498287998766,0.0,0.0,0.0,robotiq_85_left_knuckle_joint,-2.7377413610393902e-11,-1.3912204721577837e-12,,robotiq_85_left_knuckle_joint,-2.7377413610393902e-11,-1.3912204721577837e-12,,0.0,0.0,
sentinel_joint_telemetry_v2,20260731_120941,20260731_120941:1,1,130,short_cube_pick_place,attack,mitm_trajectory_manipulation,joint_offset,medium,shoulder_pan_joint,cube,cube_transport,0.1,rad,,0,,,,cube_grasp,2026-07-31T12:09:47.754+01:00,2.745771,0.020254,49.373268,0,4853.244000000,4853.244000000,trusted_fallback,0.000000,-0.11999999999962194,-3.4001013810014413e-14,-16.326653795703987,-0.11999999999962194,-3.4001013810014413e-14,-16.326653795703987,0.0,0.0,0.0,-1.2643421273239104,4.743580786101265e-06,150.0,-1.2643421273239104,4.743580786101265e-06,150.0,0.0,0.0,0.0,2.1749000000003664,1.9041018761711825e-13,-9.781696957373036,2.1749000000003664,1.9041018761711825e-13,-9.781696957373036,0.0,0.0,0.0,-2.49225112862621,-3.7296321000770266e-05,-28.0,-2.49225112862621,-3.7296321000770266e-05,-28.0,0.0,0.0,0.0,-1.5708000000097029,-5.172305292400203e-12,8.534902102047129,-1.5708000000097029,-5.172305292400203e-12,8.534902102047129,0.0,0.0,0.0,1.5689290414502597e-10,-2.6857162327420525e-13,-11.261125531899937,1.5689290414502597e-10,-2.6857162327420525e-13,-11.261125531899937,0.0,0.0,0.0,robotiq_85_left_knuckle_joint,-2.7403087843966368e-11,-1.1147402445566001e-12,,robotiq_85_left_knuckle_joint,-2.7403087843966368e-11,-1.1147402445566001e-12,,0.0,0.0,
sentinel_joint_telemetry_v2,20260731_120941,20260731_120941:1,1,131,short_cube_pick_place,attack,mitm_trajectory_manipulation,joint_offset,medium,shoulder_pan_joint,cube,cube_transport,0.1,rad,,0,,,,cube_grasp,2026-07-31T12:09:47.775+01:00,2.767588,0.021816,45.837783,0,4853.266000000,4853.266000000,trusted_fallback,0.000000,-0.11999999999962255,-3.030995593400476e-14,-16.303369037670794,-0.11999999999962255,-3.030995593400476e-14,-16.303369037670794,0.0,0.0,0.0,-1.264342015545867,5.36684419868462e-06,150.0,-1.264342015545867,5.36684419868462e-06,150.0,0.0,0.0,0.0,2.1749000000003664,1.904969237909171e-13,-9.78185090319269,2.1749000000003664,1.904969237909171e-13,-9.78185090319269,0.0,0.0,0.0,-2.492251952377329,-3.756790107378727e-05,-28.0,-2.492251952377329,-3.756790107378727e-05,-28.0,0.0,0.0,0.0,-1.5708000000097737,-2.1291727062000554e-12,8.548804061843684,-1.5708000000097737,-2.1291727062000554e-12,8.548804061843684,0.0,0.0,0.0,1.568876356989733e-10,-2.1839626461461759e-13,-11.260792925808612,1.568876356989733e-10,-2.1839626461461759e-13,-11.260792925808612,0.0,0.0,0.0,robotiq_85_left_knuckle_joint,-2.7426174550124283e-11,-9.859960070635054e-13,,robotiq_85_left_knuckle_joint,-2.7426174550124283e-11,-9.859960070635054e-13,,0.0,0.0,
sentinel_joint_telemetry_v2,20260731_120941,20260731_120941:1,1,132,short_cube_pick_place,attack,mitm_trajectory_manipulation,joint_offset,medium,shoulder_pan_joint,cube,cube_transport,0.1,rad,,0,,,,cube_grasp,2026-07-31T12:09:47.797+01:00,2.789599,0.022011,45.431016,0,4853.288000000,4853.288000000,trusted_fallback,0.000000,-0.11999999999962314,-2.1427738056134515e-14,-16.28464601852298,-0.11999999999962314,-2.1427738056134515e-14,-16.28464601852298,0.0,0.0,0.0,-1.2643418915286857,5.866398701526859e-06,150.0,-1.2643418915286857,5.866398701526859e-06,150.0,0.0,0.0,0.0,2.1749000000003664,1.907883573348812e-13,-9.782004475136628,2.1749000000003664,1.907883573348812e-13,-9.782004475136628,0.0,0.0,0.0,-2.4922527814575415,-3.778524333212033e-05,-28.0,-2.4922527814575415,-3.778524333212033e-05,-28.0,0.0,0.0,0.0,-1.5708000000098057,-1.0820077472883938e-12,8.56015335067035,-1.5708000000098057,-1.0820077472883938e-12,8.56015335067035,0.0,0.0,0.0,1.5688319146037646e-10,-1.931592906456725e-13,-11.260525748787703,1.5688319146037646e-10,-1.931592906456725e-13,-11.260525748787703,0.0,0.0,0.0,robotiq_85_left_knuckle_joint,-2.744481645758644e-11,-7.463404894103576e-13,,robotiq_85_left_knuckle_joint,-2.744481645758644e-11,-7.463404894103576e-13,,0.0,0.0,
sentinel_joint_telemetry_v2,20260731_120941,20260731_120941:1,1,133,short_cube_pick_place,attack,mitm_trajectory_manipulation,joint_offset,medium,shoulder_pan_joint,cube,cube_transport,0.1,rad,,0,,,,cube_grasp,2026-07-31T12:09:47.820+01:00,2.811827,0.022229,44.987263,0,4853.310000000,4853.310000000,trusted_fallback,0.000000,-0.1199999999996235,-2.0833812106046956e-14,-16.269578356564285,-0.1199999999996235,-2.0833812106046956e-14,-16.269578356564285,0.0,0.0,0.0,-1.2643417577018312,6.2667844594258004e-06,150.0,-1.2643417577018312,6.2667844594258004e-06,150.0,0.0,0.0,0.0,2.1749000000003664,1.9122724237430333e-13,-9.782157760641677,2.1749000000003664,1.9122724237430333e-13,-9.782157760641677,0.0,0.0,0.0,-2.4922536148016956,-3.795910688862009e-05,-28.0,-2.4922536148016956,-3.795910688862009e-05,-28.0,0.0,0.0,0.0,-1.5708000000098234,-6.831323701161907e-13,8.569457163230046,-1.5708000000098234,-6.831323701161907e-13,8.569457163230046,0.0,0.0,0.0,1.5687951530767827e-10,-1.6046886042175856e-13,-11.260311010407518,1.5687951530767827e-10,-1.6046886042175856e-13,-11.260311010407518,0.0,0.0,0.0,robotiq_85_left_knuckle_joint,-2.7459991332831706e-11,-5.765318777939399e-13,,robotiq_85_left_knuckle_joint,-2.7459991332831706e-11,-5.765318777939399e-13,,0.0,0.0,
sentinel_joint_telemetry_v2,20260731_120941,20260731_120941:1,1,134,short_cube_pick_place,attack,mitm_trajectory_manipulation,joint_offset,medium,shoulder_pan_joint,cube,cube_transport,0.1,rad,,0,,,,cube_grasp,2026-07-31T12:09:47.841+01:00,2.833627,0.021799,45.873066,0,4853.332000000,4853.332000000,trusted_fallback,0.000000,-0.11999999999962381,-1.8885717642525002e-14,-16.25744038887636,-0.11999999999962381,-1.8885717642525002e-14,-16.25744038887636,0.0,0.0,0.0,-1.2643416160128353,6.587673570793498e-06,150.0,-1.2643416160128353,6.587673570793498e-06,150.0,0.0,0.0,0.0,2.1749000000003664,1.9163837183810983e-13,-9.78231082464498,2.1749000000003664,1.9163837183810983e-13,-9.78231082464498,0.0,0.0,0.0,-2.492254451555934,-3.8098116599310367e-05,-28.0,-2.492254451555934,-3.8098116599310367e-05,-28.0,0.0,0.0,0.0,-1.5708000000098352,-5.117720483505117e-13,8.577121556342087,-1.5708000000098352,-5.117720483505117e-13,8.577121556342087,0.0,0.0,0.0,1.5687660126931e-10,-1.2313002180353028e-13,-11.260138307529319,1.5687660126931e-10,-1.2313002180353028e-13,-11.260138307529319,0.0,0.0,0.0,robotiq_85_left_knuckle_joint,-2.7472304434758658e-11,-4.30148971997113e-13,,robotiq_85_left_knuckle_joint,-2.7472304434758658e-11,-4.30148971997113e-13,,0.0,0.0,
sentinel_joint_telemetry_v2,20260731_120941,20260731_120941:1,1,135,short_cube_pick_place,attack,mitm_trajectory_manipulation,joint_offset,medium,shoulder_pan_joint,cube,cube_transport,0.1,rad,,0,,,,cube_grasp,2026-07-31T12:09:47.864+01:00,2.855744,0.022117,45.213549,0,4853.354000000,4853.354000000,trusted_fallback,0.000000,-0.11999999999962412,-1.4912333520800125e-14,-16.24765069668277,-0.11999999999962412,-1.4912333520800125e-14,-16.24765069668277,0.0,0.0,0.0,-1.2643414680228982,6.844835796344234e-06,150.0,-1.2643414680228982,6.844835796344234e-06,150.0,0.0,0.0,0.0,2.1749000000003664,1.9195929568116554e-13,-9.782463715715963,2.1749000000003664,1.9195929568116554e-13,-9.782463715715963,0.0,0.0,0.0,-2.492255291035779,-3.820918642877258e-05,-28.0,-2.492255291035779,-3.820918642877258e-05,-28.0,0.0,0.0,0.0,-1.570800000009845,-3.886431107491539e-13,8.583471880172066,-1.570800000009845,-3.886431107491539e-13,8.583471880172066,0.0,0.0,0.0,1.56874243061497e-10,-9.62621909267325e-14,-11.259999302187031,1.56874243061497e-10,-9.62621909267325e-14,-11.259999302187031,0.0,0.0,0.0,robotiq_85_left_knuckle_joint,-2.7482364172523677e-11,-2.8488322811881517e-13,,robotiq_85_left_knuckle_joint,-2.7482364172523677e-11,-2.8488322811881517e-13,,0.0,0.0,
sentinel_joint_telemetry_v2,20260731_120941,20260731_120941:1,1,136,short_cube_pick_place,attack,mitm_trajectory_manipulation,joint_offset,medium,shoulder_pan_joint,cube,cube_transport,0.1,rad,,0,,,,cube_grasp,2026-07-31T12:09:47.885+01:00,2.877571,0.021827,45.813780,0,4853.376000000,4853.376000000,trusted_fallback,0.000000,-0.11999999999962442,-8.77054505410424e-15,-16.23974358788851,-0.11999999999962442,-8.77054505410424e-15,-16.23974358788851,0.0,0.0,0.0,-1.2643413149835234,7.050912644692223e-06,150.0,-1.2643413149835234,7.050912644692223e-06,150.0,0.0,0.0,0.0,2.1749000000003664,1.921119513470515e-13,-9.782616470708453,2.1749000000003664,1.921119513470515e-13,-9.782616470708453,0.0,0.0,0.0,-2.492256132692533,-3.829785883163739e-05,-28.0,-2.492256132692533,-3.829785883163739e-05,-28.0,0.0,0.0,0.0,-1.5708000000098519,-3.3744274735569846e-13,8.588768718709796,-1.5708000000098519,-3.3744274735569846e-13,8.588768718709796,0.0,0.0,0.0,1.5687235461484968e-10,-8.50500225801909e-14,-11.25988731552887,1.5687235461484968e-10,-8.50500225801909e-14,-11.25988731552887,0.0,0.0,0.0,robotiq_85_left_knuckle_joint,-2.749065282700867e-11,-2.4607399451426204e-13,,robotiq_85_left_knuckle_joint,-2.749065282700867e-11,-2.4607399451426204e-13,,0.0,0.0,
sentinel_joint_telemetry_v2,20260731_120941,20260731_120941:1,1,137,short_cube_pick_place,attack,mitm_trajectory_manipulation,joint_offset,medium,shoulder_pan_joint,cube,cube_transport,0.1,rad,,0,,,,cube_grasp,2026-07-31T12:09:47.906+01:00,2.898600,0.021029,47.554252,0,4853.396000000,4853.396000000,trusted_fallback,0.000000,-0.11999999999962459,-7.241819990899678e-15,-16.23387316650204,-0.11999999999962459,-7.241819990899678e-15,-16.23387316650204,0.0,0.0,0.0,-1.2643411723232603,7.202492507723396e-06,150.0,-1.2643411723232603,7.202492507723396e-06,150.0,0.0,0.0,0.0,2.1749000000003664,1.9243807936053514e-13,-9.78275524456576,2.1749000000003664,1.9243807936053514e-13,-9.78275524456576,0.0,0.0,0.0,-2.492256899352219,-3.836279061335962e-05,-28.0,-2.492256899352219,-3.836279061335962e-05,-28.0,0.0,0.0,0.0,-1.5708000000098565,-3.27006650924222e-13,8.592846551994484,-1.5708000000098565,-3.27006650924222e-13,8.592846551994484,0.0,0.0,0.0,1.5687093312410342e-10,-6.324194640194847e-14,-11.25980442452998,1.5687093312410342e-10,-6.324194640194847e-14,-11.25980442452998,0.0,0.0,0.0,robotiq_85_left_knuckle_joint,-2.749693620360547e-11,-2.9147517732752704e-13,,robotiq_85_left_knuckle_joint,-2.749693620360547e-11,-2.9147517732752704e-13,,0.0,0.0,
sentinel_joint_telemetry_v2,20260731_120941,20260731_120941:1,1,138,short_cube_pick_place,attack,mitm_trajectory_manipulation,joint_offset,medium,shoulder_pan_joint,cube,cube_transport,0.1,rad,,0,,,,cube_grasp,2026-07-31T12:09:47.928+01:00,2.920513,0.021913,45.634878,0,4853.418000000,4853.418000000,trusted_fallback,0.000000,-0.1199999999996247,-6.4854805553737904e-15,-16.228585603416423,-0.1199999999996247,-6.4854805553737904e-15,-16.228585603416423,0.0,0.0,0.0,-1.2643410122616607,7.337483330538408e-06,150.0,-1.2643410122616607,7.337483330538408e-06,150.0,0.0,0.0,0.0,2.1749000000003664,1.925456322160457e-13,-9.782907812287288,2.1749000000003664,1.925456322160457e-13,-9.782907812287288,0.0,0.0,0.0,-2.492257744017249,-3.8420296684393146e-05,-28.0,-2.492257744017249,-3.8420296684393146e-05,-28.0,0.0,0.0,0.0,-1.5708000000098614,-3.0211597112916877e-13,8.596677483741505,-1.5708000000098614,-3.0211597112916877e-13,8.596677483741505,0.0,0.0,0.0,1.568696433261909e-10,-5.070076303237414e-14,-11.25973003735326,1.568696433261909e-10,-5.070076303237414e-14,-11.25973003735326,0.0,0.0,0.0,robotiq_85_left_knuckle_joint,-2.7502658799613647e-11,-1.8701706849810762e-13,,robotiq_85_left_knuckle_joint,-2.7502658799613647e-11,-1.8701706849810762e-13,,0.0,0.0,
sentinel_joint_telemetry_v2,20260731_120941,20260731_120941:1,1,139,short_cube_pick_place,attack,mitm_trajectory_manipulation,joint_offset,medium,shoulder_pan_joint,cube,cube_transport,0.1,rad,,0,,,,cube_grasp,2026-07-31T12:09:47.948+01:00,2.940523,0.020009,49.976499,0,4853.438000000,4853.438000000,trusted_fallback,0.000000,-0.1199999999996248,-6.118369699770199e-15,-16.224642655656684,-0.1199999999996248,-6.118369699770199e-15,-16.224642655656684,0.0,0.0,0.0,-1.2643408644366987,7.436754150946107e-06,150.0,-1.2643408644366987,7.436754150946107e-06,150.0,0.0,0.0,0.0,2.1749000000003664,1.9293941444509244e-13,-9.783046448270795,2.1749000000003664,1.9293941444509244e-13,-9.783046448270795,0.0,0.0,0.0,-2.4922585128772217,-3.846229456502814e-05,-28.0,-2.4922585128772217,-3.846229456502814e-05,-28.0,0.0,0.0,0.0,-1.5708000000098659,-2.5238578588160365e-13,8.599676681697222,-1.5708000000098659,-2.5238578588160365e-13,8.599676681697222,0.0,0.0,0.0,1.568687234634806e-10,-4.6929257355166065e-14,-11.259674813519018,1.568687234634806e-10,-4.6929257355166065e-14,-11.259674813519018,0.0,0.0,0.0,robotiq_85_left_knuckle_joint,-2.7507037241667013e-11,-1.868089016809904e-13,,robotiq_85_left_knuckle_joint,-2.7507037241667013e-11,-1.868089016809904e-13,,0.0,0.0,
sentinel_joint_telemetry_v2,20260731_120941,20260731_120941:1,1,140,short_cube_pick_place,attack,mitm_trajectory_manipulation,joint_offset,medium,shoulder_pan_joint,cube,cube_transport,0.1,rad,,0,,,,cube_grasp,2026-07-31T12:09:47.968+01:00,2.960571,0.020049,49.878085,0,4853.458000000,4853.458000000,trusted_fallback,0.000000,-0.11999999999962488,-7.155300657535335e-15,-16.221367958755827,-0.11999999999962488,-7.155300657535335e-15,-16.221367958755827,0.0,0.0,0.0,-1.2643407148228123,7.517888230810371e-06,150.0,-1.2643407148228123,7.517888230810371e-06,150.0,0.0,0.0,0.0,2.1749000000003664,1.9313196875092586e-13,-9.783185035783944,2.1749000000003664,1.9313196875092586e-13,-9.783185035783944,0.0,0.0,0.0,-2.4922592824910024,-3.849634074293978e-05,-28.0,-2.4922592824910024,-3.849634074293978e-05,-28.0,0.0,0.0,0.0,-1.5708000000098703,-1.812968178360741e-13,8.602301909545599,-1.5708000000098703,-1.812968178360741e-13,8.602301909545599,0.0,0.0,0.0,1.568679618572078e-10,-3.217846995806628e-14,-11.259629182037195,1.568679618572078e-10,-3.217846995806628e-14,-11.259629182037195,0.0,0.0,0.0,robotiq_85_left_knuckle_joint,-2.751077729854233e-11,-1.1334683192032458e-13,,robotiq_85_left_knuckle_joint,-2.751077729854233e-11,-1.1334683192032458e-13,,0.0,0.0,
sentinel_joint_telemetry_v2,20260731_120941,20260731_120941:1,1,141,short_cube_pick_place,attack,mitm_trajectory_manipulation,joint_offset,medium,shoulder_pan_joint,cube,cube_transport,0.1,rad,,0,,,,cube_grasp,2026-07-31T12:09:47.990+01:00,2.982544,0.021972,45.511468,0,4853.480000000,4853.480000000,trusted_fallback,0.000000,-0.11999999999962495,-7.145759678417463e-15,-16.218393154944728,-0.11999999999962495,-7.145759678417463e-15,-16.218393154944728,0.0,0.0,0.0,-1.264340548569713,7.590110854180029e-06,150.0,-1.264340548569713,7.590110854180029e-06,150.0,0.0,0.0,0.0,2.1749000000003664,1.9356564961992007e-13,-9.783337435686178,2.1749000000003664,1.9356564961992007e-13,-9.783337435686178,0.0,0.0,0.0,-2.492260129766531,-3.8526327346789097e-05,-28.0,-2.492260129766531,-3.8526327346789097e-05,-28.0,0.0,0.0,0.0,-1.5708000000098743,-1.164190271962795e-13,8.604838565773282,-1.5708000000098743,-1.164190271962795e-13,8.604838565773282,0.0,0.0,0.0,1.5686725045491653e-10,-3.3706110819098356e-14,-11.25958799313221,1.5686725045491653e-10,-3.3706110819098356e-14,-11.25958799313221,0.0,0.0,0.0,robotiq_85_left_knuckle_joint,-2.7514295470407276e-11,-7.327471962526033e-14,,robotiq_85_left_knuckle_joint,-2.7514295470407276e-11,-7.327471962526033e-14,,0.0,0.0,
sentinel_joint_telemetry_v2,20260731_120941,20260731_120941:1,1,142,short_cube_pick_place,attack,mitm_trajectory_manipulation,joint_offset,medium,shoulder_pan_joint,cube,cube_transport,0.1,rad,,0,,,,cube_grasp,2026-07-31T12:09:48.012+01:00,3.004535,0.021991,45.473553,0,4853.502000000,4853.502000000,trusted_fallback,0.000000,-0.11999999999962499,-6.506297237085512e-15,-16.21594918054861,-0.11999999999962499,-6.506297237085512e-15,-16.21594918054861,0.0,0.0,0.0,-1.2643403808991245,7.647934589604874e-06,150.0,-1.2643403808991245,7.647934589604874e-06,150.0,0.0,0.0,0.0,2.1749000000003664,1.9359687464248765e-13,-9.783489795306128,2.1749000000003664,1.9359687464248765e-13,-9.783489795306128,0.0,0.0,0.0,-2.492260977626614,-3.855000106634324e-05,-28.0,-2.492260977626614,-3.855000106634324e-05,-28.0,0.0,0.0,0.0,-1.5708000000098767,-1.1092082113917101e-13,8.607078140857231,-1.5708000000098767,-1.1092082113917101e-13,8.607078140857231,0.0,0.0,0.0,1.5686664788332152e-10,-2.5522119140308774e-14,-11.259554425213704,1.5686664788332152e-10,-2.5522119140308774e-14,-11.259554425213704,0.0,0.0,0.0,robotiq_85_left_knuckle_joint,-2.7517354176473484e-11,-1.904587598744456e-13,,robotiq_85_left_knuckle_joint,-2.7517354176473484e-11,-1.904587598744456e-13,,0.0,0.0,
sentinel_joint_telemetry_v2,20260731_120941,20260731_120941:1,1,143,short_cube_pick_place,attack,mitm_trajectory_manipulation,joint_offset,medium,shoulder_pan_joint,cube,cube_transport,0.1,rad,,0,,,,cube_grasp,2026-07-31T12:09:48.032+01:00,3.024548,0.020013,49.967162,0,4853.522000000,4853.522000000,trusted_fallback,0.000000,-0.11999999999962503,-6.56180838831677e-15,-16.214098717072346,-0.11999999999962503,-6.56180838831677e-15,-16.214098717072346,0.0,0.0,0.0,-1.264340227480331,7.69042158306997e-06,150.0,-1.264340227480331,7.69042158306997e-06,150.0,0.0,0.0,0.0,2.1749000000003664,1.939299415498752e-13,-9.783628274825201,2.1749000000003664,1.939299415498752e-13,-9.783628274825201,0.0,0.0,0.0,-2.4922617488109524,-3.856710325880752e-05,-28.0,-2.4922617488109524,-3.856710325880752e-05,-28.0,0.0,0.0,0.0,-1.570800000009879,-1.0535929767518937e-13,8.608906294940672,-1.570800000009879,-1.0535929767518937e-13,8.608906294940672,0.0,0.0,0.0,1.5686622628046471e-10,-1.2006454858104476e-14,-11.259529238683145,1.5686622628046471e-10,-1.2006454858104476e-14,-11.259529238683145,0.0,0.0,0.0,robotiq_85_left_knuckle_joint,-2.751969370781991e-11,-1.3867379466958596e-13,,robotiq_85_left_knuckle_joint,-2.751969370781991e-11,-1.3867379466958596e-13,,0.0,0.0,
sentinel_joint_telemetry_v2,20260731_120941,20260731_120941:1,1,144,short_cube_pick_place,attack,mitm_trajectory_manipulation,joint_offset,medium,shoulder_pan_joint,cube,cube_transport,0.1,rad,,0,,,,cube_grasp,2026-07-31T12:09:48.054+01:00,3.046508,0.021960,45.537934,0,4853.544000000,4853.544000000,trusted_fallback,0.000000,-0.11999999999962507,-6.446449277164312e-15,-16.21239300267239,-0.11999999999962507,-6.446449277164312e-15,-16.21239300267239,0.0,0.0,0.0,-1.2643400578414208,7.728209078452716e-06,150.0,-1.2643400578414208,7.728209078452716e-06,150.0,0.0,0.0,0.0,2.1749000000003664,1.9421096675298344e-13,-9.78378057514195,2.1749000000003664,1.9421096675298344e-13,-9.78378057514195,0.0,0.0,0.0,-2.4922625974635326,-3.8581992545014265e-05,-28.0,-2.4922625974635326,-3.8581992545014265e-05,-28.0,0.0,0.0,0.0,-1.570800000009881,-1.1010116429677197e-13,8.610732680034765,-1.570800000009881,-1.1010116429677197e-13,8.610732680034765,0.0,0.0,0.0,1.5686582930027296e-10,-1.5752807044910888e-14,-11.259506267681063,1.5686582930027296e-10,-1.5752807044910888e-14,-11.259506267681063,0.0,0.0,0.0,robotiq_85_left_knuckle_joint,-2.7521975986352744e-11,-6.093736626411328e-14,,robotiq_85_left_knuckle_joint,-2.7521975986352744e-11,-6.093736626411328e-14,,0.0,0.0,
sentinel_joint_telemetry_v2,20260731_120941,20260731_120941:1,1,145,short_cube_pick_place,attack,mitm_trajectory_manipulation,joint_offset,medium,shoulder_pan_joint,cube,cube_transport,0.1,rad,,0,,,,cube_grasp,2026-07-31T12:09:48.074+01:00,3.066651,0.020143,49.644976,0,4853.564000000,4853.564000000,trusted_fallback,0.000000,-0.1199999999996251,-6.623607912148444e-15,-16.211085899736204,-0.1199999999996251,-6.623607912148444e-15,-16.211085899736204,0.0,0.0,0.0,-1.264339902976871,7.755952285019851e-06,150.0,-1.264339902976871,7.755952285019851e-06,150.0,0.0,0.0,0.0,2.1749000000003664,1.9441045995272077e-13,-9.783919008832008,2.1749000000003664,1.9441045995272077e-13,-9.783919008832008,0.0,0.0,0.0,-2.492263369217667,-3.8592630683832035e-05,-28.0,-2.492263369217667,-3.8592630683832035e-05,-28.0,0.0,0.0,0.0,-1.5708000000098827,-1.0852169857189509e-13,8.612256711279262,-1.5708000000098827,-1.0852169857189509e-13,8.612256711279262,0.0,0.0,0.0,1.5686558645785147e-10,-1.3334168838530225e-14,-11.259488880729355,1.5686558645785147e-10,-1.3334168838530225e-14,-11.259488880729355,0.0,0.0,0.0,robotiq_85_left_knuckle_joint,-2.7523831509032693e-11,-3.371608547908522e-14,,robotiq_85_left_knuckle_joint,-2.7523831509032693e-11,-3.371608547908522e-14,,0.0,0.0,
sentinel_joint_telemetry_v2,20260731_120941,20260731_120941:1,1,146,short_cube_pick_place,attack,mitm_trajectory_manipulation,joint_offset,medium,shoulder_pan_joint,cube,cube_transport,0.1,rad,,0,,,,cube_grasp,2026-07-31T12:09:48.096+01:00,3.088633,0.021983,45.490040,0,4853.586000000,4853.586000000,trusted_fallback,0.000000,-0.11999999999962514,-5.888952520072266e-15,-16.209864184238416,-0.11999999999962514,-5.888952520072266e-15,-16.209864184238416,0.0,0.0,0.0,-1.2643397320526701,7.780602875141068e-06,150.0,-1.2643397320526701,7.780602875141068e-06,150.0,0.0,0.0,0.0,2.1749000000003664,1.9489965197294623e-13,-9.784071265852365,2.1749000000003664,1.9489965197294623e-13,-9.784071265852365,0.0,0.0,0.0,-2.492264218363288,-3.8601760442427e-05,-28.0,-2.492264218363288,-3.8601760442427e-05,-28.0,0.0,0.0,0.0,-1.5708000000098845,-1.1002223437861502e-13,8.61381218392607,-1.5708000000098845,-1.1002223437861502e-13,8.61381218392607,0.0,0.0,0.0,1.568653369848832e-10,-1.8026595841047488e-14,-11.259472856085335,1.568653369848832e-10,-1.8026595841047488e-14,-11.259472856085335,0.0,0.0,0.0,robotiq_85_left_knuckle_joint,-2.7525675846215672e-11,-1.4988010832439613e-14,,robotiq_85_left_knuckle_joint,-2.7525675846215672e-11,-1.4988010832439613e-14,,0.0,0.0,
sentinel_joint_telemetry_v2,20260731_120941,20260731_120941:1,1,147,short_cube_pick_place,attack,mitm_trajectory_manipulation,joint_offset,medium,shoulder_pan_joint,cube,cube_transport,0.1,rad,,0,,,,cube_grasp,2026-07-31T12:09:48.119+01:00,3.110671,0.022037,45.377499,0,4853.608000000,4853.608000000,trusted_fallback,0.000000,-0.11999999999962517,-5.7699071215333575e-15,-16.208825423781004,-0.11999999999962517,-5.7699071215333575e-15,-16.208825423781004,0.0,0.0,0.0,-1.264339560645225,7.800291458172348e-06,150.0,-1.264339560645225,7.800291458172348e-06,150.0,0.0,0.0,0.0,2.1749000000003664,1.9506965487359196e-13,-9.784223504582553,2.1749000000003664,1.9506965487359196e-13,-9.784223504582553,0.0,0.0,0.0,-2.4922650676838645,-3.860871475101432e-05,-28.0,-2.4922650676838645,-3.860871475101432e-05,-28.0,0.0,0.0,0.0,-1.5708000000098865,-1.1389587190047123e-13,8.615265237394242,-1.5708000000098865,-1.1389587190047123e-13,8.615265237394242,0.0,0.0,0.0,1.5686511219160896e-10,-1.6495051852194464e-15,-11.25945945753675,1.5686511219160896e-10,-1.6495051852194464e-15,-11.25945945753675,0.0,0.0,0.0,robotiq_85_left_knuckle_joint,-2.7527318553019593e-11,3.2210345501937354e-14,,robotiq_85_left_knuckle_joint,-2.7527318553019593e-11,3.2210345501937354e-14,,0.0,0.0,
sentinel_joint_telemetry_v2,20260731_120941,20260731_120941:1,1,148,short_cube_pick_place,attack,mitm_trajectory_manipulation,joint_offset,medium,shoulder_pan_joint,cube,cube_transport,0.1,rad,,0,,,,cube_grasp,2026-07-31T12:09:48.140+01:00,3.132574,0.021903,45.656317,0,4853.630000000,4853.630000000,trusted_fallback,0.000000,-0.11999999999962517,-6.778865663248368e-15,-16.207933146114044,-0.11999999999962517,-6.778865663248368e-15,-16.207933146114044,0.0,0.0,0.0,-1.264339388851982,7.816002372963704e-06,150.0,-1.264339388851982,7.816002372963704e-06,150.0,0.0,0.0,0.0,2.1749000000003664,1.953437411827963e-13,-9.784375727244958,2.1749000000003664,1.953437411827963e-13,-9.784375727244958,0.0,0.0,0.0,-2.492265917136679,-3.861392519483725e-05,-28.0,-2.492265917136679,-3.861392519483725e-05,-28.0,0.0,0.0,0.0,-1.570800000009888,-1.1600876509421099e-13,8.616636282184869,-1.570800000009888,-1.1600876509421099e-13,8.616636282184869,0.0,0.0,0.0,1.568649492806916e-10,-6.2708085252216605e-15,-11.259448160494037,1.568649492806916e-10,-6.2708085252216605e-15,-11.259448160494037,0.0,0.0,0.0,robotiq_85_left_knuckle_joint,-2.752890406252106e-11,-1.687538997430238e-14,,robotiq_85_left_knuckle_joint,-2.752890406252106e-11,-1.687538997430238e-14,,0.0,0.0,
sentinel_joint_telemetry_v2,20260731_120941,20260731_120941:1,1,149,short_cube_pick_place,attack,mitm_trajectory_manipulation,joint_offset,medium,shoulder_pan_joint,cube,cube_transport,0.1,rad,,0,,,,cube_grasp,2026-07-31T12:09:48.162+01:00,3.154605,0.022031,45.389630,0,4853.652000000,4853.652000000,trusted_fallback,0.000000,-0.1199999999996252,-6.265387514359233e-15,-16.207158524658677,-0.1199999999996252,-6.265387514359233e-15,-16.207158524658677,0.0,0.0,0.0,-1.2643392167510574,7.828524649530072e-06,150.0,-1.2643392167510574,7.828524649530072e-06,150.0,0.0,0.0,0.0,2.1749000000003664,1.956872164310397e-13,-9.784527935628592,2.1749000000003664,1.956872164310397e-13,-9.784527935628592,0.0,0.0,0.0,-2.4922667666874796,-3.8617737699375015e-05,-28.0,-2.4922667666874796,-3.8617737699375015e-05,-28.0,0.0,0.0,0.0,-1.5708000000098894,-1.1371372593549367e-13,8.617941447296156,-1.5708000000098894,-1.1371372593549367e-13,8.617941447296156,0.0,0.0,0.0,1.5686476196308224e-10,-1.1543066849584172e-14,-11.259438551975228,1.5686476196308224e-10,-1.1543066849584172e-14,-11.259438551975228,0.0,0.0,0.0,robotiq_85_left_knuckle_joint,-2.7530227323466325e-11,2.5819624216438797e-14,,robotiq_85_left_knuckle_joint,-2.7530227323466325e-11,2.5819624216438797e-14,,0.0,0.0,
sentinel_joint_telemetry_v2,20260731_120941,20260731_120941:1,1,150,short_cube_pick_place,attack,mitm_trajectory_manipulation,joint_offset,medium,shoulder_pan_joint,cube,cube_transport,0.1,rad,,0,,,,cube_grasp,2026-07-31T12:09:48.184+01:00,3.176521,0.021916,45.629651,0,4853.674000000,4853.674000000,trusted_fallback,0.000000,-0.11999999999962523,-5.646741754739004e-15,-16.20647796843321,-0.11999999999962523,-5.646741754739004e-15,-16.20647796843321,0.0,0.0,0.0,-1.2643390444050713,7.838490841360207e-06,150.0,-1.2643390444050713,7.838490841360207e-06,150.0,0.0,0.0,0.0,2.1749000000003664,1.9611742785308195e-13,-9.78468013115685,2.1749000000003664,1.9611742785308195e-13,-9.78468013115685,0.0,0.0,0.0,-2.4922676163088155,-3.8620429596229744e-05,-28.0,-2.4922676163088155,-3.8620429596229744e-05,-28.0,0.0,0.0,0.0,-1.5708000000098907,-1.077350014755396e-13,8.619193934240709,-1.5708000000098907,-1.077350014755396e-13,8.619193934240709,0.0,0.0,0.0,1.5686460086950448e-10,6.375108774214766e-17,-11.259430292346739,1.5686460086950448e-10,6.375108774214766e-17,-11.259430292346739,0.0,0.0,0.0,robotiq_85_left_knuckle_joint,-2.7531589261806206e-11,-2.2273849431542203e-14,,robotiq_85_left_knuckle_joint,-2.7531589261806206e-11,-2.2273849431542203e-14,,0.0,0.0,
sentinel_joint_telemetry_v2,20260731_120941,20260731_120941:1,1,151,short_cube_pick_place,attack,mitm_trajectory_manipulation,joint_offset,medium,shoulder_pan_joint,cube,cube_transport,0.1,rad,,0,,,,cube_grasp,2026-07-31T12:09:48.204+01:00,3.196530,0.020010,49.975477,0,4853.694000000,4853.694000000,trusted_fallback,0.000000,-0.11999999999962523,-6.349304762509611e-15,-16.205925336610793,-0.11999999999962523,-6.349304762509611e-15,-16.205925336610793,0.0,0.0,0.0,-1.2643388875566839,7.845761581635677e-06,150.0,-1.2643388875566839,7.845761581635677e-06,150.0,0.0,0.0,0.0,2.1749000000003664,1.961729390043132e-13,-9.784818480513334,2.1749000000003664,1.961729390043132e-13,-9.784818480513334,0.0,0.0,0.0,-2.4922683887344506,-3.862209228511562e-05,-28.0,-2.4922683887344506,-3.862209228511562e-05,-28.0,0.0,0.0,0.0,-1.570800000009892,-1.0309895298599159e-13,8.620295560468781,-1.570800000009892,-1.0309895298599159e-13,8.620295560468781,0.0,0.0,0.0,1.5686452589128637e-10,-6.970552607343805e-15,-11.259423731157948,1.5686452589128637e-10,-6.970552607343805e-15,-11.259423731157948,0.0,0.0,0.0,robotiq_85_left_knuckle_joint,-2.7532687383399863e-11,4.386074836659759e-14,,robotiq_85_left_knuckle_joint,-2.7532687383399863e-11,4.386074836659759e-14,,0.0,0.0,
sentinel_joint_telemetry_v2,20260731_120941,20260731_120941:1,1,152,short_cube_pick_place,attack,mitm_trajectory_manipulation,joint_offset,medium,shoulder_pan_joint,cube,cube_transport,0.1,rad,,0,,,,cube_grasp,2026-07-31T12:09:48.225+01:00,3.216672,0.020141,49.648871,0,4853.714000000,4853.714000000,trusted_fallback,0.000000,-0.11999999999962524,-6.8619155496607576e-15,-16.205420383155648,-0.11999999999962524,-6.8619155496607576e-15,-16.205420383155648,0.0,0.0,0.0,-1.2643387305871967,7.849683804912744e-06,150.0,-1.2643387305871967,7.849683804912744e-06,150.0,0.0,0.0,0.0,2.1749000000003664,1.9658927263854764e-13,-9.784953538671791,2.1749000000003664,1.9658927263854764e-13,-9.784953538671791,0.0,0.0,0.0,-2.492269161180835,-3.86218938454759e-05,-28.0,-2.492269161180835,-3.86218938454759e-05,-28.0,0.0,0.0,0.0,-1.5708000000098936,-1.142272040843828e-13,8.621618744358852,-1.5708000000098936,-1.142272040843828e-13,8.621618744358852,0.0,0.0,0.0,1.5686443568111202e-10,-4.863730945769973e-15,-11.259414811243277,1.5686443568111202e-10,-4.863730945769973e-15,-11.259414811243277,0.0,0.0,0.0,robotiq_85_left_knuckle_joint,-2.7533939694154955e-11,-3.014949401247691e-14,,robotiq_85_left_knuckle_joint,-2.7533939694154955e-11,-3.014949401247691e-14,,0.0,0.0,
sentinel_joint_telemetry_v2,20260731_120941,20260731_120941:1,1,153,short_cube_pick_place,attack,mitm_trajectory_manipulation,joint_offset,medium,shoulder_pan_joint,cube,cube_transport,0.1,rad,,0,,,,cube_grasp,2026-07-31T12:09:48.246+01:00,3.238527,0.021855,45.755274,0,4853.736000000,4853.736000000,trusted_fallback,0.000000,-0.11999999999962524,-6.8016339088705635e-15,-16.204882548758487,-0.11999999999962524,-6.8016339088705635e-15,-16.204882548758487,0.0,0.0,0.0,-1.264338557887903,7.850237203085517e-06,150.0,-1.264338557887903,7.850237203085517e-06,150.0,0.0,0.0,0.0,2.1749000000003664,1.9672805051662579e-13,-9.785097073479715,2.1749000000003664,1.9672805051662579e-13,-9.785097073479715,0.0,0.0,0.0,-2.4922700108321205,-3.861939376019127e-05,-28.0,-2.4922700108321205,-3.861939376019127e-05,-28.0,0.0,0.0,0.0,-1.5708000000098956,-1.0900568642169262e-13,8.623464178485156,-1.5708000000098956,-1.0900568642169262e-13,8.623464178485156,0.0,0.0,0.0,1.5686425038098605e-10,-1.2583033573432267e-14,-11.259400326987427,1.5686425038098605e-10,-1.2583033573432267e-14,-11.259400326987427,0.0,0.0,0.0,robotiq_85_left_knuckle_joint,-2.75356077417994e-11,-3.642919299551295e-14,,robotiq_85_left_knuckle_joint,-2.75356077417994e-11,-3.642919299551295e-14,,0.0,0.0,
sentinel_joint_telemetry_v2,20260731_120941,20260731_120941:1,1,154,short_cube_pick_place,attack,mitm_trajectory_manipulation,joint_offset,medium,shoulder_pan_joint,cube,cube_transport,0.1,rad,,0,,,,cube_grasp,2026-07-31T12:09:48.266+01:00,3.258563,0.020036,49.910274,0,4853.756000000,4853.756000000,trusted_fallback,0.000000,-0.11999999999962527,-6.009949482521648e-15,-16.204401352715625,-0.11999999999962527,-6.009949482521648e-15,-16.204401352715625,0.0,0.0,0.0,-1.2643384008792362,7.85063653919657e-06,150.0,-1.2643384008792362,7.85063653919657e-06,150.0,0.0,0.0,0.0,2.1749000000003664,1.968685631181799e-13,-9.785227744264501,2.1749000000003664,1.968685631181799e-13,-9.785227744264501,0.0,0.0,0.0,-2.492270783194304,-3.8617095834688614e-05,-28.0,-2.492270783194304,-3.8617095834688614e-05,-28.0,0.0,0.0,0.0,-1.5708000000098976,-1.0346844908637465e-13,8.625124715618286,-1.5708000000098976,-1.0346844908637465e-13,8.625124715618286,0.0,0.0,0.0,1.568641075497097e-10,-1.2912414193433364e-14,-11.259387428480593,1.568641075497097e-10,-1.2912414193433364e-14,-11.259387428480593,0.0,0.0,0.0,robotiq_85_left_knuckle_joint,-2.7537170831734663e-11,-7.376738109243774e-14,,robotiq_85_left_knuckle_joint,-2.7537170831734663e-11,-7.376738109243774e-14,,0.0,0.0,
sentinel_joint_telemetry_v2,20260731_120941,20260731_120941:1,1,155,short_cube_pick_place,attack,mitm_trajectory_manipulation,joint_offset,medium,shoulder_pan_joint,cube,cube_transport,0.1,rad,,0,,,,cube_grasp,2026-07-31T12:09:48.289+01:00,3.280703,0.022140,45.167275,0,4853.778000000,4853.778000000,trusted_fallback,0.000000,-0.11999999999962527,-6.5739514526486076e-15,-16.20387997078271,-0.11999999999962527,-6.5739514526486076e-15,-16.20387997078271,0.0,0.0,0.0,-1.2643382281611812,7.850996985339989e-06,150.0,-1.2643382281611812,7.850996985339989e-06,150.0,0.0,0.0,0.0,2.1749000000003664,1.9731265232802997e-13,-9.785371718472252,2.1749000000003664,1.9731265232802997e-13,-9.785371718472252,0.0,0.0,0.0,-2.4922716327396426,-3.8614559159516615e-05,-28.0,-2.4922716327396426,-3.8614559159516615e-05,-28.0,0.0,0.0,0.0,-1.5708000000098998,-1.188268233809353e-13,8.626930714447187,-1.5708000000098998,-1.188268233809353e-13,8.626930714447187,0.0,0.0,0.0,1.5686391184492928e-10,-1.1854666553956505e-14,-11.259373554851583,1.5686391184492928e-10,-1.1854666553956505e-14,-11.259373554851583,0.0,0.0,0.0,robotiq_85_left_knuckle_joint,-2.7538781640443307e-11,-8.715250743307479e-14,,robotiq_85_left_knuckle_joint,-2.7538781640443307e-11,-8.715250743307479e-14,,0.0,0.0,
sentinel_joint_telemetry_v2,20260731_120941,20260731_120941:1,1,156,short_cube_pick_place,attack,mitm_trajectory_manipulation,joint_offset,medium,shoulder_pan_joint,cube,cube_transport,0.1,rad,,0,,,,cube_grasp,2026-07-31T12:09:48.310+01:00,3.302616,0.021913,45.635378,0,4853.800000000,4853.800000000,trusted_fallback,0.000000,-0.11999999999962528,-6.521259227065812e-15,-16.20336588251265,-0.11999999999962528,-6.521259227065812e-15,-16.20336588251265,0.0,0.0,0.0,-1.2643380554359984,7.851305571139264e-06,150.0,-1.2643380554359984,7.851305571139264e-06,150.0,0.0,0.0,0.0,2.1749000000003664,1.9754683999728684e-13,-9.785515936527752,2.1749000000003664,1.9754683999728684e-13,-9.785515936527752,0.0,0.0,0.0,-2.4922724822291196,-3.861202871129413e-05,-28.0,-2.4922724822291196,-3.861202871129413e-05,-28.0,0.0,0.0,0.0,-1.5708000000099016,-1.106744904055823e-13,8.628714339627741,-1.5708000000099016,-1.106744904055823e-13,8.628714339627741,0.0,0.0,0.0,1.5686372188403505e-10,-1.0830962862695692e-14,-11.259360009232202,1.5686372188403505e-10,-1.0830962862695692e-14,-11.259360009232202,0.0,0.0,0.0,robotiq_85_left_knuckle_joint,-2.7540282821567162e-11,4.1168457531881586e-14,,robotiq_85_left_knuckle_joint,-2.7540282821567162e-11,4.1168457531881586e-14,,0.0,0.0,
sentinel_joint_telemetry_v2,20260731_120941,20260731_120941:1,1,157,short_cube_pick_place,attack,mitm_trajectory_manipulation,joint_offset,medium,shoulder_pan_joint,cube,cube_transport,0.1,rad,,0,,,,cube_grasp,2026-07-31T12:09:48.332+01:00,3.324530,0.021914,45.632835,0,4853.822000000,4853.822000000,trusted_fallback,0.000000,-0.1199999999996253,-6.449918724116266e-15,-16.20285896623883,-0.1199999999996253,-6.449918724116266e-15,-16.20285896623883,0.0,0.0,0.0,-1.2643378827045577,7.851553700265884e-06,150.0,-1.2643378827045577,7.851553700265884e-06,150.0,0.0,0.0,0.0,2.1749000000003664,1.977133734509806e-13,-9.785660399259854,2.1749000000003664,1.977133734509806e-13,-9.785660399259854,0.0,0.0,0.0,-2.4922733316630223,-3.8609497132406634e-05,-28.0,-2.4922733316630223,-3.8609497132406634e-05,-28.0,0.0,0.0,0.0,-1.5708000000099036,-1.1097546492866428e-13,8.630477946552128,-1.5708000000099036,-1.1097546492866428e-13,8.630477946552128,0.0,0.0,0.0,1.5686354075093171e-10,-5.7052886720532214e-15,-11.259346766438368,1.5686354075093171e-10,-5.7052886720532214e-15,-11.259346766438368,0.0,0.0,0.0,robotiq_85_left_knuckle_joint,-2.7541957898311138e-11,-6.797340468267521e-14,,robotiq_85_left_knuckle_joint,-2.7541957898311138e-11,-6.797340468267521e-14,,0.0,0.0,
sentinel_joint_telemetry_v2,20260731_120941,20260731_120941:1,1,158,short_cube_pick_place,attack,mitm_trajectory_manipulation,joint_offset,medium,shoulder_pan_joint,cube,cube_transport,0.1,rad,,0,,,,cube_grasp,2026-07-31T12:09:48.352+01:00,3.344592,0.020062,49.846314,0,4853.842000000,4853.842000000,trusted_fallback,0.000000,-0.1199999999996253,-6.9156919774160386e-15,-16.20240376520574,-0.1199999999996253,-6.9156919774160386e-15,-16.20240376520574,0.0,0.0,0.0,-1.2643377256718156,7.851739836835583e-06,150.0,-1.2643377256718156,7.851739836835583e-06,150.0,0.0,0.0,0.0,2.1749000000003664,1.9808633899831563e-13,-9.785791925450281,2.1749000000003664,1.9808633899831563e-13,-9.785791925450281,0.0,0.0,0.0,-2.4922741038272913,-3.860720027967432e-05,-28.0,-2.4922741038272913,-3.860720027967432e-05,-28.0,0.0,0.0,0.0,-1.5708000000099056,-1.0210929324294682e-13,8.632064272520312,-1.5708000000099056,-1.0210929324294682e-13,8.632064272520312,0.0,0.0,0.0,1.5686336108757282e-10,-9.551170618293803e-15,-11.259334978626734,1.5686336108757282e-10,-9.551170618293803e-15,-11.259334978626734,0.0,0.0,0.0,robotiq_85_left_knuckle_joint,-2.754340859204295e-11,-4.139050213680662e-14,,robotiq_85_left_knuckle_joint,-2.754340859204295e-11,-4.139050213680662e-14,,0.0,0.0,
sentinel_joint_telemetry_v2,20260731_120941,20260731_120941:1,1,159,short_cube_pick_place,attack,mitm_trajectory_manipulation,joint_offset,medium,shoulder_pan_joint,cube,cube_transport,0.1,rad,,0,,,,cube_grasp,2026-07-31T12:09:48.374+01:00,3.366518,0.021926,45.607010,0,4853.864000000,4853.864000000,trusted_fallback,0.000000,-0.11999999999962532,-6.097769858492974e-15,-16.201909019179926,-0.11999999999962532,-6.097769858492974e-15,-16.201909019179926,0.0,0.0,0.0,-1.2643375529316871,7.85192784227666e-06,150.0,-1.2643375529316871,7.85192784227666e-06,150.0,0.0,0.0,0.0,2.1749000000003664,1.982684849632932e-13,-9.785936813505081,2.1749000000003664,1.982684849632932e-13,-9.785936813505081,0.0,0.0,0.0,-2.492274953155161,-3.860469438342687e-05,-28.0,-2.492274953155161,-3.860469438342687e-05,-28.0,0.0,0.0,0.0,-1.5708000000099076,-1.0165132624528894e-13,8.633788219307933,-1.5708000000099076,-1.0165132624528894e-13,8.633788219307933,0.0,0.0,0.0,1.5686317594357197e-10,-6.711645128554267e-15,-11.259322311265569,1.5686317594357197e-10,-6.711645128554267e-15,-11.259322311265569,0.0,0.0,0.0,robotiq_85_left_knuckle_joint,-2.7544945390509212e-11,-1.1896733598248943e-13,,robotiq_85_left_knuckle_joint,-2.7544945390509212e-11,-1.1896733598248943e-13,,0.0,0.0,
sentinel_joint_telemetry_v2,20260731_120941,20260731_120941:1,1,160,short_cube_pick_place,attack,mitm_trajectory_manipulation,joint_offset,medium,shoulder_pan_joint,cube,cube_transport,0.1,rad,,0,,,,cube_grasp,2026-07-31T12:09:48.394+01:00,3.386571,0.020053,49.868435,0,4853.884000000,4853.884000000,trusted_fallback,0.000000,-0.11999999999962532,-6.672397009910291e-15,-16.2014645030986,-0.11999999999962532,-6.672397009910291e-15,-16.2014645030986,0.0,0.0,0.0,-1.2643373958917787,7.852083919443476e-06,150.0,-1.2643373958917787,7.852083919443476e-06,150.0,0.0,0.0,0.0,2.1749000000003664,1.984107322883233e-13,-9.786068714368486,2.1749000000003664,1.984107322883233e-13,-9.786068714368486,0.0,0.0,0.0,-2.492275725223764,-3.8602434476519426e-05,-28.0,-2.492275725223764,-3.8602434476519426e-05,-28.0,0.0,0.0,0.0,-1.5708000000099094,-1.0162010122272136e-13,8.635336912460259,-1.5708000000099094,-1.0162010122272136e-13,8.635336912460259,0.0,0.0,0.0,1.5686298991377797e-10,-1.2481769090522121e-14,-11.259311059497259,1.5686298991377797e-10,-1.2481769090522121e-14,-11.259311059497259,0.0,0.0,0.0,robotiq_85_left_knuckle_joint,-2.7546376377782342e-11,-1.1457501614131615e-13,,robotiq_85_left_knuckle_joint,-2.7546376377782342e-11,-1.1457501614131615e-13,,0.0,0.0,
sentinel_joint_telemetry_v2,20260731_120941,20260731_120941:1,1,161,short_cube_pick_place,attack,mitm_trajectory_manipulation,joint_offset,medium,shoulder_pan_joint,cube,cube_transport,0.1,rad,,0,,,,cube_grasp,2026-07-31T12:09:48.417+01:00,3.408719,0.022148,45.149837,0,4853.906000000,4853.906000000,trusted_fallback,0.000000,-0.11999999999962535,-5.867051636188059e-15,-16.20098124680333,-0.11999999999962535,-5.867051636188059e-15,-16.20098124680333,0.0,0.0,0.0,-1.264337223144452,7.852239825302879e-06,150.0,-1.264337223144452,7.852239825302879e-06,150.0,0.0,0.0,0.0,2.1749000000003664,1.9866920608624383e-13,-9.78621400192899,2.1749000000003664,1.9866920608624383e-13,-9.78621400192899,0.0,0.0,0.0,-2.492276574447242,-3.8599968024070896e-05,-28.0,-2.492276574447242,-3.8599968024070896e-05,-28.0,0.0,0.0,0.0,-1.5708000000099112,-1.0905425867901997e-13,8.637020641187517,-1.5708000000099112,-1.0905425867901997e-13,8.637020641187517,0.0,0.0,0.0,1.5686284813461147e-10,-8.267258405636468e-15,-11.259298965791109,1.5686284813461147e-10,-8.267258405636468e-15,-11.259298965791109,0.0,0.0,0.0,robotiq_85_left_knuckle_joint,-2.7547845820405478e-11,-1.0580425424677742e-13,,robotiq_85_left_knuckle_joint,-2.7547845820405478e-11,-1.0580425424677742e-13,,0.0,0.0,
sentinel_joint_telemetry_v2,20260731_120941,20260731_120941:1,1,162,short_cube_pick_place,attack,mitm_trajectory_manipulation,joint_offset,medium,shoulder_pan_joint,cube,cube_transport,0.1,rad,,0,,,,cube_grasp,2026-07-31T12:09:48.439+01:00,3.430842,0.022123,45.201920,0,4853.928000000,4853.928000000,trusted_fallback,0.000000,-0.11999999999962535,-6.349738443378605e-15,-16.200503632104542,-0.11999999999962535,-6.349738443378605e-15,-16.200503632104542,0.0,0.0,0.0,-1.2643370503938802,7.852379664715498e-06,150.0,-1.2643370503938802,7.852379664715498e-06,150.0,0.0,0.0,0.0,2.1749000000003664,1.990005382701554e-13,-9.78635948904095,2.1749000000003664,1.990005382701554e-13,-9.78635948904095,0.0,0.0,0.0,-2.4922774236166867,-3.859752129459562e-05,-28.0,-2.4922774236166867,-3.859752129459562e-05,-28.0,0.0,0.0,0.0,-1.5708000000099132,-1.0534888933433351e-13,8.638684306916574,-1.5708000000099132,-1.0534888933433351e-13,8.638684306916574,0.0,0.0,0.0,1.5686269040856568e-10,-9.107948770181729e-15,-11.259287157154075,1.5686269040856568e-10,-9.107948770181729e-15,-11.259287157154075,0.0,0.0,0.0,robotiq_85_left_knuckle_joint,-2.7549334629481504e-11,-4.937023012629993e-14,,robotiq_85_left_knuckle_joint,-2.7549334629481504e-11,-4.937023012629993e-14,,0.0,0.0,
sentinel_joint_telemetry_v2,20260731_120941,20260731_120941:1,1,163,short_cube_pick_place,attack,mitm_trajectory_manipulation,joint_offset,medium,shoulder_pan_joint,cube,cube_transport,0.1,rad,,0,,,,cube_grasp,2026-07-31T12:09:48.461+01:00,3.452710,0.021868,45.728890,0,4853.950000000,4853.950000000,trusted_fallback,0.000000,-0.11999999999962536,-6.901597349173727e-15,-16.200031710614176,-0.11999999999962536,-6.901597349173727e-15,-16.200031710614176,0.0,0.0,0.0,-1.2643368776404116,7.852503943505881e-06,150.0,-1.2643368776404116,7.852503943505881e-06,150.0,0.0,0.0,0.0,2.1749000000003664,1.991722758942771e-13,-9.786505169318499,2.1749000000003664,1.991722758942771e-13,-9.786505169318499,0.0,0.0,0.0,-2.4922782727325243,-3.859509369696576e-05,-28.0,-2.4922782727325243,-3.859509369696576e-05,-28.0,0.0,0.0,0.0,-1.5708000000099152,-1.1176476411023373e-13,8.640328401841066,-1.5708000000099152,-1.1176476411023373e-13,8.640328401841066,0.0,0.0,0.0,1.5686248428265067e-10,-5.2087240770548604e-15,-11.25927562866973,1.5686248428265067e-10,-5.2087240770548604e-15,-11.25927562866973,0.0,0.0,0.0,robotiq_85_left_knuckle_joint,-2.7550749990365564e-11,2.7547408798511697e-14,,robotiq_85_left_knuckle_joint,-2.7550749990365564e-11,2.7547408798511697e-14,,0.0,0.0,
sentinel_joint_telemetry_v2,20260731_120941,20260731_120941:1,1,164,short_cube_pick_place,attack,mitm_trajectory_manipulation,joint_offset,medium,shoulder_pan_joint,cube,cube_transport,0.1,rad,,0,,,,cube_grasp,2026-07-31T12:09:48.482+01:00,3.474613,0.021902,45.657380,0,4853.972000000,4853.972000000,trusted_fallback,0.000000,-0.11999999999962536,-6.7606510667506114e-15,-16.199565027477465,-0.11999999999962536,-6.7606510667506114e-15,-16.199565027477465,0.0,0.0,0.0,-1.2643367048843828,7.852613169099729e-06,150.0,-1.2643367048843828,7.852613169099729e-06,150.0,0.0,0.0,0.0,2.1749000000003664,1.996215692745551e-13,-9.786651036556943,2.1749000000003664,1.996215692745551e-13,-9.786651036556943,0.0,0.0,0.0,-2.49227912179517,-3.859268464415436e-05,-28.0,-2.49227912179517,-3.859268464415436e-05,-28.0,0.0,0.0,0.0,-1.570800000009917,-1.0433581082436305e-13,8.641953687262935,-1.570800000009917,-1.0433581082436305e-13,8.641953687262935,0.0,0.0,0.0,1.5686236153600278e-10,-1.2359687925900253e-14,-11.259264366714456,1.5686236153600278e-10,-1.2359687925900253e-14,-11.259264366714456,0.0,0.0,0.0,robotiq_85_left_knuckle_joint,-2.7552244010550906e-11,-6.890321646579878e-15,,robotiq_85_left_knuckle_joint,-2.7552244010550906e-11,-6.890321646579878e-15,,0.0,0.0,
sentinel_joint_telemetry_v2,20260731_120941,20260731_120941:1,1,165,short_cube_pick_place,attack,mitm_trajectory_manipulation,joint_offset,medium,shoulder_pan_joint,cube,cube_transport,0.1,rad,,0,,,,cube_grasp,2026-07-31T12:09:48.504+01:00,3.496508,0.021896,45.671226,0,4853.994000000,4853.994000000,trusted_fallback,0.000000,-0.11999999999962538,-6.608862762602641e-15,-16.199103561882534,-0.11999999999962538,-6.608862762602641e-15,-16.199103561882534,0.0,0.0,0.0,-1.26433653212612,7.852707806425482e-06,150.0,-1.26433653212612,7.852707806425482e-06,150.0,0.0,0.0,0.0,2.1749000000003664,1.9980371523953266e-13,-9.786797084765965,2.1749000000003664,1.9980371523953266e-13,-9.786797084765965,0.0,0.0,0.0,-2.4922799708050234,-3.8590293570426454e-05,-28.0,-2.4922799708050234,-3.8590293570426454e-05,-28.0,0.0,0.0,0.0,-1.570800000009919,-1.1915555347963291e-13,8.643560663384287,-1.570800000009919,-1.1915555347963291e-13,8.643560663384287,0.0,0.0,0.0,1.5686218855588299e-10,-1.5189672436521917e-15,-11.259253365431302,1.5686218855588299e-10,-1.5189672436521917e-15,-11.259253365431302,0.0,0.0,0.0,robotiq_85_left_knuckle_joint,-2.755369237281436e-11,-2.5673907444456745e-14,,robotiq_85_left_knuckle_joint,-2.755369237281436e-11,-2.5673907444456745e-14,,0.0,0.0,
sentinel_joint_telemetry_v2,20260731_120941,20260731_120941:1,1,166,short_cube_pick_place,attack,mitm_trajectory_manipulation,joint_offset,medium,shoulder_pan_joint,cube,cube_transport,0.1,rad,,0,,,,cube_grasp,2026-07-31T12:09:48.524+01:00,3.516521,0.020013,49.968035,0,4854.014000000,4854.014000000,trusted_fallback,0.000000,-0.1199999999996254,-5.74952412069063e-15,-16.198688449109653,-0.1199999999996254,-5.74952412069063e-15,-16.198688449109653,0.0,0.0,0.0,-1.2643363750714811,7.852781522590599e-06,150.0,-1.2643363750714811,7.852781522590599e-06,150.0,0.0,0.0,0.0,2.1749000000003664,2.0006912793135712e-13,-9.7869300079298,2.1749000000003664,2.0006912793135712e-13,-9.7869300079298,0.0,0.0,0.0,-2.4922807425866798,-3.858813497366331e-05,-28.0,-2.4922807425866798,-3.858813497366331e-05,-28.0,0.0,0.0,0.0,-1.5708000000099205,-1.1261651333693834e-13,8.645006139020005,-1.5708000000099205,-1.1261651333693834e-13,8.645006139020005,0.0,0.0,0.0,1.5686203610686605e-10,-8.882217877870247e-15,-11.259243583988619,1.5686203610686605e-10,-8.882217877870247e-15,-11.259243583988619,0.0,0.0,0.0,robotiq_85_left_knuckle_joint,-2.7555014710886738e-11,-2.7457203177760903e-14,,robotiq_85_left_knuckle_joint,-2.7555014710886738e-11,-2.7457203177760903e-14,,0.0,0.0,
sentinel_joint_telemetry_v2,20260731_120941,20260731_120941:1,1,167,short_cube_pick_place,attack,mitm_trajectory_manipulation,joint_offset,medium,shoulder_pan_joint,cube,cube_transport,0.1,rad,,0,,,,cube_grasp,2026-07-31T12:09:48.547+01:00,3.538821,0.022300,44.842559,0,4854.036000000,4854.036000000,trusted_fallback,0.000000,-0.1199999999996254,-6.222019427459813e-15,-16.1982365042908,-0.1199999999996254,-6.222019427459813e-15,-16.1982365042908,0.0,0.0,0.0,-1.264336202309823,7.852849494045452e-06,150.0,-1.264336202309823,7.852849494045452e-06,150.0,0.0,0.0,0.0,2.1749000000003664,2.0046984905430776e-13,-9.787076385461551,2.1749000000003664,2.0046984905430776e-13,-9.787076385461551,0.0,0.0,0.0,-2.4922815914968197,-3.858577666021948e-05,-28.0,-2.4922815914968197,-3.858577666021948e-05,-28.0,0.0,0.0,0.0,-1.5708000000099223,-1.0355171581322153e-13,8.646579725555373,-1.5708000000099223,-1.0355171581322153e-13,8.646579725555373,0.0,0.0,0.0,1.5686188431422507e-10,-1.0455178389712216e-14,-11.25923305832512,1.5686188431422507e-10,-1.0455178389712216e-14,-11.25923305832512,0.0,0.0,0.0,robotiq_85_left_knuckle_joint,-2.7556436871886814e-11,5.0431880893597736e-14,,robotiq_85_left_knuckle_joint,-2.7556436871886814e-11,5.0431880893597736e-14,,0.0,0.0,
sentinel_joint_telemetry_v2,20260731_120941,20260731_120941:1,1,168,short_cube_pick_place,attack,mitm_trajectory_manipulation,joint_offset,medium,shoulder_pan_joint,cube,cube_transport,0.1,rad,,0,,,,cube_grasp,2026-07-31T12:09:48.568+01:00,3.560551,0.021730,46.019701,0,4854.058000000,4854.058000000,trusted_fallback,0.000000,-0.1199999999996254,-6.730293405921017e-15,-16.197789323289168,-0.1199999999996254,-6.730293405921017e-15,-16.197789323289168,0.0,0.0,0.0,-1.264336029546823,7.852904166509925e-06,150.0,-1.264336029546823,7.852904166509925e-06,150.0,0.0,0.0,0.0,2.1749000000003664,2.0042301152045638e-13,-9.787222927503027,2.1749000000003664,2.0042301152045638e-13,-9.787222927503027,0.0,0.0,0.0,-2.492282440355265,-3.858343475460213e-05,-28.0,-2.492282440355265,-3.858343475460213e-05,-28.0,0.0,0.0,0.0,-1.570800000009924,-1.041527974976475e-13,8.648136600515935,-1.570800000009924,-1.041527974976475e-13,8.648136600515935,0.0,0.0,0.0,1.5686176315571655e-10,-5.444863310222203e-16,-11.259222770539614,1.5686176315571655e-10,-5.444863310222203e-16,-11.259222770539614,0.0,0.0,0.0,robotiq_85_left_knuckle_joint,-2.755780336907999e-11,-2.9157232184218174e-14,,robotiq_85_left_knuckle_joint,-2.755780336907999e-11,-2.9157232184218174e-14,,0.0,0.0,
sentinel_joint_telemetry_v2,20260731_120941,20260731_120941:1,1,169,short_cube_pick_place,attack,mitm_trajectory_manipulation,joint_offset,medium,shoulder_pan_joint,cube,cube_transport,0.1,rad,,0,,,,cube_grasp,2026-07-31T12:09:48.590+01:00,3.582520,0.021969,45.518014,0,4854.080000000,4854.080000000,trusted_fallback,0.000000,-0.11999999999962543,-5.884832551816821e-15,-16.197346765762134,-0.11999999999962543,-5.884832551816821e-15,-16.197346765762134,0.0,0.0,0.0,-1.264335856782769,7.852945915000006e-06,150.0,-1.264335856782769,7.852945915000006e-06,150.0,0.0,0.0,0.0,2.1749000000003664,2.0101802167271643e-13,-9.787369628692744,2.1749000000003664,2.0101802167271643e-13,-9.787369628692744,0.0,0.0,0.0,-2.4922832891623727,-3.85811087479232e-05,-28.0,-2.4922832891623727,-3.85811087479232e-05,-28.0,0.0,0.0,0.0,-1.5708000000099258,-1.0365579922178014e-13,8.649677278414405,-1.5708000000099258,-1.0365579922178014e-13,8.649677278414405,0.0,0.0,0.0,1.568616128204601e-10,-1.0165262728789592e-14,-11.259212713430518,1.568616128204601e-10,-1.0165262728789592e-14,-11.259212713430518,0.0,0.0,0.0,robotiq_85_left_knuckle_joint,-2.7559244299788067e-11,-7.74658115432203e-14,,robotiq_85_left_knuckle_joint,-2.7559244299788067e-11,-7.74658115432203e-14,,0.0,0.0,
sentinel_joint_telemetry_v2,20260731_120941,20260731_120941:1,1,170,short_cube_pick_place,attack,mitm_trajectory_manipulation,joint_offset,medium,shoulder_pan_joint,cube,cube_transport,0.1,rad,,0,,,,cube_grasp,2026-07-31T12:09:48.610+01:00,3.602530,0.020009,49.976698,0,4854.100000000,4854.100000000,trusted_fallback,0.000000,-0.11999999999962543,-6.2601833439313026e-15,-16.196948302067366,-0.11999999999962543,-6.2601833439313026e-15,-16.196948302067366,0.0,0.0,0.0,-1.2643356997238595,7.852973009534955e-06,150.0,-1.2643356997238595,7.852973009534955e-06,150.0,0.0,0.0,0.0,2.1749000000003664,2.0124353572459341e-13,-9.787503127191126,2.1749000000003664,2.0124353572459341e-13,-9.787503127191126,0.0,0.0,0.0,-2.4922840607609382,-3.857900757786234e-05,-28.0,-2.4922840607609382,-3.857900757786234e-05,-28.0,0.0,0.0,0.0,-1.5708000000099276,-1.1692469908952674e-13,8.6510642777075,-1.5708000000099276,-1.1692469908952674e-13,8.6510642777075,0.0,0.0,0.0,1.5686148769203685e-10,-1.5055231367133715e-14,-11.259203763835439,1.5686148769203685e-10,-1.5055231367133715e-14,-11.259203763835439,0.0,0.0,0.0,robotiq_85_left_knuckle_joint,-2.756042091414956e-11,-1.3461454173580023e-14,,robotiq_85_left_knuckle_joint,-2.756042091414956e-11,-1.3461454173580023e-14,,0.0,0.0,
sentinel_joint_telemetry_v2,20260731_120941,20260731_120941:1,1,171,short_cube_pick_place,attack,mitm_trajectory_manipulation,joint_offset,medium,shoulder_pan_joint,cube,cube_transport,0.1,rad,,0,,,,cube_grasp,2026-07-31T12:09:48.630+01:00,3.622550,0.020021,49.948391,0,4854.120000000,4854.120000000,trusted_fallback,0.000000,-0.11999999999962543,-6.817463260588852e-15,-16.1965533403337,-0.11999999999962543,-6.817463260588852e-15,-16.1965533403337,0.0,0.0,0.0,-1.2643355426645142,7.852990060655887e-06,150.0,-1.2643355426645142,7.852990060655887e-06,150.0,0.0,0.0,0.0,2.1749000000003664,2.0155752067374522e-13,-9.787636749186742,2.1749000000003664,2.0155752067374522e-13,-9.787636749186742,0.0,0.0,0.0,-2.492284832317611,-3.8576918775626995e-05,-28.0,-2.492284832317611,-3.8576918775626995e-05,-28.0,0.0,0.0,0.0,-1.5708000000099291,-1.180115033472262e-13,8.652438725358417,-1.5708000000099291,-1.180115033472262e-13,8.652438725358417,0.0,0.0,0.0,1.568613491676453e-10,-5.667558436450726e-15,-11.259194992090569,1.568613491676453e-10,-5.667558436450726e-15,-11.259194992090569,0.0,0.0,0.0,robotiq_85_left_knuckle_joint,-2.756170279153158e-11,-1.111610803405938e-14,,robotiq_85_left_knuckle_joint,-2.756170279153158e-11,-1.111610803405938e-14,,0.0,0.0,
sentinel_joint_telemetry_v2,20260731_120941,20260731_120941:1,1,172,short_cube_pick_place,attack,mitm_trajectory_manipulation,joint_offset,medium,shoulder_pan_joint,cube,cube_transport,0.1,rad,,0,,,,cube_grasp,2026-07-31T12:09:48.650+01:00,3.642575,0.020025,49.938441,0,4854.140000000,4854.140000000,trusted_fallback,0.000000,-0.11999999999962546,-5.8644495509740935e-15,-16.1961620318672,-0.11999999999962546,-5.8644495509740935e-15,-16.1961620318672,0.0,0.0,0.0,-1.2643353856049306,7.85299733329324e-06,150.0,-1.2643353856049306,7.85299733329324e-06,150.0,0.0,0.0,0.0,2.1749000000003664,2.0185589311161323e-13,-9.787770491044558,2.1749000000003664,2.0185589311161323e-13,-9.787770491044558,0.0,0.0,0.0,-2.4922856038326344,-3.857484200302588e-05,-28.0,-2.4922856038326344,-3.857484200302588e-05,-28.0,0.0,0.0,0.0,-1.5708000000099307,-1.1783803099962853e-13,8.653800832800938,-1.5708000000099307,-1.1783803099962853e-13,8.653800832800938,0.0,0.0,0.0,1.5686123661856936e-10,-1.0402703004563918e-14,-11.259186397522772,1.5686123661856936e-10,-1.0402703004563918e-14,-11.259186397522772,0.0,0.0,0.0,robotiq_85_left_knuckle_joint,-2.7562917771037473e-11,-5.0959236830294685e-14,,robotiq_85_left_knuckle_joint,-2.7562917771037473e-11,-5.0959236830294685e-14,,0.0,0.0,
sentinel_joint_telemetry_v2,20260731_120941,20260731_120941:1,1,173,short_cube_pick_place,attack,mitm_trajectory_manipulation,joint_offset,medium,shoulder_pan_joint,cube,cube_transport,0.1,rad,,0,,,,cube_grasp,2026-07-31T12:09:48.670+01:00,3.662583,0.020008,49.979296,0,4854.160000000,4854.160000000,trusted_fallback,0.000000,-0.11999999999962546,-6.303985111699717e-15,-16.195774025307248,-0.11999999999962546,-6.303985111699717e-15,-16.195774025307248,0.0,0.0,0.0,-1.264335228545302,7.852995123174e-06,150.0,-1.264335228545302,7.852995123174e-06,150.0,0.0,0.0,0.0,2.1749000000003664,2.0188191396375288e-13,-9.787904349188466,2.1749000000003664,2.0188191396375288e-13,-9.787904349188466,0.0,0.0,0.0,-2.492286375306246,-3.857277691178898e-05,-28.0,-2.492286375306246,-3.857277691178898e-05,-28.0,0.0,0.0,0.0,-1.5708000000099323,-1.1759170026603982e-13,8.655151089349093,-1.5708000000099323,-1.1759170026603982e-13,8.655151089349093,0.0,0.0,0.0,1.5686111851599297e-10,-1.229485263598562e-14,-11.259177970411127,1.5686111851599297e-10,-1.229485263598562e-14,-11.259177970411127,0.0,0.0,0.0,robotiq_85_left_knuckle_joint,-2.7564162913915167e-11,-7.5842110369706e-14,,robotiq_85_left_knuckle_joint,-2.7564162913915167e-11,-7.5842110369706e-14,,0.0,0.0,
sentinel_joint_telemetry_v2,20260731_120941,20260731_120941:1,1,174,short_cube_pick_place,attack,mitm_trajectory_manipulation,joint_offset,medium,shoulder_pan_joint,cube,cube_transport,0.1,rad,,0,,,,cube_grasp,2026-07-31T12:09:48.692+01:00,3.684523,0.021939,45.579903,0,4854.182000000,4854.182000000,trusted_fallback,0.000000,-0.11999999999962546,-6.813776973202401e-15,-16.195350927128022,-0.11999999999962546,-6.813776973202401e-15,-16.195350927128022,0.0,0.0,0.0,-1.2643350557798811,7.85298206855932e-06,150.0,-1.2643350557798811,7.85298206855932e-06,150.0,0.0,0.0,0.0,2.1749000000003664,2.022236544885203e-13,-9.788051723391192,2.1749000000003664,2.022236544885203e-13,-9.788051723391192,0.0,0.0,0.0,-2.4922872238796616,-3.857051842755255e-05,-28.0,-2.4922872238796616,-3.857051842755255e-05,-28.0,0.0,0.0,0.0,-1.5708000000099338,-1.0306165643125809e-13,8.65662307384174,-1.5708000000099338,-1.0306165643125809e-13,8.65662307384174,0.0,0.0,0.0,1.5686100338434746e-10,-4.661852501253172e-15,-11.259168888804512,1.5686100338434746e-10,-4.661852501253172e-15,-11.259168888804512,0.0,0.0,0.0,robotiq_85_left_knuckle_joint,-2.7565436436868927e-11,1.471739397018723e-14,,robotiq_85_left_knuckle_joint,-2.7565436436868927e-11,1.471739397018723e-14,,0.0,0.0,
sentinel_joint_telemetry_v2,20260731_120941,20260731_120941:1,1,175,short_cube_pick_place,attack,mitm_trajectory_manipulation,joint_offset,medium,shoulder_pan_joint,cube,cube_transport,0.1,rad,,0,,,,cube_grasp,2026-07-31T12:09:48.714+01:00,3.706493,0.021971,45.515240,0,4854.204000000,4854.204000000,trusted_fallback,0.000000,-0.11999999999962548,-6.6125490499890915e-15,-16.194931792786758,-0.11999999999962548,-6.6125490499890915e-15,-16.194931792786758,0.0,0.0,0.0,-1.2643348830148717,7.85295819948767e-06,150.0,-1.2643348830148717,7.85295819948767e-06,150.0,0.0,0.0,0.0,2.1749000000003664,2.0235549347269455e-13,-9.788199229729543,2.1749000000003664,2.0235549347269455e-13,-9.788199229729543,0.0,0.0,0.0,-2.492288072403545,-3.8568273266023634e-05,-28.0,-2.492288072403545,-3.8568273266023634e-05,-28.0,0.0,0.0,0.0,-1.5708000000099354,-1.0909502468070542e-13,8.658081435008002,-1.5708000000099354,-1.0909502468070542e-13,8.658081435008002,0.0,0.0,0.0,1.5686085620130042e-10,7.449986808016895e-15,-11.25916000163602,1.5686085620130042e-10,7.449986808016895e-15,-11.25916000163602,0.0,0.0,0.0,robotiq_85_left_knuckle_joint,-2.7566730013226076e-11,4.912736883966318e-15,,robotiq_85_left_knuckle_joint,-2.7566730013226076e-11,4.912736883966318e-15,,0.0,0.0,
sentinel_joint_telemetry_v2,20260731_120941,20260731_120941:1,1,176,short_cube_pick_place,attack,mitm_trajectory_manipulation,joint_offset,medium,shoulder_pan_joint,cube,cube_transport,0.1,rad,,0,,,,cube_grasp,2026-07-31T12:09:48.734+01:00,3.726522,0.020029,49.928664,0,4854.224000000,4854.224000000,trusted_fallback,0.000000,-0.1199999999996255,-5.627442956068762e-15,-16.19455397322973,-0.1199999999996255,-5.627442956068762e-15,-16.19455397322973,0.0,0.0,0.0,-1.2643347259563271,7.852927400846255e-06,150.0,-1.2643347259563271,7.852927400846255e-06,150.0,0.0,0.0,0.0,2.1749000000003664,2.024179435178297e-13,-9.788333437390762,2.1749000000003664,2.024179435178297e-13,-9.788333437390762,0.0,0.0,0.0,-2.4922888437461537,-3.856624343268403e-05,-28.0,-2.4922888437461537,-3.856624343268403e-05,-28.0,0.0,0.0,0.0,-1.5708000000099371,-1.1748501477226725e-13,8.659395823939434,-1.5708000000099371,-1.1748501477226725e-13,8.659395823939434,0.0,0.0,0.0,1.568607466270584e-10,-9.744809126299714e-16,-11.259152083840585,1.568607466270584e-10,-9.744809126299714e-16,-11.259152083840585,0.0,0.0,0.0,robotiq_85_left_knuckle_joint,-2.7568055265633893e-11,-1.7218171333155396e-13,,robotiq_85_left_knuckle_joint,-2.7568055265633893e-11,-1.7218171333155396e-13,,0.0,0.0,
sentinel_joint_telemetry_v2,20260731_120941,20260731_120941:1,1,177,short_cube_pick_place,attack,mitm_trajectory_manipulation,joint_offset,medium,shoulder_pan_joint,cube,cube_transport,0.1,rad,,0,,,,cube_grasp,2026-07-31T12:09:48.754+01:00,3.746529,0.020007,49.981444,0,4854.244000000,4854.244000000,trusted_fallback,0.000000,-0.1199999999996255,-6.106877156741852e-15,-16.194179212093108,-0.1199999999996255,-6.106877156741852e-15,-16.194179212093108,0.0,0.0,0.0,-1.2643345688984873,7.852888184870302e-06,150.0,-1.2643345688984873,7.852888184870302e-06,150.0,0.0,0.0,0.0,2.1749000000003664,2.029418300075747e-13,-9.788467747487573,2.1749000000003664,2.029418300075747e-13,-9.788467747487573,0.0,0.0,0.0,-2.492289615048275,-3.856422396124326e-05,-28.0,-2.492289615048275,-3.856422396124326e-05,-28.0,0.0,0.0,0.0,-1.5708000000099385,-1.0314405579636698e-13,8.660699627088944,-1.5708000000099385,-1.0314405579636698e-13,8.660699627088944,0.0,0.0,0.0,1.5686065234201848e-10,-1.5983308426781306e-15,-11.259144317015489,1.5686065234201848e-10,-1.5983308426781306e-15,-11.259144317015489,0.0,0.0,0.0,robotiq_85_left_knuckle_joint,-2.756915618360179e-11,-5.1361692676721304e-14,,robotiq_85_left_knuckle_joint,-2.756915618360179e-11,-5.1361692676721304e-14,,0.0,0.0,
sentinel_joint_telemetry_v2,20260731_120941,20260731_120941:1,1,178,short_cube_pick_place,attack,mitm_trajectory_manipulation,joint_offset,medium,shoulder_pan_joint,cube,cube_transport,0.1,rad,,0,,,,cube_grasp,2026-07-31T12:09:48.774+01:00,3.766625,0.020095,49.762697,0,4854.264000000,4854.264000000,trusted_fallback,0.000000,-0.1199999999996255,-6.566145197006712e-15,-16.19380729574095,-0.1199999999996255,-6.566145197006712e-15,-16.19380729574095,0.0,0.0,0.0,-1.2643344118415172,7.852840808791547e-06,150.0,-1.2643344118415172,7.852840808791547e-06,150.0,0.0,0.0,0.0,2.1749000000003664,2.0312571069602825e-13,-9.788602157052576,2.1749000000003664,2.0312571069602825e-13,-9.788602157052576,0.0,0.0,0.0,-2.4922903863101147,-3.856221458032119e-05,-28.0,-2.4922903863101147,-3.856221458032119e-05,-28.0,0.0,0.0,0.0,-1.57080000000994,-9.930944955272025e-14,8.66199320805809,-1.57080000000994,-9.930944955272025e-14,8.66199320805809,0.0,0.0,0.0,1.5686052537175257e-10,-5.482376705390202e-15,-11.259136694487115,1.5686052537175257e-10,-5.482376705390202e-15,-11.259136694487115,0.0,0.0,0.0,robotiq_85_left_knuckle_joint,-2.7570307408550496e-11,-2.4272250875867485e-14,,robotiq_85_left_knuckle_joint,-2.7570307408550496e-11,-2.4272250875867485e-14,,0.0,0.0,
sentinel_joint_telemetry_v2,20260731_120941,20260731_120941:1,1,179,short_cube_pick_place,attack,mitm_trajectory_manipulation,joint_offset,medium,shoulder_pan_joint,cube,cube_transport,0.1,rad,,0,,,,cube_grasp,2026-07-31T12:09:48.796+01:00,3.788617,0.021992,45.470535,0,4854.286000000,4854.286000000,trusted_fallback,0.000000,-0.11999999999962552,-6.231777247012182e-15,-16.19340149647862,-0.11999999999962552,-6.231777247012182e-15,-16.19340149647862,0.0,0.0,0.0,-1.2643342390800478,7.852779530428955e-06,150.0,-1.2643342390800478,7.852779530428955e-06,150.0,0.0,0.0,0.0,2.1749000000003664,2.0331999972533765e-13,-9.788750118836298,2.1749000000003664,2.0331999972533765e-13,-9.788750118836298,0.0,0.0,0.0,-2.4922912346518467,-3.856001556688804e-05,-28.0,-2.4922912346518467,-3.856001556688804e-05,-28.0,0.0,0.0,0.0,-1.5708000000099416,-1.1467302801770884e-13,8.66340462155465,-1.5708000000099416,-1.1467302801770884e-13,8.66340462155465,0.0,0.0,0.0,1.5686042876044854e-10,-2.38372689642663e-15,-11.259128473630614,1.5686042876044854e-10,-2.38372689642663e-15,-11.259128473630614,0.0,0.0,0.0,robotiq_85_left_knuckle_joint,-2.7571539145485164e-11,-1.2420620087993939e-15,,robotiq_85_left_knuckle_joint,-2.7571539145485164e-11,-1.2420620087993939e-15,,0.0,0.0,
sentinel_joint_telemetry_v2,20260731_120941,20260731_120941:1,1,180,short_cube_pick_place,attack,mitm_trajectory_manipulation,joint_offset,medium,shoulder_pan_joint,cube,cube_transport,0.1,rad,,0,,,,cube_grasp,2026-07-31T12:09:48.818+01:00,3.810612,0.021995,45.464891,0,4854.308000000,4854.308000000,trusted_fallback,0.000000,-0.11999999999962552,-6.7823351102003215e-15,-16.192999072039104,-0.11999999999962552,-6.7823351102003215e-15,-16.192999072039104,0.0,0.0,0.0,-1.2643340663200344,7.852708922643711e-06,150.0,-1.2643340663200344,7.852708922643711e-06,150.0,0.0,0.0,0.0,2.1749000000003664,2.036461277388213e-13,-9.788898193417765,2.1749000000003664,2.036461277388213e-13,-9.788898193417765,0.0,0.0,0.0,-2.4922920829453346,-3.855782803241156e-05,-28.0,-2.4922920829453346,-3.855782803241156e-05,-28.0,0.0,0.0,0.0,-1.5708000000099434,-1.1679112538187653e-13,8.664804319594376,-1.5708000000099434,-1.1679112538187653e-13,8.664804319594376,0.0,0.0,0.0,1.5686031936856927e-10,1.4632392519864368e-15,-11.25912041935769,1.5686031936856927e-10,1.4632392519864368e-15,-11.25912041935769,0.0,0.0,0.0,robotiq_85_left_knuckle_joint,-2.757279716001105e-11,5.218048215738236e-14,,robotiq_85_left_knuckle_joint,-2.757279716001105e-11,5.218048215738236e-14,,0.0,0.0,
sentinel_joint_telemetry_v2,20260731_120941,20260731_120941:1,1,181,short_cube_pick_place,attack,mitm_trajectory_manipulation,joint_offset,medium,shoulder_pan_joint,cube,cube_transport,0.1,rad,,0,,,,cube_grasp,2026-07-31T12:09:48.840+01:00,3.832506,0.021894,45.674293,0,4854.330000000,4854.330000000,trusted_fallback,0.000000,-0.11999999999962555,-5.831923485799528e-15,-16.19259978539529,-0.11999999999962555,-5.831923485799528e-15,-16.19259978539529,0.0,0.0,0.0,-1.2643338935616788,7.852629311183926e-06,150.0,-1.2643338935616788,7.852629311183926e-06,150.0,0.0,0.0,0.0,2.1749000000003664,2.0385776400289046e-13,-9.78904637716586,2.1749000000003664,2.0385776400289046e-13,-9.78904637716586,0.0,0.0,0.0,-2.492292931190825,-3.8555651648949224e-05,-28.0,-2.492292931190825,-3.8555651648949224e-05,-28.0,0.0,0.0,0.0,-1.5708000000099447,-1.0879144807240948e-13,8.666192730991563,-1.5708000000099447,-1.0879144807240948e-13,8.666192730991563,0.0,0.0,0.0,1.5686021066797732e-10,-4.041472018156966e-15,-11.259112524340225,1.5686021066797732e-10,-4.041472018156966e-15,-11.259112524340225,0.0,0.0,0.0,robotiq_85_left_knuckle_joint,-2.757407368750587e-11,-3.1710745140856034e-15,,robotiq_85_left_knuckle_joint,-2.757407368750587e-11,-3.1710745140856034e-15,,0.0,0.0,
sentinel_joint_telemetry_v2,20260731_120941,20260731_120941:1,1,182,short_cube_pick_place,attack,mitm_trajectory_manipulation,joint_offset,medium,shoulder_pan_joint,cube,cube_transport,0.1,rad,,0,,,,cube_grasp,2026-07-31T12:09:48.860+01:00,3.852573,0.020067,49.833717,0,4854.350000000,4854.350000000,trusted_fallback,0.000000,-0.11999999999962555,-6.306370356479185e-15,-16.192239559554476,-0.11999999999962555,-6.306370356479185e-15,-16.192239559554476,0.0,0.0,0.0,-1.2643337365102305,7.852549337057646e-06,150.0,-1.2643337365102305,7.852549337057646e-06,150.0,0.0,0.0,0.0,2.1749000000003664,2.0417868784594617e-13,-9.789181181310752,2.1749000000003664,2.0417868784594617e-13,-9.789181181310752,0.0,0.0,0.0,-2.492293702281642,-3.8553682493183694e-05,-28.0,-2.492293702281642,-3.8553682493183694e-05,-28.0,0.0,0.0,0.0,-1.5708000000099465,-1.1253237924835346e-13,8.667445358704292,-1.5708000000099465,-1.1253237924835346e-13,8.667445358704292,0.0,0.0,0.0,1.5686011954230265e-10,-2.6081567461311295e-15,-11.259105483127284,1.5686011954230265e-10,-2.6081567461311295e-15,-11.259105483127284,0.0,0.0,0.0,robotiq_85_left_knuckle_joint,-2.7575290575207586e-11,-7.488454301096681e-14,,robotiq_85_left_knuckle_joint,-2.7575290575207586e-11,-7.488454301096681e-14,,0.0,0.0,
sentinel_joint_telemetry_v2,20260731_120941,20260731_120941:1,1,183,short_cube_pick_place,attack,mitm_trajectory_manipulation,joint_offset,medium,shoulder_pan_joint,cube,cube_transport,0.1,rad,,0,,,,cube_grasp,2026-07-31T12:09:48.882+01:00,3.874485,0.021912,45.636357,0,4854.372000000,4854.372000000,trusted_fallback,0.000000,-0.11999999999962555,-6.728775522879538e-15,-16.19184621353774,-0.11999999999962555,-6.728775522879538e-15,-16.19184621353774,0.0,0.0,0.0,-1.2643335637555762,7.852453265863243e-06,150.0,-1.2643335637555762,7.852453265863243e-06,150.0,0.0,0.0,0.0,2.1749000000003664,2.0474941186954254e-13,-9.789329563472778,2.1749000000003664,2.0474941186954254e-13,-9.789329563472778,0.0,0.0,0.0,-2.4922945504361653,-3.855152642733353e-05,-28.0,-2.4922945504361653,-3.855152642733353e-05,-28.0,0.0,0.0,0.0,-1.570800000009948,-1.1328958604561734e-13,8.668813065945196,-1.570800000009948,-1.1328958604561734e-13,8.668813065945196,0.0,0.0,0.0,1.5685998782670065e-10,-3.767602549387128e-15,-11.259097882086365,1.5685998782670065e-10,-3.767602549387128e-15,-11.259097882086365,0.0,0.0,0.0,robotiq_85_left_knuckle_joint,-2.7576567935369674e-11,-8.450184996178223e-14,,robotiq_85_left_knuckle_joint,-2.7576567935369674e-11,-8.450184996178223e-14,,0.0,0.0,
sentinel_joint_telemetry_v2,20260731_120941,20260731_120941:1,1,184,short_cube_pick_place,attack,mitm_trajectory_manipulation,joint_offset,medium,shoulder_pan_joint,cube,cube_transport,0.1,rad,,0,,,,cube_grasp,2026-07-31T12:09:48.902+01:00,3.894526,0.020041,49.898721,0,4854.392000000,4854.392000000,trusted_fallback,0.000000,-0.11999999999962557,-5.754294610249566e-15,-16.191491164155547,-0.11999999999962557,-5.754294610249566e-15,-16.191491164155547,0.0,0.0,0.0,-1.264333406707802,7.852358778908525e-06,150.0,-1.264333406707802,7.852358778908525e-06,150.0,0.0,0.0,0.0,2.1749000000003664,2.0487778140676483e-13,-9.789464542299669,2.1749000000003664,2.0487778140676483e-13,-9.789464542299669,0.0,0.0,0.0,-2.4922953214446677,-3.854957519865143e-05,-28.0,-2.4922953214446677,-3.854957519865143e-05,-28.0,0.0,0.0,0.0,-1.5708000000099491,-1.0677396466984845e-13,8.670047461746687,-1.5708000000099491,-1.0677396466984845e-13,8.670047461746687,0.0,0.0,0.0,1.568598839714083e-10,-4.120401936313911e-15,-11.259091099087733,1.568598839714083e-10,-4.120401936313911e-15,-11.259091099087733,0.0,0.0,0.0,robotiq_85_left_knuckle_joint,-2.7577528458697216e-11,4.638650574761982e-14,,robotiq_85_left_knuckle_joint,-2.7577528458697216e-11,4.638650574761982e-14,,0.0,0.0,
sentinel_joint_telemetry_v2,20260731_120941,20260731_120941:1,1,185,short_cube_pick_place,attack,mitm_trajectory_manipulation,joint_offset,medium,shoulder_pan_joint,cube,cube_transport,0.1,rad,,0,,,,cube_grasp,2026-07-31T12:09:48.922+01:00,3.914561,0.020035,49.912341,0,4854.412000000,4854.412000000,trusted_fallback,0.000000,-0.11999999999962557,-6.174748212739445e-15,-16.191138469702494,-0.11999999999962557,-6.174748212739445e-15,-16.191138469702494,0.0,0.0,0.0,-1.2643332496619872,7.85225768443372e-06,150.0,-1.2643332496619872,7.85225768443372e-06,150.0,0.0,0.0,0.0,2.1749000000003664,2.050963565647379e-13,-9.789599600458951,2.1749000000003664,2.050963565647379e-13,-9.789599600458951,0.0,0.0,0.0,-2.4922960924142323,-3.854763213970158e-05,-28.0,-2.4922960924142323,-3.854763213970158e-05,-28.0,0.0,0.0,0.0,-1.5708000000099507,-9.970583386698095e-14,8.671273551981212,-1.5708000000099507,-9.970583386698095e-14,8.671273551981212,0.0,0.0,0.0,1.568598161363478e-10,-4.112161999803021e-15,-11.259084433603295,1.568598161363478e-10,-4.112161999803021e-15,-11.259084433603295,0.0,0.0,0.0,robotiq_85_left_knuckle_joint,-2.7578684499238286e-11,-6.133288321663599e-14,,robotiq_85_left_knuckle_joint,-2.7578684499238286e-11,-6.133288321663599e-14,,0.0,0.0,
sentinel_joint_telemetry_v2,20260731_120941,20260731_120941:1,1,186,short_cube_pick_place,attack,mitm_trajectory_manipulation,joint_offset,medium,shoulder_pan_joint,cube,cube_transport,0.1,rad,,0,,,,cube_grasp,2026-07-31T12:09:48.944+01:00,3.936634,0.022073,45.303820,0,4854.434000000,4854.434000000,trusted_fallback,0.000000,-0.11999999999962557,-6.606260677388676e-15,-16.19075319056495,-0.11999999999962557,-6.606260677388676e-15,-16.19075319056495,0.0,0.0,0.0,-1.2643330769140086,7.852139064051106e-06,150.0,-1.2643330769140086,7.852139064051106e-06,150.0,0.0,0.0,0.0,2.1749000000003664,2.0529584976447524e-13,-9.789748253137418,2.1749000000003664,2.0529584976447524e-13,-9.789748253137418,0.0,0.0,0.0,-2.49229694043597,-3.854550394136874e-05,-28.0,-2.49229694043597,-3.854550394136874e-05,-28.0,0.0,0.0,0.0,-1.5708000000099522,-9.829723840448779e-14,8.672612915243066,-1.5708000000099522,-9.829723840448779e-14,8.672612915243066,0.0,0.0,0.0,1.568596929228425e-10,-3.8506524357995175e-15,-11.259077233980133,1.568596929228425e-10,-3.8506524357995175e-15,-11.259077233980133,0.0,0.0,0.0,robotiq_85_left_knuckle_joint,-2.7579886398929178e-11,3.7962688548276446e-14,,robotiq_85_left_knuckle_joint,-2.7579886398929178e-11,3.7962688548276446e-14,,0.0,0.0,
sentinel_joint_telemetry_v2,20260731_120941,20260731_120941:1,1,187,short_cube_pick_place,attack,mitm_trajectory_manipulation,joint_offset,medium,shoulder_pan_joint,cube,cube_transport,0.1,rad,,0,,,,cube_grasp,2026-07-31T12:09:48.966+01:00,3.958544,0.021910,45.641293,0,4854.456000000,4854.456000000,trusted_fallback,0.000000,-0.11999999999962559,-6.334125932094814e-15,-16.19037057781517,-0.11999999999962559,-6.334125932094814e-15,-16.19037057781517,0.0,0.0,0.0,-1.2643329041687275,7.852012927366675e-06,150.0,-1.2643329041687275,7.852012927366675e-06,150.0,0.0,0.0,0.0,2.1749000000003664,2.0583187931855207e-13,-9.789896995816129,2.1749000000003664,2.0583187931855207e-13,-9.789896995816129,0.0,0.0,0.0,-2.4922977884109954,-3.854338506400351e-05,-28.0,-2.4922977884109954,-3.854338506400351e-05,-28.0,0.0,0.0,0.0,-1.5708000000099536,-1.0911497400067915e-13,8.673942820595332,-1.5708000000099536,-1.0911497400067915e-13,8.673942820595332,0.0,0.0,0.0,1.5685958211434468e-10,4.832289082767893e-15,-11.259070167866739,1.5685958211434468e-10,4.832289082767893e-15,-11.259070167866739,0.0,0.0,0.0,robotiq_85_left_knuckle_joint,-2.7581087861469747e-11,-8.091444181346219e-14,,robotiq_85_left_knuckle_joint,-2.7581087861469747e-11,-8.091444181346219e-14,,0.0,0.0,
sentinel_joint_telemetry_v2,20260731_120941,20260731_120941:1,1,188,short_cube_pick_place,attack,mitm_trajectory_manipulation,joint_offset,medium,shoulder_pan_joint,cube,cube_transport,0.1,rad,,0,,,,cube_grasp,2026-07-31T12:09:48.988+01:00,3.980539,0.021995,45.464560,0,4854.478000000,4854.478000000,trusted_fallback,0.000000,-0.11999999999962559,-6.8293894844861924e-15,-16.189990605185873,-0.11999999999962559,-6.8293894844861924e-15,-16.189990605185873,0.0,0.0,0.0,-1.2643327314263055,7.851879465569506e-06,150.0,-1.2643327314263055,7.851879465569506e-06,150.0,0.0,0.0,0.0,2.1749000000003664,2.061129045216603e-13,-9.790045825344535,2.1749000000003664,2.061129045216603e-13,-9.790045825344535,0.0,0.0,0.0,-2.4922986363395103,-3.854127519393666e-05,-28.0,-2.4922986363395103,-3.854127519393666e-05,-28.0,0.0,0.0,0.0,-1.5708000000099551,-1.0628650737309897e-13,8.675263537832164,-1.5708000000099551,-1.0628650737309897e-13,8.675263537832164,0.0,0.0,0.0,1.5685951335337555e-10,-2.1352277584929524e-15,-11.25906323216932,1.5685951335337555e-10,-2.1352277584929524e-15,-11.25906323216932,0.0,0.0,0.0,robotiq_85_left_knuckle_joint,-2.758231327013318e-11,-4.066191827689636e-15,,robotiq_85_left_knuckle_joint,-2.758231327013318e-11,-4.066191827689636e-15,,0.0,0.0,
sentinel_joint_telemetry_v2,20260731_120941,20260731_120941:1,1,189,short_cube_pick_place,attack,mitm_trajectory_manipulation,joint_offset,medium,shoulder_pan_joint,cube,cube_transport,0.1,rad,,0,,,,cube_grasp,2026-07-31T12:09:49.008+01:00,4.000557,0.020017,49.956625,0,4854.498000000,4854.498000000,trusted_fallback,0.000000,-0.1199999999996256,-6.522777110107292e-15,-16.18964741642206,-0.1199999999996256,-6.522777110107292e-15,-16.18964741642206,0.0,0.0,0.0,-1.2643325743903548,7.851752020742245e-06,150.0,-1.2643325743903548,7.851752020742245e-06,150.0,0.0,0.0,0.0,2.1749000000003664,2.0627943797535409e-13,-9.790181197979404,2.1749000000003664,2.0627943797535409e-13,-9.790181197979404,0.0,0.0,0.0,-2.4922994071434177,-3.8539364749557575e-05,-28.0,-2.4922994071434177,-3.8539364749557575e-05,-28.0,0.0,0.0,0.0,-1.5708000000099565,-1.0872466121858437e-13,8.67645643378334,-1.5708000000099565,-1.0872466121858437e-13,8.67645643378334,0.0,0.0,0.0,1.5685940979493766e-10,-1.042503756931712e-14,-11.259057037014998,1.5685940979493766e-10,-1.042503756931712e-14,-11.259057037014998,0.0,0.0,0.0,robotiq_85_left_knuckle_joint,-2.7583298294695094e-11,5.412337245047638e-16,,robotiq_85_left_knuckle_joint,-2.7583298294695094e-11,5.412337245047638e-16,,0.0,0.0,
sentinel_joint_telemetry_v2,20260731_120941,20260731_120941:1,1,190,short_cube_pick_place,attack,mitm_trajectory_manipulation,joint_offset,medium,shoulder_pan_joint,cube,cube_transport,0.1,rad,,0,,,,cube_grasp,2026-07-31T12:09:49.028+01:00,4.020617,0.020061,49.849072,0,4854.518000000,4854.518000000,trusted_fallback,0.000000,-0.11999999999962561,-6.163472510145596e-15,-16.189306159953475,-0.11999999999962561,-6.163472510145596e-15,-16.189306159953475,0.0,0.0,0.0,-1.2643324173570125,7.851618887000367e-06,150.0,-1.2643324173570125,7.851618887000367e-06,150.0,0.0,0.0,0.0,2.1749000000003664,2.0640086861867246e-13,-9.79031663789016,2.1749000000003664,2.0640086861867246e-13,-9.79031663789016,0.0,0.0,0.0,-2.49230017790919,-3.853746131968899e-05,-28.0,-2.49230017790919,-3.853746131968899e-05,-28.0,0.0,0.0,0.0,-1.570800000009958,-9.885234991680036e-14,8.677642244168306,-1.570800000009958,-9.885234991680036e-14,8.677642244168306,0.0,0.0,0.0,1.5685929998520683e-10,-2.942524696125659e-15,-11.259050940826555,1.5685929998520683e-10,-2.942524696125659e-15,-11.259050940826555,0.0,0.0,0.0,robotiq_85_left_knuckle_joint,-2.7584472043293402e-11,-9.64714419460222e-14,,robotiq_85_left_knuckle_joint,-2.7584472043293402e-11,-9.64714419460222e-14,,0.0,0.0,
sentinel_joint_telemetry_v2,20260731_120941,20260731_120941:1,1,191,short_cube_pick_place,attack,mitm_trajectory_manipulation,joint_offset,medium,shoulder_pan_joint,cube,cube_transport,0.1,rad,,0,,,,cube_grasp,2026-07-31T12:09:49.051+01:00,4.042791,0.022174,45.098261,0,4854.540000000,4854.540000000,trusted_fallback,0.000000,-0.11999999999962561,-6.64854456211561e-15,-16.188933076077454,-0.11999999999962561,-6.64854456211561e-15,-16.188933076077454,0.0,0.0,0.0,-1.2643322446234835,7.851466080727523e-06,150.0,-1.2643322446234835,7.851466080727523e-06,150.0,0.0,0.0,0.0,2.1749000000003664,2.0664199518183324e-13,-9.79046569709362,2.1749000000003664,2.0664199518183324e-13,-9.79046569709362,0.0,0.0,0.0,-2.4923010257076577,-3.853537543997351e-05,-28.0,-2.4923010257076577,-3.853537543997351e-05,-28.0,0.0,0.0,0.0,-1.5708000000099593,-1.0757627427748773e-13,8.67893860982657,-1.5708000000099593,-1.0757627427748773e-13,8.67893860982657,0.0,0.0,0.0,1.5685925631831378e-10,-2.8106857119514217e-15,-11.25904434882253,1.5685925631831378e-10,-2.8106857119514217e-15,-11.25904434882253,0.0,0.0,0.0,robotiq_85_left_knuckle_joint,-2.7585581065889385e-11,-2.887273753415798e-14,,robotiq_85_left_knuckle_joint,-2.7585581065889385e-11,-2.887273753415798e-14,,0.0,0.0,
sentinel_joint_telemetry_v2,20260731_120941,20260731_120941:1,1,192,short_cube_pick_place,attack,mitm_trajectory_manipulation,joint_offset,medium,shoulder_pan_joint,cube,cube_transport,0.1,rad,,0,,,,cube_grasp,2026-07-31T12:09:49.072+01:00,4.064598,0.021807,45.857037,0,4854.562000000,4854.562000000,trusted_fallback,0.000000,-0.11999999999962564,-5.668208957754217e-15,-16.18856237778719,-0.11999999999962564,-5.668208957754217e-15,-16.18856237778719,0.0,0.0,0.0,-1.2643320718933908,7.851306789232598e-06,150.0,-1.2643320718933908,7.851306789232598e-06,150.0,0.0,0.0,0.0,2.1749000000003664,2.0707567605082744e-13,-9.790614832555082,2.1749000000003664,2.0707567605082744e-13,-9.790614832555082,0.0,0.0,0.0,-2.4923018734603306,-3.8533297566572394e-05,-28.0,-2.4923018734603306,-3.8533297566572394e-05,-28.0,0.0,0.0,0.0,-1.5708000000099611,-1.151179845892969e-13,8.680226794925305,-1.5708000000099611,-1.151179845892969e-13,8.680226794925305,0.0,0.0,0.0,1.5685913526237072e-10,-8.057356865043275e-15,-11.259037872937366,1.5685913526237072e-10,-8.057356865043275e-15,-11.259037872937366,0.0,0.0,0.0,robotiq_85_left_knuckle_joint,-2.758678121004011e-11,-7.72715225139109e-14,,robotiq_85_left_knuckle_joint,-2.758678121004011e-11,-7.72715225139109e-14,,0.0,0.0,
sentinel_joint_telemetry_v2,20260731_120941,20260731_120941:1,1,193,short_cube_pick_place,attack,mitm_trajectory_manipulation,joint_offset,medium,shoulder_pan_joint,cube,cube_transport,0.1,rad,,0,,,,cube_grasp,2026-07-31T12:09:49.094+01:00,4.086520,0.021922,45.616684,0,4854.584000000,4854.584000000,trusted_fallback,0.000000,-0.11999999999962564,-6.082591028078177e-15,-16.188193948299542,-0.11999999999962564,-6.082591028078177e-15,-16.188193948299542,0.0,0.0,0.0,-1.2643318991668748,7.851141234058862e-06,150.0,-1.2643318991668748,7.851141234058862e-06,150.0,0.0,0.0,0.0,2.1749000000003664,2.0720057614109777e-13,-9.790764041698797,2.1749000000003664,2.0720057614109777e-13,-9.790764041698797,0.0,0.0,0.0,-2.492302721167379,-3.853122746179383e-05,-28.0,-2.492302721167379,-3.853122746179383e-05,-28.0,0.0,0.0,0.0,-1.5708000000099624,-9.976481446516416e-14,8.68150707480509,-1.5708000000099624,-9.976481446516416e-14,8.68150707480509,0.0,0.0,0.0,1.5685908090849691e-10,-3.0312124338349733e-15,-11.25903150887748,1.5685908090849691e-10,-3.0312124338349733e-15,-11.25903150887748,0.0,0.0,0.0,robotiq_85_left_knuckle_joint,-2.7587931373338046e-11,-5.372091660404976e-14,,robotiq_85_left_knuckle_joint,-2.7587931373338046e-11,-5.372091660404976e-14,,0.0,0.0,
sentinel_joint_telemetry_v2,20260731_120941,20260731_120941:1,1,194,short_cube_pick_place,attack,mitm_trajectory_manipulation,joint_offset,medium,shoulder_pan_joint,cube,cube_transport,0.1,rad,,0,,,,cube_grasp,2026-07-31T12:09:49.114+01:00,4.106548,0.020028,49.929512,0,4854.604000000,4854.604000000,trusted_fallback,0.000000,-0.11999999999962564,-6.51692241837587e-15,-16.187860778615622,-0.11999999999962564,-6.51692241837587e-15,-16.187860778615622,0.0,0.0,0.0,-1.2643317421459874,7.85098546083815e-06,150.0,-1.2643317421459874,7.85098546083815e-06,150.0,0.0,0.0,0.0,2.1749000000003664,2.07483336067682e-13,-9.79089974821716,2.1749000000003664,2.07483336067682e-13,-9.79089974821716,0.0,0.0,0.0,-2.492303491770702,-3.852935208598779e-05,-28.0,-2.492303491770702,-3.852935208598779e-05,-28.0,0.0,0.0,0.0,-1.5708000000099638,-9.883066587335065e-14,8.682664390391897,-1.5708000000099638,-9.883066587335065e-14,8.682664390391897,0.0,0.0,0.0,1.568590030480358e-10,-3.3243807012750537e-15,-11.259025814725783,1.568590030480358e-10,-3.3243807012750537e-15,-11.259025814725783,0.0,0.0,0.0,robotiq_85_left_knuckle_joint,-2.7589022583793373e-11,-7.098488463697095e-14,,robotiq_85_left_knuckle_joint,-2.7589022583793373e-11,-7.098488463697095e-14,,0.0,0.0,
sentinel_joint_telemetry_v2,20260731_120941,20260731_120941:1,1,195,short_cube_pick_place,attack,mitm_trajectory_manipulation,joint_offset,medium,shoulder_pan_joint,cube,cube_transport,0.1,rad,,0,,,,cube_grasp,2026-07-31T12:09:49.134+01:00,4.126600,0.020052,49.871322,0,4854.624000000,4854.624000000,trusted_fallback,0.000000,-0.11999999999962564,-6.883816433544965e-15,-16.187529424532435,-0.11999999999962564,-6.883816433544965e-15,-16.187529424532435,0.0,0.0,0.0,-1.2643315851282668,7.850824820843788e-06,150.0,-1.2643315851282668,7.850824820843788e-06,150.0,0.0,0.0,0.0,2.1749000000003664,2.0782160714549747e-13,-9.791035511779212,2.1749000000003664,2.0782160714549747e-13,-9.791035511779212,0.0,0.0,0.0,-2.4923042623365825,-3.8527482771496396e-05,-28.0,-2.4923042623365825,-3.8527482771496396e-05,-28.0,0.0,0.0,0.0,-1.570800000009965,-1.1001095867602118e-13,8.683815520859527,-1.570800000009965,-1.1001095867602118e-13,8.683815520859527,0.0,0.0,0.0,1.568588948277454e-10,-2.4216739724636227e-15,-11.259020208630968,1.568588948277454e-10,-2.4216739724636227e-15,-11.259020208630968,0.0,0.0,0.0,robotiq_85_left_knuckle_joint,-2.7590021604104294e-11,-1.2714135300129215e-13,,robotiq_85_left_knuckle_joint,-2.7590021604104294e-11,-1.2714135300129215e-13,,0.0,0.0,
sentinel_joint_telemetry_v2,20260731_120941,20260731_120941:1,1,196,short_cube_pick_place,attack,mitm_trajectory_manipulation,joint_offset,medium,shoulder_pan_joint,cube,cube_transport,0.1,rad,,0,,,,cube_grasp,2026-07-31T12:09:49.156+01:00,4.148503,0.021903,45.655171,0,4854.646000000,4854.646000000,trusted_fallback,0.000000,-0.11999999999962567,-5.895674573541676e-15,-16.18716685815774,-0.11999999999962567,-5.895674573541676e-15,-16.18716685815774,0.0,0.0,0.0,-1.264331412412547,7.850642624970816e-06,150.0,-1.264331412412547,7.850642624970816e-06,150.0,0.0,0.0,0.0,2.1749000000003664,2.0807834621994203e-13,-9.791184915350316,2.1749000000003664,2.0807834621994203e-13,-9.791184915350316,0.0,0.0,0.0,-2.4923051099159443,-3.852543328599495e-05,-28.0,-2.4923051099159443,-3.852543328599495e-05,-28.0,0.0,0.0,0.0,-1.5708000000099664,-1.0447198661722723e-13,8.685074898663228,-1.5708000000099664,-1.0447198661722723e-13,8.685074898663228,0.0,0.0,0.0,1.5685883509818036e-10,7.15421645536285e-15,-11.259014138150212,1.5685883509818036e-10,7.15421645536285e-15,-11.259014138150212,0.0,0.0,0.0,robotiq_85_left_knuckle_joint,-2.759115731368622e-11,3.1953606427492787e-14,,robotiq_85_left_knuckle_joint,-2.759115731368622e-11,3.1953606427492787e-14,,0.0,0.0,
sentinel_joint_telemetry_v2,20260731_120941,20260731_120941:1,1,197,short_cube_pick_place,attack,mitm_trajectory_manipulation,joint_offset,medium,shoulder_pan_joint,cube,cube_transport,0.1,rad,,0,,,,cube_grasp,2026-07-31T12:09:49.176+01:00,4.168511,0.020008,49.979946,0,4854.666000000,4854.666000000,trusted_fallback,0.000000,-0.11999999999962567,-6.349738443378605e-15,-16.186839048671917,-0.11999999999962567,-6.349738443378605e-15,-16.186839048671917,0.0,0.0,0.0,-1.2643312554017863,7.850472178556889e-06,150.0,-1.2643312554017863,7.850472178556889e-06,150.0,0.0,0.0,0.0,2.1749000000003664,2.080280392391387e-13,-9.791320792904337,2.1749000000003664,2.080280392391387e-13,-9.791320792904337,0.0,0.0,0.0,-2.4923058804035776,-3.8523576123234565e-05,-28.0,-2.4923058804035776,-3.8523576123234565e-05,-28.0,0.0,0.0,0.0,-1.570800000009968,-1.1429746038515987e-13,8.686213662408074,-1.570800000009968,-1.1429746038515987e-13,8.686213662408074,0.0,0.0,0.0,1.5685872545585044e-10,-4.761382260687341e-15,-11.259008706456692,1.5685872545585044e-10,-4.761382260687341e-15,-11.259008706456692,0.0,0.0,0.0,robotiq_85_left_knuckle_joint,-2.7592221511027586e-11,-4.653916141350578e-14,,robotiq_85_left_knuckle_joint,-2.7592221511027586e-11,-4.653916141350578e-14,,0.0,0.0,
sentinel_joint_telemetry_v2,20260731_120941,20260731_120941:1,1,198,short_cube_pick_place,attack,mitm_trajectory_manipulation,joint_offset,medium,shoulder_pan_joint,cube,cube_transport,0.1,rad,,0,,,,cube_grasp,2026-07-31T12:09:49.196+01:00,4.188524,0.020013,49.968635,0,4854.686000000,4854.686000000,trusted_fallback,0.000000,-0.11999999999962567,-6.623824752582941e-15,-16.186512782459776,-0.11999999999962567,-6.623824752582941e-15,-16.186512782459776,0.0,0.0,0.0,-1.2643310983944818,7.850297284809835e-06,150.0,-1.2643310983944818,7.850297284809835e-06,150.0,0.0,0.0,0.0,2.1749000000003664,2.087097855651976e-13,-9.791456722107997,2.1749000000003664,2.087097855651976e-13,-9.791456722107997,0.0,0.0,0.0,-2.4923066508541254,-3.8521724509896216e-05,-28.0,-2.4923066508541254,-3.8521724509896216e-05,-28.0,0.0,0.0,0.0,-1.570800000009969,-1.1321412557441235e-13,8.687346833229983,-1.570800000009969,-1.1321412557441235e-13,8.687346833229983,0.0,0.0,0.0,1.568586658553054e-10,-4.676380810364478e-15,-11.259003353006873,1.568586658553054e-10,-4.676380810364478e-15,-11.259003353006873,0.0,0.0,0.0,robotiq_85_left_knuckle_joint,-2.7593214376539613e-11,-7.634171073078733e-14,,robotiq_85_left_knuckle_joint,-2.7593214376539613e-11,-7.634171073078733e-14,,0.0,0.0,
sentinel_joint_telemetry_v2,20260731_120941,20260731_120941:1,1,199,short_cube_pick_place,attack,mitm_trajectory_manipulation,joint_offset,medium,shoulder_pan_joint,cube,cube_transport,0.1,rad,,0,,,,cube_grasp,2026-07-31T12:09:49.216+01:00,4.208562,0.020038,49.904695,0,4854.706000000,4854.706000000,trusted_fallback,0.000000,-0.11999999999962568,-6.395708615491991e-15,-16.186188109442078,-0.11999999999962568,-6.395708615491991e-15,-16.186188109442078,0.0,0.0,0.0,-1.264330941390721,7.850118039040566e-06,150.0,-1.264330941390721,7.850118039040566e-06,150.0,0.0,0.0,0.0,2.1749000000003664,2.0882948148504e-13,-9.791592701346136,2.1749000000003664,2.0882948148504e-13,-9.791592701346136,0.0,0.0,0.0,-2.492307421267698,-3.8519878270072e-05,-28.0,-2.492307421267698,-3.8519878270072e-05,-28.0,0.0,0.0,0.0,-1.5708000000099704,-9.902235281744609e-14,8.688474514474079,-1.5708000000099704,-9.902235281744609e-14,8.688474514474079,0.0,0.0,0.0,1.5685857227261179e-10,-7.5842110369706e-15,-11.258998077190586,1.5685857227261179e-10,-7.5842110369706e-15,-11.258998077190586,0.0,0.0,0.0,robotiq_85_left_knuckle_joint,-2.759424247775488e-11,-7.350370312408927e-14,,robotiq_85_left_knuckle_joint,-2.759424247775488e-11,-7.350370312408927e-14,,0.0,0.0,
sentinel_joint_telemetry_v2,20260731_120941,20260731_120941:1,1,200,short_cube_pick_place,attack,mitm_trajectory_manipulation,joint_offset,medium,shoulder_pan_joint,cube,cube_transport,0.1,rad,,0,,,,cube_lift,2026-07-31T12:09:49.237+01:00,4.228956,0.020394,49.034068,0,4854.726000000,4854.726000000,trusted_fallback,0.000000,-0.11999999999962568,-6.753061651543213e-15,-16.18586500489327,-0.11999999999962568,-6.753061651543213e-15,-16.18586500489327,0.0,0.0,0.0,-1.26433078439059,7.849934561404703e-06,150.0,-1.26433078439059,7.849934561404703e-06,150.0,0.0,0.0,0.0,2.1749000000003664,2.0891274821188688e-13,-9.791728728992005,2.1749000000003664,2.0891274821188688e-13,-9.791728728992005,0.0,0.0,0.0,-2.4923081916444003,-3.851803725426692e-05,-28.0,-2.4923081916444003,-3.851803725426692e-05,-28.0,0.0,0.0,0.0,-1.5708000000099716,-1.0780699249979264e-13,8.68959685249532,-1.5708000000099716,-1.0780699249979264e-13,8.68959685249532,0.0,0.0,0.0,1.5685851452453466e-10,-2.53182891318815e-15,-11.25899287686455,1.5685851452453466e-10,-2.53182891318815e-15,-11.25899287686455,0.0,0.0,0.0,robotiq_85_left_knuckle_joint,-2.7595199871641268e-11,9.103134912535893e-14,,robotiq_85_left_knuckle_joint,-2.7595199871641268e-11,9.103134912535893e-14,,0.0,0.0,
sentinel_joint_telemetry_v2,20260731_120941,20260731_120941:1,1,201,short_cube_pick_place,attack,mitm_trajectory_manipulation,joint_offset,medium,shoulder_pan_joint,cube,cube_transport,0.1,rad,,0,,,,cube_lift,2026-07-31T12:09:49.258+01:00,4.250600,0.021644,46.202108,0,4854.748000000,4854.748000000,trusted_fallback,0.000000,-0.1199999999996257,-6.429102042404544e-15,-16.185511157745136,-0.1199999999996257,-6.429102042404544e-15,-16.185511157745136,0.0,0.0,0.0,-1.2643306116947364,7.849728049635213e-06,150.0,-1.2643306116947364,7.849728049635213e-06,150.0,0.0,0.0,0.0,2.1749000000003664,2.0931867350526545e-13,-9.7918784136378,2.1749000000003664,2.0931867350526545e-13,-9.7918784136378,0.0,0.0,0.0,-2.492309039016311,-3.8516018032098975e-05,-28.0,-2.492309039016311,-3.8516018032098975e-05,-28.0,0.0,0.0,0.0,-1.570800000009973,-1.0116994048070538e-13,8.690825527651006,-1.570800000009973,-1.0116994048070538e-13,8.690825527651006,0.0,0.0,0.0,1.5685841528013726e-10,-3.01126311386124e-15,-11.258987238297953,1.5685841528013726e-10,-3.01126311386124e-15,-11.258987238297953,0.0,0.0,0.0,robotiq_85_left_knuckle_joint,-2.7596366070723018e-11,-3.3688329903469594e-14,,robotiq_85_left_knuckle_joint,-2.7596366070723018e-11,-3.3688329903469594e-14,,0.0,0.0,
sentinel_joint_telemetry_v2,20260731_120941,20260731_120941:1,1,202,short_cube_pick_place,attack,mitm_trajectory_manipulation,joint_offset,medium,shoulder_pan_joint,cube,cube_transport,0.1,rad,,0,,,,cube_lift,2026-07-31T12:09:49.280+01:00,4.272263,0.021663,46.162012,0,4854.770000000,4854.770000000,trusted_fallback,0.000000,-0.11999999999955514,-4.863884251957162e-12,0.5598481294064659,-0.11999999999955514,-4.863884251957162e-12,0.5598481294064659,0.0,0.0,0.0,-1.2645286547915027,-0.027096179903737354,-29.784565748644987,-1.2645286547915027,-0.027096179903737354,-29.784565748644987,0.0,0.0,0.0,2.174726497880632,-0.027027659980117698,-16.185743910409006,2.174726497880632,-0.027027659980117698,-16.185743910409006,0.0,0.0,0.0,-2.4918902186191545,0.05907423255060591,-2.7329712771114245,-2.4918902186191545,0.05907423255060591,-2.7329712771114245,0.0,0.0,0.0,-1.570842023131156,0.0023346178307781015,0.3245113566411164,-1.570842023131156,0.0023346178307781015,0.3245113566411164,0.0,0.0,0.0,1.4923713741157474e-10,3.209794179580283e-10,-0.0007572547678703289,1.4923713741157474e-10,3.209794179580283e-10,-0.0007572547678703289,0.0,0.0,0.0,robotiq_85_left_knuckle_joint,0.003245044648907869,0.4999999997330328,,robotiq_85_left_knuckle_joint,0.003245044648907869,0.4999999997330328,,0.0,0.0,
sentinel_joint_telemetry_v2,20260731_120941,20260731_120941:1,1,203,short_cube_pick_place,attack,mitm_trajectory_manipulation,joint_offset,medium,shoulder_pan_joint,cube,cube_transport,0.1,rad,,0,,,,cube_lift,2026-07-31T12:09:49.300+01:00,4.292296,0.020033,49.916702,0,4854.790000000,4854.790000000,trusted_fallback,0.000000,-0.11999999999960946,-1.692616533044422e-12,0.0019927697136527638,-0.11999999999960946,-1.692616533044422e-12,0.0019927697136527638,0.0,0.0,0.0,-1.2654139639939257,-0.054119949909725865,-29.89635092622428,-1.2654139639939257,-0.054119949909725865,-29.89635092622428,0.0,0.0,0.0,2.173863401335964,-0.05241118527724061,-16.29562580487815,2.173863401335964,-0.05241118527724061,-16.29562580487815,0.0,0.0,0.0,-2.4899705981259226,0.11716406792468374,-2.7574143638932935,-2.4899705981259226,0.11716406792468374,-2.7574143638932935,0.0,0.0,0.0,-1.5708146525661264,0.0008140309181457819,7.915513512832164e-05,-1.5708146525661264,0.0008140309181457819,7.915513512832164e-05,0.0,0.0,0.0,1.513011582193586e-10,-1.8053631072739718e-11,6.242958552794436e-07,1.513011582193586e-10,-1.8053631072739718e-11,6.242958552794436e-07,0.0,0.0,0.0,robotiq_85_left_knuckle_joint,0.013245044651819644,0.500000000132411,,robotiq_85_left_knuckle_joint,0.013245044651819644,0.500000000132411,,0.0,0.0,
sentinel_joint_telemetry_v2,20260731_120941,20260731_120941:1,1,204,short_cube_pick_place,attack,mitm_trajectory_manipulation,joint_offset,medium,shoulder_pan_joint,cube,cube_transport,0.1,rad,,0,,,,cube_lift,2026-07-31T12:09:49.322+01:00,4.314321,0.022025,45.403726,0,4854.812000000,4854.812000000,trusted_fallback,0.000000,-0.11999999999963533,-8.226949937267802e-13,0.0027797581830619686,-0.11999999999963533,-8.226949937267802e-13,0.0027797581830619686,0.0,0.0,0.0,-1.2667441881201955,-0.06404698560482229,-29.886557497712595,-1.2667441881201955,-0.06404698560482229,-29.886557497712595,0.0,0.0,0.0,2.172579242348111,-0.061735685952648875,-16.339217971150063,2.172579242348111,-0.061735685952648875,-16.339217971150063,0.0,0.0,0.0,-2.487092938604009,0.13850305465191623,-2.7569099819306944,-2.487092938604009,0.13850305465191623,-2.7569099819306944,0.0,0.0,0.0,-1.5708045981369771,0.00025545153619606353,0.00010082810408953943,-1.5708045981369771,0.00025545153619606353,0.00010082810408953943,0.0,0.0,0.0,1.491863349477765e-10,-1.4020808429202058e-10,5.794145080763655e-07,1.491863349477765e-10,-1.4020808429202058e-10,5.794145080763655e-07,0.0,0.0,0.0,robotiq_85_left_knuckle_joint,0.024245044654799083,0.5000000001313059,,robotiq_85_left_knuckle_joint,0.024245044654799083,0.5000000001313059,,0.0,0.0,
sentinel_joint_telemetry_v2,20260731_120941,20260731_120941:1,1,205,short_cube_pick_place,attack,mitm_trajectory_manipulation,joint_offset,medium,shoulder_pan_joint,cube,cube_transport,0.1,rad,,0,,,,cube_lift,2026-07-31T12:09:49.342+01:00,4.334356,0.020035,49.912020,0,4854.832000000,4854.832000000,trusted_fallback,0.000000,-0.11999999999964898,-5.822204697525368e-13,0.0030435681526710546,-0.11999999999964898,-5.822204697525368e-13,0.0030435681526710546,0.0,0.0,0.0,-1.2680627007379945,-0.06700389920086039,-29.874891555542632,-1.2680627007379945,-0.06700389920086039,-29.874891555542632,0.0,0.0,0.0,2.1713092362623017,-0.06451312563035944,-16.383118740950884,2.1713092362623017,-0.06451312563035944,-16.383118740950884,0.0,0.0,0.0,-2.484242111433233,0.1448591857203816,-2.7563983696139176,-2.484242111433233,0.1448591857203816,-2.7563983696139176,0.0,0.0,0.0,-1.5708016032771992,8.907045127503309e-05,0.0001079608939984013,-1.5708016032771992,8.907045127503309e-05,0.0001079608939984013,0.0,0.0,0.0,1.4591982110320721e-10,-1.765939228615815e-10,5.526698742475511e-07,1.4591982110320721e-10,-1.765939228615815e-10,5.526698742475511e-07,0.0,0.0,0.0,robotiq_85_left_knuckle_joint,0.03424504465743789,0.5000000001302827,,robotiq_85_left_knuckle_joint,0.03424504465743789,0.5000000001302827,,0.0,0.0,
sentinel_joint_telemetry_v2,20260731_120941,20260731_120941:1,1,206,short_cube_pick_place,attack,mitm_trajectory_manipulation,joint_offset,medium,shoulder_pan_joint,cube,cube_transport,0.1,rad,,0,,,,cube_lift,2026-07-31T12:09:49.364+01:00,4.356316,0.021960,45.538017,0,4854.854000000,4854.854000000,trusted_fallback,0.000000,-0.11999999999966074,-5.00459916563667e-13,0.0031477234941790656,-0.11999999999966074,-5.00459916563667e-13,0.0031477234941790656,0.0,0.0,0.0,-1.2695520597949839,-0.06809010541147094,-29.860890595316036,-1.2695520597949839,-0.06809010541147094,-29.860890595316036,0.0,0.0,0.0,2.1698756012561726,-0.06553340306803088,-16.432883748481597,2.1698756012561726,-0.06553340306803088,-16.432883748481597,0.0,0.0,0.0,-2.481022378176664,0.14719407607826954,-2.755816240891676,-2.481022378176664,0.14719407607826954,-2.755816240891676,0.0,0.0,0.0,-1.5708005031314813,2.7951259966794637e-05,0.00011130557181587395,-1.5708005031314813,2.7951259966794637e-05,0.00011130557181587395,0.0,0.0,0.0,1.4184680848505734e-10,-1.8996018690334293e-10,5.292016679060036e-07,1.4184680848505734e-10,-1.8996018690334293e-10,5.292016679060036e-07,0.0,0.0,0.0,robotiq_85_left_knuckle_joint,0.04524504466029955,0.5000000001291409,,robotiq_85_left_knuckle_joint,0.04524504466029955,0.5000000001291409,,0.0,0.0,
sentinel_joint_telemetry_v2,20260731_120941,20260731_120941:1,1,207,short_cube_pick_place,attack,mitm_trajectory_manipulation,joint_offset,medium,shoulder_pan_joint,cube,cube_transport,0.1,rad,,0,,,,cube_lift,2026-07-31T12:09:49.386+01:00,4.378336,0.022021,45.411499,0,4854.875000000,4854.875000000,trusted_fallback,0.000000,-0.11999999999967145,-4.769121295794543e-13,0.0031850678611712816,-0.11999999999967145,-4.769121295794543e-13,0.0031850678611712816,0.0,0.0,0.0,-1.271054835029433,-0.06843096842986082,-29.846375735991337,-1.271054835029433,-0.06843096842986082,-29.846375735991337,0.0,0.0,0.0,2.1684293643858403,-0.06585357693889243,-16.48307704832077,2.1684293643858403,-0.06585357693889243,-16.48307704832077,0.0,0.0,0.0,-2.477773805733686,0.14792678941343812,-2.755227021630516,-2.477773805733686,0.14792678941343812,-2.755227021630516,0.0,0.0,0.0,-1.57080015789391,8.771410113891064e-06,0.00011309104061780773,-1.57080015789391,8.771410113891064e-06,0.00011309104061780773,0.0,0.0,0.0,1.3760870427438416e-10,-1.9415470164756143e-10,5.074648680382103e-07,1.3760870427438416e-10,-1.9415470164756143e-10,5.074648680382103e-07,0.0,0.0,0.0,robotiq_85_left_knuckle_joint,0.05624504466313004,0.5000000001279832,,robotiq_85_left_knuckle_joint,0.05624504466313004,0.5000000001279832,,0.0,0.0,
sentinel_joint_telemetry_v2,20260731_120941,20260731_120941:1,1,208,short_cube_pick_place,attack,mitm_trajectory_manipulation,joint_offset,medium,shoulder_pan_joint,cube,cube_transport,0.1,rad,,0,,,,cube_lift,2026-07-31T12:09:49.408+01:00,4.400318,0.021982,45.492027,0,4854.898000000,4854.898000000,trusted_fallback,0.000000,-0.1199999999996819,-4.686175492790712e-13,0.0032134765187029207,-0.1199999999996819,-4.686175492790712e-13,0.0032134765187029207,0.0,0.0,0.0,-1.2725594289268316,-0.0686707946177375,-29.831660087087176,-1.2725594289268316,-0.0686707946177375,-29.831660087087176,0.0,0.0,0.0,2.166981474194697,-0.06608189965358406,-16.53322295787379,2.166981474194697,-0.06608189965358406,-16.53322295787379,0.0,0.0,0.0,-2.474521352820409,0.14844392106536802,-2.754636051351399,-2.474521352820409,0.14844392106536802,-2.754636051351399,0.0,0.0,0.0,-1.5708000495545138,2.752570009736423e-06,0.00011437748998021918,-1.5708000495545138,2.752570009736423e-06,0.00011437748998021918,0.0,0.0,0.0,1.333256285059832e-10,-1.9585080193902649e-10,4.856118809770044e-07,1.333256285059832e-10,-1.9585080193902649e-10,4.856118809770044e-07,0.0,0.0,0.0,robotiq_85_left_knuckle_joint,0.06724504466593403,0.5000000001268102,,robotiq_85_left_knuckle_joint,0.06724504466593403,0.5000000001268102,,0.0,0.0,
sentinel_joint_telemetry_v2,20260731_120941,20260731_120941:1,1,209,short_cube_pick_place,attack,mitm_trajectory_manipulation,joint_offset,medium,shoulder_pan_joint,cube,cube_transport,0.1,rad,,0,,,,cube_lift,2026-07-31T12:09:49.430+01:00,4.422362,0.022044,45.364777,0,4854.920000000,4854.920000000,trusted_fallback,0.000000,-0.11999999999969226,-4.651780263070782e-13,0.003240257663360323,-0.11999999999969226,-4.651780263070782e-13,0.003240257663360323,0.0,0.0,0.0,-1.2740643765097328,-0.0688909716109983,-29.816783625980857,-1.2740643765097328,-0.0688909716109983,-29.816783625980857,0.0,0.0,0.0,2.1655332740185553,-0.06629300097942749,-16.583261712764937,2.1655332740185553,-0.06629300097942749,-16.583261712764937,0.0,0.0,0.0,-2.4712681513212655,0.1489194646135592,-2.7540440127721726,-2.4712681513212655,0.1489194646135592,-2.7540440127721726,0.0,0.0,0.0,-1.5708000155562758,8.637942516291283e-07,0.00011549766066126137,-1.5708000155562758,8.637942516291283e-07,0.00011549766066126137,0.0,0.0,0.0,1.2902906019521237e-10,-1.9679730913456372e-10,4.632291638255675e-07,1.2902906019521237e-10,-1.9679730913456372e-10,4.632291638255675e-07,0.0,0.0,0.0,robotiq_85_left_knuckle_joint,0.07824504466871186,0.5000000001256215,,robotiq_85_left_knuckle_joint,0.07824504466871186,0.5000000001256215,,0.0,0.0,
sentinel_joint_telemetry_v2,20260731_120941,20260731_120941:1,1,210,short_cube_pick_place,attack,mitm_trajectory_manipulation,joint_offset,medium,shoulder_pan_joint,cube,cube_transport,0.1,rad,,0,,,,cube_lift,2026-07-31T12:09:49.452+01:00,4.444267,0.021905,45.651878,0,4854.942000000,4854.942000000,trusted_fallback,0.000000,-0.11999999999970254,-4.665486746935343e-13,0.0032268884890534286,-0.11999999999970254,-4.665486746935343e-13,0.0032268884890534286,0.0,0.0,0.0,-1.2755770435703835,-0.06868228872930243,-29.801540403907186,-1.2755770435703835,-0.06868228872930243,-29.801540403907186,0.0,0.0,0.0,2.164077655043538,-0.06609194681222438,-16.633495969780306,2.164077655043538,-0.06609194681222438,-16.633495969780306,0.0,0.0,0.0,-2.467998267898339,0.14846823461835296,-2.753448071886106,-2.467998267898339,0.14846823461835296,-2.753448071886106,0.0,0.0,0.0,-1.5708000048870796,2.710763656668669e-07,0.00011655540058699607,-1.5708000048870796,2.710763656668669e-07,0.00011655540058699607,0.0,0.0,0.0,1.247065082594677e-10,-1.9630029329462118e-10,4.4086525225132403e-07,1.247065082594677e-10,-1.9630029329462118e-10,4.4086525225132403e-07,0.0,0.0,0.0,robotiq_85_left_knuckle_joint,0.08924504467146016,0.5000000001244164,,robotiq_85_left_knuckle_joint,0.08924504467146016,0.5000000001244164,,0.0,0.0,
sentinel_joint_telemetry_v2,20260731_120941,20260731_120941:1,1,211,short_cube_pick_place,attack,mitm_trajectory_manipulation,joint_offset,medium,shoulder_pan_joint,cube,cube_transport,0.1,rad,,0,,,,cube_lift,2026-07-31T12:09:49.472+01:00,4.464315,0.020048,49.879429,0,4854.962000000,4854.962000000,trusted_fallback,0.000000,-0.1199999999997119,-4.651598117105804e-13,0.0032266489955574407,-0.1199999999997119,-4.651598117105804e-13,0.0032266489955574407,0.0,0.0,0.0,-1.2769498994996953,-0.06862012946351033,-29.787614115895057,-1.2769498994996953,-0.06862012946351033,-29.787614115895057,0.0,0.0,0.0,2.1627565770785946,-0.06603205987127558,-16.678962455534638,2.1627565770785946,-0.06603205987127558,-16.678962455534638,0.0,0.0,0.0,-2.465030611069488,0.1483338291272061,-2.7529065583724317,-2.465030611069488,0.1483338291272061,-2.7529065583724317,0.0,0.0,0.0,-1.5708000017089343,9.452660189659956e-08,0.00011749148704238821,-1.5708000017089343,9.452660189659956e-08,0.00011749148704238821,0.0,0.0,0.0,1.207823837629845e-10,-1.9615223941643611e-10,4.1977320445191027e-07,1.207823837629845e-10,-1.9615223941643611e-10,4.1977320445191027e-07,0.0,0.0,0.0,robotiq_85_left_knuckle_joint,0.09924504467393638,0.5000000001233068,,robotiq_85_left_knuckle_joint,0.09924504467393638,0.5000000001233068,,0.0,0.0,
sentinel_joint_telemetry_v2,20260731_120941,20260731_120941:1,1,212,short_cube_pick_place,attack,mitm_trajectory_manipulation,joint_offset,medium,shoulder_pan_joint,cube,cube_transport,0.1,rad,,0,,,,cube_lift,2026-07-31T12:09:49.494+01:00,4.486245,0.021930,45.600500,0,4854.984000000,4854.984000000,trusted_fallback,0.000000,-0.1199999999997222,-4.658595557927026e-13,0.003230618881868829,-0.1199999999997222,-4.658595557927026e-13,0.003230618881868829,0.0,0.0,0.0,-1.2784592212781343,-0.06859729559357212,-29.77217206100906,-1.2784592212781343,-0.06859729559357212,-29.77217206100906,0.0,0.0,0.0,2.1613041810940006,-0.06601006072761448,-16.72882449559977,2.1613041810940006,-0.06601006072761448,-16.72882449559977,0.0,0.0,0.0,-2.4617679610701364,0.14828445599720583,-2.752310464711161,-2.4617679610701364,0.14828445599720583,-2.752310464711161,0.0,0.0,0.0,-1.5708000005412772,2.9672002353417493e-08,0.00011850284193443296,-1.5708000005412772,2.9672002353417493e-08,0.00011850284193443296,0.0,0.0,0.0,1.1646779924302943e-10,-1.9609785258285772e-10,3.958786378509361e-07,1.1646779924302943e-10,-1.9609785258285772e-10,3.958786378509361e-07,0.0,0.0,0.0,robotiq_85_left_knuckle_joint,0.1102450446766348,0.50000000012207,,robotiq_85_left_knuckle_joint,0.1102450446766348,0.50000000012207,,0.0,0.0,
sentinel_joint_telemetry_v2,20260731_120941,20260731_120941:1,1,213,short_cube_pick_place,attack,mitm_trajectory_manipulation,joint_offset,medium,shoulder_pan_joint,cube,cube_transport,0.1,rad,,0,,,,cube_lift,2026-07-31T12:09:49.514+01:00,4.506282,0.020037,49.906590,0,4855.004000000,4855.004000000,trusted_fallback,0.000000,-0.11999999999973156,-4.644780653845215e-13,0.0032355108058954984,-0.11999999999973156,-4.644780653845215e-13,0.0032355108058954984,0.0,0.0,0.0,-1.2798310807659337,-0.06859049418956337,-29.758007965163497,-1.2798310807659337,-0.06859049418956337,-29.758007965163497,0.0,0.0,0.0,2.1599840631441594,-0.06600350795903343,-16.774036263806238,2.1599840631441594,-0.06600350795903343,-16.774036263806238,0.0,0.0,0.0,-2.458802458822892,0.14826974948423222,-2.751767976953938,-2.458802458822892,0.14826974948423222,-2.751767976953938,0.0,0.0,0.0,-1.5708000001933053,1.0354088359268432e-08,0.00011940832867980911,-1.5708000001933053,1.0354088359268432e-08,0.00011940832867980911,0.0,0.0,0.0,1.1254604806857125e-10,-1.9608165134979427e-10,3.7357428748320023e-07,1.1254604806857125e-10,-1.9608165134979427e-10,3.7357428748320023e-07,0.0,0.0,0.0,robotiq_85_left_knuckle_joint,0.12024504467906422,0.5000000001209308,,robotiq_85_left_knuckle_joint,0.12024504467906422,0.5000000001209308,,0.0,0.0,
sentinel_joint_telemetry_v2,20260731_120941,20260731_120941:1,1,214,short_cube_pick_place,attack,mitm_trajectory_manipulation,joint_offset,medium,shoulder_pan_joint,cube,cube_transport,0.1,rad,,0,,,,cube_lift,2026-07-31T12:09:49.534+01:00,4.526318,0.020036,49.911345,0,4855.024000000,4855.024000000,trusted_fallback,0.000000,-0.11999999999974091,-4.644839200762529e-13,0.003240795498062228,-0.11999999999974091,-4.644839200762529e-13,0.003240795498062228,0.0,0.0,0.0,-1.2812028605155144,-0.06858812268660054,-29.74371934326146,-1.2812028605155144,-0.06858812268660054,-29.74371934326146,0.0,0.0,0.0,2.1586640220175872,-0.06600122314983839,-16.81914248500452,2.1586640220175872,-0.06600122314983839,-16.81914248500452,0.0,0.0,0.0,-2.45583712899169,0.148264621640272,-2.7512248751035413,-2.45583712899169,0.148264621640272,-2.7512248751035413,0.0,0.0,0.0,-1.5708000000718128,3.6183541076567627e-09,0.00012030137767492069,-1.5708000000718128,3.6183541076567627e-09,0.00012030137767492069,0.0,0.0,0.0,1.0862448682378228e-10,-1.9607600352383736e-10,3.5073728324991233e-07,1.0862448682378228e-10,-1.9607600352383736e-10,3.5073728324991233e-07,0.0,0.0,0.0,robotiq_85_left_knuckle_joint,0.13024504468147075,0.5000000001197771,,robotiq_85_left_knuckle_joint,0.13024504468147075,0.5000000001197771,,0.0,0.0,
sentinel_joint_telemetry_v2,20260731_120941,20260731_120941:1,1,215,short_cube_pick_place,attack,mitm_trajectory_manipulation,joint_offset,medium,shoulder_pan_joint,cube,cube_transport,0.1,rad,,0,,,,cube_lift,2026-07-31T12:09:49.554+01:00,4.546335,0.020017,49.956852,0,4855.044000000,4855.044000000,trusted_fallback,0.000000,-0.11999999999975029,-4.651847483605476e-13,0.0032462026167082852,-0.11999999999975029,-4.651847483605476e-13,0.0032462026167082852,0.0,0.0,0.0,-1.282574612462097,-0.06858729579464341,-29.7293045323525,-1.282574612462097,-0.06858729579464341,-29.7293045323525,0.0,0.0,0.0,2.1573440076776347,-0.0660004264861836,-16.864144965567657,2.1573440076776347,-0.0660004264861836,-16.864144965567657,0.0,0.0,0.0,-2.4528718592782432,0.14826283367157678,-2.7506811445432167,-2.4528718592782432,0.14826283367157678,-2.7506811445432167,0.0,0.0,0.0,-1.570800000029289,1.2697549661017105e-09,0.00012118219903748504,-1.570800000029289,1.2697549661017105e-09,0.00012118219903748504,0.0,0.0,0.0,1.0470299180813352e-10,-1.9607403482953256e-10,3.273805523528593e-07,1.0470299180813352e-10,-1.9607403482953256e-10,3.273805523528593e-07,0.0,0.0,0.0,robotiq_85_left_knuckle_joint,0.14024504468385404,0.5000000001186085,,robotiq_85_left_knuckle_joint,0.14024504468385404,0.5000000001186085,,0.0,0.0,
sentinel_joint_telemetry_v2,20260731_120941,20260731_120941:1,1,216,short_cube_pick_place,attack,mitm_trajectory_manipulation,joint_offset,medium,shoulder_pan_joint,cube,cube_transport,0.1,rad,,0,,,,cube_lift,2026-07-31T12:09:49.576+01:00,4.568316,0.021981,45.493538,0,4855.066000000,4855.066000000,trusted_fallback,0.000000,-0.11999999999976056,-4.644971473427573e-13,0.00325218125410507,-0.11999999999976056,-4.644971473427573e-13,0.00325218125410507,0.0,0.0,0.0,-1.2840835286984542,-0.06858699204037809,-29.713301643416873,-1.2840835286984542,-0.06858699204037809,-29.713301643416873,0.0,0.0,0.0,2.155892002409926,-0.0660001338361034,-16.913528354643283,2.155892002409926,-0.0660001338361034,-16.913528354643283,0.0,0.0,0.0,-2.4496100861728207,0.14826217687099058,-2.750082313249505,-2.4496100861728207,0.14826217687099058,-2.750082313249505,0.0,0.0,0.0,-1.5708000000134852,4.070116656901268e-10,0.0001221369967031226,-1.5708000000134852,4.070116656901268e-10,0.0001221369967031226,0.0,0.0,0.0,1.003893732984364e-10,-1.960733071130344e-10,3.0110014433331134e-07,1.003893732984364e-10,-1.960733071130344e-10,3.0110014433331134e-07,0.0,0.0,0.0,robotiq_85_left_knuckle_joint,0.15124504468644848,0.5000000001173053,,robotiq_85_left_knuckle_joint,0.15124504468644848,0.5000000001173053,,0.0,0.0,
sentinel_joint_telemetry_v2,20260731_120941,20260731_120941:1,1,217,short_cube_pick_place,attack,mitm_trajectory_manipulation,joint_offset,medium,shoulder_pan_joint,cube,cube_transport,0.1,rad,,0,,,,cube_lift,2026-07-31T12:09:49.596+01:00,4.588370,0.020054,49.866072,0,4855.086000000,4855.086000000,trusted_fallback,0.000000,-0.11999999999976994,-4.651951567014034e-13,0.0032576100391424646,-0.11999999999976994,-4.651951567014034e-13,0.0032576100391424646,0.0,0.0,0.0,-1.2854552673895796,-0.06858690156269487,-29.69861987710328,-1.2854552673895796,-0.06858690156269487,-29.69861987710328,0.0,0.0,0.0,2.154572000840857,-0.06600004666600166,-16.95831377078405,2.154572000840857,-0.06600004666600166,-16.95831377078405,0.0,0.0,0.0,-2.4466448451213303,0.1482619812332289,-2.7495372631399326,-2.4466448451213303,0.1482619812332289,-2.7495372631399326,0.0,0.0,0.0,-1.57080000000861,1.5002828146482017e-10,0.00012299211466397625,-1.57080000000861,1.5002828146482017e-10,0.00012299211466397625,0.0,0.0,0.0,9.646790991395236e-11,-1.960730909231212e-10,2.7668455804187046e-07,9.646790991395236e-11,-1.960730909231212e-10,2.7668455804187046e-07,0.0,0.0,0.0,robotiq_85_left_knuckle_joint,0.16124504468878198,0.5000000001161041,,robotiq_85_left_knuckle_joint,0.16124504468878198,0.5000000001161041,,0.0,0.0,
sentinel_joint_telemetry_v2,20260731_120941,20260731_120941:1,1,218,short_cube_pick_place,attack,mitm_trajectory_manipulation,joint_offset,medium,shoulder_pan_joint,cube,cube_transport,0.1,rad,,0,,,,cube_lift,2026-07-31T12:09:49.618+01:00,4.610295,0.021925,45.610234,0,4855.108000000,4855.108000000,trusted_fallback,0.000000,-0.11999999999978023,-4.638483607627419e-13,0.0032929171757795604,-0.11999999999978023,-4.638483607627419e-13,0.0032929171757795604,0.0,0.0,0.0,-1.2869586232215127,-0.06889550916531251,-29.682482121003943,-1.2869586232215127,-0.06889550916531251,-29.682482121003943,0.0,0.0,0.0,2.153125346264464,-0.06629701464459006,-17.00723260639818,2.153125346264464,-0.06629701464459006,-17.00723260639818,0.0,0.0,0.0,-2.443395091756714,0.14892908781070174,-2.748938642669411,-2.443395091756714,0.14892908781070174,-2.748938642669411,0.0,0.0,0.0,-1.5708000000066378,5.5692559071396364e-11,0.00012391889963149692,-1.5708000000066378,5.5692559071396364e-11,0.00012391889963149692,0.0,0.0,0.0,9.217018405950257e-11,-1.9695528736575485e-10,2.48748523356603e-07,9.217018405950257e-11,-1.9695528736575485e-10,2.48748523356603e-07,0.0,0.0,0.0,robotiq_85_left_knuckle_joint,0.17224504469132304,0.500000000114765,,robotiq_85_left_knuckle_joint,0.17224504469132304,0.500000000114765,,0.0,0.0,
sentinel_joint_telemetry_v2,20260731_120941,20260731_120941:1,1,219,short_cube_pick_place,attack,mitm_trajectory_manipulation,joint_offset,medium,shoulder_pan_joint,cube,cube_transport,0.1,rad,,0,,,,cube_lift,2026-07-31T12:09:49.638+01:00,4.630314,0.020019,49.951811,0,4855.128000000,4855.128000000,trusted_fallback,0.000000,-0.11999999999978957,-4.666074384512831e-13,0.003279188467738073,-0.11999999999978957,-4.666074384512831e-13,0.003279188467738073,0.0,0.0,0.0,-1.2883339789020294,-0.06869447483256279,-29.667428349053985,-1.2883339789020294,-0.06869447483256279,-29.667428349053985,0.0,0.0,0.0,2.151801864127711,-0.06610356260312897,-17.05194695692972,2.151801864127711,-0.06610356260312897,-17.05194695692972,0.0,0.0,0.0,-2.4404220319827,0.14849451869941627,-2.748391195730728,-2.4404220319827,0.14849451869941627,-2.748391195730728,0.0,0.0,0.0,-1.5708000000058815,2.752614629286665e-11,0.0001247477346620179,-1.5708000000058815,2.752614629286665e-11,0.0001247477346620179,0.0,0.0,0.0,8.823838065190995e-11,-1.9638062682091062e-10,2.2364820360387638e-07,8.823838065190995e-11,-1.9638062682091062e-10,2.2364820360387638e-07,0.0,0.0,0.0,robotiq_85_left_knuckle_joint,0.18224504469360403,0.5000000001135296,,robotiq_85_left_knuckle_joint,0.18224504469360403,0.5000000001135296,,0.0,0.0,
sentinel_joint_telemetry_v2,20260731_120941,20260731_120941:1,1,220,short_cube_pick_place,attack,mitm_trajectory_manipulation,joint_offset,medium,shoulder_pan_joint,cube,cube_transport,0.1,rad,,0,,,,cube_lift,2026-07-31T12:09:49.660+01:00,4.652269,0.021955,45.547060,0,4855.150000000,4855.150000000,trusted_fallback,0.000000,-0.11999999999979986,-4.652213943939776e-13,0.0032780693340873045,-0.11999999999979986,-4.652213943939776e-13,0.0032780693340873045,0.0,0.0,0.0,-1.2898442189505497,-0.0686206259581145,-29.650797217155386,-1.2898442189505497,-0.0686206259581145,-29.650797217155386,0.0,0.0,0.0,2.1503485849836106,-0.06603249904238408,-17.10090451023126,2.1503485849836106,-0.06603249904238408,-17.10090451023126,0.0,0.0,0.0,-2.4371573972406764,0.14833488208764717,-2.7477891181424736,-2.4371573972406764,0.14833488208764717,-2.7477891181424736,0.0,0.0,0.0,-1.5708000000054214,1.72010175200632e-11,0.0001256451945446032,-1.5708000000054214,1.72010175200632e-11,0.0001256451945446032,0.0,0.0,0.0,8.392097533605769e-11,-1.961695239843103e-10,1.9525145164204422e-07,8.392097533605769e-11,-1.961695239843103e-10,1.9525145164204422e-07,0.0,0.0,0.0,robotiq_85_left_knuckle_joint,0.19324504469608533,0.5000000001121517,,robotiq_85_left_knuckle_joint,0.19324504469608533,0.5000000001121517,,0.0,0.0,
sentinel_joint_telemetry_v2,20260731_120941,20260731_120941:1,1,221,short_cube_pick_place,attack,mitm_trajectory_manipulation,joint_offset,medium,shoulder_pan_joint,cube,cube_transport,0.1,rad,,0,,,,cube_lift,2026-07-31T12:09:49.680+01:00,4.672299,0.020030,49.925897,0,4855.170000000,4855.170000000,trusted_fallback,0.000000,-0.11999999999980923,-4.659135490608923e-13,0.003281317319707563,-0.11999999999980923,-4.659135490608923e-13,0.003281317319707563,0.0,0.0,0.0,-1.291216351958599,-0.06859862898468035,-29.6355666209353,-1.291216351958599,-0.06859862898468035,-29.6355666209353,0.0,0.0,0.0,2.149028203971722,-0.06601133171561811,-17.14526855581061,2.149028203971722,-0.06601133171561811,-17.14526855581061,0.0,0.0,0.0,-2.434191303808633,0.14828733197474378,-2.747241382390746,-2.434191303808633,0.14828733197474378,-2.747241382390746,0.0,0.0,0.0,-1.5708000000051168,1.4136728246350039e-11,0.00012644789745136603,-1.5708000000051168,1.4136728246350039e-11,0.00012644789745136603,0.0,0.0,0.0,7.99983839727869e-11,-1.961066348372953e-10,1.68877710257087e-07,7.99983839727869e-11,-1.961066348372953e-10,1.68877710257087e-07,0.0,0.0,0.0,robotiq_85_left_knuckle_joint,0.20324504469831495,0.5000000001108812,,robotiq_85_left_knuckle_joint,0.20324504469831495,0.5000000001108812,,0.0,0.0,
sentinel_joint_telemetry_v2,20260731_120941,20260731_120941:1,1,222,short_cube_pick_place,attack,mitm_trajectory_manipulation,joint_offset,medium,shoulder_pan_joint,cube,cube_transport,0.1,rad,,0,,,,cube_lift,2026-07-31T12:09:49.700+01:00,4.692320,0.020021,49.948543,0,4855.190000000,4855.190000000,trusted_fallback,0.000000,-0.11999999999981859,-4.659217889974032e-13,0.0032859051227439057,-0.11999999999981859,-4.659217889974032e-13,0.0032859051227439057,0.0,0.0,0.0,-1.292588227078793,-0.06859095911430563,-29.620214942289113,-1.292588227078793,-0.06859095911430563,-29.620214942289113,0.0,0.0,0.0,2.147708071121087,-0.06600395112516044,-17.18951719801009,2.147708071121087,-0.06600395112516044,-17.18951719801009,0.0,0.0,0.0,-2.431225767844037,0.14827075227554057,-2.7466931222530513,-2.431225767844037,0.14827075227554057,-2.7466931222530513,0.0,0.0,0.0,-1.5708000000048477,1.303754847137295e-11,0.00012723793632406121,-1.5708000000048477,1.303754847137295e-11,0.00012723793632406121,0.0,0.0,0.0,7.607652982405898e-11,-1.9608470966728242e-10,1.420292415418876e-07,7.607652982405898e-11,-1.9608470966728242e-10,1.420292415418876e-07,0.0,0.0,0.0,robotiq_85_left_knuckle_joint,0.213245044700519,0.5000000001095932,,robotiq_85_left_knuckle_joint,0.213245044700519,0.5000000001095932,,0.0,0.0,
sentinel_joint_telemetry_v2,20260731_120941,20260731_120941:1,1,223,short_cube_pick_place,attack,mitm_trajectory_manipulation,joint_offset,medium,shoulder_pan_joint,cube,cube_transport,0.1,rad,,0,,,,cube_lift,2026-07-31T12:09:49.720+01:00,4.712348,0.020028,49.929637,0,4855.210000000,4855.210000000,trusted_fallback,0.000000,-0.11999999999982794,-4.645379133444427e-13,0.0032909458786568434,-0.11999999999982794,-4.645379133444427e-13,0.0032909458786568434,0.0,0.0,0.0,-1.2939600122790527,-0.06858828479582522,-29.604737145607245,-1.2939600122790527,-0.06858828479582522,-29.604737145607245,0.0,0.0,0.0,2.14638802479893,-0.06600137767239084,-17.233656924765437,2.14638802479893,-0.06600137767239084,-17.233656924765437,0.0,0.0,0.0,-2.428260426256322,0.1482649712919479,-2.7461442945232393,-2.428260426256322,0.1482649712919479,-2.7461442945232393,0.0,0.0,0.0,-1.5708000000045919,1.267111415792499e-11,0.0001280152194952458,-1.5708000000045919,1.267111415792499e-11,0.0001280152194952458,0.0,0.0,0.0,7.21549327500745e-11,-1.9607706582512596e-10,1.1473112466892688e-07,7.21549327500745e-11,-1.9607706582512596e-10,1.1473112466892688e-07,0.0,0.0,0.0,robotiq_85_left_knuckle_joint,0.22324504470269715,0.5000000001082874,,robotiq_85_left_knuckle_joint,0.22324504470269715,0.5000000001082874,,0.0,0.0,
sentinel_joint_telemetry_v2,20260731_120941,20260731_120941:1,1,224,short_cube_pick_place,attack,mitm_trajectory_manipulation,joint_offset,medium,shoulder_pan_joint,cube,cube_transport,0.1,rad,,0,,,,cube_lift,2026-07-31T12:09:49.740+01:00,4.732362,0.020014,49.965139,0,4855.230000000,4855.230000000,trusted_fallback,0.000000,-0.11999999999983729,-4.645465869618226e-13,0.003296129941476921,-0.11999999999983729,-4.645465869618226e-13,0.003296129941476921,0.0,0.0,0.0,-1.2953317661261696,-0.06858735231864929,-29.589131335322374,-1.2953317661261696,-0.06858735231864929,-29.589131335322374,0.0,0.0,0.0,2.145068008647388,-0.06600048036486618,-17.27768978698161,2.145068008647388,-0.06600048036486618,-17.27768978698161,0.0,0.0,0.0,-2.4252951524436326,0.14826295558759903,-2.745594888671759,-2.4252951524436326,0.14826295558759903,-2.745594888671759,0.0,0.0,0.0,-1.57080000000434,1.2526749602892462e-11,0.00012877966469501488,-1.57080000000434,1.2526749602892462e-11,0.00012877966469501488,0.0,0.0,0.0,6.823342533202025e-11,-1.9607439868778165e-10,8.6998432548219e-08,6.823342533202025e-11,-1.9607439868778165e-10,8.6998432548219e-08,0.0,0.0,0.0,robotiq_85_left_knuckle_joint,0.23324504470484905,0.5000000001069633,,robotiq_85_left_knuckle_joint,0.23324504470484905,0.5000000001069633,,0.0,0.0,
sentinel_joint_telemetry_v2,20260731_120941,20260731_120941:1,1,225,short_cube_pick_place,attack,mitm_trajectory_manipulation,joint_offset,medium,shoulder_pan_joint,cube,cube_transport,0.1,rad,,0,,,,cube_lift,2026-07-31T12:09:49.762+01:00,4.754337,0.021975,45.506125,0,4855.252000000,4855.252000000,trusted_fallback,0.000000,-0.11999999999984759,-4.645522248131195e-13,0.0033018712744734002,-0.11999999999984759,-4.645522248131195e-13,0.0033018712744734002,0.0,0.0,0.0,-1.2968406830606778,-0.06858700977818695,-29.571816150801634,-1.2968406830606778,-0.06858700977818695,-29.571816150801634,0.0,0.0,0.0,2.143616002714202,-0.06600015074382763,-17.326003093426372,2.143616002714202,-0.06600015074382763,-17.326003093426372,0.0,0.0,0.0,-2.4220333778323746,0.14826221512944207,-2.744989875223282,-2.4220333778323746,0.14826221512944207,-2.744989875223282,0.0,0.0,0.0,-1.5708000000040656,1.2548869061934642e-11,0.0001296056333623578,-1.5708000000040656,1.2548869061934642e-11,0.0001296056333623578,0.0,0.0,0.0,6.391980233784607e-11,-1.9607341770165598e-10,5.600435442436784e-08,6.391980233784607e-11,-1.9607341770165598e-10,5.600435442436784e-08,0.0,0.0,0.0,robotiq_85_left_knuckle_joint,0.24424504470718528,0.5000000001054854,,robotiq_85_left_knuckle_joint,0.24424504470718528,0.5000000001054854,,0.0,0.0,
sentinel_joint_telemetry_v2,20260731_120941,20260731_120941:1,1,226,short_cube_pick_place,attack,mitm_trajectory_manipulation,joint_offset,medium,shoulder_pan_joint,cube,cube_transport,0.1,rad,,0,,,,cube_lift,2026-07-31T12:09:49.784+01:00,4.776398,0.022061,45.328606,0,4855.274000000,4855.274000000,trusted_fallback,0.000000,-0.11999999999985489,-5.405120795387575e-13,-0.07041810029784971,-0.11999999999985489,-5.405120795387575e-13,-0.07041810029784971,0.0,0.0,0.0,-1.298349595764328,-0.06858690228538503,-29.584941552305995,-1.298349595764328,-0.06858690228538503,-29.584941552305995,0.0,0.0,0.0,2.1421640008522997,-0.06600004730517314,-17.397085243166522,2.1421640008522997,-0.06600004730517314,-17.397085243166522,0.0,0.0,0.0,-2.4187716123668195,0.14826198276618607,-2.7506827832258076,-2.4187716123668195,0.14826198276618607,-2.7506827832258076,0.0,0.0,0.0,-1.5708000000037106,1.0704389631632782e-11,-0.04135505457960669,-1.5708000000037106,1.0704389631632782e-11,-0.04135505457960669,0.0,0.0,0.0,5.959270509569584e-11,-1.9730631321476788e-10,0.002345003902839398,5.959270509569584e-11,-1.9730631321476788e-10,0.002345003902839398,0.0,0.0,0.0,robotiq_85_left_knuckle_joint,0.2552450447094887,0.5000000001039846,,robotiq_85_left_knuckle_joint,0.2552450447094887,0.5000000001039846,,0.0,0.0,
sentinel_joint_telemetry_v2,20260731_120941,20260731_120941:1,1,227,short_cube_pick_place,attack,mitm_trajectory_manipulation,joint_offset,medium,shoulder_pan_joint,cube,cube_transport,0.1,rad,,0,,,,cube_lift,2026-07-31T12:09:49.806+01:00,4.798336,0.021938,45.582520,0,4855.296000000,4855.296000000,trusted_fallback,0.000000,-0.11999999999986372,9.906398618086953e-14,-0.661204758139504,-0.11999999999986372,9.906398618086953e-14,-0.661204758139504,0.0,0.0,0.0,-1.299858507140291,-0.06858686855296497,-29.60497501409492,-1.299858507140291,-0.06858686855296497,-29.60497501409492,0.0,0.0,0.0,2.14071200026801,-0.06600001484537527,-17.279255233158356,2.14071200026801,-0.06600001484537527,-17.279255233158356,0.0,0.0,0.0,-2.4155098497712877,0.14826190984491425,-2.6687678612822974,-2.4155098497712877,0.14826190984491425,-2.6687678612822974,0.0,0.0,0.0,-1.5708000000033937,2.893997021191641e-11,-0.36455502680077734,-1.5708000000033937,2.893997021191641e-11,-0.36455502680077734,0.0,0.0,0.0,5.5290831650771854e-11,-1.9154961601250409e-10,-0.004646934343162834,5.5290831650771854e-11,-1.9154961601250409e-10,-0.004646934343162834,0.0,0.0,0.0,robotiq_85_left_knuckle_joint,0.26624504471175897,0.500000000102459,,robotiq_85_left_knuckle_joint,0.26624504471175897,0.500000000102459,,0.0,0.0,
sentinel_joint_telemetry_v2,20260731_120941,20260731_120941:1,1,228,short_cube_pick_place,attack,mitm_trajectory_manipulation,joint_offset,medium,shoulder_pan_joint,cube,cube_transport,0.1,rad,,0,,,,cube_lift,2026-07-31T12:09:49.826+01:00,4.818455,0.020119,49.704445,0,4855.316000000,4855.316000000,trusted_fallback,0.000000,-0.11999999999987325,-2.0635728369133854e-13,-0.40056003756300207,-0.11999999999987325,-2.0635728369133854e-13,-0.40056003756300207,0.0,0.0,0.0,-1.301230244383676,-0.06858685850532355,-29.585927996991682,-1.301230244383676,-0.06858685850532355,-29.585927996991682,0.0,0.0,0.0,2.1393920000939657,-0.06600000517646196,-17.41240462092724,2.1393920000939657,-0.06600000517646196,-17.41240462092724,0.0,0.0,0.0,-2.412544611850329,0.14826188812732433,-2.708313765989968,-2.412544611850329,0.14826188812732433,-2.708313765989968,0.0,0.0,0.0,-1.5708000000031441,2.0870985495413663e-11,-0.23677566020727037,-1.5708000000031441,2.0870985495413663e-11,-0.23677566020727037,0.0,0.0,0.0,5.139059716578548e-11,-1.9730959227581835e-10,0.00028977191746508023,5.139059716578548e-11,-1.9730959227581835e-10,0.00028977191746508023,0.0,0.0,0.0,robotiq_85_left_knuckle_joint,0.27624504471379335,0.5000000001010521,,robotiq_85_left_knuckle_joint,0.27624504471379335,0.5000000001010521,,0.0,0.0,
sentinel_joint_telemetry_v2,20260731_120941,20260731_120941:1,1,229,short_cube_pick_place,attack,mitm_trajectory_manipulation,joint_offset,medium,shoulder_pan_joint,cube,cube_transport,0.1,rad,,0,,,,cube_lift,2026-07-31T12:09:49.848+01:00,4.840372,0.021917,45.626778,0,4855.338000000,4855.338000000,trusted_fallback,0.000000,-0.11999999999988369,-5.805972022598915e-13,-0.07057645867952593,-0.11999999999988369,-5.805972022598915e-13,-0.07057645867952593,0.0,0.0,0.0,-1.3027391552188936,-0.06858685481434579,-29.579954978499828,-1.3027391552188936,-0.06858685481434579,-29.579954978499828,0.0,0.0,0.0,2.137940000030026,-0.06600000162459695,-17.505243143923945,2.137940000030026,-0.06600000162459695,-17.505243143923945,0.0,0.0,0.0,-2.4092828504237045,0.14826188014962238,-2.7277162329659697,-2.4092828504237045,0.14826188014962238,-2.7277162329659697,0.0,0.0,0.0,-1.570800000002872,9.397465444704878e-12,-0.04489249415759527,-1.570800000002872,9.397465444704878e-12,-0.04489249415759527,0.0,0.0,0.0,4.7082519555424886e-11,-1.9593869192077729e-10,-0.0017079590892273618,4.7082519555424886e-11,-1.9593869192077729e-10,-0.0017079590892273618,0.0,0.0,0.0,robotiq_85_left_knuckle_joint,0.2872450447159985,0.500000000099481,,robotiq_85_left_knuckle_joint,0.2872450447159985,0.500000000099481,,0.0,0.0,
sentinel_joint_telemetry_v2,20260731_120941,20260731_120941:1,1,230,short_cube_pick_place,attack,mitm_trajectory_manipulation,joint_offset,medium,shoulder_pan_joint,cube,cube_transport,0.1,rad,,0,,,,cube_lift,2026-07-31T12:09:49.868+01:00,4.860580,0.020208,49.484192,0,4855.358000000,4855.358000000,trusted_fallback,0.000000,-0.11999999999989265,-2.6786190453209624e-13,-0.3628999524416818,-0.11999999999989265,-2.6786190453209624e-13,-0.3628999524416818,0.0,0.0,0.0,-1.3041108923012106,-0.0685868537149365,-29.542469455775354,-1.3041108923012106,-0.0685868537149365,-29.542469455775354,0.0,0.0,0.0,2.1366200000109763,-0.06600000056673018,-17.50059184527816,2.1366200000109763,-0.06600000056673018,-17.50059184527816,0.0,0.0,0.0,-2.4063176128509176,0.14826187777233527,-2.7060280737446276,-2.4063176128509176,0.14826187777233527,-2.7060280737446276,0.0,0.0,0.0,-1.5708000000026103,1.8536998325213716e-11,-0.20910845142403342,-1.5708000000026103,1.8536998325213716e-11,-0.20910845142403342,0.0,0.0,0.0,4.315454827732449e-11,-1.9745550875784057e-10,0.00044075481077731607,4.315454827732449e-11,-1.9745550875784057e-10,0.00044075481077731607,0.0,0.0,0.0,robotiq_85_left_knuckle_joint,0.2972450447179729,0.5000000000980309,,robotiq_85_left_knuckle_joint,0.2972450447179729,0.5000000000980309,,0.0,0.0,
sentinel_joint_telemetry_v2,20260731_120941,20260731_120941:1,1,231,short_cube_pick_place,attack,mitm_trajectory_manipulation,joint_offset,medium,shoulder_pan_joint,cube,cube_transport,0.1,rad,,0,,,,cube_lift,2026-07-31T12:09:49.890+01:00,4.882331,0.021750,45.976221,0,4855.380000000,4855.380000000,trusted_fallback,0.000000,-0.1199999999999029,-3.3030067396466745e-13,-0.3129639704056808,-0.1199999999999029,-3.3030067396466745e-13,-0.3129639704056808,0.0,0.0,0.0,-1.30561980307726,-0.0685868533110612,-29.55458928674191,-1.30561980307726,-0.0685868533110612,-29.55458928674191,0.0,0.0,0.0,2.135168000003973,-0.06600000017809471,-17.545562242161438,2.135168000003973,-0.06600000017809471,-17.545562242161438,0.0,0.0,0.0,-2.403055851552191,0.14826187689914522,-2.701291372583368,-2.403055851552191,0.14826187689914522,-2.701291372583368,0.0,0.0,0.0,-1.5708000000023337,1.6385793763507017e-11,-0.1766438490457282,-1.5708000000023337,1.6385793763507017e-11,-0.1766438490457282,0.0,0.0,0.0,3.8835308893635377e-11,-1.955708613717716e-10,-0.0013947616897208117,3.8835308893635377e-11,-1.955708613717716e-10,-0.0013947616897208117,0.0,0.0,0.0,robotiq_85_left_knuckle_joint,0.30824504472011094,0.5000000000964115,,robotiq_85_left_knuckle_joint,0.30824504472011094,0.5000000000964115,,0.0,0.0,
sentinel_joint_telemetry_v2,20260731_120941,20260731_120941:1,1,232,short_cube_pick_place,attack,mitm_trajectory_manipulation,joint_offset,medium,shoulder_pan_joint,cube,cube_transport,0.1,rad,,0,,,,cube_lift,2026-07-31T12:09:49.910+01:00,4.902343,0.020012,49.970854,0,4855.400000000,4855.400000000,trusted_fallback,0.000000,-0.1199999999999125,-1.5236466602286391e-13,-0.4510685144585109,-0.1199999999999125,-1.5236466602286391e-13,-0.4510685144585109,0.0,0.0,0.0,-1.3069915401419527,-0.0685868531908232,-29.468834096159213,-1.3069915401419527,-0.0685868531908232,-29.468834096159213,0.0,0.0,0.0,2.1338480000018833,-0.06600000006241251,-17.5725983660384,2.1338480000018833,-0.06600000006241251,-17.5725983660384,0.0,0.0,0.0,-2.400090614017501,0.14826187663907348,-2.6989745838359465,-2.400090614017501,0.14826187663907348,-2.6989745838359465,0.0,0.0,0.0,-1.5708000000020905,2.1897336374698817e-11,-0.2585220989894747,-1.5708000000020905,2.1897336374698817e-11,-0.2585220989894747,0.0,0.0,0.0,3.491546824148179e-11,-1.9890425070889783e-10,0.0023963329919508896,3.491546824148179e-11,-1.9890425070889783e-10,0.0023963329919508896,0.0,0.0,0.0,robotiq_85_left_knuckle_joint,0.3182450447220235,0.5000000000949167,,robotiq_85_left_knuckle_joint,0.3182450447220235,0.5000000000949167,,0.0,0.0,
sentinel_joint_telemetry_v2,20260731_120941,20260731_120941:1,1,233,short_cube_pick_place,attack,mitm_trajectory_manipulation,joint_offset,medium,shoulder_pan_joint,cube,cube_transport,0.1,rad,,0,,,,cube_lift,2026-07-31T12:09:49.932+01:00,4.924329,0.021987,45.481806,0,4855.422000000,4855.422000000,trusted_fallback,0.000000,-0.11999999999992296,-5.971317190711645e-13,-0.05744524530875176,-0.11999999999992296,-5.971317190711645e-13,-0.05744524530875176,0.0,0.0,0.0,-1.3085004509115283,-0.06858685314656976,-29.515684612295043,-1.3085004509115283,-0.06858685314656976,-29.515684612295043,0.0,0.0,0.0,2.1323960000011097,-0.06600000001970542,-17.694398464679885,2.1323960000011097,-0.06600000001970542,-17.694398464679885,0.0,0.0,0.0,-2.39682885273277,0.14826187654463918,-2.7262991017514238,-2.39682885273277,0.14826187654463918,-2.7262991017514238,0.0,0.0,0.0,-1.5708000000018212,8.74729542271746e-12,-0.037734883595220405,-1.5708000000018212,8.74729542271746e-12,-0.037734883595220405,0.0,0.0,0.0,3.059900436071045e-11,-1.9623157113991818e-10,-0.0005132646619275736,3.059900436071045e-11,-1.9623157113991818e-10,-0.0005132646619275736,0.0,0.0,0.0,robotiq_85_left_knuckle_joint,0.32924504472409255,0.500000000093247,,robotiq_85_left_knuckle_joint,0.32924504472409255,0.500000000093247,,0.0,0.0,
sentinel_joint_telemetry_v2,20260731_120941,20260731_120941:1,1,234,short_cube_pick_place,attack,mitm_trajectory_manipulation,joint_offset,medium,shoulder_pan_joint,cube,cube_transport,0.1,rad,,0,,,,cube_lift,2026-07-31T12:09:49.954+01:00,4.946471,0.022141,45.164114,0,4855.444000000,4855.444000000,trusted_fallback,0.000000,-0.1199999999999328,-2.940863698397411e-13,-0.3444046793510398,-0.1199999999999328,-2.940863698397411e-13,-0.3444046793510398,0.0,0.0,0.0,-1.3100093616805584,-0.06858685313269577,-29.491014744585367,-1.3100093616805584,-0.06858685313269577,-29.491014744585367,0.0,0.0,0.0,2.130944000000862,-0.06600000000644252,-17.70201513097878,2.130944000000862,-0.06600000000644252,-17.70201513097878,0.0,0.0,0.0,-2.3935670914492158,0.1482618765139059,-2.7094707396739364,-2.3935670914492158,0.1482618765139059,-2.7094707396739364,0.0,0.0,0.0,-1.5708000000015339,1.7596282937681895e-11,-0.19652272874242518,-1.5708000000015339,1.7596282937681895e-11,-0.19652272874242518,0.0,0.0,0.0,2.6271345412496597e-11,-1.9723620870229497e-10,0.0015522585346843382,2.6271345412496597e-11,-1.9723620870229497e-10,0.0015522585346843382,0.0,0.0,0.0,robotiq_85_left_knuckle_joint,0.3402450447261245,0.5000000000915501,,robotiq_85_left_knuckle_joint,0.3402450447261245,0.5000000000915501,,0.0,0.0,
sentinel_joint_telemetry_v2,20260731_120941,20260731_120941:1,1,235,short_cube_pick_place,attack,mitm_trajectory_manipulation,joint_offset,medium,shoulder_pan_joint,cube,cube_transport,0.1,rad,,0,,,,cube_lift,2026-07-31T12:09:49.976+01:00,4.968345,0.021874,45.716616,0,4855.466000000,4855.466000000,trusted_fallback,0.000000,-0.11999999999994329,-6.237269815217994e-13,-0.05002808278679774,-0.11999999999994329,-6.237269815217994e-13,-0.05002808278679774,0.0,0.0,0.0,-1.3115182724494168,-0.06858685312834256,-29.47339425074298,-1.3115182724494168,-0.06858685312834256,-29.47339425074298,0.0,0.0,0.0,2.12949200000078,-0.06600000000222388,-17.78541617572296,2.12949200000078,-0.06600000000222388,-17.78541617572296,0.0,0.0,0.0,-2.390305330166035,0.14826187650513012,-2.7252011551825364,-2.390305330166035,0.14826187650513012,-2.7252011551825364,0.0,0.0,0.0,-1.5708000000012639,8.032061994678319e-12,-0.034983629685812145,-1.5708000000012639,8.032061994678319e-12,-0.034983629685812145,0.0,0.0,0.0,2.1956486285598448e-11,-1.951796892510349e-10,-0.0008592855323298381,2.1956486285598448e-11,-1.951796892510349e-10,-0.0008592855323298381,0.0,0.0,0.0,robotiq_85_left_knuckle_joint,0.35124504472811885,0.5000000000898257,,robotiq_85_left_knuckle_joint,0.35124504472811885,0.5000000000898257,,0.0,0.0,
sentinel_joint_telemetry_v2,20260731_120941,20260731_120941:1,1,236,short_cube_pick_place,attack,mitm_trajectory_manipulation,joint_offset,medium,shoulder_pan_joint,cube,cube_transport,0.1,rad,,0,,,,cube_lift,2026-07-31T12:09:49.998+01:00,4.990472,0.022127,45.193749,0,4855.488000000,4855.488000000,trusted_fallback,0.000000,-0.11999999999995739,9.9335427036773e-13,-1.1951880238429304,-0.11999999999995739,9.9335427036773e-13,-1.1951880238429304,0.0,0.0,0.0,-1.3130271832182188,-0.06858685312711958,-29.47223469192184,-1.3130271832182188,-0.06858685312711958,-29.47223469192184,0.0,0.0,0.0,2.128040000000759,-0.0659999999997751,-18.652848864482735,2.128040000000759,-0.0659999999997751,-18.652848864482735,0.0,0.0,0.0,-2.3870435688829006,0.14826187651532838,-3.139472331498508,-2.3870435688829006,0.14826187651532838,-3.139472331498508,0.0,0.0,0.0,-1.5708000000011273,3.627242690235066e-11,-0.35302193467179577,-1.5708000000011273,3.627242690235066e-11,-0.35302193467179577,0.0,0.0,0.0,1.7507140831677647e-11,-2.6996759276871896e-10,0.09115156454683586,1.7507140831677647e-11,-2.6996759276871896e-10,0.09115156454683586,0.0,0.0,0.0,robotiq_85_left_knuckle_joint,0.35972454665633885,0.4999999909245556,,robotiq_85_left_knuckle_joint,0.35972454665633885,0.4999999909245556,,0.0,0.0,
sentinel_joint_telemetry_v2,20260731_120941,20260731_120941:1,1,237,short_cube_pick_place,attack,mitm_trajectory_manipulation,joint_offset,medium,shoulder_pan_joint,cube,cube_transport,0.1,rad,,0,,,,cube_lift,2026-07-31T12:09:50.019+01:00,5.010713,0.020241,49.404054,0,4855.508000000,4855.508000000,trusted_fallback,0.000000,-0.11999999999996663,-6.591496012203768e-13,0.11671277425295053,-0.11999999999996663,-6.591496012203768e-13,0.11671277425295053,0.0,0.0,0.0,-1.3143989202807507,-0.068586853126567,-29.841143371937605,-1.3143989202807507,-0.068586853126567,-29.841143371937605,0.0,0.0,0.0,2.1267200000007507,-0.06600000000057632,-18.24917279115978,2.1267200000007507,-0.06600000000057632,-18.24917279115978,0.0,0.0,0.0,-2.3840783313528497,0.14826187650071354,-2.829079809314419,-2.3840783313528497,0.14826187650071354,-2.829079809314419,0.0,0.0,0.0,-1.5708000000008644,7.503620121085408e-12,0.06221910148109316,-1.5708000000008644,7.503620121085408e-12,0.06221910148109316,0.0,0.0,0.0,1.3707260009787746e-11,-1.9634715337987774e-10,0.0012750607530857304,1.3707260009787746e-11,-1.9634715337987774e-10,0.0012750607530857304,0.0,0.0,0.0,robotiq_85_left_knuckle_joint,0.36394785052483425,-0.09750680102703577,,robotiq_85_left_knuckle_joint,0.36394785052483425,-0.09750680102703577,,0.0,0.0,
sentinel_joint_telemetry_v2,20260731_120941,20260731_120941:1,1,238,short_cube_pick_place,attack,mitm_trajectory_manipulation,joint_offset,medium,shoulder_pan_joint,cube,cube_transport,0.1,rad,,0,,,,cube_lift,2026-07-31T12:09:50.039+01:00,5.030805,0.020092,49.769829,0,4855.528000000,4855.528000000,trusted_fallback,0.000000,-0.11999999999997654,-4.759098930912087e-13,0.006047895868446833,-0.11999999999997654,-4.759098930912087e-13,0.006047895868446833,0.0,0.0,0.0,-1.3157706573432806,-0.06858685312645851,-29.79683871676196,-1.3157706573432806,-0.06858685312645851,-29.79683871676196,0.0,0.0,0.0,2.1254000000007425,-0.06600000000051906,-18.27131931395517,2.1254000000007425,-0.06600000000051906,-18.27131931395517,0.0,0.0,0.0,-2.3811130938228398,0.14826187650053996,-2.822958980597062,-2.3811130938228398,0.14826187650053996,-2.822958980597062,0.0,0.0,0.0,-1.5708000000006233,1.2391280709844743e-11,0.0021382642040948677,-1.5708000000006233,1.2391280709844743e-11,0.0021382642040948677,0.0,0.0,0.0,9.79651317339534e-12,-1.9567986098666112e-10,2.818383432312956e-05,9.79651317339534e-12,-1.9567986098666112e-10,2.818383432312956e-05,0.0,0.0,0.0,robotiq_85_left_knuckle_joint,0.36243132023942676,-0.06431408170927053,,robotiq_85_left_knuckle_joint,0.36243132023942676,-0.06431408170927053,,0.0,0.0,
sentinel_joint_telemetry_v2,20260731_120941,20260731_120941:1,1,239,short_cube_pick_place,attack,mitm_trajectory_manipulation,joint_offset,medium,shoulder_pan_joint,cube,cube_transport,0.1,rad,,0,,,,cube_lift,2026-07-31T12:09:50.061+01:00,5.052725,0.021920,45.621096,0,4855.550000000,4855.550000000,trusted_fallback,0.000000,-0.1199999999999848,-3.2537102352681035e-13,-0.18488467296511002,-0.1199999999999848,-3.2537102352681035e-13,-0.18488467296511002,0.0,0.0,0.0,-1.3172795681120624,-0.06858685312637655,-29.72997528840022,-1.3172795681120624,-0.06858685312637655,-29.72997528840022,0.0,0.0,0.0,2.123948000000736,-0.06600000000008932,-18.53133890286783,2.123948000000736,-0.06600000000008932,-18.53133890286783,0.0,0.0,0.0,-2.3778513325397697,0.14826187650307512,-2.9547145764298977,-2.3778513325397697,0.14826187650307512,-2.9547145764298977,0.0,0.0,0.0,-1.5708000000003177,1.488750789313542e-11,-0.06151115444942322,-1.5708000000003177,1.488750789313542e-11,-0.06151115444942322,0.0,0.0,0.0,5.495681669310523e-12,-1.953192173970164e-10,-0.0011389371833007394,5.495681669310523e-12,-1.953192173970164e-10,-0.0011389371833007394,0.0,0.0,0.0,robotiq_85_left_knuckle_joint,0.3595917631401595,-0.27235342189676726,,robotiq_85_left_knuckle_joint,0.3595917631401595,-0.27235342189676726,,0.0,0.0,
sentinel_joint_telemetry_v2,20260731_120941,20260731_120941:1,1,240,short_cube_pick_place,attack,mitm_trajectory_manipulation,joint_offset,medium,shoulder_pan_joint,cube,cube_transport,0.1,rad,,0,,,,cube_lift,2026-07-31T12:09:50.081+01:00,5.073159,0.020433,48.939326,0,4855.570000000,4855.570000000,trusted_fallback,0.000000,-0.11999999999998504,2.699898030839032e-12,-2.8838749711295977,-0.11999999999998504,2.699898030839032e-12,-2.8838749711295977,0.0,0.0,0.0,-1.3184710026833872,-0.0404998509006315,-30.455674740138353,-1.3184710026833872,-0.0404998509006315,-30.455674740138353,0.0,0.0,0.0,2.1228015021206703,-0.038972339999449476,-17.514862333004615,2.1228015021206703,-0.038972339999449476,-17.514862333004615,0.0,0.0,0.0,-2.3752758487961487,0.08754715543722859,-2.2376671981405387,-2.3752758487961487,0.08754715543722859,-2.2376671981405387,0.0,0.0,0.0,-1.5707999999999172,9.513839022146087e-11,-1.5446972830104817,-1.5707999999999172,9.513839022146087e-11,-1.5446972830104817,0.0,0.0,0.0,2.3245821572091087e-12,-2.437812538641504e-10,0.14749809609915832,2.3245821572091087e-12,-2.437812538641504e-10,0.14749809609915832,0.0,0.0,0.0,robotiq_85_left_knuckle_joint,0.3573378740675695,-0.28762249752207103,,robotiq_85_left_knuckle_joint,0.3573378740675695,-0.28762249752207103,,0.0,0.0,
sentinel_joint_telemetry_v2,20260731_120941,20260731_120941:1,1,241,short_cube_pick_place,attack,mitm_trajectory_manipulation,joint_offset,medium,shoulder_pan_joint,cube,cube_transport,0.1,rad,,0,,,,cube_lift,2026-07-31T12:09:50.101+01:00,5.093195,0.020036,49.909878,0,4855.590000000,4855.590000000,trusted_fallback,0.000000,-0.1199999999999938,-3.316934400754423e-13,-2.9222246644830183e-05,-0.1199999999999938,-3.316934400754423e-13,-2.9222246644830183e-05,0.0,0.0,0.0,-1.318945814352571,-0.014121424835126342,-29.746271610042918,-1.318945814352571,-0.014121424835126342,-29.746271610042918,0.0,0.0,0.0,2.1223445986655913,-0.013588814715085275,-18.37789543169748,2.1223445986655913,-0.013588814715085275,-18.37789543169748,0.0,0.0,0.0,-2.3742494644987637,0.030525805607842776,-2.823322631649548,-2.3742494644987637,0.030525805607842776,-2.823322631649548,0.0,0.0,0.0,-1.5708000000000115,6.415683956317864e-13,4.5288345468064885e-05,-1.5708000000000115,6.415683956317864e-13,4.5288345468064885e-05,0.0,0.0,0.0,7.444891962219529e-13,-4.135754195708219e-11,-3.619625593854928e-06,7.444891962219529e-13,-4.135754195708219e-11,-3.619625593854928e-06,0.0,0.0,0.0,robotiq_85_left_knuckle_joint,0.3576997521443116,0.02052290065521256,,robotiq_85_left_knuckle_joint,0.3576997521443116,0.02052290065521256,,0.0,0.0,
sentinel_joint_telemetry_v2,20260731_120941,20260731_120941:1,1,242,short_cube_pick_place,attack,mitm_trajectory_manipulation,joint_offset,medium,shoulder_pan_joint,cube,cube_transport,0.1,rad,,0,,,,cube_lift,2026-07-31T12:09:50.121+01:00,5.113613,0.020418,48.975902,0,4855.610000000,4855.610000000,trusted_fallback,0.000000,-0.11999999999999701,-1.616031527346129e-13,-6.914056689287171e-05,-0.11999999999999701,-1.616031527346129e-13,-6.914056689287171e-05,0.0,0.0,0.0,-1.3191113709447075,-0.004923836383026911,-29.743592997023093,-1.3191113709447075,-0.004923836383026911,-29.743592997023093,0.0,0.0,0.0,2.122185286281626,-0.0047381267168178625,-18.38351086466222,2.122185286281626,-0.0047381267168178625,-18.38351086466222,0.0,0.0,0.0,-2.373891586422935,0.010643690284508282,-2.823266806584253,-2.373891586422935,0.010643690284508282,-2.823266806584253,0.0,0.0,0.0,-1.570800000000002,1.1272146410723494e-13,0.00013301105389382936,-1.570800000000002,1.1272146410723494e-13,0.00013301105389382936,0.0,0.0,0.0,2.602596244174299e-13,-1.4464063844213393e-11,-1.504306136347752e-06,2.602596244174299e-13,-1.4464063844213393e-11,-1.504306136347752e-06,0.0,0.0,0.0,robotiq_85_left_knuckle_joint,0.35787089753535595,-0.0023609318305736517,,robotiq_85_left_knuckle_joint,0.35787089753535595,-0.0023609318305736517,,0.0,0.0,
sentinel_joint_telemetry_v2,20260731_120941,20260731_120941:1,1,243,short_cube_pick_place,attack,mitm_trajectory_manipulation,joint_offset,medium,shoulder_pan_joint,cube,cube_transport,0.1,rad,,0,,,,cube_lift,2026-07-31T12:09:50.142+01:00,5.133877,0.020264,49.348345,0,4855.630000000,4855.630000000,trusted_fallback,0.000000,-0.11999999999999866,-7.204848696817923e-14,-5.953079830847696e-05,-0.11999999999999866,-7.204848696817923e-14,-5.953079830847696e-05,0.0,0.0,0.0,-1.3191690969589962,-0.00171683558918013,-29.742782250443042,-1.3191690969589962,-0.00171683558918013,-29.742782250443042,0.0,0.0,0.0,2.122129737488106,-0.0016520826323352666,-18.385431248245936,2.122129737488106,-0.0016520826323352666,-18.385431248245936,0.0,0.0,0.0,-2.3737668020536815,0.0037112253261330046,-2.8232316091879084,-2.3737668020536815,0.0037112253261330046,-2.8232316091879084,0.0,0.0,0.0,-1.5708000000000006,2.5568956674160148e-14,0.00015152589578025925,-1.5708000000000006,2.5568956674160148e-14,0.00015152589578025925,0.0,0.0,0.0,9.096066393307298e-14,-5.06038093373018e-12,-9.166773132535077e-07,9.096066393307298e-14,-5.06038093373018e-12,-9.166773132535077e-07,0.0,0.0,0.0,robotiq_85_left_knuckle_joint,0.3577622548203065,-0.009110854915554502,,robotiq_85_left_knuckle_joint,0.3577622548203065,-0.009110854915554502,,0.0,0.0,
sentinel_joint_telemetry_v2,20260731_120941,20260731_120941:1,1,244,short_cube_pick_place,attack,mitm_trajectory_manipulation,joint_offset,medium,shoulder_pan_joint,cube,cube_transport,0.1,rad,,0,,,,cube_lift,2026-07-31T12:09:50.162+01:00,5.154324,0.020447,48.905892,0,4855.650000000,4855.650000000,trusted_fallback,0.000000,-0.11999999999999944,-3.0457841110331785e-14,-0.00016249274294491932,-0.11999999999999944,-3.0457841110331785e-14,-0.00016249274294491932,0.0,0.0,0.0,-1.3191892247756098,-0.0005986235550795634,-29.74253892367349,-1.3191892247756098,-0.0005986235550795634,-29.74253892367349,0.0,0.0,0.0,2.1221103688214353,-0.0005760455950603437,-18.386091004080335,2.1221103688214353,-0.0005760455950603437,-18.386091004080335,0.0,0.0,0.0,-2.373723292434452,0.0012940242578704728,-2.8232099637493886,-2.373723292434452,0.0012940242578704728,-2.8232099637493886,0.0,0.0,0.0,-1.5708000000000006,3.1585845050585704e-14,8.848511964250835e-05,-1.5708000000000006,3.1585845050585704e-14,8.848511964250835e-05,0.0,0.0,0.0,3.159930522258723e-14,-1.7571063961469013e-12,-5.521717839904416e-06,3.159930522258723e-14,-1.7571063961469013e-12,-5.521717839904416e-06,0.0,0.0,0.0,robotiq_85_left_knuckle_joint,0.3575920908611419,-0.0079413762348267,,robotiq_85_left_knuckle_joint,0.3575920908611419,-0.0079413762348267,,0.0,0.0,
sentinel_joint_telemetry_v2,20260731_120941,20260731_120941:1,1,245,short_cube_pick_place,attack,mitm_trajectory_manipulation,joint_offset,medium,shoulder_pan_joint,cube,cube_transport,0.1,rad,,0,,,,cube_lift,2026-07-31T12:09:50.183+01:00,5.174896,0.020571,48.611261,0,4855.670000000,4855.670000000,trusted_fallback,0.000000,-0.12000000116725888,6.484772221960165e-08,-0.004169144972772983,-0.12000000116725888,6.484772221960165e-08,-0.004169144972772983,0.0,0.0,0.0,-1.3191962119834637,-0.00021044534096431415,-29.74005725028983,-1.3191962119834637,-0.00021044534096431415,-29.74005725028983,0.0,0.0,0.0,2.122103622126483,-0.00020122920880172313,-18.384514843651026,2.122103622126483,-0.00020122920880172313,-18.384514843651026,0.0,0.0,0.0,-2.3737078346745193,0.00043525981716075607,-2.8227518370814737,-2.3737078346745193,0.00043525981716075607,-2.8227518370814737,0.0,0.0,0.0,-1.5707999901923444,-5.448695963444772e-07,-0.002080016798993595,-1.5707999901923444,-5.448695963444772e-07,-0.002080016798993595,0.0,0.0,0.0,1.999186149296525e-07,-1.1106589673075219e-05,-4.294531162194964e-05,1.999186149296525e-07,-1.1106589673075219e-05,-4.294531162194964e-05,0.0,0.0,0.0,robotiq_85_left_knuckle_joint,0.35772335475889117,-0.009179732883444942,,robotiq_85_left_knuckle_joint,0.35772335475889117,-0.009179732883444942,,0.0,0.0,
sentinel_joint_telemetry_v2,20260731_120941,20260731_120941:1,1,246,short_cube_pick_place,attack,mitm_trajectory_manipulation,joint_offset,medium,shoulder_pan_joint,cube,cube_transport,0.1,rad,,0,,,,cube_lift,2026-07-31T12:09:50.204+01:00,5.196107,0.021211,47.144873,0,4855.690000000,4855.690000000,trusted_fallback,0.000000,-0.12000000563789764,3.1321636835297123e-07,0.12013636076198611,-0.12000000563789764,3.1321636835297123e-07,0.12013636076198611,0.0,0.0,0.0,-1.3191985758607494,-7.911882503899154e-05,-29.81806107946089,-1.3191985758607494,-7.911882503899154e-05,-29.81806107946089,0.0,0.0,0.0,2.122101285826177,-7.143474723654043e-05,-18.44526967795253,2.122101285826177,-7.143474723654043e-05,-18.44526967795253,0.0,0.0,0.0,-2.3737017699794487,9.833231398154521e-05,-2.8384250226719976,-2.3737017699794487,9.833231398154521e-05,-2.8384250226719976,0.0,0.0,0.0,-1.5707999706006404,-1.6333025524709402e-06,0.06515608282008241,-1.5707999706006404,-1.6333025524709402e-06,0.06515608282008241,0.0,0.0,0.0,6.830588173044628e-07,-3.794771327966882e-05,0.001190042261827573,6.830588173044628e-07,-3.794771327966882e-05,0.001190042261827573,0.0,0.0,0.0,robotiq_85_left_knuckle_joint,0.35795917318595705,-0.010066263265475175,,robotiq_85_left_knuckle_joint,0.35795917318595705,-0.010066263265475175,,0.0,0.0,
sentinel_joint_telemetry_v2,20260731_120941,20260731_120941:1,1,247,short_cube_pick_place,attack,mitm_trajectory_manipulation,joint_offset,medium,shoulder_pan_joint,cube,cube_transport,0.1,rad,,0,,,,cube_lift,2026-07-31T12:09:50.225+01:00,5.217142,0.021035,47.539715,0,4855.710000000,4855.710000000,trusted_fallback,0.000000,-0.1200000019658133,1.0921182238329136e-07,0.03726368248147351,-0.1200000019658133,1.0921182238329136e-07,0.03726368248147351,0.0,0.0,0.0,-1.3191995034330877,-2.7587028511605327e-05,-29.764395900711186,-1.3191995034330877,-2.7587028511605327e-05,-29.764395900711186,0.0,0.0,0.0,2.1221004483403374,-2.490775623558046e-05,-18.40414680309822,2.1221004483403374,-2.490775623558046e-05,-18.40414680309822,0.0,0.0,0.0,-2.373700617152246,3.428635775032732e-05,-2.827965949429423,-2.373700617152246,3.428635775032732e-05,-2.827965949429423,0.0,0.0,0.0,-1.5707999897490756,-5.694966046842012e-07,0.020384006370116423,-1.5707999897490756,-5.694966046842012e-07,0.020384006370116423,0.0,0.0,0.0,2.3816788334727823e-07,-1.3231549236315332e-05,0.0003459331144315611,2.3816788334727823e-07,-1.3231549236315332e-05,0.0003459331144315611,0.0,0.0,0.0,robotiq_85_left_knuckle_joint,0.35785158499462855,-0.01347651296406454,,robotiq_85_left_knuckle_joint,0.35785158499462855,-0.01347651296406454,,0.0,0.0,
sentinel_joint_telemetry_v2,20260731_120941,20260731_120941:1,1,248,short_cube_pick_place,attack,mitm_trajectory_manipulation,joint_offset,medium,shoulder_pan_joint,cube,cube_transport,0.1,rad,,0,,,,cube_lift,2026-07-31T12:09:50.246+01:00,5.237837,0.020695,48.321238,0,4855.730000000,4855.730000000,trusted_fallback,0.000000,-0.12000000261345144,1.4519174695230667e-07,-0.00010238001658469456,-0.12000000261345144,1.4519174695230667e-07,-0.00010238001658469456,0.0,0.0,0.0,-1.3191997819716192,-1.211266566875091e-05,-29.742312398410988,-1.3191997819716192,-1.211266566875091e-05,-29.742312398410988,0.0,0.0,0.0,2.122100166175682,-9.23194211264848e-06,-18.386441099720344,2.122100166175682,-9.23194211264848e-06,-18.386441099720344,0.0,0.0,0.0,-2.3736997982824835,-1.1206407012420011e-05,-2.8232209737285032,-2.3736997982824835,-1.1206407012420011e-05,-2.8232209737285032,0.0,0.0,0.0,-1.5707999835943214,-9.114265856107265e-07,8.830393371605095e-05,-1.5707999835943214,-9.114265856107265e-07,8.830393371605095e-05,0.0,0.0,0.0,3.425098341444929e-07,-1.902832411670584e-05,-4.392250523982645e-06,3.425098341444929e-07,-1.902832411670584e-05,-4.392250523982645e-06,0.0,0.0,0.0,robotiq_85_left_knuckle_joint,0.3579089972102638,-0.005289357943601199,,robotiq_85_left_knuckle_joint,0.3579089972102638,-0.005289357943601199,,0.0,0.0,
sentinel_joint_telemetry_v2,20260731_120941,20260731_120941:1,1,249,short_cube_pick_place,attack,mitm_trajectory_manipulation,joint_offset,medium,shoulder_pan_joint,cube,cube_transport,0.1,rad,,0,,,,cube_lift,2026-07-31T12:09:50.267+01:00,5.259297,0.021461,46.596965,0,4855.750000000,4855.750000000,trusted_fallback,0.000000,-0.12000000091125415,5.0625229776075226e-08,0.0005016272741774526,-0.12000000091125415,5.0625229776075226e-08,0.0005016272741774526,0.0,0.0,0.0,-1.3191999239779446,-4.22342536313125e-06,-29.74249529868942,-1.3191999239779446,-4.22342536313125e-06,-29.74249529868942,0.0,0.0,0.0,2.1221000579423497,-3.2189791846666538e-06,-18.386592527921024,2.1221000579423497,-3.2189791846666538e-06,-18.386592527921024,0.0,0.0,0.0,-2.3736999296640238,-3.907432563420021e-06,-2.823268385098806,-2.3736999296640238,-3.907432563420021e-06,-2.823268385098806,0.0,0.0,0.0,-1.5707999942796926,-3.1779488121608246e-07,0.00042728041844665655,-1.5707999942796926,-3.1779488121608246e-07,0.00042728041844665655,0.0,0.0,0.0,1.1942579498311617e-07,-6.634766394989075e-06,6.8609648223110725e-06,1.1942579498311617e-07,-6.634766394989075e-06,6.8609648223110725e-06,0.0,0.0,0.0,robotiq_85_left_knuckle_joint,0.357707428779375,-0.011460704894725657,,robotiq_85_left_knuckle_joint,0.357707428779375,-0.011460704894725657,,0.0,0.0,
sentinel_joint_telemetry_v2,20260731_120941,20260731_120941:1,1,250,short_cube_pick_place,attack,mitm_trajectory_manipulation,joint_offset,medium,shoulder_pan_joint,cube,cube_transport,0.1,rad,,0,,,,cube_lift,2026-07-31T12:09:50.289+01:00,5.281015,0.021717,46.046104,0,4855.770000000,4855.770000000,trusted_fallback,0.000000,-0.12000000170717877,9.484326496541316e-08,-0.00011999501660776672,-0.12000000170717877,9.484326496541316e-08,-0.00011999501660776672,0.0,0.0,0.0,-1.319199932263865,-3.763096455007553e-06,-29.742279343922256,-1.319199932263865,-3.763096455007553e-06,-29.742279343922256,0.0,0.0,0.0,2.122100029155625,-1.61971670695725e-06,-18.38639743378556,2.122100029155625,-1.61971670695725e-06,-18.38639743378556,0.0,0.0,0.0,-2.3736995934874234,-2.2583910351016423e-05,-2.8232003898193923,-2.3736995934874234,-2.2583910351016423e-05,-2.8232003898193923,0.0,0.0,0.0,-1.5707999844077416,-8.662365836020758e-07,6.871780214688152e-05,-1.5707999844077416,-8.662365836020758e-07,6.871780214688152e-05,0.0,0.0,0.0,2.717171484452607e-07,-1.5095397137174183e-05,-3.6497929809243147e-06,2.717171484452607e-07,-1.5095397137174183e-05,-3.6497929809243147e-06,0.0,0.0,0.0,robotiq_85_left_knuckle_joint,0.3577263914738613,-0.012404321102650911,,robotiq_85_left_knuckle_joint,0.3577263914738613,-0.012404321102650911,,0.0,0.0,
sentinel_joint_telemetry_v2,20260731_120941,20260731_120941:1,1,251,short_cube_pick_place,attack,mitm_trajectory_manipulation,joint_offset,medium,shoulder_pan_joint,cube,cube_transport,0.1,rad,,0,,,,cube_lift,2026-07-31T12:09:50.310+01:00,5.302332,0.021317,46.911083,0,4855.790000000,4855.790000000,trusted_fallback,0.000000,-0.12000000310369928,7.379437293435903e-10,0.0024324963929557315,-0.12000000310369928,7.379437293435903e-10,0.0024324963929557315,0.0,0.0,0.0,-1.3193972616943277,-0.06464751978405182,-29.747315005495594,-1.3193972616943277,-0.06464751978405182,-29.747315005495594,0.0,0.0,0.0,2.121946831938818,-0.05018375577988571,-18.386381857008892,2.121946831938818,-0.05018375577988571,-18.386381857008892,0.0,0.0,0.0,-2.3733488569203973,0.11480733892541362,-2.8228365222592133,-2.3733488569203973,0.11480733892541362,-2.8228365222592133,0.0,0.0,0.0,-1.5707999783904967,-5.1359829453603845e-09,3.793568569734469e-05,-1.5707999783904967,-5.1359829453603845e-09,3.793568569734469e-05,0.0,0.0,0.0,4.230495222321396e-07,-1.0054714834513423e-07,-5.178268600650348e-06,4.230495222321396e-07,-1.0054714834513423e-07,-5.178268600650348e-06,0.0,0.0,0.0,robotiq_85_left_knuckle_joint,0.35778498912656526,-0.005578379498180647,,robotiq_85_left_knuckle_joint,0.35778498912656526,-0.005578379498180647,,0.0,0.0,
sentinel_joint_telemetry_v2,20260731_120941,20260731_120941:1,1,252,short_cube_pick_place,attack,mitm_trajectory_manipulation,joint_offset,medium,shoulder_pan_joint,cube,cube_transport,0.1,rad,,0,,,,cube_lift,2026-07-31T12:09:50.332+01:00,5.324118,0.021787,45.899491,0,4855.810000000,4855.810000000,trusted_fallback,0.000000,-0.12000000306293097,2.786986384077997e-09,0.036969052378968977,-0.12000000306293097,2.786986384077997e-09,0.036969052378968977,0.0,0.0,0.0,-1.3229711574847605,-0.2441534249921774,-29.78804807210326,-1.3229711574847605,-0.2441534249921774,-29.78804807210326,0.0,0.0,0.0,2.1191725334944462,-0.18952832061765154,-18.432316382021742,2.1191725334944462,-0.18952832061765154,-18.432316382021742,0.0,0.0,0.0,-2.367001985974619,0.43359134391448334,-2.8178724387979313,-2.367001985974619,0.43359134391448334,-2.8178724387979313,0.0,0.0,0.0,-1.5707999786744273,-1.939702126002585e-08,7.843350076336328e-05,-1.5707999786744273,-1.939702126002585e-08,7.843350076336328e-05,0.0,0.0,0.0,4.174909940650626e-07,-3.7973510595029104e-07,-1.2860875581685164e-06,4.174909940650626e-07,-3.7973510595029104e-07,-1.2860875581685164e-06,0.0,0.0,0.0,robotiq_85_left_knuckle_joint,0.3575339942746577,-0.011704107988124959,,robotiq_85_left_knuckle_joint,0.3575339942746577,-0.011704107988124959,,0.0,0.0,
sentinel_joint_telemetry_v2,20260731_120941,20260731_120941:1,1,253,short_cube_pick_place,attack,mitm_trajectory_manipulation,joint_offset,medium,shoulder_pan_joint,cube,cube_transport,0.1,rad,,0,,,,cube_lift,2026-07-31T12:09:50.353+01:00,5.345504,0.021385,46.760691,0,4855.830000000,4855.830000000,trusted_fallback,0.000000,-0.12000000299813149,3.500084419993596e-09,0.6864716947799308,-0.12000000299813149,3.500084419993596e-09,0.6864716947799308,0.0,0.0,0.0,-1.3286495424667248,-0.3067432640028809,-30.035387513917474,-1.3286495424667248,-0.3067432640028809,-30.035387513917474,0.0,0.0,0.0,2.114764588901934,-0.23811476611160157,-18.89811023266313,2.114764588901934,-0.23811476611160157,-18.89811023266313,0.0,0.0,0.0,-2.356917758912043,0.5447444535348768,-2.899697614396215,-2.356917758912043,0.5447444535348768,-2.899697614396215,0.0,0.0,0.0,-1.5707999791255796,-2.439193276439905e-08,0.368405600360636,-1.5707999791255796,-2.439193276439905e-08,0.368405600360636,0.0,0.0,0.0,4.086593152478537e-07,-4.77090356046676e-07,0.010021531236375471,4.086593152478537e-07,-4.77090356046676e-07,0.010021531236375471,0.0,0.0,0.0,robotiq_85_left_knuckle_joint,0.35744112892249635,0.0905562104583977,,robotiq_85_left_knuckle_joint,0.35744112892249635,0.0905562104583977,,0.0,0.0,
sentinel_joint_telemetry_v2,20260731_120941,20260731_120941:1,1,254,short_cube_pick_place,attack,mitm_trajectory_manipulation,joint_offset,medium,shoulder_pan_joint,cube,cube_transport,0.1,rad,,0,,,,cube_lift,2026-07-31T12:09:50.374+01:00,5.366556,0.021052,47.500762,0,4855.852000000,4855.852000000,trusted_fallback,0.000000,-0.12000000291742854,3.7700383123499825e-09,-6.317078345607481,-0.12000000291742854,3.7700383123499825e-09,-6.317078345607481,0.0,0.0,0.0,-1.3357211880625532,-0.32973530271137086,-28.964050372178527,-1.3357211880625532,-0.32973530271137086,-28.964050372178527,0.0,0.0,0.0,2.109275101650968,-0.25596273397901737,-18.02831328096547,2.109275101650968,-0.25596273397901737,-18.02831328096547,0.0,0.0,0.0,-2.34435924445432,0.5855759469427838,-2.578469594161798,-2.34435924445432,0.5855759469427838,-2.578469594161798,0.0,0.0,0.0,-1.5707999796872534,-2.598851978497657e-08,-3.4598412608723823,-1.5707999796872534,-2.598851978497657e-08,-3.4598412608723823,0.0,0.0,0.0,3.976607266165974e-07,-5.127835177127713e-07,-0.06936499633013944,3.976607266165974e-07,-5.127835177127713e-07,-0.06936499633013944,0.0,0.0,0.0,robotiq_85_left_knuckle_joint,0.3619823048989948,-0.2760164129543271,,robotiq_85_left_knuckle_joint,0.3619823048989948,-0.2760164129543271,,0.0,0.0,
sentinel_joint_telemetry_v2,20260731_120941,20260731_120941:1,1,255,short_cube_pick_place,attack,mitm_trajectory_manipulation,joint_offset,medium,shoulder_pan_joint,cube,cube_transport,0.1,rad,,0,,,,cube_lift,2026-07-31T12:09:50.396+01:00,5.388639,0.022083,45.284473,0,4855.874000000,4855.874000000,trusted_fallback,0.000000,-0.12000000283349735,3.844899443316077e-09,0.07708340807611579,-0.12000000283349735,3.844899443316077e-09,0.07708340807611579,0.0,0.0,0.0,-1.3430768177384325,-0.33695044808250546,-29.551952528829187,-1.3430768177384325,-0.33695044808250546,-29.551952528829187,0.0,0.0,0.0,2.1035651668442354,-0.26156361541133705,-18.939577809906005,2.1035651668442354,-0.26156361541133705,-18.939577809906005,0.0,0.0,0.0,-2.3312964035103034,0.5983893022450153,-2.811535852317686,-2.3312964035103034,0.5983893022450153,-2.811535852317686,0.0,0.0,0.0,-1.5707999802717314,-2.6770079555871185e-08,0.003755332307430925,-1.5707999802717314,-2.6770079555871185e-08,0.003755332307430925,0.0,0.0,0.0,3.862203958905216e-07,-5.240639336929857e-07,3.427204731056681e-05,3.862203958905216e-07,-5.240639336929857e-07,3.427204731056681e-05,0.0,0.0,0.0,robotiq_85_left_knuckle_joint,0.36306854158099494,-0.0370393356416395,,robotiq_85_left_knuckle_joint,0.36306854158099494,-0.0370393356416395,,0.0,0.0,
sentinel_joint_telemetry_v2,20260731_120941,20260731_120941:1,1,256,short_cube_pick_place,attack,mitm_trajectory_manipulation,joint_offset,medium,shoulder_pan_joint,cube,cube_transport,0.1,rad,,0,,,,cube_lift,2026-07-31T12:09:50.416+01:00,5.408652,0.020013,49.967386,0,4855.894000000,4855.894000000,trusted_fallback,0.000000,-0.12000000275628948,3.86927113482996e-09,0.16284962623415986,-0.12000000275628948,3.86927113482996e-09,0.16284962623415986,0.0,0.0,0.0,-1.3498431353534412,-0.33909958525705947,-29.487465507856662,-1.3498431353534412,-0.33909958525705947,-29.487465507856662,0.0,0.0,0.0,2.0983126957213387,-0.26323192032796766,-19.160183053167735,2.0983126957213387,-0.26323192032796766,-19.160183053167735,0.0,0.0,0.0,-2.319280120108763,0.6022059485893124,-2.819929045565876,-2.319280120108763,0.6022059485893124,-2.819929045565876,0.0,0.0,0.0,-1.570799980809312,-2.6942568277961432e-08,0.04917535789688132,-1.570799980809312,-2.6942568277961432e-08,0.04917535789688132,0.0,0.0,0.0,3.756966619261751e-07,-5.274078678655161e-07,0.0008267569290544748,3.756966619261751e-07,-5.274078678655161e-07,0.0008267569290544748,0.0,0.0,0.0,robotiq_85_left_knuckle_joint,0.36420409738761395,0.13121090540871472,,robotiq_85_left_knuckle_joint,0.36420409738761395,0.13121090540871472,,0.0,0.0,
sentinel_joint_telemetry_v2,20260731_120941,20260731_120941:1,1,257,short_cube_pick_place,attack,mitm_trajectory_manipulation,joint_offset,medium,shoulder_pan_joint,cube,cube_transport,0.1,rad,,0,,,,cube_lift,2026-07-31T12:09:50.439+01:00,5.430709,0.022057,45.337916,0,4855.916000000,4855.916000000,trusted_fallback,0.000000,-0.1200000026710373,3.878339549685805e-09,0.07615393180843816,-0.1200000026710373,3.878339549685805e-09,0.07615393180843816,0.0,0.0,0.0,-1.3573144271155766,-0.33988905916994827,-29.30491376763987,-1.3573144271155766,-0.33988905916994827,-29.30491376763987,0.0,0.0,0.0,2.0925129762189227,-0.26384476311250243,-19.319267570411384,2.0925129762189227,-0.26384476311250243,-19.319267570411384,0.0,0.0,0.0,-2.3060118752083736,0.6036079729730168,-2.8096079410906203,-2.3060118752083736,0.6036079729730168,-2.8096079410906203,0.0,0.0,0.0,-1.5707999814028688,-2.7002486448213237e-08,0.002676563836250554,-1.5707999814028688,-2.7002486448213237e-08,0.002676563836250554,0.0,0.0,0.0,3.6407644911416797e-07,-5.286343008940007e-07,4.664657894564144e-06,3.6407644911416797e-07,-5.286343008940007e-07,4.664657894564144e-06,0.0,0.0,0.0,robotiq_85_left_knuckle_joint,0.3674516511187586,0.15670268176095384,,robotiq_85_left_knuckle_joint,0.3674516511187586,0.15670268176095384,,0.0,0.0,
sentinel_joint_telemetry_v2,20260731_120941,20260731_120941:1,1,258,short_cube_pick_place,attack,mitm_trajectory_manipulation,joint_offset,medium,shoulder_pan_joint,cube,cube_transport,0.1,rad,,0,,,,cube_lift,2026-07-31T12:09:50.461+01:00,5.452702,0.021994,45.467661,0,4855.938000000,4855.938000000,trusted_fallback,0.000000,-0.12000000258567434,3.881146941374716e-09,0.07050027458330946,-0.12000000258567434,3.881146941374716e-09,0.07050027458330946,0.0,0.0,0.0,-1.3647954699931182,-0.3401368044490914,-29.176160797990605,-1.3647954699931182,-0.3401368044490914,-29.176160797990605,0.0,0.0,0.0,2.0867056872444576,-0.26403707967196943,-19.52395928831053,2.0867056872444576,-0.26403707967196943,-19.52395928831053,0.0,0.0,0.0,-2.2927263133310096,0.6040479430809398,-2.8115543784005035,-2.2927263133310096,0.6040479430809398,-2.8115543784005035,0.0,0.0,0.0,-1.5707999819972007,-2.7022336781395984e-08,0.00018635007955924044,-1.5707999819972007,-2.7022336781395984e-08,0.00018635007955924044,0.0,0.0,0.0,3.524410796546521e-07,-5.290194691066463e-07,-5.343313435594657e-06,3.524410796546521e-07,-5.290194691066463e-07,-5.343313435594657e-06,0.0,0.0,0.0,robotiq_85_left_knuckle_joint,0.37086138647963146,0.1486025596005539,,robotiq_85_left_knuckle_joint,0.37086138647963146,0.1486025596005539,,0.0,0.0,
sentinel_joint_telemetry_v2,20260731_120941,20260731_120941:1,1,259,short_cube_pick_place,attack,mitm_trajectory_manipulation,joint_offset,medium,shoulder_pan_joint,cube,cube_transport,0.1,rad,,0,,,,cube_lift,2026-07-31T12:09:50.483+01:00,5.474672,0.021970,45.516688,0,4855.960000000,4855.960000000,trusted_fallback,0.000000,-0.12000001159633088,5.092183665397938e-07,0.0685048929381755,-0.12000001159633088,5.092183665397938e-07,0.0685048929381755,0.0,0.0,0.0,-1.3722795740788953,-0.340214482604055,-29.036920873130835,-1.3722795740788953,-0.340214482604055,-29.036920873130835,0.0,0.0,0.0,2.080895992164865,-0.2640957237244208,-19.715957789708906,2.080895992164865,-0.2640957237244208,-19.715957789708906,0.0,0.0,0.0,-2.2794352401625577,0.6041817303504355,-2.8096629975130516,-2.2794352401625577,0.6041817303504355,-2.8096629975130516,0.0,0.0,0.0,-1.5707999435069953,-2.1984054785874688e-06,-0.0011323109396097694,-1.5707999435069953,-2.1984054785874688e-06,-0.0011323109396097694,0.0,0.0,0.0,5.76469725504226e-07,-1.3621849866243254e-05,-8.131485184148022e-05,5.76469725504226e-07,-1.3621849866243254e-05,-8.131485184148022e-05,0.0,0.0,0.0,robotiq_85_left_knuckle_joint,0.37405671384446537,0.13358520378781089,,robotiq_85_left_knuckle_joint,0.37405671384446537,0.13358520378781089,,0.0,0.0,
sentinel_joint_telemetry_v2,20260731_120941,20260731_120941:1,1,260,short_cube_pick_place,attack,mitm_trajectory_manipulation,joint_offset,medium,shoulder_pan_joint,cube,cube_transport,0.1,rad,,0,,,,cube_lift,2026-07-31T12:09:50.505+01:00,5.496813,0.022141,45.165478,0,4855.982000000,4855.982000000,trusted_fallback,0.000000,-0.12000000508179753,1.520450630464014e-07,0.07123080508317248,-0.12000000508179753,1.520450630464014e-07,0.07123080508317248,0.0,0.0,0.0,-1.379764642721458,-0.3402385742709168,-28.89417362049776,-1.379764642721458,-0.3402385742709168,-28.89417362049776,0.0,0.0,0.0,2.075085600029027,-0.2641156424299059,-19.9072028337988,2.075085600029027,-0.2641156424299059,-19.9072028337988,0.0,0.0,0.0,-2.2661426462621446,0.6042310325110588,-2.8089577596211104,-2.2661426462621446,0.6042310325110588,-2.8089577596211104,0.0,0.0,0.0,-1.5707999779730182,-3.166658371685921e-07,0.00043743130676653167,-1.5707999779730182,-3.166658371685921e-07,0.00043743130676653167,0.0,0.0,0.0,5.927895359679937e-07,-1.5175300558015192e-05,-6.222369699148099e-05,5.927895359679937e-07,-1.5175300558015192e-05,-6.222369699148099e-05,0.0,0.0,0.0,robotiq_85_left_knuckle_joint,0.3769098060860337,0.1119815082031188,,robotiq_85_left_knuckle_joint,0.3769098060860337,0.1119815082031188,,0.0,0.0,
sentinel_joint_telemetry_v2,20260731_120941,20260731_120941:1,1,261,short_cube_pick_place,attack,mitm_trajectory_manipulation,joint_offset,medium,shoulder_pan_joint,cube,cube_transport,0.1,rad,,0,,,,cube_lift,2026-07-31T12:09:50.527+01:00,5.518696,0.021883,45.696584,0,4856.004000000,4856.004000000,trusted_fallback,0.000000,-0.12000000316636718,5.037742204709421e-08,0.07077946055216475,-0.12000000316636718,5.037742204709421e-08,0.07077946055216475,0.0,0.0,0.0,-1.387250002603058,-0.34024648599126,-28.747892374683424,-1.387250002603058,-0.34024648599126,-28.747892374683424,0.0,0.0,0.0,2.069274965313249,-0.26412208447202296,-20.095455998975304,2.069274965313249,-0.26412208447202296,-20.095455998975304,0.0,0.0,0.0,-2.252849388721428,0.6042434657658698,-2.808265527483817,-2.252849388721428,0.6042434657658698,-2.808265527483817,0.0,0.0,0.0,-1.570799982145093,-1.1792153064259236e-07,0.00029507010973170954,-1.570799982145093,-1.1792153064259236e-07,0.00029507010973170954,0.0,0.0,0.0,4.002471960765968e-07,-5.125298518000171e-06,-7.439252529096572e-05,4.002471960765968e-07,-5.125298518000171e-06,-7.439252529096572e-05,0.0,0.0,0.0,robotiq_85_left_knuckle_joint,0.3792192404618914,0.09762039943212662,,robotiq_85_left_knuckle_joint,0.3792192404618914,0.09762039943212662,,0.0,0.0,
sentinel_joint_telemetry_v2,20260731_120941,20260731_120941:1,1,262,short_cube_pick_place,attack,mitm_trajectory_manipulation,joint_offset,medium,shoulder_pan_joint,cube,cube_transport,0.1,rad,,0,,,,cube_lift,2026-07-31T12:09:50.549+01:00,5.540687,0.021991,45.474050,0,4856.026000000,4856.026000000,trusted_fallback,0.000000,-0.1200000025066751,1.8473047487099076e-08,0.07119207012063301,-0.1200000025066751,1.8473047487099076e-08,0.07119207012063301,0.0,0.0,0.0,-1.3947354602055544,-0.34024896877292726,-28.598396848781945,-1.3947354602055544,-0.34024896877292726,-28.598396848781945,0.0,0.0,0.0,2.063464251029172,-0.2641241060531101,-20.281029572514527,2.063464251029172,-0.2641241060531101,-20.281029572514527,0.0,0.0,0.0,-2.2395559776124925,0.6042473674529776,-2.8077000346715306,-2.2395559776124925,0.6042473674529776,-2.8077000346715306,0.0,0.0,0.0,-1.5707999838624056,-5.555377507928533e-08,0.0005955754204165557,-1.5707999838624056,-5.555377507928533e-08,0.0005955754204165557,0.0,0.0,0.0,3.318365450520461e-07,-1.9715013722437693e-06,-8.093116975406129e-05,3.318365450520461e-07,-1.9715013722437693e-06,-8.093116975406129e-05,0.0,0.0,0.0,robotiq_85_left_knuckle_joint,0.3811671733359186,0.08052029367945013,,robotiq_85_left_knuckle_joint,0.3811671733359186,0.08052029367945013,,0.0,0.0,
sentinel_joint_telemetry_v2,20260731_120941,20260731_120941:1,1,263,short_cube_pick_place,attack,mitm_trajectory_manipulation,joint_offset,medium,shoulder_pan_joint,cube,cube_transport,0.1,rad,,0,,,,cube_lift,2026-07-31T12:09:50.571+01:00,5.563095,0.022408,44.626493,0,4856.048000000,4856.048000000,trusted_fallback,0.000000,-0.12000001108365647,4.99717195451407e-07,0.07450122368295316,-0.12000001108365647,4.99717195451407e-07,0.07450122368295316,0.0,0.0,0.0,-1.4022209439981974,-0.34024999654643634,-28.44420977650736,-1.4022209439981974,-0.34024999654643634,-28.44420977650736,0.0,0.0,0.0,2.057653516947059,-0.2641250277433615,-20.462262717581673,2.057653516947059,-0.2641250277433615,-20.462262717581673,0.0,0.0,0.0,-2.226262457452683,0.6042452107582376,-2.8067493606356457,-2.226262457452683,0.6042452107582376,-2.8067493606356457,0.0,0.0,0.0,-1.570800008446947,1.2772154930709191e-06,0.0023621954764091965,-1.570800008446947,1.2772154930709191e-06,0.0023621954764091965,0.0,0.0,0.0,4.838606153572514e-07,-1.1064077661745607e-05,-5.187615456580944e-05,4.838606153572514e-07,-1.1064077661745607e-05,-5.187615456580944e-05,0.0,0.0,0.0,robotiq_85_left_knuckle_joint,0.38296571993706174,0.07453055905042269,,robotiq_85_left_knuckle_joint,0.38296571993706174,0.07453055905042269,,0.0,0.0,
sentinel_joint_telemetry_v2,20260731_120941,20260731_120941:1,1,264,short_cube_pick_place,attack,mitm_trajectory_manipulation,joint_offset,medium,shoulder_pan_joint,cube,cube_transport,0.1,rad,,0,,,,cube_lift,2026-07-31T12:09:50.593+01:00,5.584818,0.021723,46.034509,0,4856.070000000,4856.070000000,trusted_fallback,0.000000,-0.1200000048739849,1.5948062768739862e-07,0.07583636834283586,-0.1200000048739849,1.5948062768739862e-07,0.07583636834283586,0.0,0.0,0.0,-1.4097064449609973,-0.34025007042236055,-28.287658489232097,-1.4097064449609973,-0.34025007042236055,-28.287658489232097,0.0,0.0,0.0,2.051842766309433,-0.2641250296828315,-20.641540211710335,2.051842766309433,-0.2641250296828315,-20.641540211710335,0.0,0.0,0.0,-2.2129690247906337,0.6042479150500684,-2.8061298382386743,-2.2129690247906337,0.6042479150500684,-2.8061298382386743,0.0,0.0,0.0,-1.5707999929323515,3.8225498316711917e-07,0.003112093968590494,-1.5707999929323515,3.8225498316711917e-07,0.003112093968590494,0.0,0.0,0.0,3.420976723180153e-07,-3.835153182663595e-06,-4.63786429871497e-05,3.420976723180153e-07,-3.835153182663595e-06,-4.63786429871497e-05,0.0,0.0,0.0,robotiq_85_left_knuckle_joint,0.3845329750945784,0.0696059957001315,,robotiq_85_left_knuckle_joint,0.3845329750945784,0.0696059957001315,,0.0,0.0,
sentinel_joint_telemetry_v2,20260731_120941,20260731_120941:1,1,265,short_cube_pick_place,attack,mitm_trajectory_manipulation,joint_offset,medium,shoulder_pan_joint,cube,cube_transport,0.1,rad,,0,,,,cube_lift,2026-07-31T12:09:50.615+01:00,5.606765,0.021947,45.563558,0,4856.092000000,4856.092000000,trusted_fallback,0.000000,-0.12000000286671446,5.271079319552063e-08,0.07371969360949511,-0.12000000286671446,5.271079319552063e-08,0.07371969360949511,0.0,0.0,0.0,-1.4171919468362688,-0.3402500936054013,-28.127725794030532,-1.4171919468362688,-0.3402500936054013,-28.127725794030532,0.0,0.0,0.0,2.0460320156478526,-0.26412503029155104,-20.817832663967916,2.0460320156478526,-0.26412503029155104,-20.817832663967916,0.0,0.0,0.0,-2.199675558726768,0.6042487636854568,-2.8055541948110427,-2.199675558726768,0.6042487636854568,-2.8055541948110427,0.0,0.0,0.0,-1.5707999884717787,1.0140697940001428e-07,0.0020006031838016706,-1.5707999884717787,1.0140697940001428e-07,0.0020006031838016706,0.0,0.0,0.0,2.896221343541282e-07,-1.5666400934935543e-06,-7.140821441898921e-05,2.896221343541282e-07,-1.5666400934935543e-06,-7.140821441898921e-05,0.0,0.0,0.0,robotiq_85_left_knuckle_joint,0.3859562942593579,0.06014333872684659,,robotiq_85_left_knuckle_joint,0.3859562942593579,0.06014333872684659,,0.0,0.0,
sentinel_joint_telemetry_v2,20260731_120941,20260731_120941:1,1,266,short_cube_pick_place,attack,mitm_trajectory_manipulation,joint_offset,medium,shoulder_pan_joint,cube,cube_transport,0.1,rad,,0,,,,cube_lift,2026-07-31T12:09:50.637+01:00,5.628710,0.021944,45.569642,0,4856.114000000,4856.114000000,trusted_fallback,0.000000,-0.12000000217820193,1.9205284375518362e-08,0.07393222009780345,-0.12000000217820193,1.9205284375518362e-08,0.07393222009780345,0.0,0.0,0.0,-1.4246774489978828,-0.340250100880511,-27.963883443444583,-1.4246774489978828,-0.340250100880511,-27.963883443444583,0.0,0.0,0.0,2.040221264978753,-0.26412503048252406,-20.99068563319211,2.040221264978753,-0.26412503048252406,-20.99068563319211,0.0,0.0,0.0,-2.1863820821810602,0.6042490299962882,-2.8049337866356283,-2.1863820821810602,0.6042490299962882,-2.8049337866356283,0.0,0.0,0.0,-1.5707999874800749,1.3273848768844548e-08,0.0021220181669937633,-1.5707999874800749,1.3273848768844548e-08,0.0021220181669937633,0.0,0.0,0.0,2.6516592989529634e-07,-8.547566599365324e-07,-7.154753507682653e-05,2.6516592989529634e-07,-8.547566599365324e-07,-7.154753507682653e-05,0.0,0.0,0.0,robotiq_85_left_knuckle_joint,0.3871578751021347,0.04962245161118223,,robotiq_85_left_knuckle_joint,0.3871578751021347,0.04962245161118223,,0.0,0.0,
sentinel_joint_telemetry_v2,20260731_120941,20260731_120941:1,1,267,short_cube_pick_place,attack,mitm_trajectory_manipulation,joint_offset,medium,shoulder_pan_joint,cube,cube_transport,0.1,rad,,0,,,,cube_lift,2026-07-31T12:09:50.657+01:00,5.648834,0.020124,49.692468,0,4856.134000000,4856.134000000,trusted_fallback,0.000000,-0.1200000345420344,1.821509713763e-06,0.11453480269699416,-0.1200000345420344,1.821509713763e-06,0.11453480269699416,0.0,0.0,0.0,-1.4314824349839206,-0.3402509952201271,-27.850410347692304,-1.4314824349839206,-0.3402509952201271,-27.850410347692304,0.0,0.0,0.0,2.0349387874493177,-0.2641263128136952,-21.178824800764467,2.0349387874493177,-0.2641263128136952,-21.178824800764467,0.0,0.0,0.0,-2.174296882562099,0.6042369975949005,-2.81206293251723,-2.174296882562099,0.6042369975949005,-2.81206293251723,0.0,0.0,0.0,-1.570800058514771,3.929608996833169e-06,0.0242662749862359,-1.570800058514771,3.929608996833169e-06,0.0242662749862359,0.0,0.0,0.0,8.711932975919579e-07,-3.511093934859379e-05,0.00039793446604585725,8.711932975919579e-07,-3.511093934859379e-05,0.00039793446604585725,0.0,0.0,0.0,robotiq_85_left_knuckle_joint,0.3883961853588211,0.0496544971332383,,robotiq_85_left_knuckle_joint,0.3883961853588211,0.0496544971332383,,0.0,0.0,
sentinel_joint_telemetry_v2,20260731_120941,20260731_120941:1,1,268,short_cube_pick_place,attack,mitm_trajectory_manipulation,joint_offset,medium,shoulder_pan_joint,cube,cube_transport,0.1,rad,,0,,,,cube_lift,2026-07-31T12:09:50.677+01:00,5.668986,0.020153,49.620810,0,4856.154000000,4856.154000000,trusted_fallback,0.000000,-0.12000001315490798,6.376498975965142e-07,0.07469637599540546,-0.12000001315490798,6.376498975965142e-07,0.07469637599540546,0.0,0.0,0.0,-1.4382874475141143,-0.34025041488444396,-27.656440383184517,-1.4382874475141143,-0.34025041488444396,-27.656440383184517,0.0,0.0,0.0,2.0296562718051634,-0.26412547766064876,-21.296387672985972,2.0296562718051634,-0.26412547766064876,-21.296387672985972,0.0,0.0,0.0,-2.16221204201954,0.6042449138817427,-2.8037300270647094,-2.16221204201954,0.6042449138817427,-2.8037300270647094,0.0,0.0,0.0,-1.5708000126685648,1.3525644399804693e-06,0.002486759712218521,-1.5708000126685648,1.3525644399804693e-06,0.002486759712218521,0.0,0.0,0.0,4.5518035668969636e-07,-1.2587103850518998e-05,-7.250563319212955e-05,4.5518035668969636e-07,-1.2587103850518998e-05,-7.250563319212955e-05,0.0,0.0,0.0,robotiq_85_left_knuckle_joint,0.38938608073927716,0.04643063040983483,,robotiq_85_left_knuckle_joint,0.38938608073927716,0.04643063040983483,,0.0,0.0,
sentinel_joint_telemetry_v2,20260731_120941,20260731_120941:1,1,269,short_cube_pick_place,attack,mitm_trajectory_manipulation,joint_offset,medium,shoulder_pan_joint,cube,cube_transport,0.1,rad,,0,,,,cube_lift,2026-07-31T12:09:50.699+01:00,5.690963,0.021976,45.503267,0,4856.176000000,4856.176000000,trusted_fallback,0.000000,-0.12000000524157318,2.0276537214709844e-07,0.07697713063761379,-0.12000000524157318,2.0276537214709844e-07,0.07697713063761379,0.0,0.0,0.0,-1.445772953643978,-0.34025020170126724,-27.48359211395438,-1.445772953643978,-0.34025020170126724,-27.48359211395438,0.0,0.0,0.0,2.0238455156104243,-0.26412517087166876,-21.461112332389014,2.0238455156104243,-0.26412517087166876,-21.461112332389014,0.0,0.0,0.0,-2.148918613024334,0.604247821887075,-2.8033405440918027,-2.148918613024334,0.604247821887075,-2.8033405440918027,0.0,0.0,0.0,-1.5707999962233032,4.059002443510505e-07,0.0037135327863470733,-1.5707999962233032,4.059002443510505e-07,0.0037135327863470733,0.0,0.0,0.0,2.946058940747514e-07,-4.313094968964046e-06,-5.516779883329644e-05,2.946058940747514e-07,-4.313094968964046e-06,-5.516779883329644e-05,0.0,0.0,0.0,robotiq_85_left_knuckle_joint,0.3902735402612631,0.035905140562087885,,robotiq_85_left_knuckle_joint,0.3902735402612631,0.035905140562087885,,0.0,0.0,
sentinel_joint_telemetry_v2,20260731_120941,20260731_120941:1,1,270,short_cube_pick_place,attack,mitm_trajectory_manipulation,joint_offset,medium,shoulder_pan_joint,cube,cube_transport,0.1,rad,,0,,,,cube_lift,2026-07-31T12:09:50.719+01:00,5.711062,0.020099,49.754501,0,4856.196000000,4856.196000000,trusted_fallback,0.000000,-0.12000000283226314,7.322862700508831e-08,0.07130748476088807,-0.12000000283226314,7.322862700508831e-08,0.07130748476088807,0.0,0.0,0.0,-1.4525779568711246,-0.34025013820151195,-27.320000579204756,-1.4525779568711246,-0.34025013820151195,-27.320000579204756,0.0,0.0,0.0,2.018563013354158,-0.26412507949012604,-21.605096872799507,2.018563013354158,-0.26412507949012604,-21.605096872799507,0.0,0.0,0.0,-2.136833645580064,0.604248688079183,-2.8023588452349673,-2.136833645580064,0.604248688079183,-2.8023588452349673,0.0,0.0,0.0,-1.5707999916883324,1.2392263881591883e-07,0.0006503241040207491,-1.5707999916883324,1.2392263881591883e-07,0.0006503241040207491,0.0,0.0,0.0,2.396603480632202e-07,-1.8485596761730685e-06,-0.00010877213372902214,2.396603480632202e-07,-1.8485596761730685e-06,-0.00010877213372902214,0.0,0.0,0.0,robotiq_85_left_knuckle_joint,0.3909413235523248,0.031036115370373082,,robotiq_85_left_knuckle_joint,0.3909413235523248,0.031036115370373082,,0.0,0.0,
sentinel_joint_telemetry_v2,20260731_120941,20260731_120941:1,1,271,short_cube_pick_place,attack,mitm_trajectory_manipulation,joint_offset,medium,shoulder_pan_joint,cube,cube_transport,0.1,rad,,0,,,,cube_lift,2026-07-31T12:09:50.739+01:00,5.731062,0.020001,49.998613,0,4856.216000000,4856.216000000,trusted_fallback,0.000000,-0.12000000194161461,2.8061896737091932e-08,0.12027719844643214,-0.12000000194161461,2.8061896737091932e-08,0.12027719844643214,0.0,0.0,0.0,-1.4593829593538137,-0.3402501160605145,-27.15792740736312,-1.4593829593538137,-0.3402501160605145,-27.15792740736312,0.0,0.0,0.0,2.0132805121692288,-0.2641250476273056,-21.75029468964223,2.0132805121692288,-0.2641250476273056,-21.75029468964223,0.0,0.0,0.0,-2.12474866798074,0.6042489901017126,-2.8022167717528212,-2.12474866798074,0.6042489901017126,-2.8022167717528212,0.0,0.0,0.0,-1.5707999904592114,2.5601448802505672e-08,0.026971006718883105,-1.5707999904592114,2.5601448802505672e-08,0.026971006718883105,0.0,0.0,0.0,2.1360849078993958e-07,-9.892297356637204e-07,0.00033008341927635745,2.1360849078993958e-07,-9.892297356637204e-07,0.00033008341927635745,0.0,0.0,0.0,robotiq_85_left_knuckle_joint,0.3915272727437512,0.03301067433328378,,robotiq_85_left_knuckle_joint,0.3915272727437512,0.03301067433328378,,0.0,0.0,
sentinel_joint_telemetry_v2,20260731_120941,20260731_120941:1,1,272,short_cube_pick_place,attack,mitm_trajectory_manipulation,joint_offset,medium,shoulder_pan_joint,cube,cube_transport,0.1,rad,,0,,,,cube_lift,2026-07-31T12:09:50.760+01:00,5.752135,0.021073,47.455138,0,4856.236000000,4856.236000000,trusted_fallback,0.000000,-0.12000000158049048,1.2313311021847073e-08,0.07430343032818537,-0.12000000158049048,1.2313311021847073e-08,0.07430343032818537,0.0,0.0,0.0,-1.4661879615769269,-0.3402501083404059,-26.988771451769114,-1.4661879615769269,-0.3402501083404059,-26.988771451769114,0.0,0.0,0.0,2.0079980113578526,-0.2641250365174336,-21.88911432755397,2.0079980113578526,-0.2641250365174336,-21.88911432755397,0.0,0.0,0.0,-2.1126636868405693,0.6042490954104469,-2.8013220921586277,-2.1126636868405693,0.6042490954104469,-2.8013220921586277,0.0,0.0,0.0,-1.570799990382766,-8.678878470926021e-09,0.002237618857463594,-1.570799990382766,-8.678878470926021e-09,0.002237618857463594,0.0,0.0,0.0,1.9763124027808653e-07,-6.895994072872664e-07,-8.8622146556676e-05,1.9763124027808653e-07,-6.895994072872664e-07,-8.8622146556676e-05,0.0,0.0,0.0,robotiq_85_left_knuckle_joint,0.3923702326161505,0.042839872047917144,,robotiq_85_left_knuckle_joint,0.3923702326161505,0.042839872047917144,,0.0,0.0,
sentinel_joint_telemetry_v2,20260731_120941,20260731_120941:1,1,273,short_cube_pick_place,attack,mitm_trajectory_manipulation,joint_offset,medium,shoulder_pan_joint,cube,cube_transport,0.1,rad,,0,,,,cube_lift,2026-07-31T12:09:50.781+01:00,5.773546,0.021411,46.704302,0,4856.256000000,4856.256000000,trusted_fallback,0.000000,-0.1200000014040001,6.821985488883811e-09,0.1632860583347539,-0.1200000014040001,6.821985488883811e-09,0.1632860583347539,0.0,0.0,0.0,-1.4729929637095303,-0.34025010564859837,-26.83263653387762,-1.4729929637095303,-0.34025010564859837,-26.83263653387762,0.0,0.0,0.0,2.0027155106767265,-0.26412503264366105,-22.03969430725603,2.0027155106767265,-0.26412503264366105,-22.03969430725603,0.0,0.0,0.0,-2.1005787044657813,0.6042491321294454,-2.803582159758437,-2.1005787044657813,0.6042491321294454,-2.803582159758437,0.0,0.0,0.0,-1.5707999907082348,-2.063527671132548e-08,0.050317541707928425,-1.5707999907082348,-2.063527671132548e-08,0.050317541707928425,0.0,0.0,0.0,1.8516678795185804e-07,-5.851256376066503e-07,0.0007558368712045983,1.8516678795185804e-07,-5.851256376066503e-07,0.0007558368712045983,0.0,0.0,0.0,robotiq_85_left_knuckle_joint,0.3931208582813992,0.03623685543601919,,robotiq_85_left_knuckle_joint,0.3931208582813992,0.03623685543601919,,0.0,0.0,
sentinel_joint_telemetry_v2,20260731_120941,20260731_120941:1,1,274,short_cube_pick_place,attack,mitm_trajectory_manipulation,joint_offset,medium,shoulder_pan_joint,cube,cube_transport,0.1,rad,,0,,,,cube_lift,2026-07-31T12:09:50.802+01:00,5.794502,0.020956,47.718293,0,4856.276000000,4856.276000000,trusted_fallback,0.000000,-0.12000000129188763,4.907423558665747e-09,0.07917125701504456,-0.12000000129188763,4.907423558665747e-09,0.07917125701504456,0.0,0.0,0.0,-1.4797979658105762,-0.3402501047100073,-26.643747240829704,-1.4797979658105762,-0.3402501047100073,-26.643747240829704,0.0,0.0,0.0,1.997433010041016,-0.26412503129303544,-22.160445699221846,1.997433010041016,-0.26412503129303544,-22.160445699221846,0.0,0.0,0.0,-2.088493721660509,0.6042491449323851,-2.7999802036101045,-2.088493721660509,0.6042491449323851,-2.7999802036101045,0.0,0.0,0.0,-1.5707999911738442,-2.480021164688942e-08,0.00487937646430955,-1.5707999911738442,-2.480021164688942e-08,0.00487937646430955,0.0,0.0,0.0,1.739271721107175e-07,-5.486969284481747e-07,-4.9652454891904416e-05,1.739271721107175e-07,-5.486969284481747e-07,-4.9652454891904416e-05,0.0,0.0,0.0,robotiq_85_left_knuckle_joint,0.39400879500032754,0.05104835080693259,,robotiq_85_left_knuckle_joint,0.39400879500032754,0.05104835080693259,,0.0,0.0,
sentinel_joint_telemetry_v2,20260731_120941,20260731_120941:1,1,275,short_cube_pick_place,attack,mitm_trajectory_manipulation,joint_offset,medium,shoulder_pan_joint,cube,cube_transport,0.1,rad,,0,,,,cube_lift,2026-07-31T12:09:50.824+01:00,5.815693,0.021191,47.189591,0,4856.296000000,4856.296000000,trusted_fallback,0.000000,-0.12000001357593063,6.91668067086715e-07,0.076397715749657,-0.12000001357593063,6.91668067086715e-07,0.076397715749657,0.0,0.0,0.0,-1.4866029625878512,-0.34025039953645136,-26.468357804821476,-1.4866029625878512,-0.34025039953645136,-26.468357804821476,0.0,0.0,0.0,1.992150519953684,-0.2641256159634067,-22.293405976303823,1.992150519953684,-0.2641256159634067,-22.293405976303823,0.0,0.0,0.0,-2.0764086624345137,0.6042449121397877,-2.7996486557924123,-2.0764086624345137,0.6042449121397877,-2.7996486557924123,0.0,0.0,0.0,-1.5708000187500883,1.4771784669384384e-06,0.0033510155951153777,-1.5708000187500883,1.4771784669384384e-06,0.0033510155951153777,0.0,0.0,0.0,3.8442855621943226e-07,-1.2831213315333103e-05,-7.774514631139473e-05,3.8442855621943226e-07,-1.2831213315333103e-05,-7.774514631139473e-05,0.0,0.0,0.0,robotiq_85_left_knuckle_joint,0.3946638447219199,0.018498217226200018,,robotiq_85_left_knuckle_joint,0.3946638447219199,0.018498217226200018,,0.0,0.0,
sentinel_joint_telemetry_v2,20260731_120941,20260731_120941:1,1,276,short_cube_pick_place,attack,mitm_trajectory_manipulation,joint_offset,medium,shoulder_pan_joint,cube,cube_transport,0.1,rad,,0,,,,cube_lift,2026-07-31T12:09:50.845+01:00,5.836676,0.020983,47.658073,0,4856.316000000,4856.316000000,trusted_fallback,0.000000,-0.12000000543482886,2.436984654829652e-07,0.059399540361330515,-0.12000000543482886,2.436984654829652e-07,0.059399540361330515,0.0,0.0,0.0,-1.4934079681343753,-0.3402502071823819,-26.30015466819038,-1.4934079681343753,-0.3402502071823819,-26.30015466819038,0.0,0.0,0.0,1.9868680124792564,-0.26412523468401217,-22.433093661312345,1.9868680124792564,-0.26412523468401217,-22.433093661312345,0.0,0.0,0.0,-2.0643237291035046,0.6042476735131301,-2.801410645983017,-2.0643237291035046,0.6042476735131301,-2.801410645983017,0.0,0.0,0.0,-1.5708000016556756,4.974545487793861e-07,-0.005813477341871687,-1.5708000016556756,4.974545487793861e-07,-0.005813477341871687,0.0,0.0,0.0,2.2961839665469047e-07,-4.8186438201509125e-06,-0.00023754944907089328,2.2961839665469047e-07,-4.8186438201509125e-06,-0.00023754944907089328,0.0,0.0,0.0,robotiq_85_left_knuckle_joint,0.3949527853969948,-0.005609023736605257,,robotiq_85_left_knuckle_joint,0.3949527853969948,-0.005609023736605257,,0.0,0.0,
sentinel_joint_telemetry_v2,20260731_120941,20260731_120941:1,1,277,short_cube_pick_place,attack,mitm_trajectory_manipulation,joint_offset,medium,shoulder_pan_joint,cube,cube_transport,0.1,rad,,0,,,,cube_lift,2026-07-31T12:09:50.866+01:00,5.857854,0.021177,47.220161,0,4856.336000000,4856.336000000,trusted_fallback,0.000000,-0.12000000254562844,8.750106468341165e-08,0.11394900090816418,-0.12000000254562844,8.750106468341165e-08,0.11394900090816418,0.0,0.0,0.0,-1.5002129714257815,-0.34025014011266635,-26.10484359499656,-1.5002129714257815,-0.34025014011266635,-26.10484359499656,0.0,0.0,0.0,1.981585509474867,-0.26412510174013726,-22.547421402035138,1.981585509474867,-0.26412510174013726,-22.547421402035138,0.0,0.0,0.0,-2.052238763398741,0.604248636344341,-2.7982761237846203,-2.052238763398741,0.604248636344341,-2.7982761237846203,0.0,0.0,0.0,-1.5707999960473555,1.558442628210588e-07,0.0236238325867963,-1.5707999960473555,1.558442628210588e-07,0.0236238325867963,0.0,0.0,0.0,1.687458998075474e-07,-2.024833975652093e-06,0.0002640529284729483,1.687458998075474e-07,-2.024833975652093e-06,0.0002640529284729483,0.0,0.0,0.0,robotiq_85_left_knuckle_joint,0.3951643010894536,0.03074665105085119,,robotiq_85_left_knuckle_joint,0.3951643010894536,0.03074665105085119,,0.0,0.0,
sentinel_joint_telemetry_v2,20260731_120941,20260731_120941:1,1,278,short_cube_pick_place,attack,mitm_trajectory_manipulation,joint_offset,medium,shoulder_pan_joint,cube,cube_transport,0.1,rad,,0,,,,cube_lift,2026-07-31T12:09:50.887+01:00,5.879236,0.021383,46.767076,0,4856.358000000,4856.358000000,trusted_fallback,0.000000,-0.12000000142740656,3.012285574433395e-08,0.08187563931827374,-0.12000000142740656,3.012285574433395e-08,0.08187563931827374,0.0,0.0,0.0,-1.5076984741618267,-0.34025011547495837,-25.899509165315223,-1.5076984741618267,-0.34025011547495837,-25.899509165315223,0.0,0.0,0.0,1.9757747579232754,-0.2641250529038997,-22.68198550705923,1.9757747579232754,-0.2641250529038997,-22.68198550705923,0.0,0.0,0.0,-2.0389452884258756,0.6042489900351329,-2.7974778679838606,-2.0389452884258756,0.6042489900351329,-2.7974778679838606,0.0,0.0,0.0,-1.5707999943832622,3.035729160107484e-08,0.006294779495411263,-1.5707999943832622,3.035729160107484e-08,0.006294779495411263,0.0,0.0,0.0,1.3863035814156305e-07,-9.985426460034285e-07,-3.339203432105627e-05,1.3863035814156305e-07,-9.985426460034285e-07,-3.339203432105627e-05,0.0,0.0,0.0,robotiq_85_left_knuckle_joint,0.3960757669441217,0.054513266117945866,,robotiq_85_left_knuckle_joint,0.3960757669441217,0.054513266117945866,,0.0,0.0,
sentinel_joint_telemetry_v2,20260731_120941,20260731_120941:1,1,279,short_cube_pick_place,attack,mitm_trajectory_manipulation,joint_offset,medium,shoulder_pan_joint,cube,cube_transport,0.1,rad,,0,,,,cube_lift,2026-07-31T12:09:50.907+01:00,5.899283,0.020047,49.882044,0,4856.378000000,4856.378000000,trusted_fallback,0.000000,-0.12000000104212077,1.3031901340660682e-08,0.07726217155242258,-0.12000000104212077,1.3031901340660682e-08,0.07726217155242258,0.0,0.0,0.0,-1.5145034763780738,-0.3402501081362757,-25.71296028083355,-1.5145034763780738,-0.3402501081362757,-25.71296028083355,0.0,0.0,0.0,1.9704922570500376,-0.2641250383573379,-22.804415784388986,1.9704922570500376,-0.2641250383573379,-22.804415784388986,0.0,0.0,0.0,-2.0268603072864866,0.6042490953872189,-2.797430154351364,-2.0268603072864866,0.6042490953872189,-2.797430154351364,0.0,0.0,0.0,-1.5707999942510766,-7.021171262661455e-09,0.003881236422769743,-1.5707999942510766,-7.021171262661455e-09,0.003881236422769743,0.0,0.0,0.0,1.2254392140815523e-07,-6.928467547283454e-07,-7.871612616710242e-05,1.2254392140815523e-07,-6.928467547283454e-07,-7.871612616710242e-05,0.0,0.0,0.0,robotiq_85_left_knuckle_joint,0.3972137493299203,0.05622715307144644,,robotiq_85_left_knuckle_joint,0.3972137493299203,0.05622715307144644,,0.0,0.0,
sentinel_joint_telemetry_v2,20260731_120941,20260731_120941:1,1,280,short_cube_pick_place,attack,mitm_trajectory_manipulation,joint_offset,medium,shoulder_pan_joint,cube,cube_transport,0.1,rad,,0,,,,cube_lift,2026-07-31T12:09:50.929+01:00,5.921194,0.021910,45.640897,0,4856.400000000,4856.400000000,trusted_fallback,0.000000,-0.12000000084369847,6.753627822568206e-09,0.07661088692808225,-0.12000000084369847,6.753627822568206e-09,0.07661088692808225,0.0,0.0,0.0,-1.5219889787191656,-0.34025010544041573,-25.501948957957516,-1.5219889787191656,-0.34025010544041573,-25.501948957957516,0.0,0.0,0.0,1.964681506281313,-0.26412503301373835,-22.933559566281232,1.964681506281313,-0.26412503301373835,-22.933559566281232,0.0,0.0,0.0,-2.0135668266437956,0.6042491340877005,-2.7969193519084135,-2.0135668266437956,0.6042491340877005,-2.7969193519084135,0.0,0.0,0.0,-1.5707999945986137,-2.0752000015741498e-08,0.0036075916523272745,-1.5707999945986137,-2.0752000015741498e-08,0.0036075916523272745,0.0,0.0,0.0,1.0888029618931104e-07,-5.805510434466832e-07,-8.759496989405681e-05,1.0888029618931104e-07,-5.805510434466832e-07,-8.759496989405681e-05,0.0,0.0,0.0,robotiq_85_left_knuckle_joint,0.398362743197486,0.04806300959144823,,robotiq_85_left_knuckle_joint,0.398362743197486,0.04806300959144823,,0.0,0.0,
sentinel_joint_telemetry_v2,20260731_120941,20260731_120941:1,1,281,short_cube_pick_place,attack,mitm_trajectory_manipulation,joint_offset,medium,shoulder_pan_joint,cube,cube_transport,0.1,rad,,0,,,,cube_lift,2026-07-31T12:09:50.949+01:00,5.941271,0.020078,49.806192,0,4856.420000000,4856.420000000,trusted_fallback,0.000000,-0.12000000073238862,4.883553127860152e-09,0.07688984088014575,-0.12000000073238862,4.883553127860152e-09,0.07688984088014575,0.0,0.0,0.0,-1.5287939808177708,-0.34025010463741834,-25.306438033488657,-1.5287939808177708,-0.34025010463741834,-25.306438033488657,0.0,0.0,0.0,1.9593990056412633,-0.26412503142209287,-23.047427710409288,1.9593990056412633,-0.26412503142209287,-23.047427710409288,0.0,0.0,0.0,-2.001481843815563,0.604249145615157,-2.7963671121309335,-2.001481843815563,0.604249145615157,-2.7963671121309335,0.0,0.0,0.0,-1.5707999950656246,-2.4841939293617984e-08,0.003817576099462282,-1.5707999950656246,-2.4841939293617984e-08,0.003817576099462282,0.0,0.0,0.0,9.769430412556274e-08,-5.471021129355592e-07,-8.71999764661015e-05,9.769430412556274e-08,-5.471021129355592e-07,-8.71999764661015e-05,0.0,0.0,0.0,robotiq_85_left_knuckle_joint,0.39923755972969266,0.03993711060955601,,robotiq_85_left_knuckle_joint,0.39923755972969266,0.03993711060955601,,0.0,0.0,
sentinel_joint_telemetry_v2,20260731_120941,20260731_120941:1,1,282,short_cube_pick_place,attack,mitm_trajectory_manipulation,joint_offset,medium,shoulder_pan_joint,cube,cube_transport,0.1,rad,,0,,,,cube_lift,2026-07-31T12:09:50.971+01:00,5.963313,0.022041,45.369511,0,4856.442000000,4856.442000000,trusted_fallback,0.000000,-0.12000000063460993,4.1965896020279385e-09,0.07732707560134859,-0.12000000063460993,4.1965896020279385e-09,0.07732707560134859,0.0,0.0,0.0,-1.536279483115646,-0.34025010434245007,-25.087751718339682,-1.536279483115646,-0.34025010434245007,-25.087751718339682,0.0,0.0,0.0,1.9535882549581984,-0.26412503083739713,-23.169173859063545,1.9535882549581984,-0.26412503083739713,-23.169173859063545,0.0,0.0,0.0,-1.9881883625524868,0.6042491498497543,-2.7957462286362347,-1.9881883625524868,0.6042491498497543,-2.7957462286362347,0.0,0.0,0.0,-1.5707999956332737,-2.6344384622249174e-08,0.004106473770099391,-1.5707999956332737,-2.6344384622249174e-08,0.004106473770099391,0.0,0.0,0.0,8.583083049168775e-08,-5.348148364581868e-07,-8.516235158741285e-05,8.583083049168775e-08,-5.348148364581868e-07,-8.516235158741285e-05,0.0,0.0,0.0,robotiq_85_left_knuckle_joint,0.40002406644713234,0.032154081879654864,,robotiq_85_left_knuckle_joint,0.40002406644713234,0.032154081879654864,,0.0,0.0,
sentinel_joint_telemetry_v2,20260731_120941,20260731_120941:1,1,283,short_cube_pick_place,attack,mitm_trajectory_manipulation,joint_offset,medium,shoulder_pan_joint,cube,cube_transport,0.1,rad,,0,,,,cube_lift,2026-07-31T12:09:50.993+01:00,5.985200,0.021887,45.689631,0,4856.464000000,4856.464000000,trusted_fallback,0.000000,-0.12000000054531619,3.981012260324173e-09,0.07772023558845956,-0.12000000054531619,3.981012260324173e-09,0.07772023558845956,0.0,0.0,0.0,-1.5437649854098787,-0.3402501042498984,-24.865358717243012,-1.5437649854098787,-0.3402501042498984,-24.865358717243012,0.0,0.0,0.0,1.9477775042823562,-0.26412503065393605,-23.287311689053602,1.9477775042823562,-0.26412503065393605,-23.287311689053602,0.0,0.0,0.0,-1.9748948812371068,0.6042491511785865,-2.795130036749096,-1.9748948812371068,0.6042491511785865,-2.795130036749096,0.0,0.0,0.0,-1.5707999962194796,-2.6815863843690502e-08,0.004361544151395057,-1.5707999962194796,-2.6815863843690502e-08,0.004361544151395057,0.0,0.0,0.0,7.411912211709096e-08,-5.309589531424762e-07,-8.315874093272795e-05,7.411912211709096e-08,-5.309589531424762e-07,-8.315874093272795e-05,0.0,0.0,0.0,robotiq_85_left_knuckle_joint,0.4006556512992618,0.025775799674950695,,robotiq_85_left_knuckle_joint,0.4006556512992618,0.025775799674950695,,0.0,0.0,
sentinel_joint_telemetry_v2,20260731_120941,20260731_120941:1,1,284,short_cube_pick_place,attack,mitm_trajectory_manipulation,joint_offset,medium,shoulder_pan_joint,cube,cube_transport,0.1,rad,,0,,,,cube_lift,2026-07-31T12:09:51.013+01:00,6.005204,0.020005,49.987743,0,4856.484000000,4856.484000000,trusted_fallback,0.000000,-0.12000000046651182,3.916785876943675e-09,0.08360683259428156,-0.12000000046651182,3.916785876943675e-09,0.08360683259428156,0.0,0.0,0.0,-1.550569987494526,-0.3402501042223173,-24.65719485997721,-1.550569987494526,-0.3402501042223173,-24.65719485997721,0.0,0.0,0.0,1.9424950036699717,-0.2641250305992848,-23.38883843027866,1.9424950036699717,-0.2641250305992848,-23.38883843027866,0.0,0.0,0.0,-1.9628098982085052,0.6042491515743712,-2.794005971770934,-1.9628098982085052,0.6042491515743712,-2.794005971770934,0.0,0.0,0.0,-1.57079999675758,-2.695669564780831e-08,0.007587355689680298,-1.57079999675758,-2.695669564780831e-08,0.007587355689680298,0.0,0.0,0.0,6.351453741364686e-08,-5.298105168366788e-07,-2.9100649680450536e-05,6.351453741364686e-08,-5.298105168366788e-07,-2.9100649680450536e-05,0.0,0.0,0.0,robotiq_85_left_knuckle_joint,0.4009126519184539,0.0073773499735604944,,robotiq_85_left_knuckle_joint,0.4009126519184539,0.0073773499735604944,,0.0,0.0,
sentinel_joint_telemetry_v2,20260731_120941,20260731_120941:1,1,285,short_cube_pick_place,attack,mitm_trajectory_manipulation,joint_offset,medium,shoulder_pan_joint,cube,cube_transport,0.1,rad,,0,,,,cube_lift,2026-07-31T12:09:51.035+01:00,6.027101,0.021896,45.670163,0,4856.506000000,4856.506000000,trusted_fallback,0.000000,-0.12000000038067385,3.893312466906121e-09,0.0025724882031582675,-0.12000000038067385,3.893312466906121e-09,0.0025724882031582675,0.0,0.0,0.0,-1.558055489787275,-0.34025010421219165,-24.424441196697543,-1.558055489787275,-0.34025010421219165,-24.424441196697543,0.0,0.0,0.0,1.9366842529970696,-0.2641250305792322,-23.496866813825832,1.9366842529970696,-0.2641250305792322,-23.496866813825832,0.0,0.0,0.0,-1.949516416871824,0.6042491517197474,-2.792796130626636,-1.949516416871824,0.6042491517197474,-2.792796130626636,0.0,0.0,0.0,-1.5707999973513436,-2.700527254080468e-08,-0.03709816322409254,-1.5707999973513436,-2.700527254080468e-08,-0.03709816322409254,0.0,0.0,0.0,5.18646408250078e-08,-5.293878976102805e-07,-0.0008077500967679688,5.18646408250078e-08,-5.293878976102805e-07,-0.0008077500967679688,0.0,0.0,0.0,robotiq_85_left_knuckle_joint,0.400956259779327,-0.006784001846790363,,robotiq_85_left_knuckle_joint,0.400956259779327,-0.006784001846790363,,0.0,0.0,
sentinel_joint_telemetry_v2,20260731_120941,20260731_120941:1,1,286,short_cube_pick_place,attack,mitm_trajectory_manipulation,joint_offset,medium,shoulder_pan_joint,cube,cube_transport,0.1,rad,,0,,,,cube_lift,2026-07-31T12:09:51.055+01:00,6.047166,0.020065,49.837843,0,4856.526000000,4856.526000000,trusted_fallback,0.000000,-0.12000000030289901,3.886181091771607e-09,0.08396142610761254,-0.12000000030289901,3.886181091771607e-09,0.08396142610761254,0.0,0.0,0.0,-1.5648604918714806,-0.340250104209155,-24.21595980236434,-1.5648604918714806,-0.340250104209155,-24.21595980236434,0.0,0.0,0.0,1.9314017523855613,-0.26412503057325976,-23.597965386189582,1.9314017523855613,-0.26412503057325976,-23.597965386189582,0.0,0.0,0.0,-1.9374314338368777,0.6042491517630761,-2.7928622035689346,-1.9374314338368777,0.6042491517630761,-2.7928622035689346,0.0,0.0,0.0,-1.5707999978916996,-2.7023429130859904e-08,0.007778412064024244,-1.5707999978916996,-2.7023429130859904e-08,0.007778412064024244,0.0,0.0,0.0,4.12784665547397e-08,-5.292628834286024e-07,-2.6808666127122644e-05,4.12784665547397e-08,-5.292628834286024e-07,-2.6808666127122644e-05,0.0,0.0,0.0,robotiq_85_left_knuckle_joint,0.4009581207280941,0.0027857654726776617,,robotiq_85_left_knuckle_joint,0.4009581207280941,0.0027857654726776617,,0.0,0.0,
sentinel_joint_telemetry_v2,20260731_120941,20260731_120941:1,1,287,short_cube_pick_place,attack,mitm_trajectory_manipulation,joint_offset,medium,shoulder_pan_joint,cube,cube_transport,0.1,rad,,0,,,,cube_lift,2026-07-31T12:09:51.075+01:00,6.067212,0.020046,49.884729,0,4856.546000000,4856.546000000,trusted_fallback,0.000000,-0.12000000022520635,3.8837908448390685e-09,0.039386534990333164,-0.12000000022520635,3.8837908448390685e-09,0.039386534990333164,0.0,0.0,0.0,-1.5716654939556503,-0.34025010420812046,-23.9997478162485,-1.5716654939556503,-0.34025010420812046,-23.9997478162485,0.0,0.0,0.0,1.9261192517741226,-0.26412503057118103,-23.691630454424107,1.9261192517741226,-0.26412503057118103,-23.691630454424107,0.0,0.0,0.0,-1.9253464508014235,0.6042491517781592,-2.792140478468817,-1.9253464508014235,0.6042491517781592,-2.792140478468817,0.0,0.0,0.0,-1.5707999984322316,-2.702720302262215e-08,-0.016915083689670988,-1.5707999984322316,-2.702720302262215e-08,-0.016915083689670988,0.0,0.0,0.0,3.0693766710288526e-08,-5.292186925709777e-07,-0.0004587697045555444,3.0693766710288526e-08,-5.292186925709777e-07,-0.0004587697045555444,0.0,0.0,0.0,robotiq_85_left_knuckle_joint,0.4009431837863265,-0.002681612083847049,,robotiq_85_left_knuckle_joint,0.4009431837863265,-0.002681612083847049,,0.0,0.0,
sentinel_joint_telemetry_v2,20260731_120941,20260731_120941:1,1,288,short_cube_pick_place,attack,mitm_trajectory_manipulation,joint_offset,medium,shoulder_pan_joint,cube,cube_transport,0.1,rad,,0,,,,cube_lift,2026-07-31T12:09:51.097+01:00,6.089097,0.021885,45.693055,0,4856.568000000,4856.568000000,trusted_fallback,0.000000,-0.12000000013977676,3.882902555451276e-09,0.02979972200380376,-0.12000000013977676,3.882902555451276e-09,0.02979972200380376,0.0,0.0,0.0,-1.5791509962482235,-0.3402501042077541,-23.759472124373424,-1.5791509962482235,-0.3402501042077541,-23.759472124373424,0.0,0.0,0.0,1.9203085011015677,-0.2641250305704164,-23.792070705009163,1.9203085011015677,-0.2641250305704164,-23.792070705009163,0.0,0.0,0.0,-1.9120529694622252,0.6042491517837009,-2.7914817744495113,-1.9120529694622252,0.6042491517837009,-2.7914817744495113,0.0,0.0,0.0,-1.570799999026888,-2.702885288262608e-08,-0.02230735081149386,-1.570799999026888,-2.702885288262608e-08,-0.02230735081149386,0.0,0.0,0.0,1.9051174557991466e-08,-5.292025197832593e-07,-0.0005522190420738048,1.9051174557991466e-08,-5.292025197832593e-07,-0.0005522190420738048,0.0,0.0,0.0,robotiq_85_left_knuckle_joint,0.4009117117805466,-0.0062960626318701585,,robotiq_85_left_knuckle_joint,0.4009117117805466,-0.0062960626318701585,,0.0,0.0,
sentinel_joint_telemetry_v2,20260731_120941,20260731_120941:1,1,289,short_cube_pick_place,attack,mitm_trajectory_manipulation,joint_offset,medium,shoulder_pan_joint,cube,cube_transport,0.1,rad,,0,,,,cube_lift,2026-07-31T12:09:51.117+01:00,6.109200,0.020103,49.742745,0,4856.588000000,4856.588000000,trusted_fallback,0.000000,-0.1200000000628854,3.494322550781051e-09,0.08266493393778322,-0.1200000000628854,3.494322550781051e-09,0.08266493393778322,0.0,0.0,0.0,-1.585887948311594,-0.30622509378693696,-23.5081479390141,-1.585887948311594,-0.30622509378693696,-23.5081479390141,0.0,0.0,0.0,1.9150788254961761,-0.23771252751312413,-23.912210714687347,1.9150788254961761,-0.23771252751312413,-23.912210714687347,0.0,0.0,0.0,-1.9000888362570623,0.5438242366069619,-2.7981867669083496,-1.9000888362570623,0.5438242366069619,-2.7981867669083496,0.0,0.0,0.0,-1.5707999995621018,-2.432865397664465e-08,0.015522193405377376,-1.5707999995621018,-2.432865397664465e-08,0.015522193405377376,0.0,0.0,0.0,8.57301243001904e-09,-4.762787449614188e-07,0.00013248473390525426,8.57301243001904e-09,-4.762787449614188e-07,0.00013248473390525426,0.0,0.0,0.0,robotiq_85_left_knuckle_joint,0.40087164540022313,2.661001361393793e-05,,robotiq_85_left_knuckle_joint,0.40087164540022313,2.661001361393793e-05,,0.0,0.0,
sentinel_joint_telemetry_v2,20260731_120941,20260731_120941:1,1,290,short_cube_pick_place,attack,mitm_trajectory_manipulation,joint_offset,medium,shoulder_pan_joint,cube,cube_transport,0.1,rad,,0,,,,cube_lift,2026-07-31T12:09:51.139+01:00,6.131423,0.022222,45.000057,0,4856.610000000,4856.610000000,trusted_fallback,0.000000,-0.12000000001968374,1.0937809871014578e-09,0.010112789703938635,-0.12000000001968374,1.0937809871014578e-09,0.010112789703938635,0.0,0.0,0.0,-1.5896702597739825,-0.09609667920772819,-23.230341615801336,-1.5896702597739825,-0.09609667920772819,-23.230341615801336,0.0,0.0,0.0,1.9121427407798899,-0.07459670993743633,-24.06017173753778,1.9121427407798899,-0.07459670993743633,-24.06017173753778,0.0,0.0,0.0,-1.8933718405400524,0.1706578078916341,-2.820946687118431,-1.8933718405400524,0.1706578078916341,-2.820946687118431,0.0,0.0,0.0,-1.570799999862585,-7.634725741369197e-09,0.0072815499364763305,-1.570799999862585,-7.634725741369197e-09,0.0072815499364763305,0.0,0.0,0.0,2.6902916569934576e-09,-1.4946074435404105e-07,3.088865617293666e-05,2.6902916569934576e-09,-1.4946074435404105e-07,3.088865617293666e-05,0.0,0.0,0.0,robotiq_85_left_knuckle_joint,0.4008250875561081,-0.0007974054604188568,,robotiq_85_left_knuckle_joint,0.4008250875561081,-0.0007974054604188568,,0.0,0.0,
sentinel_joint_telemetry_v2,20260731_120941,20260731_120941:1,1,291,short_cube_pick_place,attack,mitm_trajectory_manipulation,joint_offset,medium,shoulder_pan_joint,cube,cube_transport,0.1,rad,,0,,,,cube_transport,2026-07-31T12:09:51.161+01:00,6.153219,0.021796,45.878980,0,4856.632000000,4856.632000000,trusted_fallback,0.000000,-0.12000000000616096,3.423483648532042e-10,0.0040502207628324025,-0.12000000000616096,3.423483648532042e-10,0.0040502207628324025,0.0,0.0,0.0,-1.5908571891884533,-0.030156156180908743,-23.17510016019261,-1.5908571891884533,-0.030156156180908743,-23.17510016019261,0.0,0.0,0.0,1.911221366285142,-0.02340923800572323,-24.086088938917474,1.911221366285142,-0.02340923800572323,-24.086088938917474,0.0,0.0,0.0,-1.891263976109747,0.0535542284323256,-2.823322778705102,-1.891263976109747,0.0535542284323256,-2.823322778705102,0.0,0.0,0.0,-1.5707999999568818,-2.3960039229357563e-09,0.007073372927649736,-1.5707999999568818,-2.3960039229357563e-09,0.007073372927649736,0.0,0.0,0.0,8.442385795169926e-10,-4.690220710050765e-08,3.244719316833034e-05,8.442385795169926e-10,-4.690220710050765e-08,3.244719316833034e-05,0.0,0.0,0.0,robotiq_85_left_knuckle_joint,0.4007820787622695,-0.0007350491396303695,,robotiq_85_left_knuckle_joint,0.4007820787622695,-0.0007350491396303695,,0.0,0.0,
sentinel_joint_telemetry_v2,20260731_120941,20260731_120941:1,1,292,short_cube_pick_place,attack,mitm_trajectory_manipulation,joint_offset,medium,shoulder_pan_joint,cube,cube_transport,0.1,rad,,0,,,,cube_transport,2026-07-31T12:09:51.181+01:00,6.173221,0.020002,49.994913,0,4856.652000000,4856.652000000,trusted_fallback,0.000000,-0.1200000000021431,1.190569568387985e-10,0.02469646020082868,-0.1200000000021431,1.190569568387985e-10,0.02469646020082868,0.0,0.0,0.0,-1.591210733572788,-0.010514801495439752,-23.167249739252068,-1.591210733572788,-0.010514801495439752,-23.167249739252068,0.0,0.0,0.0,1.9109469213396628,-0.008162296589814533,-24.09758140785209,1.9109469213396628,-0.008162296589814533,-24.09758140785209,0.0,0.0,0.0,-1.8906361176849629,0.01867320483386822,-2.8246992176678765,-1.8906361176849629,0.01867320483386822,-2.8246992176678765,0.0,0.0,0.0,-1.57079999998497,-8.362141679508876e-10,0.018955646167596332,-1.57079999998497,-8.362141679508876e-10,0.018955646167596332,0.0,0.0,0.0,2.943666555371189e-10,-1.6353914247356353e-08,0.00024802452381775014,2.943666555371189e-10,-1.6353914247356353e-08,0.00024802452381775014,0.0,0.0,0.0,robotiq_85_left_knuckle_joint,0.4007487344510414,-0.0006603104088073767,,robotiq_85_left_knuckle_joint,0.4007487344510414,-0.0006603104088073767,,0.0,0.0,
sentinel_joint_telemetry_v2,20260731_120941,20260731_120941:1,1,293,short_cube_pick_place,attack,mitm_trajectory_manipulation,joint_offset,medium,shoulder_pan_joint,cube,cube_transport,0.1,rad,mitm-plan-0001,1,arm_mitm_proxy,6.182905,0.012375,cube_transport,2026-07-31T12:09:51.203+01:00,6.195280,0.022059,45.333622,0,4856.674000000,4856.674000000,trusted_fallback,0.000000,-0.11934345220614626,0.10227512250056324,0.41230600144359913,-0.11934345220614626,0.10227512250056324,0.41230600144359913,0.0,0.0,0.0,-1.5898374654568896,0.22773844985503086,-23.232707754431335,-1.5898374654568896,0.22773844985503086,-23.232707754431335,0.0,0.0,0.0,1.9090885828394,-0.27876271191398316,-24.100087462627684,1.9090885828394,-0.27876271191398316,-24.100087462627684,0.0,0.0,0.0,-1.890150751654208,0.05107543181768144,-2.82898414187039,-1.890150751654208,0.05107543181768144,-2.82898414187039,0.0,0.0,0.0,-1.57079999999257,5.857939838500165e-12,0.21193860599923106,-1.57079999999257,5.857939838500165e-12,0.21193860599923106,0.0,0.0,0.0,1.5595227809175969e-10,-8.432032187007023e-11,0.0034721906633044496,1.5595227809175969e-10,-8.432032187007023e-11,0.0034721906633044496,0.0,0.0,0.0,robotiq_85_left_knuckle_joint,0.398838505784192,-0.21049943746427666,,robotiq_85_left_knuckle_joint,0.398838505784192,-0.21049943746427666,,0.0,0.0,
sentinel_joint_telemetry_v2,20260731_120941,20260731_120941:1,1,294,short_cube_pick_place,attack,mitm_trajectory_manipulation,joint_offset,medium,shoulder_pan_joint,cube,cube_transport,0.1,rad,mitm-plan-0001,1,arm_mitm_proxy,6.182905,0.034396,cube_transport,2026-07-31T12:09:51.225+01:00,6.217301,0.022022,45.409829,0,4856.696000000,4856.696000000,trusted_fallback,0.000000,-0.11567047477523255,0.20347082078521944,0.22150209409102606,-0.11567047477523255,0.20347082078521944,0.22150209409102606,0.0,0.0,0.0,-1.5816587591794373,0.45307332009016354,-23.404890869879164,-1.5816587591794373,0.45307332009016354,-23.404890869879164,0.0,0.0,0.0,1.8990774567272635,-0.5545833279454453,-23.869266588819706,1.8990774567272635,-0.5545833279454453,-23.869266588819706,0.0,0.0,0.0,-1.8883164941757988,0.10161180716173102,-2.7921391621637133,-1.8883164941757988,0.10161180716173102,-2.7921391621637133,0.0,0.0,0.0,-1.5707999999927678,1.976584954738181e-11,0.033709985418970995,-1.5707999999927678,1.976584954738181e-11,0.033709985418970995,0.0,0.0,0.0,1.5306952311063593e-10,-1.6063165722687497e-10,0.00025123451330038904,1.5306952311063593e-10,-1.6063165722687497e-10,0.00025123451330038904,0.0,0.0,0.0,robotiq_85_left_knuckle_joint,0.3964779597603113,-0.035103874899087575,,robotiq_85_left_knuckle_joint,0.3964779597603113,-0.035103874899087575,,0.0,0.0,
sentinel_joint_telemetry_v2,20260731_120941,20260731_120941:1,1,295,short_cube_pick_place,attack,mitm_trajectory_manipulation,joint_offset,medium,shoulder_pan_joint,cube,cube_transport,0.1,rad,mitm-plan-0001,1,arm_mitm_proxy,6.182905,0.056249,cube_transport,2026-07-31T12:09:51.247+01:00,6.239154,0.021853,45.760844,0,4856.718000000,4856.718000000,trusted_fallback,0.000000,-0.11074758785840166,0.23522710318519796,0.2810607871433787,-0.11074758785840166,0.23522710318519796,0.2810607871433787,0.0,0.0,0.0,-1.5706968496967681,0.5237857900348811,-23.86574027597913,-1.5706968496967681,0.5237857900348811,-23.86574027597913,0.0,0.0,0.0,1.8856595573012276,-0.6411387598696434,-23.81458930560963,1.8856595573012276,-0.6411387598696434,-23.81458930560963,0.0,0.0,0.0,-1.8858580412427584,0.11747065725367675,-2.7831593488324042,-1.8858580412427584,0.11747065725367675,-2.7831593488324042,0.0,0.0,0.0,-1.570799999992714,6.113215887145048e-12,0.031384211435920115,-1.570799999992714,6.113215887145048e-12,0.031384211435920115,0.0,0.0,0.0,1.4920403388592089e-10,-1.8483308744762957e-10,0.00013191552412617348,1.4920403388592089e-10,-1.8483308744762957e-10,0.00013191552412617348,0.0,0.0,0.0,robotiq_85_left_knuckle_joint,0.3963145339738074,0.008011629864975344,,robotiq_85_left_knuckle_joint,0.3963145339738074,0.008011629864975344,,0.0,0.0,
sentinel_joint_telemetry_v2,20260731_120941,20260731_120941:1,1,296,short_cube_pick_place,attack,mitm_trajectory_manipulation,joint_offset,medium,shoulder_pan_joint,cube,cube_transport,0.1,rad,mitm-plan-0001,1,arm_mitm_proxy,6.182905,0.076315,cube_transport,2026-07-31T12:09:51.267+01:00,6.259220,0.020066,49.836002,0,4856.738000000,4856.738000000,trusted_fallback,0.000000,-0.10592285122292953,0.24468617899386644,0.30750734590735107,-0.10592285122292953,0.24468617899386644,0.30750734590735107,0.0,0.0,0.0,-1.5599534937820299,0.5448485393004942,-24.3532210188929,-1.5599534937820299,0.5448485393004942,-24.3532210188929,0.0,0.0,0.0,1.8725091778540026,-0.6669205683905415,-23.805834387704422,1.8725091778540026,-0.6669205683905415,-23.805834387704422,0.0,0.0,0.0,-1.8834486038266909,0.12219444902375294,-2.7797813019542774,-1.8834486038266909,0.12219444902375294,-2.7797813019542774,0.0,0.0,0.0,-1.5707999999927564,-2.2402057422640786e-12,0.031486973763386536,-1.5707999999927564,-2.2402057422640786e-12,0.031486973763386536,0.0,0.0,0.0,1.4542023147490472e-10,-1.918977428133281e-10,0.00010607165378336622,1.4542023147490472e-10,-1.918977428133281e-10,0.00010607165378336622,0.0,0.0,0.0,robotiq_85_left_knuckle_joint,0.39659303230969545,0.01718020393472309,,robotiq_85_left_knuckle_joint,0.39659303230969545,0.01718020393472309,,0.0,0.0,
sentinel_joint_telemetry_v2,20260731_120941,20260731_120941:1,1,297,short_cube_pick_place,attack,mitm_trajectory_manipulation,joint_offset,medium,shoulder_pan_joint,cube,cube_transport,0.1,rad,mitm-plan-0001,1,arm_mitm_proxy,6.182905,0.098310,cube_transport,2026-07-31T12:09:51.289+01:00,6.281215,0.021995,45.464911,0,4856.760000000,4856.760000000,trusted_fallback,0.000000,-0.1005111262986355,0.24928479431251116,0.3825211033558903,-0.1005111262986355,0.24928479431251116,0.3825211033558903,0.0,0.0,0.0,-1.5479030770718727,0.5550883854956685,-24.913704582309823,-1.5479030770718727,0.5550883854956685,-24.913704582309823,0.0,0.0,0.0,1.8577588937254983,-0.6794546279546834,-23.812745237938234,1.8577588937254983,-0.6794546279546834,-23.812745237938234,0.0,0.0,0.0,-1.8807460288461983,0.12449096314806357,-2.7783018192604594,-1.8807460288461983,0.12449096314806357,-2.7783018192604594,0.0,0.0,0.0,-1.570799999992899,-8.574300449336325e-12,0.061981729958666944,-1.570799999992899,-8.574300449336325e-12,0.061981729958666944,0.0,0.0,0.0,1.411817218496041e-10,-1.9594061357426033e-10,0.0006134528795945116,1.411817218496041e-10,-1.9594061357426033e-10,0.0006134528795945116,0.0,0.0,0.0,robotiq_85_left_knuckle_joint,0.3967619020807014,-0.026146484502143585,,robotiq_85_left_knuckle_joint,0.3967619020807014,-0.026146484502143585,,0.0,0.0,
sentinel_joint_telemetry_v2,20260731_120941,20260731_120941:1,1,298,short_cube_pick_place,attack,mitm_trajectory_manipulation,joint_offset,medium,shoulder_pan_joint,cube,cube_transport,0.1,rad,mitm-plan-0001,1,arm_mitm_proxy,6.182905,0.120178,cube_transport,2026-07-31T12:09:51.311+01:00,6.303083,0.021868,45.728513,0,4856.782000000,4856.782000000,trusted_fallback,0.000000,-0.0950223722444621,0.24960401352691255,0.33998623706707615,-0.0950223722444621,0.24960401352691255,0.33998623706707615,0.0,0.0,0.0,-1.5356811377646105,0.5557991985182974,-25.48459610156042,-1.5356811377646105,0.5557991985182974,-25.48459610156042,0.0,0.0,0.0,1.8427986577668851,-0.6803246969571174,-23.824647716175132,1.8427986577668851,-0.6803246969571174,-23.824647716175132,0.0,0.0,0.0,-1.8780049860939398,0.12465037884113636,-2.7768922346782405,-1.8780049860939398,0.12465037884113636,-2.7768922346782405,0.0,0.0,0.0,-1.570799999993078,-8.74540283940517e-12,0.03416223498630651,-1.570799999993078,-8.74540283940517e-12,0.03416223498630651,0.0,0.0,0.0,1.3688044771664765e-10,-1.9549625578381522e-10,0.00012549211527208742,1.3688044771664765e-10,-1.9549625578381522e-10,0.00012549211527208742,0.0,0.0,0.0,robotiq_85_left_knuckle_joint,0.3967193643008564,0.011522639181572383,,robotiq_85_left_knuckle_joint,0.3967193643008564,0.011522639181572383,,0.0,0.0,
sentinel_joint_telemetry_v2,20260731_120941,20260731_120941:1,1,299,short_cube_pick_place,attack,mitm_trajectory_manipulation,joint_offset,medium,shoulder_pan_joint,cube,cube_transport,0.1,rad,mitm-plan-0001,1,arm_mitm_proxy,6.182905,0.142159,cube_transport,2026-07-31T12:09:51.333+01:00,6.325064,0.021981,45.494531,0,4856.804000000,4856.804000000,trusted_fallback,0.000000,-0.08952967538312538,0.24970418789883644,0.34522923118992876,-0.08952967538312538,0.24970418789883644,0.34522923118992876,0.0,0.0,0.0,-1.523450418914791,0.5560222591766328,-26.06155842664593,-1.523450418914791,0.5560222591766328,-26.06155842664593,0.0,0.0,0.0,1.8278276752299298,-0.6805977338294065,-23.84249633663992,1.8278276752299298,-0.6805977338294065,-23.84249633663992,0.0,0.0,0.0,-1.8752619743332117,0.12470040517487183,-2.776666038924402,-1.8752619743332117,0.12470040517487183,-2.776666038924402,0.0,0.0,0.0,-1.5707999999932816,-9.510802735646084e-12,0.03238229426680476,-1.5707999999932816,-9.510802735646084e-12,0.03238229426680476,0.0,0.0,0.0,1.3257923322990377e-10,-1.9551846024769585e-10,9.928004386146985e-05,1.3257923322990377e-10,-1.9551846024769585e-10,9.928004386146985e-05,0.0,0.0,0.0,robotiq_85_left_knuckle_joint,0.39709135784460164,0.01974460760102896,,robotiq_85_left_knuckle_joint,0.39709135784460164,0.01974460760102896,,0.0,0.0,
sentinel_joint_telemetry_v2,20260731_120941,20260731_120941:1,1,300,short_cube_pick_place,attack,mitm_trajectory_manipulation,joint_offset,medium,shoulder_pan_joint,cube,cube_transport,0.1,rad,mitm-plan-0001,1,arm_mitm_proxy,6.182905,0.164131,cube_transport,2026-07-31T12:09:51.355+01:00,6.347036,0.021972,45.512216,0,4856.826000000,4856.826000000,trusted_fallback,0.000000,-0.08403574122712264,0.2497356236781747,0.3527305258866711,-0.08403574122712264,0.2497356236781747,0.3527305258866711,0.0,0.0,0.0,-1.5112169449514885,0.5560922579748001,-26.637215090997497,-1.5112169449514885,0.5560922579748001,-26.637215090997497,0.0,0.0,0.0,1.8128533203028188,-0.6806834156930285,-23.8593327458496,1.8128533203028188,-0.6806834156930285,-23.8593327458496,0.0,0.0,0.0,-1.872518344676762,0.12471610396851388,-2.7762488932521894,-1.872518344676762,0.12471610396851388,-2.7762488932521894,0.0,0.0,0.0,-1.5707999999934952,-9.801111745116886e-12,0.031923588038581044,-1.5707999999934952,-9.801111745116886e-12,0.031923588038581044,0.0,0.0,0.0,1.282775784381868e-10,-1.9553444292593012e-10,9.424228588138528e-05,1.282775784381868e-10,-1.9553444292593012e-10,9.424228588138528e-05,0.0,0.0,0.0,robotiq_85_left_knuckle_joint,0.3975462829759061,0.0210278506607695,,robotiq_85_left_knuckle_joint,0.3975462829759061,0.0210278506607695,,0.0,0.0,
sentinel_joint_telemetry_v2,20260731_120941,20260731_120941:1,1,301,short_cube_pick_place,attack,mitm_trajectory_manipulation,joint_offset,medium,shoulder_pan_joint,cube,cube_transport,0.1,rad,mitm-plan-0001,1,arm_mitm_proxy,6.182905,0.184133,cube_transport,2026-07-31T12:09:51.375+01:00,6.367038,0.020002,49.993813,0,4856.846000000,4856.846000000,trusted_fallback,0.000000,-0.07904090977206103,0.2497449872874731,0.3598095464476905,-0.07904090977206103,0.2497449872874731,0.3598095464476905,0.0,0.0,0.0,-1.50009483485306,0.5561131081464289,-27.159948078671874,-1.50009483485306,0.5561131081464289,-27.159948078671874,0.0,0.0,0.0,1.7992393276910825,-0.6807089372963798,-23.874401968204985,1.7992393276910825,-0.6807089372963798,-23.874401968204985,0.0,0.0,0.0,-1.8700239631789195,0.12472078008511117,-2.77584029675938,-1.8700239631789195,0.12472078008511117,-2.77584029675938,0.0,0.0,0.0,-1.5707999999936932,-9.889457742301433e-12,0.0317004288938459,-1.5707999999936932,-9.889457742301433e-12,0.0317004288938459,0.0,0.0,0.0,1.2436677940190505e-10,-1.955398697508267e-10,9.355862799653336e-05,1.2436677940190505e-10,-1.955398697508267e-10,9.355862799653336e-05,0.0,0.0,0.0,robotiq_85_left_knuckle_joint,0.3979628417742107,0.020519474271412604,,robotiq_85_left_knuckle_joint,0.3979628417742107,0.020519474271412604,,0.0,0.0,
sentinel_joint_telemetry_v2,20260731_120941,20260731_120941:1,1,302,short_cube_pick_place,attack,mitm_trajectory_manipulation,joint_offset,medium,shoulder_pan_joint,cube,cube_transport,0.1,rad,mitm-plan-0001,1,arm_mitm_proxy,6.182905,0.204146,cube_transport,2026-07-31T12:09:51.395+01:00,6.387052,0.020013,49.967062,0,4856.866000000,4856.866000000,trusted_fallback,0.000000,-0.07404596854002869,0.24974825217617277,0.36719483633862354,-0.07404596854002869,0.24974825217617277,0.36719483633862354,0.0,0.0,0.0,-1.4889724803116378,0.5561203781517443,-27.682275791662498,-1.4889724803116378,0.5561203781517443,-27.682275791662498,0.0,0.0,0.0,1.7856250358694776,-0.6807178361292405,-23.88947623232997,1.7856250358694776,-0.6807178361292405,-23.88947623232997,0.0,0.0,0.0,-1.8675295268592773,0.12472241054614969,-2.7754572530232093,-1.8675295268592773,0.12472241054614969,-2.7754572530232093,0.0,0.0,0.0,-1.5707999999938929,-9.88341830251982e-12,0.03166127323332574,-1.5707999999938929,-9.88341830251982e-12,0.03166127323332574,0.0,0.0,0.0,1.2045592575579636e-10,-1.9554749489049568e-10,9.147448344239042e-05,1.2045592575579636e-10,-1.9554749489049568e-10,9.147448344239042e-05,0.0,0.0,0.0,robotiq_85_left_knuckle_joint,0.39836427763070853,0.019612218662366895,,robotiq_85_left_knuckle_joint,0.39836427763070853,0.019612218662366895,,0.0,0.0,
sentinel_joint_telemetry_v2,20260731_120941,20260731_120941:1,1,303,short_cube_pick_place,attack,mitm_trajectory_manipulation,joint_offset,medium,shoulder_pan_joint,cube,cube_transport,0.1,rad,mitm-plan-0001,1,arm_mitm_proxy,6.182905,0.226221,cube_transport,2026-07-31T12:09:51.417+01:00,6.409126,0.022074,45.301418,0,4856.888000000,4856.888000000,trusted_fallback,0.000000,-0.06855149012810267,0.24974945151532377,0.37549839021480047,-0.06855149012810267,0.24974945151532377,0.37549839021480047,0.0,0.0,0.0,-1.4767377944407163,0.5561230487488664,-28.256340741969385,-1.4767377944407163,0.5561230487488664,-28.256340741969385,0.0,0.0,0.0,1.7706491975097076,-0.6807211050673302,-23.90610851169114,1.7706491975097076,-0.6807211050673302,-23.90610851169114,0.0,0.0,0.0,-1.8647856254054807,0.12472300948719689,-2.775074112998219,-1.8647856254054807,0.12472300948719689,-2.775074112998219,0.0,0.0,0.0,-1.5707999999941122,-9.891969621894647e-12,0.03173414984084707,-1.5707999999941122,-9.891969621894647e-12,0.03173414984084707,0.0,0.0,0.0,1.1615392046820197e-10,-1.9554701206816322e-10,8.66721083349472e-05,1.1615392046820197e-10,-1.9554701206816322e-10,8.66721083349472e-05,0.0,0.0,0.0,robotiq_85_left_knuckle_joint,0.398782036231186,0.01835983812397107,,robotiq_85_left_knuckle_joint,0.398782036231186,0.01835983812397107,,0.0,0.0,
sentinel_joint_telemetry_v2,20260731_120941,20260731_120941:1,1,304,short_cube_pick_place,attack,mitm_trajectory_manipulation,joint_offset,medium,shoulder_pan_joint,cube,cube_transport,0.1,rad,mitm-plan-0001,1,arm_mitm_proxy,6.182905,0.248239,cube_transport,2026-07-31T12:09:51.439+01:00,6.431144,0.022018,45.417398,0,4856.910000000,4856.910000000,trusted_fallback,0.000000,-0.06305699690264761,0.2497498278806946,0.3836447995124698,-0.06305699690264761,0.2497498278806946,0.3836447995124698,0.0,0.0,0.0,-1.4645030755841568,0.5561238868105408,-28.82945649965272,-1.4645030755841568,0.5561238868105408,-28.82945649965272,0.0,0.0,0.0,1.7556733187739455,-0.6807221308947528,-23.92245496914827,1.7556733187739455,-0.6807221308947528,-23.92245496914827,0.0,0.0,0.0,-1.862041716553918,0.12472319744124498,-2.7746503338592508,-1.862041716553918,0.12472319744124498,-2.7746503338592508,0.0,0.0,0.0,-1.570799999994332,-9.885404560899813e-12,0.03177094516140919,-1.570799999994332,-9.885404560899813e-12,0.03177094516140919,0.0,0.0,0.0,1.1185187284077796e-10,-1.955474048746103e-10,8.590172344482116e-05,1.1185187284077796e-10,-1.955474048746103e-10,8.590172344482116e-05,0.0,0.0,0.0,robotiq_85_left_knuckle_joint,0.39917142374788467,0.01709442107411567,,robotiq_85_left_knuckle_joint,0.39917142374788467,0.01709442107411567,,0.0,0.0,
sentinel_joint_telemetry_v2,20260731_120941,20260731_120941:1,1,305,short_cube_pick_place,attack,mitm_trajectory_manipulation,joint_offset,medium,shoulder_pan_joint,cube,cube_transport,0.1,rad,mitm-plan-0001,1,arm_mitm_proxy,6.182905,0.270319,cube_transport,2026-07-31T12:09:51.461+01:00,6.453224,0.022080,45.289621,0,4856.932000000,4856.932000000,trusted_fallback,0.000000,-0.057562499028550304,0.24974994598806569,0.3916074868685831,-0.057562499028550304,0.24974994598806569,0.3916074868685831,0.0,0.0,0.0,-1.4522683463763548,0.5561241498031777,-29.40179488199732,-1.4522683463763548,0.5561241498031777,-29.40179488199732,0.0,0.0,0.0,1.7406974273677693,-0.6807224528102509,-23.93876163623006,1.7406974273677693,-0.6807224528102509,-23.93876163623006,0.0,0.0,0.0,-1.859297805380858,0.12472325642321778,-2.774241680865873,-1.859297805380858,0.12472325642321778,-2.774241680865873,0.0,0.0,0.0,-1.5707999999945514,-9.889887520042606e-12,0.03175253549793941,-1.5707999999945514,-9.889887520042606e-12,0.03175253549793941,0.0,0.0,0.0,1.0754987043970915e-10,-1.9554822935615238e-10,8.432753194515716e-05,1.0754987043970915e-10,-1.9554822935615238e-10,8.432753194515716e-05,0.0,0.0,0.0,robotiq_85_left_knuckle_joint,0.3995323707148581,0.01579035175861359,,robotiq_85_left_knuckle_joint,0.3995323707148581,0.01579035175861359,,0.0,0.0,
sentinel_joint_telemetry_v2,20260731_120941,20260731_120941:1,1,306,short_cube_pick_place,attack,mitm_trajectory_manipulation,joint_offset,medium,shoulder_pan_joint,cube,cube_transport,0.1,rad,mitm-plan-0001,1,arm_mitm_proxy,6.182905,0.292244,cube_transport,2026-07-31T12:09:51.483+01:00,6.475150,0.021925,45.609111,0,4856.954000000,4856.954000000,trusted_fallback,0.000000,-0.052067999695659416,0.2497499830514546,0.3994947419288797,-0.052067999695659416,0.2497499830514546,0.3994947419288797,0.0,0.0,0.0,-1.4400336139202228,0.5561242323330504,-29.973216659706896,-1.4400336139202228,0.5561242323330504,-29.973216659706896,0.0,0.0,0.0,1.7257215319854826,-0.6807225538307318,-23.95497800586584,1.7257215319854826,-0.6807225538307318,-23.95497800586584,0.0,0.0,0.0,-1.8565538934792876,0.1247232749323915,-2.77383809729687,-1.8565538934792876,0.1247232749323915,-2.77383809729687,0.0,0.0,0.0,-1.570799999994771,-9.89464152972852e-12,0.03173453980435419,-1.570799999994771,-9.89464152972852e-12,0.03173453980435419,0.0,0.0,0.0,1.032478446867687e-10,-1.9554708904651746e-10,8.286948632093328e-05,1.032478446867687e-10,-1.9554708904651746e-10,8.286948632093328e-05,0.0,0.0,0.0,robotiq_85_left_knuckle_joint,0.3998645281036109,0.014490287507088395,,robotiq_85_left_knuckle_joint,0.3998645281036109,0.014490287507088395,,0.0,0.0,
sentinel_joint_telemetry_v2,20260731_120941,20260731_120941:1,1,307,short_cube_pick_place,attack,mitm_trajectory_manipulation,joint_offset,medium,shoulder_pan_joint,cube,cube_transport,0.1,rad,mitm-plan-0001,1,arm_mitm_proxy,6.182905,0.314210,cube_transport,2026-07-31T12:09:51.505+01:00,6.497115,0.021966,45.525225,0,4856.976000000,4856.976000000,trusted_fallback,0.000000,-0.04657349990498394,0.2497499946823425,0.4126219575763658,-0.04657349990498394,0.2497499946823425,0.4126219575763658,0.0,0.0,0.0,-1.4277988804447304,0.5561242582317946,-30.54126919865759,-1.4277988804447304,0.5561242582317946,-30.54126919865759,0.0,0.0,0.0,1.710745635355451,-0.6807225855320537,-23.969037184492684,1.710745635355451,-0.6807225855320537,-23.969037184492684,0.0,0.0,0.0,-1.853809981349103,0.1247232807407552,-2.773038889769049,-1.853809981349103,0.1247232807407552,-2.773038889769049,0.0,0.0,0.0,-1.5707999999949886,-1.027226567695827e-11,0.03423995967839872,-1.5707999999949886,-1.027226567695827e-11,0.03423995967839872,0.0,0.0,0.0,9.894597502229505e-11,-1.9561795222946057e-10,0.00012003672637349242,9.894597502229505e-11,-1.9561795222946057e-10,0.00012003672637349242,0.0,0.0,0.0,robotiq_85_left_knuckle_joint,0.39997914005950125,0.002269024636766582,,robotiq_85_left_knuckle_joint,0.39997914005950125,0.002269024636766582,,0.0,0.0,
sentinel_joint_telemetry_v2,20260731_120941,20260731_120941:1,1,308,short_cube_pick_place,attack,mitm_trajectory_manipulation,joint_offset,medium,shoulder_pan_joint,cube,cube_transport,0.1,rad,mitm-plan-0001,1,arm_mitm_proxy,6.182905,0.336192,cube_transport,2026-07-31T12:09:51.527+01:00,6.519097,0.021982,45.492751,0,4856.998000000,4856.998000000,trusted_fallback,0.000000,-0.04107899997065069,0.249749998332279,0.42104683733391723,-0.04107899997065069,0.249749998332279,0.42104683733391723,0.0,0.0,0.0,-1.415564146649352,0.5561242663590914,-31.109993585334216,-1.415564146649352,0.5561242663590914,-31.109993585334216,0.0,0.0,0.0,1.6957697383338635,-0.6807225954802348,-23.984515640699936,1.6957697383338635,-0.6807225954802348,-23.984515640699936,0.0,0.0,0.0,-1.851066069147176,0.12472328256347467,-2.772511362684938,-1.851066069147176,0.12472328256347467,-2.772511362684938,0.0,0.0,0.0,-1.5707999999952087,-1.0239557465818727e-11,0.034498663033748045,-1.5707999999952087,-1.0239557465818727e-11,0.034498663033748045,0.0,0.0,0.0,9.46437406194712e-11,-1.956059352578414e-10,0.0001272578757216331,9.46437406194712e-11,-1.956059352578414e-10,0.0001272578757216331,0.0,0.0,0.0,robotiq_85_left_knuckle_joint,0.3999592309821281,0.00029306928046012645,,robotiq_85_left_knuckle_joint,0.3999592309821281,0.00029306928046012645,,0.0,0.0,
sentinel_joint_telemetry_v2,20260731_120941,20260731_120941:1,1,309,short_cube_pick_place,attack,mitm_trajectory_manipulation,joint_offset,medium,shoulder_pan_joint,cube,cube_transport,0.1,rad,mitm-plan-0001,1,arm_mitm_proxy,6.182905,0.358039,cube_transport,2026-07-31T12:09:51.549+01:00,6.540944,0.021848,45.771819,0,4857.020000000,4857.020000000,trusted_fallback,0.000000,-0.03558449999123597,0.24974999947767654,0.35688814180146583,-0.03558449999123597,0.24974999947767654,0.35688814180146583,0.0,0.0,0.0,-1.4033294127535898,0.5561242689095276,-31.67520011059034,-1.4033294127535898,0.5561242689095276,-31.67520011059034,0.0,0.0,0.0,1.6807938411894017,-0.6807225986020576,-23.998132839868806,1.6807938411894017,-0.6807225986020576,-23.998132839868806,0.0,0.0,0.0,-1.8483221569227366,0.12472328313545579,-2.7717668300945832,-1.8483221569227366,0.12472328313545579,-2.7717668300945832,0.0,0.0,0.0,-1.5707999999954265,-8.02981509409606e-12,0.0005314087186984225,-1.5707999999954265,-8.02981509409606e-12,0.0005314087186984225,0.0,0.0,0.0,9.034207664441275e-11,-1.9508864451201272e-10,-0.0004598935027078121,9.034207664441275e-11,-1.9508864451201272e-10,-0.0004598935027078121,0.0,0.0,0.0,robotiq_85_left_knuckle_joint,0.3999062019040212,-0.007370732291360987,,robotiq_85_left_knuckle_joint,0.3999062019040212,-0.007370732291360987,,0.0,0.0,
sentinel_joint_telemetry_v2,20260731_120941,20260731_120941:1,1,310,short_cube_pick_place,attack,mitm_trajectory_manipulation,joint_offset,medium,shoulder_pan_joint,cube,cube_transport,0.1,rad,mitm-plan-0001,1,arm_mitm_proxy,6.182905,0.378128,cube_transport,2026-07-31T12:09:51.569+01:00,6.561033,0.020089,49.778724,0,4857.040000000,4857.040000000,trusted_fallback,0.000000,-0.03058949999734862,0.24974999981877333,0.43630397033607976,-0.03058949999734862,0.24974999981877333,0.43630397033607976,0.0,0.0,0.0,-1.3922069273657462,0.5561242696692271,-32.193203852348894,-1.3922069273657462,0.5561242696692271,-32.193203852348894,0.0,0.0,0.0,1.6671793892055446,-0.6807225995319415,-24.014586075592625,1.6671793892055446,-0.6807225995319415,-24.014586075592625,0.0,0.0,0.0,-1.8458276912578613,0.12472328330582816,-2.771716228527345,-1.8458276912578613,0.12472328330582816,-2.771716228527345,0.0,0.0,0.0,-1.570799999995628,-1.0247200657453881e-11,0.03470166426429614,-1.570799999995628,-1.0247200657453881e-11,0.03470166426429614,0.0,0.0,0.0,8.643069791965275e-11,-1.9561751827754104e-10,0.0001307096469571696,8.643069791965275e-11,-1.9561751827754104e-10,0.0001307096469571696,0.0,0.0,0.0,robotiq_85_left_knuckle_joint,0.3998566939867983,-0.0008854322677220791,,robotiq_85_left_knuckle_joint,0.3998566939867983,-0.0008854322677220791,,0.0,0.0,
sentinel_joint_telemetry_v2,20260731_120941,20260731_120941:1,1,311,short_cube_pick_place,attack,mitm_trajectory_manipulation,joint_offset,medium,shoulder_pan_joint,cube,cube_transport,0.1,rad,mitm-plan-0001,1,arm_mitm_proxy,6.182905,0.398453,cube_transport,2026-07-31T12:09:51.589+01:00,6.581358,0.020325,49.201015,0,4857.060000000,4857.060000000,trusted_fallback,0.000000,-0.025594499999461274,0.249749999937686,0.49579024829766666,-0.025594499999461274,0.249749999937686,0.49579024829766666,0.0,0.0,0.0,-1.381084441968996,0.5561242699341211,-32.72158846797685,-1.381084441968996,0.5561242699341211,-32.72158846797685,0.0,0.0,0.0,1.6535649372107857,-0.6807225998561114,-24.040866836884675,1.6535649372107857,-0.6807225998561114,-24.040866836884675,0.0,0.0,0.0,-1.8433332255909893,0.12472328336532067,-2.773725016258033,-1.8433332255909893,0.12472328336532067,-2.773725016258033,0.0,0.0,0.0,-1.570799999995827,-1.1654660743432022e-11,0.05912784897467344,-1.570799999995827,-1.1654660743432022e-11,0.05912784897467344,0.0,0.0,0.0,8.251978705030211e-11,-1.959467383814105e-10,0.0005554117640499669,8.251978705030211e-11,-1.959467383814105e-10,0.0005554117640499669,0.0,0.0,0.0,robotiq_85_left_knuckle_joint,0.399790954625741,-0.0018255561367361444,,robotiq_85_left_knuckle_joint,0.399790954625741,-0.0018255561367361444,,0.0,0.0,
sentinel_joint_telemetry_v2,20260731_120941,20260731_120941:1,1,312,short_cube_pick_place,attack,mitm_trajectory_manipulation,joint_offset,medium,shoulder_pan_joint,cube,cube_transport,0.1,rad,mitm-plan-0001,1,arm_mitm_proxy,6.182905,0.420203,cube_transport,2026-07-31T12:09:51.611+01:00,6.603108,0.021750,45.977849,0,4857.082000000,4857.082000000,trusted_fallback,0.000000,-0.020120229750217884,0.25087387498149044,0.46673026716543653,-0.020120229750217884,0.25087387498149044,0.46673026716543653,0.0,0.0,0.0,-1.3688947540949572,0.558626829246966,-33.26143404742551,-1.3688947540949572,0.558626829246966,-33.26143404742551,0.0,0.0,0.0,1.6386441785428818,-0.6837858516756332,-24.03633285363285,1.6386441785428818,-0.6837858516756332,-24.03633285363285,0.0,0.0,0.0,-1.8405994159425862,0.12528453816140264,-2.769594501707404,-1.8405994159425862,0.12528453816140264,-2.769594501707404,0.0,0.0,0.0,-1.5707999999960593,-9.902508067011206e-12,0.0403995484685218,-1.5707999999960593,-9.902508067011206e-12,0.0403995484685218,0.0,0.0,0.0,7.823480786854755e-11,-1.9664613156149952e-10,0.00022102050417135144,7.823480786854755e-11,-1.9664613156149952e-10,0.00022102050417135144,0.0,0.0,0.0,robotiq_85_left_knuckle_joint,0.39956968740887183,-0.027138312480779133,,robotiq_85_left_knuckle_joint,0.39956968740887183,-0.027138312480779133,,0.0,0.0,
sentinel_joint_telemetry_v2,20260731_120941,20260731_120941:1,1,313,short_cube_pick_place,attack,mitm_trajectory_manipulation,joint_offset,medium,shoulder_pan_joint,cube,cube_transport,0.1,rad,mitm-plan-0001,1,arm_mitm_proxy,6.182905,0.442134,cube_transport,2026-07-31T12:09:51.633+01:00,6.625039,0.021932,45.596113,0,4857.104000000,4857.104000000,trusted_fallback,0.000000,-0.014611848310338588,0.2501026838788483,0.45549671658373375,-0.014611848310338588,0.2501026838788483,0.45549671658373375,0.0,0.0,0.0,-1.3566291100207413,0.5569095996610834,-33.834868906655906,-1.3566291100207413,0.5569095996610834,-33.834868906655906,0.0,0.0,0.0,1.6236304458674506,-0.6816838808546257,-24.06039899220859,1.6236304458674506,-0.6816838808546257,-24.06039899220859,0.0,0.0,0.0,-1.8378485714205535,0.1248994110894368,-2.7707336418035737,-1.8378485714205535,0.1248994110894368,-2.7707336418035737,0.0,0.0,0.0,-1.5707999999962692,-9.87441075087081e-12,0.032965628296763805,-1.5707999999962692,-9.87441075087081e-12,0.032965628296763805,0.0,0.0,0.0,7.392030399556163e-11,-1.9582697410262112e-10,0.0001073950700998177,7.392030399556163e-11,-1.9582697410262112e-10,0.0001073950700998177,0.0,0.0,0.0,robotiq_85_left_knuckle_joint,0.39945965012820883,0.006826033724301388,,robotiq_85_left_knuckle_joint,0.39945965012820883,0.006826033724301388,,0.0,0.0,
sentinel_joint_telemetry_v2,20260731_120941,20260731_120941:1,1,314,short_cube_pick_place,attack,mitm_trajectory_manipulation,joint_offset,medium,shoulder_pan_joint,cube,cube_transport,0.1,rad,mitm-plan-0001,1,arm_mitm_proxy,6.182905,0.464028,cube_transport,2026-07-31T12:09:51.655+01:00,6.646933,0.021893,45.675774,0,4857.126000000,4857.126000000,trusted_fallback,0.000000,-0.009112992167394043,0.24986067593928657,0.3844961731045202,-0.009112992167394043,0.24986067593928657,0.3844961731045202,0.0,0.0,0.0,-1.344384676151953,0.5563707148211625,-34.39382963671572,-1.344384676151953,0.5563707148211625,-34.39382963671572,0.0,0.0,0.0,1.6086426754939045,-0.6810242601383935,-24.07403161935166,1.6086426754939045,-0.6810242601383935,-24.07403161935166,0.0,0.0,0.0,-1.8351024837606063,0.1247785541332414,-2.770054697813652,-1.8351024837606063,0.1247785541332414,-2.770054697813652,0.0,0.0,0.0,-1.5707999999964837,-7.911481365863171e-12,-0.001960775837790935,-1.5707999999964837,-7.911481365863171e-12,-0.001960775837790935,0.0,0.0,0.0,6.961560991054029e-11,-1.9513348228916705e-10,-0.0005011968987674072,6.961560991054029e-11,-1.9513348228916705e-10,-0.0005011968987674072,0.0,0.0,0.0,robotiq_85_left_knuckle_joint,0.3995473072004651,-0.00413859135588757,,robotiq_85_left_knuckle_joint,0.3995473072004651,-0.00413859135588757,,0.0,0.0,
sentinel_joint_telemetry_v2,20260731_120941,20260731_120941:1,1,315,short_cube_pick_place,attack,mitm_trajectory_manipulation,joint_offset,medium,shoulder_pan_joint,cube,cube_transport,0.1,rad,mitm-plan-0001,1,arm_mitm_proxy,6.182905,0.484214,cube_transport,2026-07-31T12:09:51.675+01:00,6.667119,0.020186,49.538953,0,4857.146000000,4857.146000000,trusted_fallback,0.000000,-0.00411669462612549,0.24978859031469497,0.5258107115205453,-0.00411669462612549,0.24978859031469497,0.5258107115205453,0.0,0.0,0.0,-1.333259301484468,0.5562102000452511,-34.92016822755448,-1.333259301484468,0.5562102000452511,-34.92016822755448,0.0,0.0,0.0,1.5950246868941247,-0.6808277824057914,-24.102136460577476,1.5950246868941247,-0.6808277824057914,-24.102136460577476,0.0,0.0,0.0,-1.8326073701102665,0.12474255511123437,-2.7723767370912444,-1.8326073701102665,0.12474255511123437,-2.7723767370912444,0.0,0.0,0.0,-1.5707999999966848,-1.1638844402139803e-11,0.05871921585751296,-1.5707999999966848,-1.1638844402139803e-11,0.05871921585751296,0.0,0.0,0.0,6.570332066092383e-11,-1.9597206333838574e-10,0.0005538119974364461,6.570332066092383e-11,-1.9597206333838574e-10,0.0005538119974364461,0.0,0.0,0.0,robotiq_85_left_knuckle_joint,0.3995295968740127,-9.825647842060949e-05,,robotiq_85_left_knuckle_joint,0.3995295968740127,-9.825647842060949e-05,,0.0,0.0,
sentinel_joint_telemetry_v2,20260731_120941,20260731_120941:1,1,316,short_cube_pick_place,attack,mitm_trajectory_manipulation,joint_offset,medium,shoulder_pan_joint,cube,cube_transport,0.1,rad,mitm-plan-0001,1,arm_mitm_proxy,6.182905,0.506212,cube_transport,2026-07-31T12:09:51.697+01:00,6.689117,0.021998,45.458982,0,4857.168000000,4857.168000000,trusted_fallback,0.000000,0.0013782820186599674,0.24976211005060858,0.5342516030218417,0.0013782820186599674,0.24976211005060858,0.5342516030218417,0.0,0.0,0.0,-1.3210235061865778,0.5561512358108224,-35.47866211024308,-1.3210235061865778,0.5561512358108224,-35.47866211024308,0.0,0.0,0.0,1.5800474905428956,-0.6807556073737981,-24.117672708446793,1.5800474905428956,-0.6807556073737981,-24.117672708446793,0.0,0.0,0.0,-1.8298632198427025,0.12472933106523931,-2.772063579365819,-1.8298632198427025,0.12472933106523931,-2.772063579365819,0.0,0.0,0.0,-1.5707999999969045,-1.16500047456225e-11,0.05912006961703754,-1.5707999999969045,-1.16500047456225e-11,0.05912006961703754,0.0,0.0,0.0,6.140093684441545e-11,-1.9596301838176178e-10,0.000556471372141952,6.140093684441545e-11,-1.9596301838176178e-10,0.000556471372141952,0.0,0.0,0.0,robotiq_85_left_knuckle_joint,0.3994698792333202,-0.0010869008480004726,,robotiq_85_left_knuckle_joint,0.3994698792333202,-0.0010869008480004726,,0.0,0.0,
sentinel_joint_telemetry_v2,20260731_120941,20260731_120941:1,1,317,short_cube_pick_place,attack,mitm_trajectory_manipulation,joint_offset,medium,shoulder_pan_joint,cube,cube_transport,0.1,rad,mitm-plan-0001,1,arm_mitm_proxy,6.182905,0.528217,cube_transport,2026-07-31T12:09:51.719+01:00,6.711122,0.022005,45.443734,0,4857.190000000,4857.190000000,trusted_fallback,0.000000,0.006872931594865742,0.24975380026324825,0.4031589306308992,0.006872931594865742,0.24975380026324825,0.4031589306308992,0.0,0.0,0.0,-1.3087884391800797,0.5561327322092712,-36.01695130152386,-1.3087884391800797,0.5561327322092712,-36.01695130152386,0.0,0.0,0.0,1.5650711856550257,-0.6807329580840038,-24.118494118689895,1.5650711856550257,-0.6807329580840038,-24.118494118689895,0.0,0.0,0.0,-1.827119232910743,0.12472518121936907,-2.7689843366871547,-1.827119232910743,0.12472518121936907,-2.7689843366871547,0.0,0.0,0.0,-1.5707999999971225,-7.922953092209806e-12,-0.0017063146213805694,-1.5707999999971225,-7.922953092209806e-12,-0.0017063146213805694,0.0,0.0,0.0,5.709912340184178e-11,-1.950671088416303e-10,-0.0004953889897364482,5.709912340184178e-11,-1.950671088416303e-10,-0.0004953889897364482,0.0,0.0,0.0,robotiq_85_left_knuckle_joint,0.3994031450797919,-0.007418001604436154,,robotiq_85_left_knuckle_joint,0.3994031450797919,-0.007418001604436154,,0.0,0.0,
sentinel_joint_telemetry_v2,20260731_120941,20260731_120941:1,1,318,short_cube_pick_place,attack,mitm_trajectory_manipulation,joint_offset,medium,shoulder_pan_joint,cube,cube_transport,0.1,rad,mitm-plan-0001,1,arm_mitm_proxy,6.182905,0.550095,cube_transport,2026-07-31T12:09:51.741+01:00,6.733000,0.021878,45.708531,0,4857.212000000,4857.212000000,trusted_fallback,0.000000,0.0123674785334854,0.24975119256382594,0.49118022443452936,0.0123674785334854,0.24975119256382594,0.49118022443452936,0.0,0.0,0.0,-1.296553600719137,0.5561269255830512,-36.57445862505929,-1.296553600719137,0.5561269255830512,-36.57445862505929,0.0,0.0,0.0,1.5500951605178048,-0.6807258504968651,-24.135932576440336,1.5500951605178048,-0.6807258504968651,-24.135932576440336,0.0,0.0,0.0,-1.824375297235227,0.12472387895382966,-2.768986349338563,-1.824375297235227,0.12472387895382966,-2.768986349338563,0.0,0.0,0.0,-1.570799999997344,-1.0207641155945968e-11,0.03389698299759889,-1.570799999997344,-1.0207641155945968e-11,0.03389698299759889,0.0,0.0,0.0,5.2796581701210956e-11,-1.9560644954914191e-10,0.00011961895322611771,5.2796581701210956e-11,-1.9560644954914191e-10,0.00011961895322611771,0.0,0.0,0.0,robotiq_85_left_knuckle_joint,0.39933901695491875,-0.00014809039740242176,,robotiq_85_left_knuckle_joint,0.39933901695491875,-0.00014809039740242176,,0.0,0.0,
sentinel_joint_telemetry_v2,20260731_120941,20260731_120941:1,1,319,short_cube_pick_place,attack,mitm_trajectory_manipulation,joint_offset,medium,shoulder_pan_joint,cube,cube_transport,0.1,rad,mitm-plan-0001,1,arm_mitm_proxy,6.182905,0.570121,cube_transport,2026-07-31T12:09:51.761+01:00,6.753026,0.020026,49.934075,0,4857.232000000,4857.232000000,trusted_fallback,0.000000,0.01736249251486284,0.24975041582222263,0.49752824414949487,0.01736249251486284,0.24975041582222263,0.49752824414949487,0.0,0.0,0.0,-1.2854310841850158,0.5561251959940151,-37.076595928459774,-1.2854310841850158,0.5561251959940151,-37.076595928459774,0.0,0.0,0.0,1.536480670409423,-0.6807237333974809,-24.14952219357334,1.536480670409423,-0.6807237333974809,-24.14952219357334,0.0,0.0,0.0,-1.821880824585104,0.12472349105485936,-2.76867599931813,-1.821880824585104,0.12472349105485936,-2.76867599931813,0.0,0.0,0.0,-1.5707999999975437,-1.0209525065640879e-11,0.03400519570292482,-1.5707999999975437,-1.0209525065640879e-11,0.03400519570292482,0.0,0.0,0.0,4.888565240378442e-11,-1.9561183814235938e-10,0.0001234491853038922,4.888565240378442e-11,-1.9561183814235938e-10,0.0001234491853038922,0.0,0.0,0.0,robotiq_85_left_knuckle_joint,0.3992819076720598,-0.0009419996341346192,,robotiq_85_left_knuckle_joint,0.3992819076720598,-0.0009419996341346192,,0.0,0.0,
sentinel_joint_telemetry_v2,20260731_120941,20260731_120941:1,1,320,short_cube_pick_place,attack,mitm_trajectory_manipulation,joint_offset,medium,shoulder_pan_joint,cube,cube_transport,0.1,rad,mitm-plan-0001,1,arm_mitm_proxy,6.182905,0.590130,cube_transport,2026-07-31T12:09:51.781+01:00,6.773035,0.020009,49.977375,0,4857.252000000,4857.252000000,trusted_fallback,0.000000,0.02235749738988647,0.24975014498923917,0.4001375599653135,0.02235749738988647,0.24975014498923917,0.4001375599653135,0.0,0.0,0.0,-1.2743085879282297,0.5561245929235921,-37.574149857691765,-1.2743085879282297,0.5561245929235921,-37.574149857691765,0.0,0.0,0.0,1.5228662051214652,-0.6807229952105627,-24.160924351848315,1.5228662051214652,-0.6807229952105627,-24.160924351848315,0.0,0.0,0.0,-1.8193863564826263,0.12472335580284849,-2.7680457666451987,-1.8193863564826263,0.12472335580284849,-2.7680457666451987,0.0,0.0,0.0,-1.5707999999977404,-7.417376608753745e-12,-0.01023620718484071,-1.5707999999977404,-7.417376608753745e-12,-0.01023620718484071,0.0,0.0,0.0,4.497531940996335e-11,-1.9493558167400088e-10,-0.0006482174467591928,4.497531940996335e-11,-1.9493558167400088e-10,-0.0006482174467591928,0.0,0.0,0.0,robotiq_85_left_knuckle_joint,0.3992184817112476,-0.010004032320842834,,robotiq_85_left_knuckle_joint,0.3992184817112476,-0.010004032320842834,,0.0,0.0,
sentinel_joint_telemetry_v2,20260731_120941,20260731_120941:1,1,321,short_cube_pick_place,attack,mitm_trajectory_manipulation,joint_offset,medium,shoulder_pan_joint,cube,cube_transport,0.1,rad,mitm-plan-0001,1,arm_mitm_proxy,6.182905,0.612233,cube_transport,2026-07-31T12:09:51.803+01:00,6.795138,0.022103,45.243415,0,4857.274000000,4857.274000000,trusted_fallback,0.000000,0.027851999180720528,0.24975004550006635,0.5089949001110775,0.027851999180720528,0.24975004550006635,0.5089949001110775,0.0,0.0,0.0,-1.2620738499989352,0.5561243713889469,-38.1263761210241,-1.2620738499989352,0.5561243713889469,-38.1263761210241,0.0,0.0,0.0,1.507890303039772,-0.6807227240415582,-24.178405189767915,1.507890303039772,-0.6807227240415582,-24.178405189767915,0.0,0.0,0.0,-1.8166424433535762,0.1247233061187604,-2.768103206932667,-1.8166424433535762,0.1247233061187604,-2.768103206932667,0.0,0.0,0.0,-1.5707999999979625,-1.0194695782006491e-11,0.033568867227112296,-1.5707999999979625,-1.0194695782006491e-11,0.033568867227112296,0.0,0.0,0.0,4.067263762715923e-11,-1.9560587611461289e-10,0.00011580079040828952,4.067263762715923e-11,-1.9560587611461289e-10,0.00011580079040828952,0.0,0.0,0.0,robotiq_85_left_knuckle_joint,0.39915959002891827,-5.240216702209711e-05,,robotiq_85_left_knuckle_joint,0.39915959002891827,-5.240216702209711e-05,,0.0,0.0,
sentinel_joint_telemetry_v2,20260731_120941,20260731_120941:1,1,322,short_cube_pick_place,attack,mitm_trajectory_manipulation,joint_offset,medium,shoulder_pan_joint,cube,cube_transport,0.1,rad,mitm-plan-0001,1,arm_mitm_proxy,6.182905,0.634192,cube_transport,2026-07-31T12:09:51.825+01:00,6.817098,0.021960,45.538037,0,4857.296000000,4857.296000000,trusted_fallback,0.000000,0.033346499742724876,0.24975001427939877,0.5146148655475523,0.033346499742724876,0.24975001427939877,0.5146148655475523,0.0,0.0,0.0,-1.2498391148059065,0.5561243018690627,-38.67285870715783,-1.2498391148059065,0.5561243018690627,-38.67285870715783,0.0,0.0,0.0,1.4929144043073979,-0.6807226389458998,-24.193217797784055,1.4929144043073979,-0.6807226389458998,-24.193217797784055,0.0,0.0,0.0,-1.8138985308381954,0.12472329052738985,-2.767776564169043,-1.8138985308381954,0.12472329052738985,-2.767776564169043,0.0,0.0,0.0,-1.5707999999981817,-1.0202900156686123e-11,0.03327684530208612,-1.5707999999981817,-1.0202900156686123e-11,0.03327684530208612,0.0,0.0,0.0,3.637058406383676e-11,-1.9560456661522896e-10,0.00011600254849274062,3.637058406383676e-11,-1.9560456661522896e-10,0.00011600254849274062,0.0,0.0,0.0,robotiq_85_left_knuckle_joint,0.39909275726183135,6.664535989694444e-05,,robotiq_85_left_knuckle_joint,0.39909275726183135,6.664535989694444e-05,,0.0,0.0,
sentinel_joint_telemetry_v2,20260731_120941,20260731_120941:1,1,323,short_cube_pick_place,attack,mitm_trajectory_manipulation,joint_offset,medium,shoulder_pan_joint,cube,cube_transport,0.1,rad,mitm-plan-0001,1,arm_mitm_proxy,6.182905,0.656165,cube_transport,2026-07-31T12:09:51.847+01:00,6.839070,0.021973,45.511033,0,4857.318000000,4857.318000000,trusted_fallback,0.000000,0.03884099991910939,0.2497500044819762,0.5208558723749684,0.03884099991910939,0.2497500044819762,0.5208558723749684,0.0,0.0,0.0,-1.2376043804715458,0.5561242800529594,-39.21732632426732,-1.2376043804715458,0.5561242800529594,-39.21732632426732,0.0,0.0,0.0,1.4779385066260755,-0.6807226122419443,-24.20816687338091,1.4779385066260755,-0.6807226122419443,-24.20816687338091,0.0,0.0,0.0,-1.81115461851539,0.12472328563464154,-2.767515766021145,-1.81115461851539,0.12472328563464154,-2.767515766021145,0.0,0.0,0.0,-1.570799999998401,-1.020909745630405e-11,0.03328934473703476,-1.570799999998401,-1.020909745630405e-11,0.03328934473703476,0.0,0.0,0.0,3.206857745308198e-11,-1.9559788662880384e-10,0.00011256108992271312,3.206857745308198e-11,-1.9559788662880384e-10,0.00011256108992271312,0.0,0.0,0.0,robotiq_85_left_knuckle_joint,0.39903519466535814,7.991719102858627e-05,,robotiq_85_left_knuckle_joint,0.39903519466535814,7.991719102858627e-05,,0.0,0.0,
sentinel_joint_telemetry_v2,20260731_120941,20260731_120941:1,1,324,short_cube_pick_place,attack,mitm_trajectory_manipulation,joint_offset,medium,shoulder_pan_joint,cube,cube_transport,0.1,rad,mitm-plan-0001,1,arm_mitm_proxy,6.182905,0.676166,cube_transport,2026-07-31T12:09:51.867+01:00,6.859071,0.020001,49.997938,0,4857.338000000,4857.338000000,trusted_fallback,0.000000,0.04383599997166723,0.24975000156376517,0.43727849490225973,0.04383599997166723,0.24975000156376517,0.43727849490225973,0.0,0.0,0.0,-1.2264818949530578,0.5561242735547155,-39.70679099019748,-1.2264818949530578,0.5561242735547155,-39.70679099019748,0.0,0.0,0.0,1.4643240544823082,-0.6807226042877739,-24.21922055878106,1.4643240544823082,-0.6807226042877739,-24.21922055878106,0.0,0.0,0.0,-1.8086601528212154,0.12472328417725449,-2.7669021128294555,-1.8086601528212154,0.12472328417725449,-2.7669021128294555,0.0,0.0,0.0,-1.5707999999985984,-7.866211154672342e-12,-0.0035619420322403994,-1.5707999999985984,-7.866211154672342e-12,-0.0035619420322403994,0.0,0.0,0.0,2.8158087941558453e-11,-1.9504473914872672e-10,-0.0005218667013650519,2.8158087941558453e-11,-1.9504473914872672e-10,-0.0005218667013650519,0.0,0.0,0.0,robotiq_85_left_knuckle_joint,0.39896505744356453,-0.007915735446967598,,robotiq_85_left_knuckle_joint,0.39896505744356453,-0.007915735446967598,,0.0,0.0,
sentinel_joint_telemetry_v2,20260731_120941,20260731_120941:1,1,325,short_cube_pick_place,attack,mitm_trajectory_manipulation,joint_offset,medium,shoulder_pan_joint,cube,cube_transport,0.1,rad,mitm-plan-0001,1,arm_mitm_proxy,6.182905,0.696243,cube_transport,2026-07-31T12:09:51.887+01:00,6.879149,0.020077,49.807261,0,4857.358000000,4857.358000000,trusted_fallback,0.000000,0.04883099999001153,0.24975000054615545,0.5323354184885978,0.04883099999001153,0.24975000054615545,0.5323354184885978,0.0,0.0,0.0,-1.2153594095107547,0.5561242712889136,-40.20098176111966,-1.2153594095107547,0.5561242712889136,-40.20098176111966,0.0,0.0,0.0,1.450709602431794,-0.6807226015143144,-24.23499400532262,1.450709602431794,-0.6807226015143144,-24.23499400532262,0.0,0.0,0.0,-1.8061656871441263,0.12472328366910271,-2.7670491047546713,-1.8061656871441263,0.12472328366910271,-2.7670491047546713,0.0,0.0,0.0,-1.5707999999987998,-1.0233352359945158e-11,0.03351501751278082,-1.5707999999987998,-1.0233352359945158e-11,0.03351501751278082,0.0,0.0,0.0,2.4246695122658114e-11,-1.9560395859465063e-10,0.00011028471794703456,2.4246695122658114e-11,-1.9560395859465063e-10,0.00011028471794703456,0.0,0.0,0.0,robotiq_85_left_knuckle_joint,0.3989072584267851,-0.0010252600799791059,,robotiq_85_left_knuckle_joint,0.3989072584267851,-0.0010252600799791059,,0.0,0.0,
sentinel_joint_telemetry_v2,20260731_120941,20260731_120941:1,1,326,short_cube_pick_place,attack,mitm_trajectory_manipulation,joint_offset,medium,shoulder_pan_joint,cube,cube_transport,0.1,rad,mitm-plan-0001,1,arm_mitm_proxy,6.182905,0.718178,cube_transport,2026-07-31T12:09:51.909+01:00,6.901083,0.021935,45.590272,0,4857.380000000,4857.380000000,trusted_fallback,0.000000,0.054325499996771116,0.24975000017233967,0.5361886444429069,0.054325499996771116,0.24975000017233967,0.5361886444429069,0.0,0.0,0.0,-1.2031246755541016,0.5561242704565957,-40.73860084365781,-1.2031246755541016,0.5561242704565957,-40.73860084365781,0.0,0.0,0.0,1.4357337052128054,-0.6807226004955054,-24.24962294169611,1.4357337052128054,-0.6807226004955054,-24.24962294169611,0.0,0.0,0.0,-1.8034217749060304,0.12472328348243511,-2.766754815159568,-1.8034217749060304,0.12472328348243511,-2.766754815159568,0.0,0.0,0.0,-1.5707999999990194,-1.0116418119876514e-11,0.03274121898812468,-1.5707999999990194,-1.0116418119876514e-11,0.03274121898812468,0.0,0.0,0.0,1.9944659547984404e-11,-1.955776953149052e-10,0.00010576431823158647,1.9944659547984404e-11,-1.955776953149052e-10,0.00010576431823158647,0.0,0.0,0.0,robotiq_85_left_knuckle_joint,0.39884380518018314,0.0007409659296258968,,robotiq_85_left_knuckle_joint,0.39884380518018314,0.0007409659296258968,,0.0,0.0,
sentinel_joint_telemetry_v2,20260731_120941,20260731_120941:1,1,327,short_cube_pick_place,attack,mitm_trajectory_manipulation,joint_offset,medium,shoulder_pan_joint,cube,cube_transport,0.1,rad,mitm-plan-0001,1,arm_mitm_proxy,6.182905,0.738205,cube_transport,2026-07-31T12:09:51.929+01:00,6.921110,0.020027,49.932008,0,4857.400000000,4857.400000000,trusted_fallback,0.000000,0.0593204999988038,0.2497500000610218,0.5425086950653305,0.0593204999988038,0.2497500000610218,0.5425086950653305,0.0,0.0,0.0,-1.1920021901481197,0.5561242702086692,-41.224930352756054,-1.1920021901481197,0.5561242702086692,-41.224930352756054,0.0,0.0,0.0,1.422119253206751,-0.6807226001920089,-24.262803190450548,1.422119253206751,-0.6807226001920089,-24.262803190450548,0.0,0.0,0.0,-1.8009273092370877,0.12472328342684208,-2.766542473442636,-1.8009273092370877,0.12472328342684208,-2.766542473442636,0.0,0.0,0.0,-1.5707999999992184,-1.0259197137651999e-11,0.03321246660980157,-1.5707999999992184,-1.0259197137651999e-11,0.03321246660980157,0.0,0.0,0.0,1.603379280425273e-11,-1.9560914487574271e-10,0.00010698407650529947,1.603379280425273e-11,-1.9560914487574271e-10,0.00010698407650529947,0.0,0.0,0.0,robotiq_85_left_knuckle_joint,0.39878607056527204,-0.0009247930452911499,,robotiq_85_left_knuckle_joint,0.39878607056527204,-0.0009247930452911499,,0.0,0.0,
sentinel_joint_telemetry_v2,20260731_120941,20260731_120941:1,1,328,short_cube_pick_place,attack,mitm_trajectory_manipulation,joint_offset,medium,shoulder_pan_joint,cube,cube_transport,0.1,rad,mitm-plan-0001,1,arm_mitm_proxy,6.182905,0.760124,cube_transport,2026-07-31T12:09:51.951+01:00,6.943029,0.021919,45.622761,0,4857.422000000,4857.422000000,trusted_fallback,0.000000,0.06481499999957137,0.2497500000202073,0.41753709483274704,0.06481499999957137,0.2497500000202073,0.41753709483274704,0.0,0.0,0.0,-1.1797674562048095,0.5561242701176367,-41.752083090592755,-1.1797674562048095,0.5561242701176367,-41.752083090592755,0.0,0.0,0.0,1.4071433560040942,-0.6807226000805365,-24.27331579553853,1.4071433560040942,-0.6807226000805365,-24.27331579553853,0.0,0.0,0.0,-1.798183397001984,0.12472328340639544,-2.7655586717145724,-1.798183397001984,0.12472328340639544,-2.7655586717145724,0.0,0.0,0.0,-1.570799999999435,-6.997921339624291e-12,-0.01911614324424738,-1.570799999999435,-6.997921339624291e-12,-0.01911614324424738,0.0,0.0,0.0,1.1732462276710802e-11,-1.9482616193076951e-10,-0.0007854903423576791,1.1732462276710802e-11,-1.9482616193076951e-10,-0.0007854903423576791,0.0,0.0,0.0,robotiq_85_left_knuckle_joint,0.39871210296794996,-0.011613395524830662,,robotiq_85_left_knuckle_joint,0.39871210296794996,-0.011613395524830662,,0.0,0.0,
sentinel_joint_telemetry_v2,20260731_120941,20260731_120941:1,1,329,short_cube_pick_place,attack,mitm_trajectory_manipulation,joint_offset,medium,shoulder_pan_joint,cube,cube_transport,0.1,rad,mitm-plan-0001,1,arm_mitm_proxy,6.182905,0.782281,cube_transport,2026-07-31T12:09:51.973+01:00,6.965186,0.022157,45.133454,0,4857.444000000,4857.444000000,trusted_fallback,0.000000,0.07030949999983377,0.24975000000724895,0.6186670453616854,0.07030949999983377,0.24975000000724895,0.6186670453616854,0.0,0.0,0.0,-1.1675327222626228,0.5561242700890549,-42.305091949815065,-1.1675327222626228,0.5561242700890549,-42.305091949815065,0.0,0.0,0.0,1.3921674588028141,-0.680722600045484,-24.30466380980448,1.3921674588028141,-0.680722600045484,-24.30466380980448,0.0,0.0,0.0,-1.7954394847671322,0.12472328340009338,-2.7685673912369375,-1.7954394847671322,0.12472328340009338,-2.7685673912369375,0.0,0.0,0.0,-1.5707999999996567,-1.174141513182736e-11,0.05927766543013103,-1.5707999999996567,-1.174141513182736e-11,0.05927766543013103,0.0,0.0,0.0,7.429792182690302e-12,-1.959687209599284e-10,0.0005636384829907135,7.429792182690302e-12,-1.959687209599284e-10,0.0005636384829907135,0.0,0.0,0.0,robotiq_85_left_knuckle_joint,0.39864958668366274,-0.001681411282769353,,robotiq_85_left_knuckle_joint,0.39864958668366274,-0.001681411282769353,,0.0,0.0,
sentinel_joint_telemetry_v2,20260731_120941,20260731_120941:1,1,330,short_cube_pick_place,attack,mitm_trajectory_manipulation,joint_offset,medium,shoulder_pan_joint,cube,cube_transport,0.1,rad,,0,,6.182905,,cube_placement,2026-07-31T12:09:51.995+01:00,6.987019,0.021833,45.801861,0,4857.466000000,4857.466000000,trusted_fallback,0.000000,0.07575404999995948,0.22477500000323833,0.35760044777714217,0.07575404999995948,0.22477500000323833,0.35760044777714217,0.0,0.0,0.0,-1.1554092131747506,0.5005118430725398,-42.854364342218524,-1.1554092131747506,0.5005118430725398,-42.854364342218524,0.0,0.0,0.0,1.3773277061219658,-0.6126503400313,-24.372475628758966,1.3773277061219658,-0.6126503400313,-24.372475628758966,0.0,0.0,0.0,-1.792720517189153,0.11225095505864086,-2.775975709737908,-1.792720517189153,0.11225095505864086,-2.775975709737908,0.0,0.0,0.0,-1.5707999999996438,-6.602270813393929e-12,-0.009620909933216834,-1.5707999999996438,-6.602270813393929e-12,-0.009620909933216834,0.0,0.0,0.0,3.1629337712822096e-12,-1.7547849707599122e-10,-0.000552189048290816,3.1629337712822096e-12,-1.7547849707599122e-10,-0.000552189048290816,0.0,0.0,0.0,robotiq_85_left_knuckle_joint,0.3985849770526695,-0.007503372583604847,,robotiq_85_left_knuckle_joint,0.3985849770526695,-0.007503372583604847,,0.0,0.0,
sentinel_joint_telemetry_v2,20260731_120941,20260731_120941:1,1,331,short_cube_pick_place,attack,mitm_trajectory_manipulation,joint_offset,medium,shoulder_pan_joint,cube,cube_transport,0.1,rad,,0,,6.182905,,cube_placement,2026-07-31T12:09:52.015+01:00,7.007027,0.020008,49.979623,0,4857.486000000,4857.486000000,trusted_fallback,0.000000,0.07838926446533942,0.07837419637046819,-0.04395047582579702,0.07838926446533942,0.07837419637046819,-0.04395047582579702,0.0,0.0,0.0,-1.1495413183957812,0.17451768868370934,-43.298089892849816,-1.1495413183957812,0.17451768868370934,-43.298089892849816,0.0,0.0,0.0,1.3701451233693962,-0.21361796488698573,-24.64346058978581,1.3701451233693962,-0.21361796488698573,-24.64346058978581,0.0,0.0,0.0,-1.791404510780774,0.039139487932309674,-2.8169294882074376,-1.791404510780774,0.039139487932309674,-2.8169294882074376,0.0,0.0,0.0,-1.5707999999990856,-4.4404331774050565e-11,-0.03138746592737758,-1.5707999999990856,-4.4404331774050565e-11,-0.03138746592737758,0.0,0.0,0.0,1.0878023194095657e-12,-5.991854213314995e-11,-0.0006731354523329272,1.0878023194095657e-12,-5.991854213314995e-11,-0.0006731354523329272,0.0,0.0,0.0,robotiq_85_left_knuckle_joint,0.3985340391186825,-0.008468615734781462,,robotiq_85_left_knuckle_joint,0.3985340391186825,-0.008468615734781462,,0.0,0.0,
sentinel_joint_telemetry_v2,20260731_120941,20260731_120941:1,1,332,short_cube_pick_place,attack,mitm_trajectory_manipulation,joint_offset,medium,shoulder_pan_joint,cube,cube_transport,0.1,rad,,0,,6.182905,,cube_placement,2026-07-31T12:09:52.035+01:00,7.027150,0.020123,49.695503,0,4857.506000000,4857.506000000,trusted_fallback,0.000000,0.078723689748039,-0.06205849157292905,0.00685200761913092,0.078723689748039,-0.06205849157292905,0.00685200761913092,0.0,0.0,0.0,-1.1477562660690759,0.05950684618803597,-43.42918915782764,-1.1477562660690759,0.05950684618803597,-43.42918915782764,0.0,0.0,0.0,1.3688948086328434,0.10476853717845107,-24.673981645741765,1.3688948086328434,0.10476853717845107,-24.673981645741765,0.0,0.0,0.0,-1.79193891642238,-0.16427514863500467,-2.820305756096253,-1.79193891642238,-0.16427514863500467,-2.820305756096253,0.0,0.0,0.0,-1.5707999999985034,-3.6555371576985074e-11,0.00709363944794133,-1.5707999999985034,-3.6555371576985074e-11,0.00709363944794133,0.0,0.0,0.0,5.333382977301459e-13,1.2575272854281616e-12,3.500526781983067e-05,5.333382977301459e-13,1.2575272854281616e-12,3.500526781983067e-05,0.0,0.0,0.0,robotiq_85_left_knuckle_joint,0.39848531131215925,-0.0004220490320833493,,robotiq_85_left_knuckle_joint,0.39848531131215925,-0.0004220490320833493,,0.0,0.0,
sentinel_joint_telemetry_v2,20260731_120941,20260731_120941:1,1,333,short_cube_pick_place,attack,mitm_trajectory_manipulation,joint_offset,medium,shoulder_pan_joint,cube,cube_transport,0.1,rad,,0,,6.182905,,cube_placement,2026-07-31T12:09:52.055+01:00,7.047348,0.020198,49.508740,0,4857.526000000,4857.526000000,trusted_fallback,0.000000,0.07650264491134437,-0.13917272245777884,-0.0647166636572325,0.07650264491134437,-0.13917272245777884,-0.0647166636572325,0.0,0.0,0.0,-1.1456265434461985,0.13345038812931376,-43.589024479403214,-1.1456265434461985,0.13345038812931376,-43.589024479403214,0.0,0.0,0.0,1.3726444263329567,0.23495451099529568,-24.617820648206436,1.3726444263329567,0.23495451099529568,-24.617820648206436,0.0,0.0,0.0,-1.7978182483499492,-0.3684043730322563,-2.8092451679756887,-1.7978182483499492,-0.3684043730322563,-2.8092451679756887,0.0,0.0,0.0,-1.570799999998593,-3.5388884531140086e-11,-0.023196792519694247,-1.570799999998593,-3.5388884531140086e-11,-0.023196792519694247,0.0,0.0,0.0,5.177773946866052e-13,1.758109933677754e-12,-0.0004896159484039602,5.177773946866052e-13,1.758109933677754e-12,-0.0004896159484039602,0.0,0.0,0.0,robotiq_85_left_knuckle_joint,0.39845258681416257,-0.006902874081381756,,robotiq_85_left_knuckle_joint,0.39845258681416257,-0.006902874081381756,,0.0,0.0,
sentinel_joint_telemetry_v2,20260731_120941,20260731_120941:1,1,334,short_cube_pick_place,attack,mitm_trajectory_manipulation,joint_offset,medium,shoulder_pan_joint,cube,cube_transport,0.1,rad,,0,,6.182905,,cube_placement,2026-07-31T12:09:52.077+01:00,7.069120,0.021772,45.930186,0,4857.548000000,4857.548000000,trusted_fallback,0.000000,0.07304252873803757,-0.16750021793377134,-0.09539619343423389,0.07304252873803757,-0.16750021793377134,-0.09539619343423389,0.0,0.0,0.0,-1.142308696111428,0.16061314817434594,-43.73023832890628,-1.142308696111428,0.16061314817434594,-43.73023832890628,0.0,0.0,0.0,1.3784858720491815,0.2827776240742851,-24.550898008374624,1.3784858720491815,0.2827776240742851,-24.550898008374624,0.0,0.0,0.0,-1.806977528323018,-0.4433901391644842,-2.80242433718768,-1.806977528323018,-0.4433901391644842,-2.80242433718768,0.0,0.0,0.0,-1.5707999999989453,-1.8237189536307596e-11,-0.03700379644323507,-1.5707999999989453,-1.8237189536307596e-11,-0.03700379644323507,0.0,0.0,0.0,5.171013820553151e-13,8.492963277095811e-13,-0.0007420344187981012,5.171013820553151e-13,8.492963277095811e-13,-0.0007420344187981012,0.0,0.0,0.0,robotiq_85_left_knuckle_joint,0.39842158105999687,-0.008277707605680418,,robotiq_85_left_knuckle_joint,0.39842158105999687,-0.008277707605680418,,0.0,0.0,
sentinel_joint_telemetry_v2,20260731_120941,20260731_120941:1,1,335,short_cube_pick_place,attack,mitm_trajectory_manipulation,joint_offset,medium,shoulder_pan_joint,cube,cube_transport,0.1,rad,,0,,6.182905,,cube_placement,2026-07-31T12:09:52.097+01:00,7.089125,0.020005,49.986818,0,4857.568000000,4857.568000000,trusted_fallback,0.000000,0.06958530744683493,-0.17593797912312342,-0.056774378209919,0.06958530744683493,-0.17593797912312342,-0.056774378209919,0.0,0.0,0.0,-1.1389936246305858,0.168703975782806,-43.839115323102504,-1.1389936246305858,0.168703975782806,-43.839115323102504,0.0,0.0,0.0,1.3843224305603168,0.2970224417197686,-24.497655823059986,1.3843224305603168,0.2970224417197686,-24.497655823059986,0.0,0.0,0.0,-1.8161291452486676,-0.4657257525610143,-2.800770348909166,-1.8161291452486676,-0.4657257525610143,-2.800770348909166,0.0,0.0,0.0,-1.570799999999161,-9.106649462298222e-12,-0.022900577488428598,-1.570799999999161,-9.106649462298222e-12,-0.022900577488428598,0.0,0.0,0.0,5.089112668026555e-13,-3.47946498002738e-14,-0.0005053036142606155,5.089112668026555e-13,-3.47946498002738e-14,-0.0005053036142606155,0.0,0.0,0.0,robotiq_85_left_knuckle_joint,0.3983946713396857,-0.005098497163317978,,robotiq_85_left_knuckle_joint,0.3983946713396857,-0.005098497163317978,,0.0,0.0,
sentinel_joint_telemetry_v2,20260731_120941,20260731_120941:1,1,336,short_cube_pick_place,attack,mitm_trajectory_manipulation,joint_offset,medium,shoulder_pan_joint,cube,cube_transport,0.1,rad,,0,,6.182905,,cube_placement,2026-07-31T12:09:52.117+01:00,7.109162,0.020037,49.908680,0,4857.588000000,4857.588000000,trusted_fallback,0.000000,0.06602916363158985,-0.17888004453230513,0.01331140948215782,0.06602916363158985,-0.17888004453230513,0.01331140948215782,0.0,0.0,0.0,-1.1355836980014762,0.17152507293185829,-43.93777638132518,-1.1355836980014762,0.17152507293185829,-43.93777638132518,0.0,0.0,0.0,1.3903259922947613,0.30198930251447426,-24.44539353217997,1.3903259922947613,0.30198930251447426,-24.44539353217997,0.0,0.0,0.0,-1.8255426201723473,-0.47351369940058025,-2.8006290178309725,-1.8255426201723473,-0.47351369940058025,-2.8006290178309725,0.0,0.0,0.0,-1.5707999999992854,-5.553697259019774e-12,0.0037742288174252266,-1.5707999999992854,-5.553697259019774e-12,0.0037742288174252266,0.0,0.0,0.0,4.942084476538525e-13,-7.776440082152281e-13,-4.1470443473573105e-05,4.942084476538525e-13,-7.776440082152281e-13,-4.1470443473573105e-05,0.0,0.0,0.0,robotiq_85_left_knuckle_joint,0.3983695046658948,0.0003597057416793578,,robotiq_85_left_knuckle_joint,0.3983695046658948,0.0003597057416793578,,0.0,0.0,
sentinel_joint_telemetry_v2,20260731_120941,20260731_120941:1,1,337,short_cube_pick_place,attack,mitm_trajectory_manipulation,joint_offset,medium,shoulder_pan_joint,cube,cube_transport,0.1,rad,,0,,6.182905,,cube_placement,2026-07-31T12:09:52.137+01:00,7.129209,0.020047,49.882641,0,4857.608000000,4857.608000000,trusted_fallback,0.000000,0.06243852766497438,-0.17990587930970994,-0.029614385504422937,0.06243852766497438,-0.17990587930970994,-0.029614385504422937,0.0,0.0,0.0,-1.1321406974272405,0.17250872868495895,-44.02636033708266,-1.1321406974272405,0.17250872868495895,-44.02636033708266,0.0,0.0,0.0,1.396387784452584,0.3037211397880572,-24.388905098723807,1.396387784452584,0.3037211397880572,-24.388905098723807,0.0,0.0,0.0,-1.835047399334329,-0.47622918855682805,-2.800474937529908,-1.835047399334329,-0.47622918855682805,-2.800474937529908,0.0,0.0,0.0,-1.5707999999993554,-2.10488657753638e-12,-0.013789299534831797,-1.5707999999993554,-2.10488657753638e-12,-0.013789299534831797,0.0,0.0,0.0,4.765972685372621e-13,-6.779428364175888e-13,-0.00035334560800862687,4.765972685372621e-13,-6.779428364175888e-13,-0.00035334560800862687,0.0,0.0,0.0,robotiq_85_left_knuckle_joint,0.3983366612179151,-0.003537459087041387,,robotiq_85_left_knuckle_joint,0.3983366612179151,-0.003537459087041387,,0.0,0.0,
sentinel_joint_telemetry_v2,20260731_120941,20260731_120941:1,1,338,short_cube_pick_place,attack,mitm_trajectory_manipulation,joint_offset,medium,shoulder_pan_joint,cube,cube_transport,0.1,rad,,0,,6.182905,,cube_placement,2026-07-31T12:09:52.159+01:00,7.151223,0.022013,45.426847,0,4857.630000000,4857.630000000,trusted_fallback,0.000000,0.05847529960049499,-0.1802827141647856,0.037576280871880106,0.05847529960049499,-0.1802827141647856,0.037576280871880106,0.0,0.0,0.0,-1.1283404245428057,0.1728700693036033,-44.128586902542764,-1.1283404245428057,0.1728700693036033,-44.128586902542764,0.0,0.0,0.0,1.4030785949452707,0.3043573208399999,-24.330831351515094,1.4030785949452707,0.3043573208399999,-24.330831351515094,0.0,0.0,0.0,-1.8455384677333162,-0.47722670880609025,-2.8015715053215633,-1.8455384677333162,-0.47722670880609025,-2.8015715053215633,0.0,0.0,0.0,-1.570799999999406,-2.556818472221334e-12,0.011819789773722503,-1.570799999999406,-2.556818472221334e-12,0.011819789773722503,0.0,0.0,0.0,4.548507983527637e-13,-1.138497499400537e-12,0.00010190175975603006,4.548507983527637e-13,-1.138497499400537e-12,0.00010190175975603006,0.0,0.0,0.0,robotiq_85_left_knuckle_joint,0.3983058688905962,-0.0006866598330915268,,robotiq_85_left_knuckle_joint,0.3983058688905962,-0.0006866598330915268,,0.0,0.0,
sentinel_joint_telemetry_v2,20260731_120941,20260731_120941:1,1,339,short_cube_pick_place,attack,mitm_trajectory_manipulation,joint_offset,medium,shoulder_pan_joint,cube,cube_transport,0.1,rad,,0,,6.182905,,cube_placement,2026-07-31T12:09:52.181+01:00,7.173116,0.021893,45.675670,0,4857.652000000,4857.652000000,trusted_fallback,0.000000,0.054507417094493534,-0.18040096893523316,-0.007784194424023807,0.054507417094493534,-0.18040096893523316,-0.007784194424023807,0.0,0.0,0.0,-1.1245356885925033,0.17298346181849147,-44.214426956091664,-1.1245356885925033,0.17298346181849147,-44.214426956091664,0.0,0.0,0.0,1.4097772631705006,0.3045569611950422,-24.261278884805918,1.4097772631705006,0.3045569611950422,-24.261278884805918,0.0,0.0,0.0,-1.8560418569131565,-0.4775397412302498,-2.801061548840569,-1.8560418569131565,-0.4775397412302498,-2.801061548840569,0.0,0.0,0.0,-1.5707999999994426,-1.037940566828155e-12,-0.0067245795397355285,-1.5707999999994426,-1.037940566828155e-12,-0.0067245795397355285,0.0,0.0,0.0,4.3256141935140396e-13,-8.896798228685832e-13,-0.0002365780518379572,4.3256141935140396e-13,-8.896798228685832e-13,-0.0002365780518379572,0.0,0.0,0.0,robotiq_85_left_knuckle_joint,0.3982679858355597,-0.002581616602375626,,robotiq_85_left_knuckle_joint,0.3982679858355597,-0.002581616602375626,,0.0,0.0,
sentinel_joint_telemetry_v2,20260731_120941,20260731_120941:1,1,340,short_cube_pick_place,attack,mitm_trajectory_manipulation,joint_offset,medium,shoulder_pan_joint,cube,cube_transport,0.1,rad,,0,,6.182905,,cube_placement,2026-07-31T12:09:52.201+01:00,7.193213,0.020097,49.759601,0,4857.672000000,4857.672000000,trusted_fallback,0.000000,0.0508989501324942,-0.18043619285802429,0.04190155503635802,0.0508989501324942,-0.18043619285802429,0.04190155503635802,0.0,0.0,0.0,-1.1210755901760234,0.17301723744691727,-44.30207610146931,-1.1210755901760234,0.17301723744691727,-44.30207610146931,0.0,0.0,0.0,1.4158691580145553,0.3046164270112528,-24.204380447342302,1.4158691580145553,0.3046164270112528,-24.204380447342302,0.0,0.0,0.0,-1.8655938365363383,-0.4776329825421014,-2.8021392094960316,-1.8655938365363383,-0.4776329825421014,-2.8021392094960316,0.0,0.0,0.0,-1.5707999999994726,-2.0097023004095327e-12,0.012101774682070583,-1.5707999999994726,-2.0097023004095327e-12,0.012101774682070583,0.0,0.0,0.0,4.117306141716622e-13,-1.178385839427365e-12,0.00010273953381179294,4.117306141716622e-13,-1.178385839427365e-12,0.00010273953381179294,0.0,0.0,0.0,robotiq_85_left_knuckle_joint,0.39823322849658715,-0.0011201128389480702,,robotiq_85_left_knuckle_joint,0.39823322849658715,-0.0011201128389480702,,0.0,0.0,
sentinel_joint_telemetry_v2,20260731_120941,20260731_120941:1,1,341,short_cube_pick_place,attack,mitm_trajectory_manipulation,joint_offset,medium,shoulder_pan_joint,cube,cube_transport,0.1,rad,,0,,6.182905,,cube_placement,2026-07-31T12:09:52.223+01:00,7.215122,0.021909,45.643001,0,4857.694000000,4857.694000000,trusted_fallback,0.000000,0.0469291719483382,-0.18044913217544065,-0.003617067361167455,0.0469291719483382,-0.18044913217544065,-0.003617067361167455,0.0,0.0,0.0,-1.1172690364917517,0.1730296447412758,-44.38271277438168,-1.1172690364917517,0.1730296447412758,-44.38271277438168,0.0,0.0,0.0,1.4225710265661509,0.3046382714570678,-24.130441686461424,1.4225710265661509,0.3046382714570678,-24.130441686461424,0.0,0.0,0.0,-1.8761022437693673,-0.47766723423356,-2.8016736265949973,-1.8761022437693673,-0.47766723423356,-2.8016736265949973,0.0,0.0,0.0,-1.5707999999995037,-8.061277340098982e-13,-0.006475263332484752,-1.5707999999995037,-8.061277340098982e-13,-0.006475263332484752,0.0,0.0,0.0,3.889717347551944e-13,-9.004359757813774e-13,-0.00023579999485765564,3.889717347551944e-13,-9.004359757813774e-13,-0.00023579999485765564,0.0,0.0,0.0,robotiq_85_left_knuckle_joint,0.398195175298227,-0.002691926386688818,,robotiq_85_left_knuckle_joint,0.398195175298227,-0.002691926386688818,,0.0,0.0,
sentinel_joint_telemetry_v2,20260731_120941,20260731_120941:1,1,342,short_cube_pick_place,attack,mitm_trajectory_manipulation,joint_offset,medium,shoulder_pan_joint,cube,cube_transport,0.1,rad,,0,,6.182905,,cube_placement,2026-07-31T12:09:52.243+01:00,7.235169,0.020047,49.882639,0,4857.714000000,4857.714000000,trusted_fallback,0.000000,0.043320140330717495,-0.1804529863414782,0.025789019445757524,0.043320140330717495,-0.1804529863414782,0.025789019445757524,0.0,0.0,0.0,-1.1138083966364727,0.17303334043638868,-44.46064980951968,-1.1138083966364727,0.17303334043638868,-44.46064980951968,0.0,0.0,0.0,1.4286638746744857,0.3046447781465646,-24.06592930791682,1.4286638746744857,0.3046447781465646,-24.06592930791682,0.0,0.0,0.0,-1.8856557180935014,-0.4776774366036649,-2.802093200530881,-1.8856557180935014,-0.4776774366036649,-2.802093200530881,0.0,0.0,0.0,-1.5707999999995315,-1.438770977357784e-12,0.004384316508654622,-1.5707999999995315,-1.438770977357784e-12,0.004384316508654622,0.0,0.0,0.0,3.679890887959194e-13,-1.0622650762487362e-12,-4.257058232148297e-05,3.679890887959194e-13,-1.0622650762487362e-12,-4.257058232148297e-05,0.0,0.0,0.0,robotiq_85_left_knuckle_joint,0.3981613980128548,-0.0008422531463722783,,robotiq_85_left_knuckle_joint,0.3981613980128548,-0.0008422531463722783,,0.0,0.0,
sentinel_joint_telemetry_v2,20260731_120941,20260731_120941:1,1,343,short_cube_pick_place,attack,mitm_trajectory_manipulation,joint_offset,medium,shoulder_pan_joint,cube,cube_transport,0.1,rad,,0,,6.182905,,cube_placement,2026-07-31T12:09:52.265+01:00,7.257168,0.021999,45.456149,0,4857.736000000,4857.736000000,trusted_fallback,0.000000,0.03935015472337414,-0.18045440214849617,0.0006764712658432134,0.03935015472337414,-0.18045440214849617,0.0006764712658432134,0.0,0.0,0.0,-1.1100016440575868,0.17303469802997448,-44.54112955758567,-1.1100016440575868,0.17303469802997448,-44.54112955758567,0.0,0.0,0.0,1.4353660934025572,0.30464716834373456,-23.99096754144003,1.4353660934025572,0.30464716834373456,-23.99096754144003,0.0,0.0,0.0,-1.8961646743968386,-0.47768118438910756,-2.8022883813646375,-1.8961646743968386,-0.47768118438910756,-2.8022883813646375,0.0,0.0,0.0,-1.5707999999995608,-7.926263811963707e-13,-0.006166217321947295,-1.5707999999995608,-7.926263811963707e-13,-0.006166217321947295,0.0,0.0,0.0,3.452025051950189e-13,-9.004483356861437e-13,-0.00023396591588808468,3.452025051950189e-13,-9.004483356861437e-13,-0.00023396591588808468,0.0,0.0,0.0,robotiq_85_left_knuckle_joint,0.39812145052688064,-0.0030499861884848833,,robotiq_85_left_knuckle_joint,0.39812145052688064,-0.0030499861884848833,,0.0,0.0,
sentinel_joint_telemetry_v2,20260731_120941,20260731_120941:1,1,344,short_cube_pick_place,attack,mitm_trajectory_manipulation,joint_offset,medium,shoulder_pan_joint,cube,cube_transport,0.1,rad,,0,,6.182905,,cube_placement,2026-07-31T12:09:52.285+01:00,7.277239,0.020071,49.823490,0,4857.756000000,4857.756000000,trusted_fallback,0.000000,0.035741061321706145,-0.18045482386746198,0.0299342616760811,0.035741061321706145,-0.18045482386746198,0.0299342616760811,0.0,0.0,0.0,-1.1065409449586219,0.17303510240921305,-44.61452579428579,-1.1065409449586219,0.17303510240921305,-44.61452579428579,0.0,0.0,0.0,1.4414590458161058,0.30464788029914147,-23.92243011741064,1.4414590458161058,0.30464788029914147,-23.92243011741064,0.0,0.0,0.0,-1.90571831226964,-0.47768230072212164,-2.8027213608468085,-1.90571831226964,-0.47768230072212164,-2.8027213608468085,0.0,0.0,0.0,-1.570799999999588,-1.4565215353257166e-12,0.00463538927335884,-1.570799999999588,-1.4565215353257166e-12,0.00463538927335884,0.0,0.0,0.0,3.241804643161259e-13,-1.0664667933479866e-12,-4.192281829449091e-05,3.241804643161259e-13,-1.0664667933479866e-12,-4.192281829449091e-05,0.0,0.0,0.0,robotiq_85_left_knuckle_joint,0.3980870896588013,-0.0009006193547375146,,robotiq_85_left_knuckle_joint,0.3980870896588013,-0.0009006193547375146,,0.0,0.0,
sentinel_joint_telemetry_v2,20260731_120941,20260731_120941:1,1,345,short_cube_pick_place,attack,mitm_trajectory_manipulation,joint_offset,medium,shoulder_pan_joint,cube,cube_transport,0.1,rad,,0,,6.182905,,cube_placement,2026-07-31T12:09:52.307+01:00,7.299104,0.021865,45.734390,0,4857.778000000,4857.778000000,trusted_fallback,0.000000,0.031771053018327326,-0.18045497878365097,0.058332753043033,0.031771053018327326,-0.18045497878365097,0.058332753043033,0.0,0.0,0.0,-1.102734170616889,0.1730352509557421,-44.69777096653006,-1.102734170616889,0.1730352509557421,-44.69777096653006,0.0,0.0,0.0,1.448161302860133,0.3046481418320948,-23.848406068321893,1.448161302860133,0.3046481418320948,-23.848406068321893,0.0,0.0,0.0,-1.916227328651695,-0.477682710800991,-2.8039568091619285,-1.916227328651695,-0.477682710800991,-2.8039568091619285,0.0,0.0,0.0,-1.5707999999996178,-2.0322077354251178e-12,0.015070504181998743,-1.5707999999996178,-2.0322077354251178e-12,0.015070504181998743,0.0,0.0,0.0,3.01249791764385e-13,-1.21715007864176e-12,0.00014951385494552805,3.01249791764385e-13,-1.21715007864176e-12,0.00014951385494552805,0.0,0.0,0.0,robotiq_85_left_knuckle_joint,0.39804650292618954,-0.0012765696871026655,,robotiq_85_left_knuckle_joint,0.39804650292618954,-0.0012765696871026655,,0.0,0.0,
sentinel_joint_telemetry_v2,20260731_120941,20260731_120941:1,1,346,short_cube_pick_place,attack,mitm_trajectory_manipulation,joint_offset,medium,shoulder_pan_joint,cube,cube_transport,0.1,rad,,0,,6.182905,,cube_placement,2026-07-31T12:09:52.327+01:00,7.319339,0.020234,49.420974,0,4857.798000000,4857.798000000,trusted_fallback,0.000000,0.02816195285631134,-0.1804550249277115,0.060360510356824694,0.02816195285631134,-0.1804550249277115,0.060360510356824694,0.0,0.0,0.0,-1.0992734650355391,0.17303529520250183,-44.76521965240336,-1.0992734650355391,0.17303529520250183,-44.76521965240336,0.0,0.0,0.0,1.4542542666866527,0.3046482197335376,-23.774927912861386,1.4542542666866527,0.3046482197335376,-23.774927912861386,0.0,0.0,0.0,-1.9257809844198264,-0.47768283294901637,-2.804253533149605,-1.9257809844198264,-0.47768283294901637,-2.804253533149605,0.0,0.0,0.0,-1.570799999999645,-2.0261839081547883e-12,0.015218121651773326,-1.570799999999645,-2.0261839081547883e-12,0.015218121651773326,0.0,0.0,0.0,2.8039588765735843e-13,-1.2137695362679501e-12,0.0001502478559604908,2.8039588765735843e-13,-1.2137695362679501e-12,0.0001502478559604908,0.0,0.0,0.0,robotiq_85_left_knuckle_joint,0.39801146258373266,-0.001393295695074277,,robotiq_85_left_knuckle_joint,0.39801146258373266,-0.001393295695074277,,0.0,0.0,
sentinel_joint_telemetry_v2,20260731_120941,20260731_120941:1,1,347,short_cube_pick_place,attack,mitm_trajectory_manipulation,joint_offset,medium,shoulder_pan_joint,cube,cube_transport,0.1,rad,,0,,6.182905,,cube_placement,2026-07-31T12:09:52.349+01:00,7.341098,0.021759,45.957564,0,4857.820000000,4857.820000000,trusted_fallback,0.000000,0.02419194206955523,-0.18045504187846892,0.036179912918361895,0.02419194206955523,-0.18045504187846892,0.036179912918361895,0.0,0.0,0.0,-1.0954666883125375,0.17303531145632592,-44.83048662623607,-1.0954666883125375,0.17303531145632592,-44.83048662623607,0.0,0.0,0.0,1.4609565279231727,0.30464824835020454,-23.68743513349608,1.4609565279231727,0.30464824835020454,-23.68743513349608,0.0,0.0,0.0,-1.9362900073756342,-0.47768287781949026,-2.8036889442840476,-1.9362900073756342,-0.47768287781949026,-2.8036889442840476,0.0,0.0,0.0,-1.5707999999996745,-1.4432274819675683e-12,0.005015542369970882,-1.5707999999996745,-1.4432274819675683e-12,0.005015542369970882,0.0,0.0,0.0,2.574179321815138e-13,-1.063249098140484e-12,-4.0890820369770146e-05,2.574179321815138e-13,-1.063249098140484e-12,-4.0890820369770146e-05,0.0,0.0,0.0,robotiq_85_left_knuckle_joint,0.3979741914461976,-0.0008403422578381874,,robotiq_85_left_knuckle_joint,0.3979741914461976,-0.0008403422578381874,,0.0,0.0,
sentinel_joint_telemetry_v2,20260731_120941,20260731_120941:1,1,348,short_cube_pick_place,attack,mitm_trajectory_manipulation,joint_offset,medium,shoulder_pan_joint,cube,cube_transport,0.1,rad,,0,,6.182905,,cube_placement,2026-07-31T12:09:52.369+01:00,7.361639,0.020541,48.683536,0,4857.840000000,4857.840000000,trusted_fallback,0.000000,0.02058283409556161,-0.18045465402376848,0.03398578495818444,0.02058283409556161,-0.18045465402376848,0.03398578495818444,0.0,0.0,0.0,-1.092005979574498,0.1730351803314243,-44.89174375225449,-1.092005979574498,0.1730351803314243,-44.89174375225449,0.0,0.0,0.0,1.4670494993619707,0.30464790334728054,-23.608778409982342,1.4670494993619707,0.30464790334728054,-23.608778409982342,0.0,0.0,0.0,-1.9458436217181516,-0.477685301390545,-2.8037272466068615,-1.9458436217181516,-0.477685301390545,-2.8037272466068615,0.0,0.0,0.0,-1.5708000309568066,1.7198378644816409e-06,0.003444887678337422,-1.5708000309568066,1.7198378644816409e-06,0.003444887678337422,0.0,0.0,0.0,2.2040504126463843e-07,-1.2244712406910387e-05,-6.699581058632444e-05,2.2040504126463843e-07,-1.2244712406910387e-05,-6.699581058632444e-05,0.0,0.0,0.0,robotiq_85_left_knuckle_joint,0.3976864051157037,-0.028521918822092027,,robotiq_85_left_knuckle_joint,0.3976864051157037,-0.028521918822092027,,0.0,0.0,
sentinel_joint_telemetry_v2,20260731_120941,20260731_120941:1,1,349,short_cube_pick_place,attack,mitm_trajectory_manipulation,joint_offset,medium,shoulder_pan_joint,cube,cube_transport,0.1,rad,,0,,6.182905,,cube_placement,2026-07-31T12:09:52.392+01:00,7.383734,0.022095,45.258283,0,4857.862000000,4857.862000000,trusted_fallback,0.000000,0.016612827889991574,-0.18045492548488815,0.054212137109599164,0.016612827889991574,-0.18045492548488815,0.054212137109599164,0.0,0.0,0.0,-1.0881992042703157,0.17303527540853172,-44.95271659769374,-1.0881992042703157,0.17303527540853172,-44.95271659769374,0.0,0.0,0.0,1.4737517566906744,0.3046481490648343,-23.51749384032209,1.4737517566906744,0.3046481490648343,-23.51749384032209,0.0,0.0,0.0,-1.956352675162691,-0.47768365244260375,-2.8033097695022873,-1.956352675162691,-0.47768365244260375,-2.8033097695022873,0.0,0.0,0.0,-1.570800009714404,5.397022714249619e-07,0.01064781172333269,-1.570800009714404,5.397022714249619e-07,0.01064781172333269,0.0,0.0,0.0,6.9165575517706e-08,-3.8425212491662204e-06,5.062802595069311e-05,6.9165575517706e-08,-3.8425212491662204e-06,5.062802595069311e-05,0.0,0.0,0.0,robotiq_85_left_knuckle_joint,0.39763130828594945,0.021142491738819595,,robotiq_85_left_knuckle_joint,0.39763130828594945,0.021142491738819595,,0.0,0.0,
sentinel_joint_telemetry_v2,20260731_120941,20260731_120941:1,1,350,short_cube_pick_place,attack,mitm_trajectory_manipulation,joint_offset,medium,shoulder_pan_joint,cube,cube_transport,0.1,rad,,0,,6.182905,,cube_placement,2026-07-31T12:09:52.414+01:00,7.405884,0.022150,45.146372,0,4857.884000000,4857.884000000,trusted_fallback,0.000000,0.012642790384911957,-0.18047197451598723,-0.7857172533398105,0.012642790384911957,-0.18047197451598723,-0.7857172533398105,0.0,0.0,0.0,-1.0843924087026502,0.17304834996170906,-43.41750061896219,-1.0843924087026502,0.17304834996170906,-43.41750061896219,0.0,0.0,0.0,1.4804540467000789,0.30466819313175664,-22.280992349152445,1.4804540467000789,0.30466819313175664,-22.280992349152445,0.0,0.0,0.0,-1.9668614463728442,-0.4775108930166942,-2.54981735414303,-1.9668614463728442,-0.4775108930166942,-2.54981735414303,0.0,0.0,0.0,-1.570800088515116,-5.055414751819771e-05,-0.29162879452753265,-1.570800088515116,-5.055414751819771e-05,-0.29162879452753265,0.0,0.0,0.0,7.914953902938901e-07,0.0004727796704478794,-0.005934767848238251,7.914953902938901e-07,0.0004727796704478794,-0.005934767848238251,0.0,0.0,0.0,robotiq_85_left_knuckle_joint,0.3980460546182283,0.20145993596360315,,robotiq_85_left_knuckle_joint,0.3980460546182283,0.20145993596360315,,0.0,0.0,
sentinel_joint_telemetry_v2,20260731_120941,20260731_120941:1,1,351,short_cube_pick_place,attack,mitm_trajectory_manipulation,joint_offset,medium,shoulder_pan_joint,cube,cube_transport,0.1,rad,,0,,6.182905,,cube_placement,2026-07-31T12:09:52.434+01:00,7.425948,0.020064,49.841566,0,4857.904000000,4857.904000000,trusted_fallback,0.000000,0.00903370805125202,-0.18045449469253336,-0.1297967837216511,0.00903370805125202,-0.18045449469253336,-0.1297967837216511,0.0,0.0,0.0,-1.0809317149180004,0.1730349443555548,-45.046744992707644,-1.0809317149180004,0.1730349443555548,-45.046744992707644,0.0,0.0,0.0,1.4865469922064907,0.304647674873065,-23.326303576820813,1.4865469922064907,0.304647674873065,-23.326303576820813,0.0,0.0,0.0,-1.9764152776740023,-0.47768805349615195,-2.8002540487499776,-1.9764152776740023,-0.47768805349615195,-2.8002540487499776,0.0,0.0,0.0,-1.5708000308631909,1.7146361323142414e-06,-0.06270830580341663,-1.5708000308631909,1.7146361323142414e-06,-0.06270830580341663,0.0,0.0,0.0,2.7597747934001223e-07,-1.533207283954457e-05,-0.0011985359291565418,2.7597747934001223e-07,-1.533207283954457e-05,-0.0011985359291565418,0.0,0.0,0.0,robotiq_85_left_knuckle_joint,0.397558359142394,-0.020354726298365922,,robotiq_85_left_knuckle_joint,0.397558359142394,-0.020354726298365922,,0.0,0.0,
sentinel_joint_telemetry_v2,20260731_120941,20260731_120941:1,1,352,short_cube_pick_place,attack,mitm_trajectory_manipulation,joint_offset,medium,shoulder_pan_joint,cube,cube_transport,0.1,rad,,0,,6.182905,,cube_placement,2026-07-31T12:09:52.455+01:00,7.446900,0.020952,47.728268,0,4857.924000000,4857.924000000,trusted_fallback,0.000000,0.005424613564616398,-0.1804548561355976,0.044599725874217705,0.005424613564616398,-0.1804548561355976,0.044599725874217705,0.0,0.0,0.0,-1.0774710129311666,0.17303518829764244,-45.134259109714904,-1.0774710129311666,0.17303518829764244,-45.134259109714904,0.0,0.0,0.0,1.4926399505584824,0.30464805691498387,-23.26414104554901,1.4926399505584824,0.30464805691498387,-23.26414104554901,0.0,0.0,0.0,-1.9859689960787565,-0.4776846958316351,-2.8053158496738684,-1.9859689960787565,-0.4776846958316351,-2.8053158496738684,0.0,0.0,0.0,-1.5708000107612186,5.97854407913094e-07,0.004916887812176881,-1.5708000107612186,5.97854407913094e-07,0.004916887812176881,0.0,0.0,0.0,9.622748656742816e-08,-5.345964246003055e-06,-4.6993471001224244e-05,9.622748656742816e-08,-5.345964246003055e-06,-4.6993471001224244e-05,0.0,0.0,0.0,robotiq_85_left_knuckle_joint,0.39717905233056094,-0.015833640111804985,,robotiq_85_left_knuckle_joint,0.39717905233056094,-0.015833640111804985,,0.0,0.0,
sentinel_joint_telemetry_v2,20260731_120941,20260731_120941:1,1,353,short_cube_pick_place,attack,mitm_trajectory_manipulation,joint_offset,medium,shoulder_pan_joint,cube,cube_transport,0.1,rad,,0,,6.182905,,cube_placement,2026-07-31T12:09:52.476+01:00,7.468360,0.021460,46.598618,0,4857.946000000,4857.946000000,trusted_fallback,0.000000,0.0014546048626805767,-0.1804549889097151,0.04176492794184198,0.0014546048626805767,-0.1804549889097151,0.04176492794184198,0.0,0.0,0.0,-1.0736642375285905,0.17303527790843948,-45.188956232224086,-1.0736642375285905,0.17303527790843948,-45.188956232224086,0.0,0.0,0.0,1.4993422097839637,0.3046481972559889,-23.166587852363822,1.4993422097839637,0.3046481972559889,-23.166587852363822,0.0,0.0,0.0,-1.9964780420437895,-0.4776834624118222,-2.8053314935131235,-1.9964780420437895,-0.4776834624118222,-2.8053314935131235,0.0,0.0,0.0,-1.5708000033768874,1.876122464952723e-07,0.003110080098500296,-1.5708000033768874,1.876122464952723e-07,0.003110080098500296,0.0,0.0,0.0,3.0197284114120875e-08,-1.677620910725021e-06,-8.032961744326517e-05,3.0197284114120875e-08,-1.677620910725021e-06,-8.032961744326517e-05,0.0,0.0,0.0,robotiq_85_left_knuckle_joint,0.3968623609240066,-0.011815631152419735,,robotiq_85_left_knuckle_joint,0.3968623609240066,-0.011815631152419735,,0.0,0.0,
sentinel_joint_telemetry_v2,20260731_120941,20260731_120941:1,1,354,short_cube_pick_place,attack,mitm_trajectory_manipulation,joint_offset,medium,shoulder_pan_joint,cube,cube_transport,0.1,rad,,0,,6.182905,,cube_placement,2026-07-31T12:09:52.496+01:00,7.488491,0.020131,49.674769,0,4857.966000000,4857.966000000,trusted_fallback,0.000000,-0.0021544954180514604,-0.1804550284584427,0.0476607634896666,-0.0021544954180514604,-0.1804550284584427,0.0476607634896666,0.0,0.0,0.0,-1.0702035316312526,0.1730353046003141,-45.23704726624857,-1.0702035316312526,0.1730353046003141,-45.23704726624857,0.0,0.0,0.0,1.5054351742602616,0.3046482390586116,-23.07640175730407,1.5054351742602616,0.3046482390586116,-23.07640175730407,0.0,0.0,0.0,-2.006031706623647,-0.477683095019565,-2.8054520324357752,-2.006031706623647,-0.477683095019565,-2.8054520324357752,0.0,0.0,0.0,-1.570800001177374,6.541535998300096e-08,0.004795830153612802,-1.570800001177374,6.541535998300096e-08,0.004795830153612802,0.0,0.0,0.0,1.0529202917893364e-08,-5.849509341867339e-07,-5.255994754790388e-05,1.0529202917893364e-08,-5.849509341867339e-07,-5.255994754790388e-05,0.0,0.0,0.0,robotiq_85_left_knuckle_joint,0.3966394017406051,-0.009582793669677145,,robotiq_85_left_knuckle_joint,0.3966394017406051,-0.009582793669677145,,0.0,0.0,
sentinel_joint_telemetry_v2,20260731_120941,20260731_120941:1,1,355,short_cube_pick_place,attack,mitm_trajectory_manipulation,joint_offset,medium,shoulder_pan_joint,cube,cube_transport,0.1,rad,,0,,6.182905,,cube_placement,2026-07-31T12:09:52.518+01:00,7.510357,0.021867,45.731295,0,4857.988000000,4857.988000000,trusted_fallback,0.000000,-0.006124506248417227,-0.18045504298642304,0.0010010277663023183,-0.006124506248417227,-0.18045504298642304,0.0010010277663023183,0.0,0.0,0.0,-1.0663967547921747,0.17303531440545403,-45.29124923007764,-1.0663967547921747,0.17303531440545403,-45.29124923007764,0.0,0.0,0.0,1.5121374357354738,0.3046482544145962,-22.97769225656649,1.5121374357354738,0.3046482544145962,-22.97769225656649,0.0,0.0,0.0,-2.0165407328163947,-0.4776829600600578,-2.8061684020965787,-2.0165407328163947,-0.4776829600600578,-2.8061684020965787,0.0,0.0,0.0,-1.5708000003694125,2.0528216053243564e-08,-0.014129855210509768,-1.5708000003694125,2.0528216053243564e-08,-0.014129855210509768,0.0,0.0,0.0,3.3042249141622915e-09,-1.835642369941038e-07,-0.0003773487704758376,3.3042249141622915e-09,-1.835642369941038e-07,-0.0003773487704758376,0.0,0.0,0.0,robotiq_85_left_knuckle_joint,0.3964165292680262,-0.012941395471973847,,robotiq_85_left_knuckle_joint,0.3964165292680262,-0.012941395471973847,,0.0,0.0,
sentinel_joint_telemetry_v2,20260731_120941,20260731_120941:1,1,356,short_cube_pick_place,attack,mitm_trajectory_manipulation,joint_offset,medium,shoulder_pan_joint,cube,cube_transport,0.1,rad,,0,,6.182905,,cube_placement,2026-07-31T12:09:52.540+01:00,7.532341,0.021983,45.489419,0,4858.010000000,4858.010000000,trusted_fallback,0.000000,-0.010094517258224448,-0.18045504754549394,0.051478793773598264,-0.010094517258224448,-0.18045504754549394,0.051478793773598264,0.0,0.0,0.0,-1.0625899778319892,0.1730353174824204,-45.342138368550735,-1.0625899778319892,0.1730353174824204,-45.342138368550735,0.0,0.0,0.0,1.5188396974003537,0.30464825923344935,-22.876136667803934,1.5188396974003537,0.30464825923344935,-22.876136667803934,0.0,0.0,0.0,-2.0270497573422026,-0.47768291770829,-2.8067048461925794,-2.0270497573422026,-0.47768291770829,-2.8067048461925794,0.0,0.0,0.0,-1.570800000115888,6.440663414923609e-09,0.004966831746964846,-1.570800000115888,6.440663414923609e-09,0.004966831746964846,0.0,0.0,0.0,1.036934140752577e-09,-5.760518777221321e-08,-5.333714259285814e-05,1.036934140752577e-09,-5.760518777221321e-08,-5.333714259285814e-05,0.0,0.0,0.0,robotiq_85_left_knuckle_joint,0.3962477847168675,-0.006647757390567757,,robotiq_85_left_knuckle_joint,0.3962477847168675,-0.006647757390567757,,0.0,0.0,
sentinel_joint_telemetry_v2,20260731_120941,20260731_120941:1,1,357,short_cube_pick_place,attack,mitm_trajectory_manipulation,joint_offset,medium,shoulder_pan_joint,cube,cube_transport,0.1,rad,,0,,6.182905,,cube_placement,2026-07-31T12:09:52.560+01:00,7.552379,0.020038,49.905120,0,4858.030000000,4858.030000000,trusted_fallback,0.000000,-0.013703618226389925,-0.18045504890350064,0.10271543476224505,-0.013703618226389925,-0.18045504890350064,0.10271543476224505,0.0,0.0,0.0,-1.0591292714706952,0.17303531839893077,-45.38918630944141,-1.0591292714706952,0.17303531839893077,-45.38918630944141,0.0,0.0,0.0,1.5249326626032618,0.3046482606688308,-22.783923863142142,1.5249326626032618,0.3046482606688308,-22.783923863142142,0.0,0.0,0.0,-2.036603415536071,-0.47768290509318134,-2.8076269295535163,-2.036603415536071,-0.47768290509318134,-2.8076269295535163,0.0,0.0,0.0,-1.5708000000403908,2.2436041843820753e-09,0.024459222530546536,-1.5708000000403908,2.2436041843820753e-09,0.024459222530546536,0.0,0.0,0.0,3.615741628156839e-10,-2.0086653421298728e-08,0.00027789027343148225,3.615741628156839e-10,-2.0086653421298728e-08,0.00027789027343148225,0.0,0.0,0.0,robotiq_85_left_knuckle_joint,0.39610976298515876,-0.005043985511367561,,robotiq_85_left_knuckle_joint,0.39610976298515876,-0.005043985511367561,,0.0,0.0,
sentinel_joint_telemetry_v2,20260731_120941,20260731_120941:1,1,358,short_cube_pick_place,attack,mitm_trajectory_manipulation,joint_offset,medium,shoulder_pan_joint,cube,cube_transport,0.1,rad,,0,,6.182905,,cube_placement,2026-07-31T12:09:52.582+01:00,7.574433,0.022054,45.342850,0,4858.052000000,4858.052000000,trusted_fallback,0.000000,-0.017568965380543134,-0.14616858997130192,0.24076489861546857,-0.017568965380543134,-0.14616858997130192,0.24076489861546857,0.0,0.0,0.0,-1.0554228549460534,0.14015860814415076,-45.383826453467194,-1.0554228549460534,0.14015860814415076,-45.383826453467194,0.0,0.0,0.0,1.5314582283539706,0.24676509151708895,-22.717248758587704,1.5314582283539706,0.24676509151708895,-22.717248758587704,0.0,0.0,0.0,-2.0468353833015285,-0.3869231497851687,-2.816825984436549,-2.0468353833015285,-0.3869231497851687,-2.816825984436549,0.0,0.0,0.0,-1.570800000012973,7.07414615601365e-10,0.08528859107261184,-1.570800000012973,7.07414615601365e-10,0.08528859107261184,0.0,0.0,0.0,1.1348598542234383e-10,-6.305453820534823e-09,0.0013402843103034248,1.1348598542234383e-10,-6.305453820534823e-09,0.0013402843103034248,0.0,0.0,0.0,robotiq_85_left_knuckle_joint,0.3959569230716906,-0.00336152909493115,,robotiq_85_left_knuckle_joint,0.3959569230716906,-0.00336152909493115,,0.0,0.0,
sentinel_joint_telemetry_v2,20260731_120941,20260731_120941:1,1,359,short_cube_pick_place,attack,mitm_trajectory_manipulation,joint_offset,medium,shoulder_pan_joint,cube,cube_transport,0.1,rad,,0,,6.182905,,cube_placement,2026-07-31T12:09:52.604+01:00,7.596270,0.021837,45.793283,0,4858.074000000,4858.074000000,trusted_fallback,0.000000,-0.01937435345781787,-0.04586925234391008,0.05922276870895483,-0.01937435345781787,-0.04586925234391008,0.05922276870895483,0.0,0.0,0.0,-1.0536916986139784,0.04398325636042641,-45.25221143608549,-1.0536916986139784,0.04398325636042641,-45.25221143608549,0.0,0.0,0.0,1.534506124993234,0.07743750044257121,-22.685539996909842,1.534506124993234,0.07743750044257121,-22.685539996909842,0.0,0.0,0.0,-2.051614429480159,-0.12142058431289324,-2.822620221309295,-2.051614429480159,-0.12142058431289324,-2.822620221309295,0.0,0.0,0.0,-1.570800000004588,2.5072669634917943e-10,0.02647414123626952,-1.570800000004588,2.5072669634917943e-10,0.02647414123626952,0.0,0.0,0.0,3.5641475741387906e-11,-1.980282822488036e-09,0.00037058895458346114,3.5641475741387906e-11,-1.980282822488036e-09,0.00037058895458346114,0.0,0.0,0.0,robotiq_85_left_knuckle_joint,0.3957789277231673,-0.0019164375596056869,,robotiq_85_left_knuckle_joint,0.3957789277231673,-0.0019164375596056869,,0.0,0.0,
sentinel_joint_telemetry_v2,20260731_120941,20260731_120941:1,1,360,short_cube_pick_place,attack,mitm_trajectory_manipulation,joint_offset,medium,shoulder_pan_joint,cube,cube_transport,0.1,rad,,0,,6.182905,,cube_placement,2026-07-31T12:09:52.624+01:00,7.616443,0.020173,49.572131,0,4858.094000000,4858.094000000,trusted_fallback,0.000000,-0.019714794235986308,-0.00036300159630674026,0.053030354999307645,-0.019714794235986308,-0.00036300159630674026,0.053030354999307645,0.0,0.0,0.0,-1.0523581786209044,0.1572276343445314,-45.26961670173601,-1.0523581786209044,0.1572276343445314,-45.26961670173601,0.0,0.0,0.0,1.5351391767569778,0.009696503847435912,-22.64367915565179,1.5351391767569778,0.009696503847435912,-22.64367915565179,0.0,0.0,0.0,-2.053198626137693,-0.10735904575901549,-2.8190516546869158,-2.053198626137693,-0.10735904575901549,-2.8190516546869158,0.0,0.0,0.0,-1.570800000002995,9.783159525544871e-12,0.021020664557118124,-1.570800000002995,9.783159525544871e-12,0.021020664557118124,0.0,0.0,0.0,2.0957349380571087e-11,-1.6204513425543965e-11,0.00027188564471472456,2.0957349380571087e-11,-1.6204513425543965e-11,0.00027188564471472456,0.0,0.0,0.0,robotiq_85_left_knuckle_joint,0.3956850474184962,-0.0018666896568304515,,robotiq_85_left_knuckle_joint,0.3956850474184962,-0.0018666896568304515,,0.0,0.0,
sentinel_joint_telemetry_v2,20260731_120941,20260731_120941:1,1,361,short_cube_pick_place,attack,mitm_trajectory_manipulation,joint_offset,medium,shoulder_pan_joint,cube,cube_transport,0.1,rad,,0,,6.182905,,cube_placement,2026-07-31T12:09:52.646+01:00,7.638303,0.021860,45.744746,0,4858.116000000,4858.116000000,trusted_fallback,0.000000,-0.01972783060923422,-0.0007221720308387509,0.050850055583717614,-0.01972783060923422,-0.0007221720308387509,0.050850055583717614,0.0,0.0,0.0,-1.0467117072378673,0.3127958688760292,-45.422729810133355,-1.0467117072378673,0.3127958688760292,-45.422729810133355,0.0,0.0,0.0,1.5354874045447462,0.019290669534184686,-22.4964847049025,1.5354874045447462,0.019290669534184686,-22.4964847049025,0.0,0.0,0.0,-2.057054181063424,-0.2135850110742694,-2.801210795220707,-2.057054181063424,-0.2135850110742694,-2.801210795220707,0.0,0.0,0.0,-1.570800000002808,6.565301254035649e-12,0.006955457365211495,-1.570800000002808,6.565301254035649e-12,0.006955457365211495,0.0,0.0,0.0,2.0388888253225306e-11,-3.112245552418236e-11,-8.091881535975027e-07,2.0388888253225306e-11,-3.112245552418236e-11,-8.091881535975027e-07,0.0,0.0,0.0,robotiq_85_left_knuckle_joint,0.3956214249081338,-0.00754279529797963,,robotiq_85_left_knuckle_joint,0.3956214249081338,-0.00754279529797963,,0.0,0.0,
sentinel_joint_telemetry_v2,20260731_120941,20260731_120941:1,1,362,short_cube_pick_place,attack,mitm_trajectory_manipulation,joint_offset,medium,shoulder_pan_joint,cube,cube_transport,0.1,rad,,0,,6.182905,,cube_placement,2026-07-31T12:09:52.666+01:00,7.658347,0.020044,49.891103,0,4858.136000000,4858.136000000,trusted_fallback,0.000000,-0.01974363347648782,-0.0008291562272470087,0.05880724644789823,-0.01974363347648782,-0.0008291562272470087,0.05880724644789823,0.0,0.0,0.0,-1.0398669785791377,0.3591341557437878,-45.59882188074292,-1.0398669785791377,0.3591341557437878,-45.59882188074292,0.0,0.0,0.0,1.5359095309589146,0.022148432893281104,-22.372557089383108,1.5359095309589146,0.022148432893281104,-22.372557089383108,0.0,0.0,0.0,-2.0617279366724386,-0.24522597731439222,-2.7883108269875265,-2.0617279366724386,-0.24522597731439222,-2.7883108269875265,0.0,0.0,0.0,-1.5708000000026867,5.717759599122019e-12,0.004332620375753361,-1.5708000000026867,5.717759599122019e-12,0.004332620375753361,0.0,0.0,0.0,1.9706670157190902e-11,-3.570198867444696e-11,-6.514346452903286e-05,1.9706670157190902e-11,-3.570198867444696e-11,-6.514346452903286e-05,0.0,0.0,0.0,robotiq_85_left_knuckle_joint,0.39556710788181015,-0.0015629612879345892,,robotiq_85_left_knuckle_joint,0.39556710788181015,-0.0015629612879345892,,0.0,0.0,
sentinel_joint_telemetry_v2,20260731_120941,20260731_120941:1,1,363,short_cube_pick_place,attack,mitm_trajectory_manipulation,joint_offset,medium,shoulder_pan_joint,cube,cube_transport,0.1,rad,,0,,6.182905,,cube_placement,2026-07-31T12:09:52.688+01:00,7.680285,0.021939,45.581939,0,4858.158000000,4858.158000000,trusted_fallback,0.000000,-0.019762427516375435,-0.0008684562928306361,0.15767248273044868,-0.019762427516375435,-0.0008684562928306361,0.15767248273044868,0.0,0.0,0.0,-1.0317266771158329,0.3761562747034184,-45.833036902903245,-1.0317266771158329,0.3761562747034184,-45.833036902903245,0.0,0.0,0.0,1.5364115576187196,0.023198216797745905,-22.268808605195673,1.5364115576187196,0.023198216797745905,-22.268808605195673,0.0,0.0,0.0,-2.067286342494303,-0.25684911507119906,-2.7811888131852363,-2.067286342494303,-0.25684911507119906,-2.7811888131852363,0.0,0.0,0.0,-1.570800000002567,3.265955214604155e-12,0.04070195799412934,-1.570800000002567,3.265955214604155e-12,0.04070195799412934,0.0,0.0,0.0,1.8896158214039436e-11,-3.79635368280562e-11,0.0005360900084586742,1.8896158214039436e-11,-3.79635368280562e-11,0.0005360900084586742,0.0,0.0,0.0,robotiq_85_left_knuckle_joint,0.39550830374302665,-0.0008230305558928777,,robotiq_85_left_knuckle_joint,0.39550830374302665,-0.0008230305558928777,,0.0,0.0,
sentinel_joint_telemetry_v2,20260731_120941,20260731_120941:1,1,364,short_cube_pick_place,attack,mitm_trajectory_manipulation,joint_offset,medium,shoulder_pan_joint,cube,cube_transport,0.1,rad,,0,,6.182905,,cube_placement,2026-07-31T12:09:52.708+01:00,7.700311,0.020025,49.937019,0,4858.178000000,4858.178000000,trusted_fallback,0.000000,-0.019779945389318137,-0.0008801623953003605,0.06749550480538619,-0.019779945389318137,-0.0008801623953003605,0.06749550480538619,0.0,0.0,0.0,-1.0241391244865998,0.38122656320945514,-46.01956462428342,-1.0241391244865998,0.38122656320945514,-46.01956462428342,0.0,0.0,0.0,1.5368794952889713,0.023510910373716824,-22.159913714140277,1.5368794952889713,0.023510910373716824,-22.159913714140277,0.0,0.0,0.0,-2.072467317289854,-0.26031123761609953,-2.771804128062241,-2.072467317289854,-0.26031123761609953,-2.771804128062241,0.0,0.0,0.0,-1.5708000000024613,5.18105090080434e-12,0.004540548759704443,-1.5708000000024613,5.18105090080434e-12,0.004540548759704443,0.0,0.0,0.0,1.8140454585025157e-11,-3.796612677020583e-11,-9.385533313267299e-05,1.8140454585025157e-11,-3.796612677020583e-11,-9.385533313267299e-05,0.0,0.0,0.0,robotiq_85_left_knuckle_joint,0.39548028835288274,-0.000869403940408478,,robotiq_85_left_knuckle_joint,0.39548028835288274,-0.000869403940408478,,0.0,0.0,
sentinel_joint_telemetry_v2,20260731_120941,20260731_120941:1,1,365,short_cube_pick_place,attack,mitm_trajectory_manipulation,joint_offset,medium,shoulder_pan_joint,cube,cube_transport,0.1,rad,,0,,6.182905,,cube_placement,2026-07-31T12:09:52.730+01:00,7.722436,0.022126,45.196077,0,4858.200000000,4858.200000000,trusted_fallback,0.000000,-0.019799369427263704,-0.0008844625687074157,0.06854295471618198,-0.019799369427263704,-0.0008844625687074157,0.06854295471618198,0.0,0.0,0.0,-1.015725950656907,0.38308910625847215,-46.24038713669889,-1.015725950656907,0.38308910625847215,-46.24038713669889,0.0,0.0,0.0,1.5373983504657793,0.023625776666617453,-22.05213623204118,1.5373983504657793,0.023625776666617453,-22.05213623204118,0.0,0.0,0.0,-2.0782120473356156,-0.26158302960138397,-2.7642763454057704,-2.0782120473356156,-0.26158302960138397,-2.7642763454057704,0.0,0.0,0.0,-1.570800000002347,5.186181345484542e-12,0.00456667589197644,-1.570800000002347,5.186181345484542e-12,0.00456667589197644,0.0,0.0,0.0,1.7302149494532822e-11,-3.8174750470118535e-11,-0.00010855731855269014,1.7302149494532822e-11,-3.8174750470118535e-11,-0.00010855731855269014,0.0,0.0,0.0,robotiq_85_left_knuckle_joint,0.3954586398858365,-0.0008032841603159598,,robotiq_85_left_knuckle_joint,0.3954586398858365,-0.0008032841603159598,,0.0,0.0,
sentinel_joint_telemetry_v2,20260731_120941,20260731_120941:1,1,366,short_cube_pick_place,attack,mitm_trajectory_manipulation,joint_offset,medium,shoulder_pan_joint,cube,cube_transport,0.1,rad,,0,,6.182905,,cube_placement,2026-07-31T12:09:52.752+01:00,7.744265,0.021828,45.812331,0,4858.222000000,4858.222000000,trusted_fallback,0.000000,-0.019818846578411004,-0.0008858120086818579,0.0685163719942065,-0.019818846578411004,-0.0008858120086818579,0.0685163719942065,0.0,0.0,0.0,-1.007289771795731,0.383673592002856,-46.458330725064066,-1.007289771795731,0.383673592002856,-46.458330725064066,0.0,0.0,0.0,1.537918624403184,0.02366182292635885,-21.943418889241997,1.537918624403184,0.02366182292635885,-21.943418889241997,0.0,0.0,0.0,-2.08397248580469,-0.26198213140261517,-2.756843257779912,-2.08397248580469,-0.26198213140261517,-2.756843257779912,0.0,0.0,0.0,-1.570800000002233,5.217821834324621e-12,0.004349927265583212,-1.570800000002233,5.217821834324621e-12,0.004349927265583212,0.0,0.0,0.0,1.6461400275156824e-11,-3.823201000577314e-11,-0.00012713051240072543,1.6461400275156824e-11,-3.823201000577314e-11,-0.00012713051240072543,0.0,0.0,0.0,robotiq_85_left_knuckle_joint,0.39543673267957846,-0.0005847408938145435,,robotiq_85_left_knuckle_joint,0.39543673267957846,-0.0005847408938145435,,0.0,0.0,
sentinel_joint_telemetry_v2,20260731_120941,20260731_120941:1,1,367,short_cube_pick_place,attack,mitm_trajectory_manipulation,joint_offset,medium,shoulder_pan_joint,cube,cube_transport,0.1,rad,,0,,6.182905,,cube_placement,2026-07-31T12:09:52.774+01:00,7.766225,0.021961,45.535404,0,4858.244000000,4858.244000000,trusted_fallback,0.000000,-0.019838340397043745,-0.0008862354772384852,0.06147455977409182,-0.019838340397043745,-0.0008862354772384852,0.06147455977409182,0.0,0.0,0.0,-0.998846373711913,0.38385700982268156,-46.66880219442719,-0.998846373711913,0.38385700982268156,-46.66880219442719,0.0,0.0,0.0,1.538439343562696,0.023673134624545584,-21.83049158009614,1.538439343562696,0.023673134624545584,-21.83049158009614,0.0,0.0,0.0,-2.089737853743451,-0.26210737377686977,-2.7488040408861094,-2.089737853743451,-0.26210737377686977,-2.7488040408861094,0.0,0.0,0.0,-1.5708000000021192,5.405439984507154e-12,0.0014287609942960785,-1.5708000000021192,5.405439984507154e-12,0.0014287609942960785,0.0,0.0,0.0,1.5619928584002254e-11,-3.821267456106947e-11,-0.0001914189947616424,1.5619928584002254e-11,-3.821267456106947e-11,-0.0001914189947616424,0.0,0.0,0.0,robotiq_85_left_knuckle_joint,0.3953971922002043,-0.0001382371989553429,,robotiq_85_left_knuckle_joint,0.3953971922002043,-0.0001382371989553429,,0.0,0.0,
sentinel_joint_telemetry_v2,20260731_120941,20260731_120941:1,1,368,short_cube_pick_place,attack,mitm_trajectory_manipulation,joint_offset,medium,shoulder_pan_joint,cube,cube_transport,0.1,rad,,0,,6.182905,,cube_placement,2026-07-31T12:09:52.794+01:00,7.786241,0.020016,49.961170,0,4858.264000000,4858.264000000,trusted_fallback,0.000000,-0.01985606670937764,-0.0008863616135600103,0.027083092088219223,-0.01985606670937764,-0.0008863616135600103,0.027083092088219223,0.0,0.0,0.0,-0.9911685392960912,0.383911643518171,-46.86519519440918,-0.9911685392960912,0.383911643518171,-46.86519519440918,0.0,0.0,0.0,1.5389128490689115,0.023676503980236414,-21.731800455602404,1.5389128490689115,0.023676503980236414,-21.731800455602404,0.0,0.0,0.0,-2.094980475249712,-0.2621446790601837,-2.7426538766701096,-2.094980475249712,-0.2621446790601837,-2.7426538766701096,0.0,0.0,0.0,-1.5708000000020141,6.161661458836676e-12,-0.012082735605280075,-1.5708000000020141,6.161661458836676e-12,-0.012082735605280075,0.0,0.0,0.0,1.4854918566212045e-11,-3.802485605032546e-11,-0.0004354131298465518,1.4854918566212045e-11,-3.802485605032546e-11,-0.0004354131298465518,0.0,0.0,0.0,robotiq_85_left_knuckle_joint,0.39536434022763056,-0.004605783424125598,,robotiq_85_left_knuckle_joint,0.39536434022763056,-0.004605783424125598,,0.0,0.0,
sentinel_joint_telemetry_v2,20260731_120941,20260731_120941:1,1,369,short_cube_pick_place,attack,mitm_trajectory_manipulation,joint_offset,medium,shoulder_pan_joint,cube,cube_transport,0.1,rad,,0,,6.182905,,cube_placement,2026-07-31T12:09:52.814+01:00,7.806266,0.020025,49.937640,0,4858.284000000,4858.284000000,trusted_fallback,0.000000,-0.019873794500507275,-0.0008864055945787183,0.02163823483446269,-0.019873794500507275,-0.0008864055945787183,0.02163823483446269,0.0,0.0,0.0,-0.9834900643664012,0.383930693109888,-47.05498925439629,-0.9834900643664012,0.383930693109888,-47.05498925439629,0.0,0.0,0.0,1.5393863940767383,0.023677678801929267,-21.629255427346564,1.5393863940767383,0.023677678801929267,-21.629255427346564,0.0,0.0,0.0,-2.1002235341152096,-0.26215768660823296,-2.735903999645228,-2.1002235341152096,-0.26215768660823296,-2.735903999645228,0.0,0.0,0.0,-1.570800000001911,6.299596261305496e-12,-0.01430905158188422,-1.570800000001911,6.299596261305496e-12,-0.01430905158188422,0.0,0.0,0.0,1.4089585171462945e-11,-3.799080104324726e-11,-0.00048660787600597014,1.4089585171462945e-11,-3.799080104324726e-11,-0.00048660787600597014,0.0,0.0,0.0,robotiq_85_left_knuckle_joint,0.3953440801482337,-0.005124655940343238,,robotiq_85_left_knuckle_joint,0.3953440801482337,-0.005124655940343238,,0.0,0.0,
sentinel_joint_telemetry_v2,20260731_120941,20260731_120941:1,1,370,short_cube_pick_place,attack,mitm_trajectory_manipulation,joint_offset,medium,shoulder_pan_joint,cube,cube_transport,0.1,rad,,0,,6.182905,,cube_placement,2026-07-31T12:09:52.834+01:00,7.826303,0.020037,49.907237,0,4858.304000000,4858.304000000,trusted_fallback,0.000000,-0.019891522807261124,-0.0008864209298378434,0.07030431071253315,-0.019891522807261124,-0.0008864209298378434,0.07030431071253315,0.0,0.0,0.0,-0.9758113661033352,0.3839373352918107,-47.24351638176454,-0.9758113661033352,0.3839373352918107,-47.24351638176454,0.0,0.0,0.0,1.5398599528579264,0.023678088436907024,-21.52636073389066,1.5398599528579264,0.023678088436907024,-21.52636073389066,0.0,0.0,0.0,-2.1054667454784433,-0.2621622220597218,-2.7293081717962475,-2.1054667454784433,-0.2621622220597218,-2.7293081717962475,0.0,0.0,0.0,-1.5708000000018087,5.2110295245544336e-12,0.004563943145959405,-1.5708000000018087,5.2110295245544336e-12,0.004563943145959405,0.0,0.0,0.0,1.3323942931099835e-11,-3.826679424723256e-11,-0.00017826230690414754,1.3323942931099835e-11,-3.826679424723256e-11,-0.00017826230690414754,0.0,0.0,0.0,robotiq_85_left_knuckle_joint,0.39532613051885407,-0.00017233028779770933,,robotiq_85_left_knuckle_joint,0.39532613051885407,-0.00017233028779770933,,0.0,0.0,
sentinel_joint_telemetry_v2,20260731_120941,20260731_120941:1,1,371,short_cube_pick_place,attack,mitm_trajectory_manipulation,joint_offset,medium,shoulder_pan_joint,cube,cube_transport,0.1,rad,,0,,6.182905,,cube_placement,2026-07-31T12:09:52.856+01:00,7.848152,0.021849,45.769410,0,4858.326000000,4858.326000000,trusted_fallback,0.000000,-0.019911024146928285,-0.000886426563152516,0.06995131832753486,-0.019911024146928285,-0.000886426563152516,0.06995131832753486,0.0,0.0,0.0,-0.9673647104182129,0.3839397752613888,-47.445909005814705,-0.9673647104182129,0.3839397752613888,-47.445909005814705,0.0,0.0,0.0,1.540380872919416,0.023678238914104505,-21.410592620849755,1.540380872919416,0.023678238914104505,-21.410592620849755,0.0,0.0,0.0,-2.1112343377906173,-0.2621638881333076,-2.721812661369789,-2.1112343377906173,-0.2621638881333076,-2.721812661369789,0.0,0.0,0.0,-1.5708000000016944,5.2155267951659035e-12,0.0043092700394660646,-1.5708000000016944,5.2155267951659035e-12,0.0043092700394660646,0.0,0.0,0.0,1.248201505364125e-11,-3.8260679997501046e-11,-0.00019725699134343617,1.248201505364125e-11,-3.8260679997501046e-11,-0.00019725699134343617,0.0,0.0,0.0,robotiq_85_left_knuckle_joint,0.395302955785474,-8.161701055049535e-05,,robotiq_85_left_knuckle_joint,0.395302955785474,-8.161701055049535e-05,,0.0,0.0,
sentinel_joint_telemetry_v2,20260731_120941,20260731_120941:1,1,372,short_cube_pick_place,attack,mitm_trajectory_manipulation,joint_offset,medium,shoulder_pan_joint,cube,cube_transport,0.1,rad,,0,,6.182905,,cube_placement,2026-07-31T12:09:52.876+01:00,7.868266,0.020115,49.714925,0,4858.346000000,4858.346000000,trusted_fallback,0.000000,-0.01992875269951292,-0.000886428241119166,0.07069520146841482,-0.01992875269951292,-0.000886428241119166,0.07069520146841482,0.0,0.0,0.0,-0.9596859056779273,0.38394050204222846,-47.627440952966985,-0.9596859056779273,0.38394050204222846,-47.627440952966985,0.0,0.0,0.0,1.540854438267241,0.023678283735926932,-21.304323242960265,1.540854438267241,0.023678283735926932,-21.304323242960265,0.0,0.0,0.0,-2.1164776218592163,-0.2621643843978668,-2.7150434460577477,-2.1164776218592163,-0.2621643843978668,-2.7150434460577477,0.0,0.0,0.0,-1.570800000001591,5.216803551644222e-12,0.004498581048980457,-1.570800000001591,5.216803551644222e-12,0.004498581048980457,0.0,0.0,0.0,1.1716674664487092e-11,-3.826443350542219e-11,-0.00020742775500783337,1.1716674664487092e-11,-3.826443350542219e-11,-0.00020742775500783337,0.0,0.0,0.0,robotiq_85_left_knuckle_joint,0.3952933671291044,-0.00013494361419028912,,robotiq_85_left_knuckle_joint,0.3952933671291044,-0.00013494361419028912,,0.0,0.0,
sentinel_joint_telemetry_v2,20260731_120941,20260731_120941:1,1,373,short_cube_pick_place,attack,mitm_trajectory_manipulation,joint_offset,medium,shoulder_pan_joint,cube,cube_transport,0.1,rad,,0,,6.182905,,cube_placement,2026-07-31T12:09:52.897+01:00,7.888809,0.020542,48.679602,0,4858.366000000,4858.366000000,trusted_fallback,0.000000,-0.019946209389587147,-0.000901533389838357,-2.622513667226005,-0.019946209389587147,-0.000901533389838357,-2.622513667226005,0.0,0.0,0.0,-0.9529147505650392,0.1363955096484012,150.0,-0.9529147505650392,0.1363955096484012,150.0,0.0,0.0,0.0,1.5412843002244585,0.007338525175623181,150.0,1.5412843002244585,0.007338525175623181,150.0,0.0,0.0,0.0,-2.122974054240305,-0.826478202955676,28.0,-2.122974054240305,-0.826478202955676,28.0,0.0,0.0,0.0,-1.5707860420752728,-0.0007754406732155437,5.314701839962334,-1.5707860420752728,-0.0007754406732155437,5.314701839962334,0.0,0.0,0.0,-3.535437323800891e-07,1.964301838730618e-05,-1.2292250160889049,-3.535437323800891e-07,1.964301838730618e-05,-1.2292250160889049,0.0,0.0,0.0,robotiq_85_left_knuckle_joint,0.39074793740881936,-0.5000004116843323,,robotiq_85_left_knuckle_joint,0.39074793740881936,-0.5000004116843323,,0.0,0.0,
sentinel_joint_telemetry_v2,20260731_120941,20260731_120941:1,1,374,short_cube_pick_place,attack,mitm_trajectory_manipulation,joint_offset,medium,shoulder_pan_joint,cube,cube_transport,0.1,rad,,0,,6.182905,,cube_placement,2026-07-31T12:09:52.919+01:00,7.910669,0.021860,45.744872,0,4858.388000000,4858.388000000,trusted_fallback,0.000000,-0.019965897389319504,-0.0008911690104979937,-19.429051825641217,-0.019965897389319504,-0.0008911690104979937,-19.429051825641217,0.0,0.0,0.0,-0.9523305737649247,0.023172802159356343,150.0,-0.9523305737649247,0.023172802159356343,150.0,0.0,0.0,0.0,1.5418352120514038,0.024440235679266672,89.08034880912935,1.5418352120514038,0.024440235679266672,89.08034880912935,0.0,0.0,0.0,-2.128184259240413,-0.22351315835011237,9.692323995371025,-2.128184259240413,-0.22351315835011237,9.692323995371025,0.0,0.0,0.0,-1.5707956198561188,-0.00024334141260138643,0.235317546685777,-1.5707956198561188,-0.00024334141260138643,0.235317546685777,0.0,0.0,0.0,-1.1092894380341932e-07,6.164046789260309e-06,-0.857535094828966,-1.1092894380341932e-07,6.164046789260309e-06,-0.857535094828966,0.0,0.0,0.0,robotiq_85_left_knuckle_joint,0.38453276304461853,-0.22338823257122464,,robotiq_85_left_knuckle_joint,0.38453276304461853,-0.22338823257122464,,0.0,0.0,
sentinel_joint_telemetry_v2,20260731_120941,20260731_120941:1,1,375,short_cube_pick_place,attack,mitm_trajectory_manipulation,joint_offset,medium,shoulder_pan_joint,cube,cube_transport,0.1,rad,,0,,6.182905,,cube_placement,2026-07-31T12:09:52.940+01:00,7.932494,0.021824,45.820541,0,4858.410000000,4858.410000000,trusted_fallback,0.000000,-0.01998540503172797,-0.0008908244924318007,-17.841533661037882,-0.01998540503172797,-0.0008908244924318007,-17.841533661037882,0.0,0.0,0.0,-0.9518082851597011,0.022894719733697534,150.0,-0.9518082851597011,0.022894719733697534,150.0,0.0,0.0,0.0,1.5423641475249337,0.023995085477187716,93.02685537084872,1.5423641475249337,0.023995085477187716,93.02685537084872,0.0,0.0,0.0,-2.133459000590956,-0.2508954337218077,17.16008265767822,-2.133459000590956,-0.2508954337218077,17.16008265767822,0.0,0.0,0.0,-1.5707986254657156,-7.636312269176677e-05,0.6490998425189355,-1.5707986254657156,-7.636312269176677e-05,0.6490998425189355,0.0,0.0,0.0,-3.479659029222347e-08,1.9341747474475087e-06,-0.591452048220349,-3.479659029222347e-08,1.9341747474475087e-06,-0.591452048220349,0.0,0.0,0.0,robotiq_85_left_knuckle_joint,0.38226271294530983,0.007634882167367402,,robotiq_85_left_knuckle_joint,0.38226271294530983,0.007634882167367402,,0.0,0.0,
sentinel_joint_telemetry_v2,20260731_120941,20260731_120941:1,1,376,short_cube_pick_place,attack,mitm_trajectory_manipulation,joint_offset,medium,shoulder_pan_joint,cube,cube_transport,0.1,rad,,0,,6.182905,,cube_placement,2026-07-31T12:09:52.962+01:00,7.954423,0.021929,45.601353,0,4858.432000000,4858.432000000,trusted_fallback,0.000000,-0.020004960761706665,-0.0008878084416674695,-18.030794872344135,-0.020004960761706665,-0.0008878084416674695,-18.030794872344135,0.0,0.0,0.0,-0.9512530438971862,0.026694782133491225,150.0,-0.9512530438971862,0.026694782133491225,150.0,0.0,0.0,0.0,1.542888982946616,0.023777715946583462,92.28544704295383,1.542888982946616,0.023777715946583462,92.28544704295383,0.0,0.0,0.0,-2.1390874321890916,-0.25862825050909366,15.617335641718041,-2.1390874321890916,-0.25862825050909366,15.617335641718041,0.0,0.0,0.0,-1.5707995686631662,-2.3963258606461008e-05,0.658048500182294,-1.5707995686631662,-2.3963258606461008e-05,0.658048500182294,0.0,0.0,0.0,-1.0905259043206053e-08,6.068470900853599e-07,-0.6074970816344016,-1.0905259043206053e-08,6.068470900853599e-07,-0.6074970816344016,0.0,0.0,0.0,robotiq_85_left_knuckle_joint,0.38193112624638076,-0.05629232546412888,,robotiq_85_left_knuckle_joint,0.38193112624638076,-0.05629232546412888,,0.0,0.0,
sentinel_joint_telemetry_v2,20260731_120941,20260731_120941:1,1,377,short_cube_pick_place,attack,mitm_trajectory_manipulation,joint_offset,medium,shoulder_pan_joint,cube,cube_transport,0.1,rad,,0,,6.182905,,cube_placement,2026-07-31T12:09:52.982+01:00,7.974445,0.020022,49.945597,0,4858.452000000,4858.452000000,trusted_fallback,0.000000,-0.020022705515149463,-0.0008869100733927287,-15.499433665827944,-0.020022705515149463,-0.0008869100733927287,-15.499433665827944,0.0,0.0,0.0,-0.9505887603169975,0.03340248215082982,150.0,-0.9505887603169975,0.03340248215082982,150.0,0.0,0.0,0.0,1.543363714542063,0.023712969230741267,93.64172735682136,1.543363714542063,0.023712969230741267,93.64172735682136,0.0,0.0,0.0,-2.144289265192196,-0.26093158376841075,16.11709309404347,-2.144289265192196,-0.26093158376841075,16.11709309404347,0.0,0.0,0.0,-1.5707998496036435,-8.355515369512512e-06,1.68241042730495,-1.5707998496036435,-8.355515369512512e-06,1.68241042730495,0.0,0.0,0.0,-3.794018460240645e-09,2.1167707185644133e-07,-0.545831917233572,-3.794018460240645e-09,2.1167707185644133e-07,-0.545831917233572,0.0,0.0,0.0,robotiq_85_left_knuckle_joint,0.378022569240837,-0.23493888663075782,,robotiq_85_left_knuckle_joint,0.378022569240837,-0.23493888663075782,,0.0,0.0,
sentinel_joint_telemetry_v2,20260731_120941,20260731_120941:1,1,378,short_cube_pick_place,attack,mitm_trajectory_manipulation,joint_offset,medium,shoulder_pan_joint,cube,cube_transport,0.1,rad,,0,,6.182905,,cube_placement,2026-07-31T12:09:53.004+01:00,7.996011,0.021567,46.367750,0,4858.472000000,4858.472000000,trusted_fallback,0.000000,-0.020040406236705142,-0.0008884579190127155,-16.60957839466569,-0.020040406236705142,-0.0008884579190127155,-16.60957839466569,0.0,0.0,0.0,-0.9501204096067714,0.018136332069914288,150.0,-0.9501204096067714,0.018136332069914288,150.0,0.0,0.0,0.0,1.5438376778536091,0.0236909049584005,93.39770106850983,1.5438376778536091,0.0236909049584005,93.39770106850983,0.0,0.0,0.0,-2.149542555971793,-0.2603761516892668,17.20094716169016,-2.149542555971793,-0.2603761516892668,17.20094716169016,0.0,0.0,0.0,-1.5707988622565798,-6.320810139803183e-05,1.3274660320859266,-1.5707988622565798,-6.320810139803183e-05,1.3274660320859266,0.0,0.0,0.0,2.7599462095280497e-07,-1.5332494267221615e-05,-0.2088085103182644,2.7599462095280497e-07,-1.5332494267221615e-05,-0.2088085103182644,0.0,0.0,0.0,robotiq_85_left_knuckle_joint,0.37818836477779044,0.023240806589699684,,robotiq_85_left_knuckle_joint,0.37818836477779044,0.023240806589699684,,0.0,0.0,
sentinel_joint_telemetry_v2,20260731_120941,20260731_120941:1,1,379,short_cube_pick_place,attack,mitm_trajectory_manipulation,joint_offset,medium,shoulder_pan_joint,cube,cube_transport,0.1,rad,,0,,6.182905,,cube_placement,2026-07-31T12:09:53.024+01:00,8.016363,0.020352,49.135669,0,4858.492000000,4858.492000000,trusted_fallback,0.000000,-0.020058197702962303,-0.0008849644089750206,11.645734737242323,-0.020058197702962303,-0.0008849644089750206,11.645734737242323,0.0,0.0,0.0,-0.9497168700565557,0.018256039171955573,150.0,-0.9497168700565557,0.018256039171955573,150.0,0.0,0.0,0.0,1.544311676972399,0.023666851393516177,93.58118893429504,1.544311676972399,0.023666851393516177,93.58118893429504,0.0,0.0,0.0,-2.1547797303897713,-0.2607160730041601,17.57485463809713,-2.1547797303897713,-0.2607160730041601,17.57485463809713,0.0,0.0,0.0,-1.570801850791071,0.0001028209156894418,11.759461767715985,-1.570801850791071,0.0001028209156894418,11.759461767715985,0.0,0.0,0.0,6.927126267563342e-07,-3.848393700252198e-05,0.21775404626664313,6.927126267563342e-07,-3.848393700252198e-05,0.21775404626664313,0.0,0.0,0.0,robotiq_85_left_knuckle_joint,0.3791634766886618,0.031132794729022705,,robotiq_85_left_knuckle_joint,0.3791634766886618,0.031132794729022705,,0.0,0.0,
sentinel_joint_telemetry_v2,20260731_120941,20260731_120941:1,1,380,short_cube_pick_place,attack,mitm_trajectory_manipulation,joint_offset,medium,shoulder_pan_joint,cube,cube_transport,0.1,rad,,0,,6.182905,,cube_placement,2026-07-31T12:09:53.045+01:00,8.036843,0.020480,48.827448,0,4858.512000000,4858.512000000,trusted_fallback,0.000000,-0.020075956228989965,-0.0008833008958519206,11.989239098490891,-0.020075956228989965,-0.0008833008958519206,11.989239098490891,0.0,0.0,0.0,-0.9493046416720801,0.018136403307189748,150.0,-0.9493046416720801,0.018136403307189748,150.0,0.0,0.0,0.0,1.5447854514205355,0.023655279532995562,93.26302234255213,1.5447854514205355,0.023655279532995562,93.26302234255213,0.0,0.0,0.0,-2.1600264281526154,-0.26052691959207136,17.653325972933487,-2.1600264281526154,-0.26052691959207136,17.653325972933487,0.0,0.0,0.0,-1.5708033544714843,0.0001863587430982359,11.426154034676813,-1.5708033544714843,0.0001863587430982359,11.426154034676813,0.0,0.0,0.0,9.77103807373354e-07,-5.4283528456051944e-05,0.2593624201886051,9.77103807373354e-07,-5.4283528456051944e-05,0.2593624201886051,0.0,0.0,0.0,robotiq_85_left_knuckle_joint,0.3801620835113697,0.033214350252917385,,robotiq_85_left_knuckle_joint,0.3801620835113697,0.033214350252917385,,0.0,0.0,
sentinel_joint_telemetry_v2,20260731_120941,20260731_120941:1,1,381,short_cube_pick_place,attack,mitm_trajectory_manipulation,joint_offset,medium,shoulder_pan_joint,cube,cube_transport,0.1,rad,,0,,6.182905,,cube_placement,2026-07-31T12:09:53.065+01:00,8.057392,0.020548,48.665957,0,4858.532000000,4858.532000000,trusted_fallback,0.000000,-0.02009364813683748,-0.0008853383823723098,-5.31331508568257,-0.02009364813683748,-0.0008853383823723098,-5.31331508568257,0.0,0.0,0.0,-0.9489202808625097,0.019634964107529185,150.0,-0.9489202808625097,0.019634964107529185,150.0,0.0,0.0,0.0,1.5452587475974513,0.023670278295805997,92.97267740949646,1.5452587475974513,0.023670278295805997,92.97267740949646,0.0,0.0,0.0,-2.165250520748948,-0.2615936087591221,17.640544991526014,-2.165250520748948,-0.2615936087591221,17.640544991526014,0.0,0.0,0.0,-1.5708011696390407,6.497950765949057e-05,6.575058004462517,-1.5708011696390407,6.497950765949057e-05,6.575058004462517,0.0,0.0,0.0,3.406935057116759e-07,-1.8927758442550914e-05,0.6336622982922382,3.406935057116759e-07,-1.8927758442550914e-05,0.6336622982922382,0.0,0.0,0.0,robotiq_85_left_knuckle_joint,0.38063659326276533,0.01998506000018497,,robotiq_85_left_knuckle_joint,0.38063659326276533,0.01998506000018497,,0.0,0.0,
sentinel_joint_telemetry_v2,20260731_120941,20260731_120941:1,1,382,short_cube_pick_place,attack,mitm_trajectory_manipulation,joint_offset,medium,shoulder_pan_joint,cube,cube_transport,0.1,rad,,0,,6.182905,,cube_placement,2026-07-31T12:09:53.086+01:00,8.077798,0.020406,49.004729,0,4858.552000000,4858.552000000,trusted_fallback,0.000000,-0.020111363931752245,-0.0008860488124534123,-18.874112983974705,-0.020111363931752245,-0.0008860488124534123,-18.874112983974705,0.0,0.0,0.0,-0.9485227754013481,0.020114251682612196,150.0,-0.9485227754013481,0.020114251682612196,150.0,0.0,0.0,0.0,1.5457322196166876,0.02367550804107341,92.56881219353583,1.5457322196166876,0.02367550804107341,92.56881219353583,0.0,0.0,0.0,-2.1704871189829986,-0.2619655402748216,17.600718033993065,-2.1704871189829986,-0.2619655402748216,17.600718033993065,0.0,0.0,0.0,-1.5708004078291344,2.265712655502919e-05,0.478890907580945,-1.5708004078291344,2.265712655502919e-05,0.478890907580945,0.0,0.0,0.0,1.1879445583017169e-07,-6.599421550240172e-06,-0.10213714277409545,1.1879445583017169e-07,-6.599421550240172e-06,-0.10213714277409545,0.0,0.0,0.0,robotiq_85_left_knuckle_joint,0.3810389022314364,0.019592036568034647,,robotiq_85_left_knuckle_joint,0.3810389022314364,0.019592036568034647,,0.0,0.0,
sentinel_joint_telemetry_v2,20260731_120941,20260731_120941:1,1,383,short_cube_pick_place,attack,mitm_trajectory_manipulation,joint_offset,medium,shoulder_pan_joint,cube,cube_transport,0.1,rad,,0,,6.182905,,cube_placement,2026-07-31T12:09:53.108+01:00,8.099947,0.022149,45.148146,0,4858.572000000,4858.572000000,trusted_fallback,0.000000,-0.0201289692166075,-0.0008928987017058019,-11.695173533211921,-0.0201289692166075,-0.0008928987017058019,-11.695173533211921,0.0,0.0,0.0,-0.947953020103777,0.017973114368563976,150.0,-0.947953020103777,0.017973114368563976,150.0,0.0,0.0,0.0,1.5462062799146503,0.023648055634166422,92.44946557849418,1.5462062799146503,0.023648055634166422,92.44946557849418,0.0,0.0,0.0,-2.1758516977280324,-0.25522744342734094,18.154605824774706,-2.1758516977280324,-0.25522744342734094,18.154605824774706,0.0,0.0,0.0,-1.5707964620481962,-0.00019655235440224194,-8.314666508143194,-1.5707964620481962,-0.00019655235440224194,-8.314666508143194,0.0,0.0,0.0,7.458281423824042e-07,-4.143550346972342e-05,0.7835346222046667,7.458281423824042e-07,-4.143550346972342e-05,0.7835346222046667,0.0,0.0,0.0,robotiq_85_left_knuckle_joint,0.3823192448851036,0.02516757839527625,,robotiq_85_left_knuckle_joint,0.3823192448851036,0.02516757839527625,,0.0,0.0,
sentinel_joint_telemetry_v2,20260731_120941,20260731_120941:1,1,384,short_cube_pick_place,attack,mitm_trajectory_manipulation,joint_offset,medium,shoulder_pan_joint,cube,cube_transport,0.1,rad,,0,,6.182905,,cube_placement,2026-07-31T12:09:53.130+01:00,8.122087,0.022140,45.166663,0,4858.592000000,4858.592000000,trusted_fallback,0.000000,-0.020146764896024405,-0.0008891711094584077,-14.78901535454274,-0.020146764896024405,-0.0008891711094584077,-14.78901535454274,0.0,0.0,0.0,-0.9448325991785826,0.08922415488785744,150.00000000000003,-0.9448325991785826,0.08922415488785744,150.00000000000003,0.0,0.0,0.0,1.5466798573197684,0.023647430534224943,118.99405640170049,1.5466798573197684,0.023647430534224943,118.99405640170049,0.0,0.0,0.0,-2.186375486900874,-0.7589938821025499,28.0,-2.186375486900874,-0.7589938821025499,28.0,0.0,0.0,0.0,-1.5707988687128696,-6.284878077077345e-05,-7.863131816231763,-1.5707988687128696,-6.284878077077345e-05,-7.863131816231763,0.0,0.0,0.0,7.484428926131012e-07,-4.1580457728259855e-05,0.4118959902437273,7.484428926131012e-07,-4.1580457728259855e-05,0.4118959902437273,0.0,0.0,0.0,robotiq_85_left_knuckle_joint,0.3855731113153388,0.030761254709027595,,robotiq_85_left_knuckle_joint,0.3855731113153388,0.030761254709027595,,0.0,0.0,
sentinel_joint_telemetry_v2,20260731_120941,20260731_120941:1,1,385,short_cube_pick_place,attack,mitm_trajectory_manipulation,joint_offset,medium,shoulder_pan_joint,cube,cube_transport,0.1,rad,,0,,6.182905,,cube_placement,2026-07-31T12:09:53.150+01:00,8.142652,0.020564,48.627974,0,4858.610000000,4858.610000000,trusted_fallback,0.000000,-0.02016277008355593,-0.0008864231645371213,-13.527890325410329,-0.02016277008355593,-0.0008864231645371213,-13.527890325410329,0.0,0.0,0.0,-0.9431885056251351,0.41168993054794406,149.99999999999997,-0.9431885056251351,0.41168993054794406,149.99999999999997,0.0,0.0,0.0,1.5471046312488845,0.02372718682471952,54.95335634461347,1.5471046312488845,0.02372718682471952,54.95335634461347,0.0,0.0,0.0,-2.188696615325555,-0.09507961556129871,9.501429245628444,-2.188696615325555,-0.09507961556129871,9.501429245628444,0.0,0.0,0.0,-1.5707979515474877,-0.00011380291242199699,-0.22817252735022278,-1.5707979515474877,-0.00011380291242199699,-0.22817252735022278,0.0,0.0,0.0,8.102630380112985e-07,-4.501455945206943e-05,-0.006198199675533476,8.102630380112985e-07,-4.501455945206943e-05,-0.006198199675533476,0.0,0.0,0.0,robotiq_85_left_knuckle_joint,0.3887134639713976,0.35712156075191703,,robotiq_85_left_knuckle_joint,0.3887134639713976,0.35712156075191703,,0.0,0.0,
sentinel_joint_telemetry_v2,20260731_120941,20260731_120941:1,1,386,short_cube_pick_place,attack,mitm_trajectory_manipulation,joint_offset,medium,shoulder_pan_joint,cube,cube_transport,0.1,rad,,0,,6.182905,,cube_placement,2026-07-31T12:09:53.171+01:00,8.163201,0.020549,48.663709,0,4858.628000000,4858.628000000,trusted_fallback,0.000000,-0.0201787257423306,-0.0008864268245611944,-0.35376605326001764,-0.0201787257423306,-0.0008864268245611944,-0.35376605326001764,0.0,0.0,0.0,-0.9421860211821251,-0.010162374741989723,150.0,-0.9421860211821251,-0.010162374741989723,150.0,0.0,0.0,0.0,1.5475313797481816,0.023697244451222982,107.31071193613676,1.5475313797481816,0.023697244451222982,107.31071193613676,0.0,0.0,0.0,-2.195574875240414,-0.04115635624282234,28.0,-2.195574875240414,-0.04115635624282234,28.0,0.0,0.0,0.0,-1.570799206393651,-4.40896886058648e-05,6.249793649561029,-1.570799206393651,-4.40896886058648e-05,6.249793649561029,0.0,0.0,0.0,3.1390929327535777e-07,-1.744002974077047e-05,0.7040392883288384,3.1390929327535777e-07,-1.744002974077047e-05,0.7040392883288384,0.0,0.0,0.0,robotiq_85_left_knuckle_joint,0.38918084816792137,0.015356545514768605,,robotiq_85_left_knuckle_joint,0.38918084816792137,0.015356545514768605,,0.0,0.0,
sentinel_joint_telemetry_v2,20260731_120941,20260731_120941:1,1,387,short_cube_pick_place,attack,mitm_trajectory_manipulation,joint_offset,medium,shoulder_pan_joint,cube,cube_transport,0.1,rad,,0,,6.182905,,cube_placement,2026-07-31T12:09:53.191+01:00,8.183274,0.020073,49.817285,0,4858.646000000,4858.646000000,trusted_fallback,0.000000,-0.020191520490077507,-0.00047108389501559274,18.48414751649128,-0.020191520490077507,-0.00047108389501559274,18.48414751649128,0.0,0.0,0.0,-0.9423246916004374,-0.005224768796358468,150.0,-0.9423246916004374,-0.005224768796358468,150.0,0.0,0.0,0.0,1.5478733627149461,0.012590960035499834,89.32118562953076,1.5478733627149461,0.012590960035499834,89.32118562953076,0.0,0.0,0.0,-2.1962405405946357,-0.025525523283087045,17.885552079400675,-2.1962405405946357,-0.025525523283087045,17.885552079400675,0.0,0.0,0.0,-1.5707996925530752,-1.7081521011494752e-05,17.295265727635996,-1.5707996925530752,-1.7081521011494752e-05,17.295265727635996,0.0,0.0,0.0,1.216019833991173e-07,-6.757005398997252e-06,1.428266718694456,1.216019833991173e-07,-6.757005398997252e-06,1.428266718694456,0.0,0.0,0.0,robotiq_85_left_knuckle_joint,0.3894809910474168,0.015334650513881462,,robotiq_85_left_knuckle_joint,0.3894809910474168,0.015334650513881462,,0.0,0.0,
sentinel_joint_telemetry_v2,20260731_120941,20260731_120941:1,1,388,short_cube_pick_place,attack,mitm_trajectory_manipulation,joint_offset,medium,shoulder_pan_joint,cube,cube_transport,0.1,rad,,0,,6.182905,,cube_placement,2026-07-31T12:09:53.212+01:00,8.203943,0.020669,48.381625,0,4858.664000000,4858.664000000,trusted_fallback,0.000000,-0.020196714864228988,-0.00018250755341898408,18.72736321289002,-0.020196714864228988,-0.00018250755341898408,18.72736321289002,0.0,0.0,0.0,-0.9423865930480508,-0.002394111144318445,150.0,-0.9423865930480508,-0.002394111144318445,150.0,0.0,0.0,0.0,1.5480121960695021,0.004877995893705169,89.24251925837852,1.5480121960695021,0.004877995893705169,89.24251925837852,0.0,0.0,0.0,-2.1965219960209152,-0.009889110716700057,17.997863395231942,-2.1965219960209152,-0.009889110716700057,17.997863395231942,0.0,0.0,0.0,-1.5707998809010413,-6.617752747707477e-06,17.418297385734494,-1.5707998809010413,-6.617752747707477e-06,17.418297385734494,0.0,0.0,0.0,4.709601347140221e-08,-2.6178005442384356e-06,1.4448626692363256,4.709601347140221e-08,-2.6178005442384356e-06,1.4448626692363256,0.0,0.0,0.0,robotiq_85_left_knuckle_joint,0.3897059159858203,0.011212156179574457,,robotiq_85_left_knuckle_joint,0.3897059159858203,0.011212156179574457,,0.0,0.0,
sentinel_joint_telemetry_v2,20260731_120941,20260731_120941:1,1,389,short_cube_pick_place,attack,mitm_trajectory_manipulation,joint_offset,medium,shoulder_pan_joint,cube,cube_transport,0.1,rad,,0,,6.182905,,cube_release,2026-07-31T12:09:53.233+01:00,8.225656,0.021713,46.054905,0,4858.686000000,4858.686000000,trusted_fallback,0.000000,-0.020198969089482783,-5.7272797602421965e-05,-15.749018716657293,-0.020198969089482783,-5.7272797602421965e-05,-15.749018716657293,0.0,0.0,0.0,-0.9421889042797787,0.014316048171900743,150.0,-0.9421889042797787,0.014316048171900743,150.0,0.0,0.0,0.0,1.5480724461927033,0.0015307667804189832,106.1895249053958,1.5480724461927033,0.0015307667804189832,106.1895249053958,0.0,0.0,0.0,-2.1967989575608904,-0.013192912365627706,28.0,-2.1967989575608904,-0.013192912365627706,28.0,0.0,0.0,0.0,-1.5707999626259959,-2.0763276193727642e-06,-0.08213419500442552,-1.5707999626259959,-2.0763276193727642e-06,-0.08213419500442552,0.0,0.0,0.0,1.4773121245971095e-08,-8.210653135620923e-07,0.358688315699635,1.4773121245971095e-08,-8.210653135620923e-07,0.358688315699635,0.0,0.0,0.0,robotiq_85_left_knuckle_joint,0.3807511615191551,-0.5000002671302279,,robotiq_85_left_knuckle_joint,0.3807511615191551,-0.5000002671302279,,0.0,0.0,
sentinel_joint_telemetry_v2,20260731_120941,20260731_120941:1,1,390,short_cube_pick_place,attack,mitm_trajectory_manipulation,joint_offset,medium,shoulder_pan_joint,cube,cube_transport,0.1,rad,,0,,6.182905,,cube_release,2026-07-31T12:09:53.253+01:00,8.245658,0.020002,49.995163,0,4858.706000000,4858.706000000,trusted_fallback,0.000000,-0.020199439940947903,-3.111438674215962e-05,-9.006375163537733,-0.020199439940947903,-3.111438674215962e-05,-9.006375163537733,0.0,0.0,0.0,-0.9416412663276987,0.01513259041673848,150.0,-0.9416412663276987,0.01513259041673848,150.0,0.0,0.0,0.0,1.5480895951652165,0.0005780460804931439,107.71922282805333,1.5480895951652165,0.0005780460804931439,107.71922282805333,0.0,0.0,0.0,-2.1974912028035942,-0.012149890776128162,28.0,-2.1974912028035942,-0.012149890776128162,28.0,0.0,0.0,0.0,-1.5707895731484964,-0.0005792697014194714,2.608869436188394,-1.5707895731484964,-0.0005792697014194714,2.608869436188394,0.0,0.0,0.0,-2.77634528922345e-07,1.5423890867868276e-05,0.29185763746992566,-2.77634528922345e-07,1.5423890867868276e-05,0.29185763746992566,0.0,0.0,0.0,robotiq_85_left_knuckle_joint,0.37070244611049946,-0.500000264848439,,robotiq_85_left_knuckle_joint,0.37070244611049946,-0.500000264848439,,0.0,0.0,
sentinel_joint_telemetry_v2,20260731_120941,20260731_120941:1,1,391,short_cube_pick_place,attack,mitm_trajectory_manipulation,joint_offset,medium,shoulder_pan_joint,cube,cube_transport,0.1,rad,,0,,6.182905,,cube_release,2026-07-31T12:09:53.279+01:00,8.271024,0.025366,39.423451,0,4858.728000000,4858.728000000,trusted_fallback,0.000000,-0.020199824247516752,-9.764026628291799e-06,-0.39854190396774364,-0.020199824247516752,-9.764026628291799e-06,-0.39854190396774364,0.0,0.0,0.0,-0.9407468290663377,0.01289709002327475,150.0,-0.9407468290663377,0.01289709002327475,150.0,0.0,0.0,0.0,1.5480967348490295,0.00018139698087827043,107.4657446917828,1.5480967348490295,0.00018139698087827043,107.4657446917828,0.0,0.0,0.0,-2.1977164656558927,0.05537451643579738,27.46298250474742,-2.1977164656558927,0.05537451643579738,27.46298250474742,0.0,0.0,0.0,-1.5707967279456487,-0.00018178108502714917,4.406458346733788,-1.5707967279456487,-0.00018178108502714917,4.406458346733788,0.0,0.0,0.0,-8.712523699861447e-08,4.840298272397762e-06,-0.007180741661857047,-8.712523699861447e-08,4.840298272397762e-06,-0.007180741661857047,0.0,0.0,0.0,robotiq_85_left_knuckle_joint,0.3591566754271284,-0.500000273292936,,robotiq_85_left_knuckle_joint,0.3591566754271284,-0.500000273292936,,0.0,0.0,
sentinel_joint_telemetry_v2,20260731_120941,20260731_120941:1,1,392,short_cube_pick_place,attack,mitm_trajectory_manipulation,joint_offset,medium,shoulder_pan_joint,cube,cube_transport,0.1,rad,,0,,6.182905,,cube_release,2026-07-31T12:09:53.299+01:00,8.291191,0.020167,49.587078,0,4858.752000000,4858.752000000,trusted_fallback,0.000000,-0.020199950362224283,-2.757647536411143e-06,-11.918898997535502,-0.020199950362224283,-2.757647536411143e-06,-11.918898997535502,0.0,0.0,0.0,-0.9272886278926245,1.2651433217323889,150.0,-0.9272886278926245,1.2651433217323889,150.0,0.0,0.0,0.0,1.5480990778228014,5.123191127721655e-05,56.57973043264902,1.5480990778228014,5.123191127721655e-05,56.57973043264902,0.0,0.0,0.0,-2.1970062156006396,0.01701197739870771,9.712787931057232,-2.1970062156006396,0.01701197739870771,9.712787931057232,0.0,0.0,0.0,-1.5707990758756358,-5.1340242448369086e-05,-0.00015238042114128634,-1.5707990758756358,-5.1340242448369086e-05,-0.00015238042114128634,0.0,0.0,0.0,-2.460676211563983e-08,1.3670423657536485e-06,-2.8055077277177013e-05,-2.460676211563983e-08,1.3670423657536485e-06,-2.8055077277177013e-05,0.0,0.0,0.0,robotiq_85_left_knuckle_joint,0.34715667433519554,-0.5000000002979165,,robotiq_85_left_knuckle_joint,0.34715667433519554,-0.5000000002979165,,0.0,0.0,
sentinel_joint_telemetry_v2,20260731_120941,20260731_120941:1,1,393,short_cube_pick_place,attack,mitm_trajectory_manipulation,joint_offset,medium,shoulder_pan_joint,cube,cube_transport,0.1,rad,,0,,6.182905,,cube_release,2026-07-31T12:09:53.321+01:00,8.312822,0.021632,46.228208,0,4858.772000000,4858.772000000,trusted_fallback,0.000000,-0.02018000363694349,-0.0011109090333323106,-47.56699464352369,-0.02018000363694349,-0.0011109090333323106,-47.56699464352369,0.0,0.0,0.0,-0.9185588601299283,0.004869442541187652,150.0,-0.9185588601299283,0.004869442541187652,150.0,0.0,0.0,0.0,1.5471892308788562,0.05059828420237931,114.36740230163089,1.5471892308788562,0.05059828420237931,114.36740230163089,0.0,0.0,0.0,-2.1972080257087043,-0.2667888456096456,27.999999999999996,-2.1972080257087043,-0.2667888456096456,27.999999999999996,0.0,0.0,0.0,-1.570791400466341,-0.0004777512409059924,-10.205502685600019,-1.570791400466341,-0.0004777512409059924,-10.205502685600019,0.0,0.0,0.0,1.8405930458472532e-05,-0.0010225524685864918,0.8811549575922722,1.8405930458472532e-05,-0.0010225524685864918,0.8811549575922722,0.0,0.0,0.0,robotiq_85_left_knuckle_joint,0.33715667434500807,-0.4999999990084346,,robotiq_85_left_knuckle_joint,0.33715667434500807,-0.4999999990084346,,0.0,0.0,
sentinel_joint_telemetry_v2,20260731_120941,20260731_120941:1,1,394,short_cube_pick_place,attack,mitm_trajectory_manipulation,joint_offset,medium,shoulder_pan_joint,cube,cube_transport,0.1,rad,,0,,6.182905,,cube_release,2026-07-31T12:09:53.342+01:00,8.334290,0.021467,46.582446,0,4858.792000000,4858.792000000,trusted_fallback,0.000000,-0.02019292148272838,-0.00039325091752682073,-83.99389309364483,-0.02019292148272838,-0.00039325091752682073,-83.99389309364483,0.0,0.0,0.0,-0.9173647579799603,0.004014582435801677,150.0,-0.9173647579799603,0.004014582435801677,150.0,0.0,0.0,0.0,1.5477596764664523,0.01890686268466689,105.94394033420548,1.5477596764664523,0.01890686268466689,105.94394033420548,0.0,0.0,0.0,-2.198805612521854,-0.03727871944484247,28.0,-2.198805612521854,-0.03727871944484247,28.0,0.0,0.0,0.0,-1.5706890172550119,0.09893197881509148,-28.0,-1.5706890172550119,0.09893197881509148,-28.0,0.0,0.0,0.0,6.4177403368436255e-06,-0.00035654545172950146,4.989001755501448,6.4177403368436255e-06,-0.00035654545172950146,4.989001755501448,0.0,0.0,0.0,robotiq_85_left_knuckle_joint,0.32715667495868206,-0.4999999072290887,,robotiq_85_left_knuckle_joint,0.32715667495868206,-0.4999999072290887,,0.0,0.0,
sentinel_joint_telemetry_v2,20260731_120941,20260731_120941:1,1,395,short_cube_pick_place,attack,mitm_trajectory_manipulation,joint_offset,medium,shoulder_pan_joint,cube,cube_transport,0.1,rad,,0,,6.182905,,cube_release,2026-07-31T12:09:53.364+01:00,8.355711,0.021422,46.681736,0,4858.814000000,4858.814000000,trusted_fallback,0.000000,-0.020197778686262338,-0.00012340627621721702,-85.03294967230667,-0.020197778686262338,-0.00012340627621721702,-85.03294967230667,0.0,0.0,0.0,-0.9171930558489965,0.010747745427712035,150.0,-0.9171930558489965,0.010747745427712035,150.0,0.0,0.0,0.0,1.5479932028655625,0.0059331738516498365,103.45452810063043,1.5479932028655625,0.0059331738516498365,103.45452810063043,0.0,0.0,0.0,-2.1993395039237273,-0.017414305932315778,28.0,-2.1993395039237273,-0.017414305932315778,28.0,0.0,0.0,0.0,-1.5706844521545213,0.09791142511507299,-28.000000000000004,-1.5706844521545213,0.09791142511507299,-28.000000000000004,0.0,0.0,0.0,2.0139285229736447e-06,-0.00011189045274575442,6.401220411929706,2.0139285229736447e-06,-0.00011189045274575442,6.401220411929706,0.0,0.0,0.0,robotiq_85_left_knuckle_joint,0.3161566759889839,-0.4999999062528364,,robotiq_85_left_knuckle_joint,0.3161566759889839,-0.4999999062528364,,0.0,0.0,
sentinel_joint_telemetry_v2,20260731_120941,20260731_120941:1,1,396,short_cube_pick_place,attack,mitm_trajectory_manipulation,joint_offset,medium,shoulder_pan_joint,cube,cube_transport,0.1,rad,,0,,6.182905,,cube_release,2026-07-31T12:09:53.385+01:00,8.377617,0.021906,45.650252,0,4858.836000000,4858.836000000,trusted_fallback,0.000000,-0.02019930292764991,-3.872619081349087e-05,-91.74099485015003,-0.02019930292764991,-3.872619081349087e-05,-91.74099485015003,0.0,0.0,0.0,-0.9169281701875788,0.012882949506243385,150.0,-0.9169281701875788,0.012882949506243385,150.0,0.0,0.0,0.0,1.5480664859241033,0.0018618928233353925,102.77188985595303,1.5480664859241033,0.0018618928233353925,102.77188985595303,0.0,0.0,0.0,-2.1996342461170695,-0.011196105671293786,28.0,-2.1996342461170695,-0.011196105671293786,28.0,0.0,0.0,0.0,-1.568928262030361,0.09744880126911779,-28.0,-1.568928262030361,0.09744880126911779,-28.0,0.0,0.0,0.0,6.319770836267826e-07,-3.511089384772813e-05,1.1566082244046387,6.319770836267826e-07,-3.511089384772813e-05,1.1566082244046387,0.0,0.0,0.0,robotiq_85_left_knuckle_joint,0.30515667768728977,-0.49999991697346496,,robotiq_85_left_knuckle_joint,0.30515667768728977,-0.49999991697346496,,0.0,0.0,
sentinel_joint_telemetry_v2,20260731_120941,20260731_120941:1,1,397,short_cube_pick_place,attack,mitm_trajectory_manipulation,joint_offset,medium,shoulder_pan_joint,cube,cube_transport,0.1,rad,,0,,6.182905,,cube_release,2026-07-31T12:09:53.406+01:00,8.397748,0.020131,49.673980,0,4858.856000000,4858.856000000,trusted_fallback,0.000000,-0.020199756945303335,-1.350298773728051e-05,-91.95285678422836,-0.020199756945303335,-1.350298773728051e-05,-91.95285678422836,0.0,0.0,0.0,-0.9166609656450857,0.013696091195534919,150.0,-0.9166609656450857,0.013696091195534919,150.0,0.0,0.0,0.0,1.5480883143609834,0.000649201884676682,103.0927809853933,1.5480883143609834,0.000649201884676682,103.0927809853933,0.0,0.0,0.0,-2.1998354822388206,-0.009448195092608656,28.0,-2.1998354822388206,-0.009448195092608656,28.0,0.0,0.0,0.0,-1.5669829859331716,0.09710998478568149,-28.0,-1.5669829859331716,0.09710998478568149,-28.0,0.0,0.0,0.0,2.2034419435784444e-07,-1.2242428744352503e-05,1.1947072486766834,2.2034419435784444e-07,-1.2242428744352503e-05,1.1947072486766834,0.0,0.0,0.0,robotiq_85_left_knuckle_joint,0.2951566793368462,-0.49999991829275986,,robotiq_85_left_knuckle_joint,0.2951566793368462,-0.49999991829275986,,0.0,0.0,
sentinel_joint_telemetry_v2,20260731_120941,20260731_120941:1,1,398,short_cube_pick_place,attack,mitm_trajectory_manipulation,joint_offset,medium,shoulder_pan_joint,cube,cube_transport,0.1,rad,,0,,6.182905,,cube_release,2026-07-31T12:09:53.428+01:00,8.419708,0.021960,45.537042,0,4858.878000000,4858.878000000,trusted_fallback,0.000000,-0.02019992372622991,-4.237380515979654e-06,-92.31446608045346,-0.02019992372622991,-4.237380515979654e-06,-92.31446608045346,0.0,0.0,0.0,-0.9163528256159919,0.01425069637651292,150.0,-0.9163528256159919,0.01425069637651292,150.0,0.0,0.0,0.0,1.548096332919148,0.0002037264293141515,103.73707113055356,1.548096332919148,0.0002037264293141515,103.73707113055356,0.0,0.0,0.0,-2.2000359004475865,-0.008960757866590122,28.0,-2.2000359004475865,-0.008960757866590122,28.0,0.0,0.0,0.0,-1.564850462217288,0.09677639792472666,-28.0,-1.564850462217288,0.09677639792472666,-28.0,0.0,0.0,0.0,6.913252185009048e-08,-3.841838324892665e-06,1.2663499219991639,6.913252185009048e-08,-3.841838324892665e-06,1.2663499219991639,0.0,0.0,0.0,robotiq_85_left_knuckle_joint,0.2841566811182092,-0.4999999200191625,,robotiq_85_left_knuckle_joint,0.2841566811182092,-0.4999999200191625,,0.0,0.0,
sentinel_joint_telemetry_v2,20260731_120941,20260731_120941:1,1,399,short_cube_pick_place,attack,mitm_trajectory_manipulation,joint_offset,medium,shoulder_pan_joint,cube,cube_transport,0.1,rad,,0,,6.182905,,cube_release,2026-07-31T12:09:53.449+01:00,8.441635,0.021927,45.606261,0,4858.900000000,4858.900000000,trusted_fallback,0.000000,-0.020199976063849916,-1.32973482678796e-06,-92.57560759211127,-0.020199976063849916,-1.32973482678796e-06,-92.57560759211127,0.0,0.0,0.0,-0.9160346635487155,0.014638193204731668,150.0,-0.9160346635487155,0.014638193204731668,150.0,0.0,0.0,0.0,1.5480988492276477,6.393151152945392e-05,104.14899348881883,1.5480988492276477,6.393151152945392e-05,104.14899348881883,0.0,0.0,0.0,-2.2002322176138285,-0.008937025125487483,28.0,-2.2002322176138285,-0.008937025125487483,28.0,0.0,0.0,0.0,-1.562725116119502,0.09645829634972637,-28.0,-1.562725116119502,0.09645829634972637,-28.0,0.0,0.0,0.0,2.1680127684477654e-08,-1.2056299633245605e-06,1.3137266931231648,2.1680127684477654e-08,-1.2056299633245605e-06,1.3137266931231648,0.0,0.0,0.0,robotiq_85_left_knuckle_joint,0.2731566828640721,-0.4999999214956698,,robotiq_85_left_knuckle_joint,0.2731566828640721,-0.4999999214956698,,0.0,0.0,
sentinel_joint_telemetry_v2,20260731_120941,20260731_120941:1,1,400,short_cube_pick_place,attack,mitm_trajectory_manipulation,joint_offset,medium,shoulder_pan_joint,cube,cube_transport,0.1,rad,,0,,6.182905,,cube_release,2026-07-31T12:09:53.470+01:00,8.461683,0.020047,49.881820,0,4858.920000000,4858.920000000,trusted_fallback,0.000000,-0.02019999165337789,-4.636497346077219e-07,-92.96566402023883,-0.02019999165337789,-4.636497346077219e-07,-92.96566402023883,0.0,0.0,0.0,-0.9157389259477766,0.014903760041795219,150.0,-0.9157389259477766,0.014903760041795219,150.0,0.0,0.0,0.0,1.5480995987471275,2.229153844927629e-05,104.86673397356907,1.5480995987471275,2.229153844927629e-05,104.86673397356907,0.0,0.0,0.0,-2.20041175661383,-0.009017900581914155,28.0,-2.20041175661383,-0.009017900581914155,28.0,0.0,0.0,0.0,-1.5607976000491708,0.0963264835958587,-28.0,-1.5607976000491708,0.0963264835958587,-28.0,0.0,0.0,0.0,7.545155034899091e-09,-4.2041714501828836e-07,1.3921337734666597,7.545155034899091e-09,-4.2041714501828836e-07,1.3921337734666597,0.0,0.0,0.0,robotiq_85_left_knuckle_joint,0.2631566844203306,-0.49999992316564373,,robotiq_85_left_knuckle_joint,0.2631566844203306,-0.49999992316564373,,0.0,0.0,
sentinel_joint_telemetry_v2,20260731_120941,20260731_120941:1,1,401,short_cube_pick_place,attack,mitm_trajectory_manipulation,joint_offset,medium,shoulder_pan_joint,cube,cube_transport,0.1,rad,,0,,6.182905,,cube_release,2026-07-31T12:09:53.491+01:00,8.483628,0.021946,45.566922,0,4858.942000000,4858.942000000,trusted_fallback,0.000000,-0.020199997380108792,-1.4549876342813406e-07,-91.64034660298995,-0.020199997380108792,-1.4549876342813406e-07,-91.64034660298995,0.0,0.0,0.0,-0.9154098864483599,0.015073778999972469,150.0,-0.9154098864483599,0.015073778999972469,150.0,0.0,0.0,0.0,1.5480998740790097,6.99531957614255e-06,106.03118016406,1.5480998740790097,6.99531957614255e-06,106.03118016406,0.0,0.0,0.0,-2.2006104747001674,-0.009098862156300024,28.0,-2.2006104747001674,-0.009098862156300024,28.0,0.0,0.0,0.0,-1.5586825112285738,0.09580885501170415,-28.0,-1.5586825112285738,0.09580885501170415,-28.0,0.0,0.0,0.0,2.3615428683145565e-09,-1.3085484033034493e-07,-0.3856744648967093,2.3615428683145565e-09,-1.3085484033034493e-07,-0.3856744648967093,0.0,0.0,0.0,robotiq_85_left_knuckle_joint,0.2521566860835362,-0.4999999253452554,,robotiq_85_left_knuckle_joint,0.2521566860835362,-0.4999999253452554,,0.0,0.0,
sentinel_joint_telemetry_v2,20260731_120941,20260731_120941:1,1,402,short_cube_pick_place,attack,mitm_trajectory_manipulation,joint_offset,medium,shoulder_pan_joint,cube,cube_transport,0.1,rad,,0,,6.182905,,cube_release,2026-07-31T12:09:53.512+01:00,8.503681,0.020053,49.868412,0,4858.962000000,4858.962000000,trusted_fallback,0.000000,-0.02019999908590538,-5.0732270998965837e-08,-91.6893252683329,-0.02019999908590538,-5.0732270998965837e-08,-91.6893252683329,0.0,0.0,0.0,-0.9151046645533109,0.01543028261593989,150.0,-0.9151046645533109,0.01543028261593989,150.0,0.0,0.0,0.0,1.5480999560906534,2.439117159334231e-06,106.02162232732834,1.5480999560906534,2.439117159334231e-06,106.02162232732834,0.0,0.0,0.0,-2.2007946208478155,-0.009307001282540112,28.0,-2.2007946208478155,-0.009307001282540112,28.0,0.0,0.0,0.0,-1.556769560771354,0.09550221991758637,-28.0,-1.556769560771354,0.09550221991758637,-28.0,0.0,0.0,0.0,8.275724370677346e-10,-4.562086667377757e-08,-0.40275861918622147,8.275724370677346e-10,-4.562086667377757e-08,-0.40275861918622147,0.0,0.0,0.0,robotiq_85_left_knuckle_joint,0.24215668756978959,-0.4999999262636459,,robotiq_85_left_knuckle_joint,0.24215668756978959,-0.4999999262636459,,0.0,0.0,
sentinel_joint_telemetry_v2,20260731_120941,20260731_120941:1,1,403,short_cube_pick_place,attack,mitm_trajectory_manipulation,joint_offset,medium,shoulder_pan_joint,cube,cube_transport,0.1,rad,,0,,6.182905,,cube_release,2026-07-31T12:09:53.533+01:00,8.525637,0.021956,45.546313,0,4858.984000000,4858.984000000,trusted_fallback,0.000000,-0.0201999997125202,-1.5920307715796417e-08,-91.76449201577472,-0.0201999997125202,-1.5920307715796417e-08,-91.76449201577472,0.0,0.0,0.0,-0.9147607015009828,0.01582093816876952,150.0,-0.9147607015009828,0.01582093816876952,150.0,0.0,0.0,0.0,1.5480999862171876,7.654208359830425e-07,106.01484811181874,1.5480999862171876,7.654208359830425e-07,106.01484811181874,0.0,0.0,0.0,-2.2010020644968704,-0.009541341957040594,28.0,-2.2010020644968704,-0.009541341957040594,28.0,0.0,0.0,0.0,-1.554672465114713,0.09515890215857929,-28.0,-1.554672465114713,0.09515890215857929,-28.0,0.0,0.0,0.0,2.640990023211675e-10,-1.4317905815391246e-08,-0.40384401291966765,2.640990023211675e-10,-1.4317905815391246e-08,-0.40384401291966765,0.0,0.0,0.0,robotiq_85_left_knuckle_joint,0.23115668918355367,-0.4999999272667176,,robotiq_85_left_knuckle_joint,0.23115668918355367,-0.4999999272667176,,0.0,0.0,
sentinel_joint_telemetry_v2,20260731_120941,20260731_120941:1,1,404,short_cube_pick_place,attack,mitm_trajectory_manipulation,joint_offset,medium,shoulder_pan_joint,cube,cube_transport,0.1,rad,,0,,6.182905,,cube_release,2026-07-31T12:09:53.553+01:00,8.545654,0.020017,49.957049,0,4859.004000000,4859.004000000,trusted_fallback,0.000000,-0.020199999899166307,-5.551051960326139e-09,-91.83664055506605,-0.020199999899166307,-5.551051960326139e-09,-91.83664055506605,0.0,0.0,0.0,-0.9144405636195726,0.01617487347458425,150.0,-0.9144405636195726,0.01617487347458425,150.0,0.0,0.0,0.0,1.5480999951908196,2.6688574658768893e-07,106.00874021697551,1.5480999951908196,2.6688574658768893e-07,106.00874021697551,0.0,0.0,0.0,-2.2011951416318847,-0.009755681781404957,28.0,-2.2011951416318847,-0.009755681781404957,28.0,0.0,0.0,0.0,-1.5527726306945449,0.09484109086375743,-28.0,-1.5527726306945449,0.09484109086375743,-28.0,0.0,0.0,0.0,9.623310276584863e-11,-4.994764571126381e-09,-0.4028503865386606,9.623310276584863e-11,-4.994764571126381e-09,-0.4028503865386606,0.0,0.0,0.0,robotiq_85_left_knuckle_joint,0.2211566906316077,-0.4999999281685534,,robotiq_85_left_knuckle_joint,0.2211566906316077,-0.4999999281685534,,0.0,0.0,
sentinel_joint_telemetry_v2,20260731_120941,20260731_120941:1,1,405,short_cube_pick_place,attack,mitm_trajectory_manipulation,joint_offset,medium,shoulder_pan_joint,cube,cube_transport,0.1,rad,,0,,6.182905,,cube_release,2026-07-31T12:09:53.574+01:00,8.565722,0.020068,49.829846,0,4859.024000000,4859.024000000,trusted_fallback,0.000000,-0.020199999964245444,-1.9355155609756397e-09,-91.91098851615466,-0.020199999964245444,-1.9355155609756397e-09,-91.91098851615466,0.0,0.0,0.0,-0.9141133573454754,0.016527845088424302,150.0,-0.9141133573454754,0.016527845088424302,150.0,0.0,0.0,0.0,1.5480999983197319,9.305729672687973e-08,106.00253510576812,1.5480999983197319,9.305729672687973e-08,106.00253510576812,0.0,0.0,0.0,-2.2013925084136567,-0.00997017799959234,28.0,-2.2013925084136567,-0.00997017799959234,28.0,0.0,0.0,0.0,-1.550879210515649,0.09451777708372078,-28.0,-1.550879210515649,0.09451777708372078,-28.0,0.0,0.0,0.0,3.7666041290335774e-11,-1.744262847873379e-09,-0.4012695608034394,3.7666041290335774e-11,-1.744262847873379e-09,-0.4012695608034394,0.0,0.0,0.0,robotiq_85_left_knuckle_joint,0.21115669206176002,-0.4999999290607247,,robotiq_85_left_knuckle_joint,0.21115669206176002,-0.4999999290607247,,0.0,0.0,
sentinel_joint_telemetry_v2,20260731_120941,20260731_120941:1,1,406,short_cube_pick_place,attack,mitm_trajectory_manipulation,joint_offset,medium,shoulder_pan_joint,cube,cube_transport,0.1,rad,,0,,6.182905,,cube_release,2026-07-31T12:09:53.595+01:00,8.587324,0.021602,46.293073,0,4859.044000000,4859.044000000,trusted_fallback,0.000000,-0.02019999998693679,-6.748560846432661e-10,-91.98715245617967,-0.02019999998693679,-6.748560846432661e-10,-91.98715245617967,0.0,0.0,0.0,-0.9137791012215151,0.016879907327616128,150.0,-0.9137791012215151,0.016879907327616128,150.0,0.0,0.0,0.0,1.5480999994107163,3.24470711843966e-08,105.99620782595882,1.5480999994107163,3.24470711843966e-08,105.99620782595882,0.0,0.0,0.0,-2.2015941634780263,-0.010184475719428265,28.0,-2.2015941634780263,-0.010184475719428265,28.0,0.0,0.0,0.0,-1.548992315068536,0.09418892130918147,-28.0,-1.548992315068536,0.09418892130918147,-28.0,0.0,0.0,0.0,1.720585956070971e-11,-6.109978471519756e-10,-0.3994335045575247,1.720585956070971e-11,-6.109978471519756e-10,-0.3994335045575247,0.0,0.0,0.0,robotiq_85_left_knuckle_joint,0.20115669347420292,-0.4999999299433084,,robotiq_85_left_knuckle_joint,0.20115669347420292,-0.4999999299433084,,0.0,0.0,
sentinel_joint_telemetry_v2,20260731_120941,20260731_120941:1,1,407,short_cube_pick_place,attack,mitm_trajectory_manipulation,joint_offset,medium,shoulder_pan_joint,cube,cube_transport,0.1,rad,,0,,6.182905,,cube_release,2026-07-31T12:09:53.615+01:00,8.607381,0.020057,49.857025,0,4859.064000000,4859.064000000,trusted_fallback,0.000000,-0.020199999994848422,-2.352910960685961e-10,-92.06497559315187,-0.020199999994848422,-2.352910960685961e-10,-92.06497559315187,0.0,0.0,0.0,-0.9134378132961918,0.017231067887783055,150.0,-0.9134378132961918,0.017231067887783055,150.0,0.0,0.0,0.0,1.5480999997911191,1.1313590135043905e-08,105.98975118679431,1.5480999997911191,1.1313590135043905e-08,105.98975118679431,0.0,0.0,0.0,-2.2018001012395882,-0.010398446408065209,28.0,-2.2018001012395882,-0.010398446408065209,28.0,0.0,0.0,0.0,-1.54711205552913,0.09385449222000998,-28.0,-1.54711205552913,0.09385449222000998,-28.0,0.0,0.0,0.0,1.0031440999950327e-11,-2.1590071353980167e-10,-0.397471769911664,1.0031440999950327e-11,-2.1590071353980167e-10,-0.397471769911664,0.0,0.0,0.0,robotiq_85_left_knuckle_joint,0.19115669486912754,-0.4999999308162543,,robotiq_85_left_knuckle_joint,0.19115669486912754,-0.4999999308162543,,0.0,0.0,
sentinel_joint_telemetry_v2,20260731_120941,20260731_120941:1,1,408,short_cube_pick_place,attack,mitm_trajectory_manipulation,joint_offset,medium,shoulder_pan_joint,cube,cube_transport,0.1,rad,,0,,6.182905,,cube_release,2026-07-31T12:09:53.637+01:00,8.629329,0.021948,45.561960,0,4859.086000000,4859.086000000,trusted_fallback,0.000000,-0.020199999997754313,-7.381945597330353e-11,-92.1524078297998,-0.020199999997754313,-7.381945597330353e-11,-92.1524078297998,0.0,0.0,0.0,-0.9130542964688161,0.017616291855897984,150.0,-0.9130542964688161,0.017616291855897984,150.0,0.0,0.0,0.0,1.5480999999308582,3.5503161096780977e-09,105.98249646762943,1.5480999999308582,3.5503161096780977e-09,105.98249646762943,0.0,0.0,0.0,-2.2020315707281504,-0.01063337774532674,28.0,-2.2020315707281504,-0.01063337774532674,28.0,0.0,0.0,0.0,-1.5450515679231167,0.09348014868862571,-28.0,-1.5450515679231167,0.09348014868862571,-28.0,0.0,0.0,0.0,7.350025689890507e-12,-7.078473332651491e-11,-0.39524002301010297,7.350025689890507e-12,-7.078473332651491e-11,-0.39524002301010297,0.0,0.0,0.0,robotiq_85_left_knuckle_joint,0.18015669638353685,-0.4999999317655115,,robotiq_85_left_knuckle_joint,0.18015669638353685,-0.4999999317655115,,0.0,0.0,
sentinel_joint_telemetry_v2,20260731_120941,20260731_120941:1,1,409,short_cube_pick_place,attack,mitm_trajectory_manipulation,joint_offset,medium,shoulder_pan_joint,cube,cube_transport,0.1,rad,,0,,6.182905,,cube_release,2026-07-31T12:09:53.657+01:00,8.649398,0.020068,49.829620,0,4859.106000000,4859.106000000,trusted_fallback,0.000000,-0.020199999998619496,-2.5722732320890285e-11,-92.23350941989091,-0.020199999998619496,-2.5722732320890285e-11,-92.23350941989091,0.0,0.0,0.0,-0.9126983010220893,0.017965521729337724,150.0,-0.9126983010220893,0.017965521729337724,150.0,0.0,0.0,0.0,1.5480999999724818,1.2379141826196483e-09,105.97576161171304,1.5480999999724818,1.2379141826196483e-09,105.97576161171304,0.0,0.0,0.0,-2.2022464780874262,-0.010846530952044135,28.0,-2.2022464780874262,-0.010846530952044135,28.0,0.0,0.0,0.0,-1.543185608277149,0.09313392255988857,-28.0,-1.543185608277149,0.09313392255988857,-28.0,0.0,0.0,0.0,6.5091810162710475e-12,-2.7560910801846528e-11,-0.39317768888271915,6.5091810162710475e-12,-2.7560910801846528e-11,-0.39317768888271915,0.0,0.0,0.0,robotiq_85_left_knuckle_joint,0.17015669774228637,-0.4999999326186643,,robotiq_85_left_knuckle_joint,0.17015669774228637,-0.4999999326186643,,0.0,0.0,
sentinel_joint_telemetry_v2,20260731_120941,20260731_120941:1,1,410,short_cube_pick_place,attack,mitm_trajectory_manipulation,joint_offset,medium,shoulder_pan_joint,cube,cube_transport,0.1,rad,,0,,6.182905,,cube_release,2026-07-31T12:09:53.679+01:00,8.671311,0.021913,45.634484,0,4859.128000000,4859.128000000,trusted_fallback,0.000000,-0.020199999998936898,-8.054976824434235e-12,-92.3244739293904,-0.020199999998936898,-8.054976824434235e-12,-92.3244739293904,0.0,0.0,0.0,-0.9122986509571314,0.018348581649936267,150.0,-0.9122986509571314,0.018348581649936267,150.0,0.0,0.0,0.0,1.548099999987772,3.8846627997690675e-10,105.9681991114891,1.548099999987772,3.8846627997690675e-10,105.9681991114891,0.0,0.0,0.0,-2.2024877947253034,-0.011080520811883505,28.0,-2.2024877947253034,-0.011080520811883505,28.0,0.0,0.0,0.0,-1.541141123826869,0.09274653369187633,-28.0,-1.541141123826869,0.09274653369187633,-28.0,0.0,0.0,0.0,6.154665051726369e-12,-1.1674780933668139e-11,-0.39089363161224844,6.154665051726369e-12,-1.1674780933668139e-11,-0.39089363161224844,0.0,0.0,0.0,robotiq_85_left_knuckle_joint,0.1591566992173544,-0.4999999335464162,,robotiq_85_left_knuckle_joint,0.1591566992173544,-0.4999999335464162,,0.0,0.0,
sentinel_joint_telemetry_v2,20260731_120941,20260731_120941:1,1,411,short_cube_pick_place,attack,mitm_trajectory_manipulation,joint_offset,medium,shoulder_pan_joint,cube,cube_transport,0.1,rad,,0,,6.182905,,cube_release,2026-07-31T12:09:53.701+01:00,8.693344,0.022033,45.385613,0,4859.150000000,4859.150000000,trusted_fallback,0.000000,-0.020199999999036065,-2.5105364835631416e-12,-92.41725938003951,-0.020199999999036065,-2.5105364835631416e-12,-92.41725938003951,0.0,0.0,0.0,-0.9118905869409122,0.018730472544556724,150.0,-0.9118905869409122,0.018730472544556724,150.0,0.0,0.0,0.0,1.5480999999925704,1.2191964191693438e-10,105.9604748668033,1.5480999999925704,1.2191964191693438e-10,105.9604748668033,0.0,0.0,0.0,-2.2027342532759113,-0.011313996505692682,28.0,-2.2027342532759113,-0.011313996505692682,28.0,0.0,0.0,0.0,-1.539105241461148,0.09235225619046808,-28.0,-1.539105241461148,0.09235225619046808,-28.0,0.0,0.0,0.0,5.996865191741937e-12,-6.6743329613094815e-12,-0.3886065124225729,5.996865191741937e-12,-6.6743329613094815e-12,-0.3886065124225729,0.0,0.0,0.0,robotiq_85_left_knuckle_joint,0.14815670067217057,-0.4999999344631279,,robotiq_85_left_knuckle_joint,0.14815670067217057,-0.4999999344631279,,0.0,0.0,
sentinel_joint_telemetry_v2,20260731_120941,20260731_120941:1,1,412,short_cube_pick_place,attack,mitm_trajectory_manipulation,joint_offset,medium,shoulder_pan_joint,cube,cube_transport,0.1,rad,,0,,6.182905,,cube_release,2026-07-31T12:09:53.723+01:00,8.715378,0.022033,45.385922,0,4859.172000000,4859.172000000,trusted_fallback,0.000000,-0.020199999999066735,-7.709037401493202e-13,-92.51185758119601,-0.020199999999066735,-7.709037401493202e-13,-92.51185758119601,0.0,0.0,0.0,-0.9114741349826514,0.01911116906217854,150.0,-0.9114741349826514,0.01911116906217854,150.0,0.0,0.0,0.0,1.5480999999940763,3.827169397369046e-11,105.9525887757159,1.5480999999940763,3.827169397369046e-11,105.9525887757159,0.0,0.0,0.0,-2.202985842289169,-0.011546946116929881,28.0,-2.202985842289169,-0.011546946116929881,28.0,0.0,0.0,0.0,-1.537078113173007,0.09195105119159504,-28.0,-1.537078113173007,0.09195105119159504,-28.0,0.0,0.0,0.0,5.901374688433526e-12,-5.085331895166023e-12,-0.38632479516820367,5.901374688433526e-12,-5.085331895166023e-12,-0.38632479516820367,0.0,0.0,0.0,robotiq_85_left_knuckle_joint,0.13715670210697445,-0.4999999353689313,,robotiq_85_left_knuckle_joint,0.13715670210697445,-0.4999999353689313,,0.0,0.0,
sentinel_joint_telemetry_v2,20260731_120941,20260731_120941:1,1,413,short_cube_pick_place,attack,mitm_trajectory_manipulation,joint_offset,medium,shoulder_pan_joint,cube,cube_transport,0.1,rad,,0,,6.182905,,cube_release,2026-07-31T12:09:53.745+01:00,8.737420,0.022042,45.367205,0,4859.194000000,4859.194000000,trusted_fallback,0.000000,-0.020199999999075912,-2.2527812948425208e-13,-92.60783078563998,-0.020199999999075912,-2.2527812948425208e-13,-92.60783078563998,0.0,0.0,0.0,-0.9110493211241966,0.019490645923728116,150.0,-0.9110493211241966,0.019490645923728116,150.0,0.0,0.0,0.0,1.5480999999945493,1.2022541816258947e-11,105.94472435537735,1.5480999999945493,1.2022541816258947e-11,105.94472435537735,0.0,0.0,0.0,-2.2032425505721642,-0.011779358426266148,28.0,-2.2032425505721642,-0.011779358426266148,28.0,0.0,0.0,0.0,-1.5350599014772717,0.09154287470064638,-28.0,-1.5350599014772717,0.09154287470064638,-28.0,0.0,0.0,0.0,5.826081629970191e-12,-4.540054313398323e-12,-0.3840867737177847,5.826081629970191e-12,-4.540054313398323e-12,-0.3840867737177847,0.0,0.0,0.0,robotiq_85_left_knuckle_joint,0.126156703522002,-0.4999999362634348,,robotiq_85_left_knuckle_joint,0.126156703522002,-0.4999999362634348,,0.0,0.0,
sentinel_joint_telemetry_v2,20260731_120941,20260731_120941:1,1,414,short_cube_pick_place,attack,mitm_trajectory_manipulation,joint_offset,medium,shoulder_pan_joint,cube,cube_transport,0.1,rad,,0,,6.182905,,cube_release,2026-07-31T12:09:53.767+01:00,8.759388,0.021969,45.519692,0,4859.216000000,4859.216000000,trusted_fallback,0.000000,-0.020199999999078122,-7.709544808109925e-14,-92.67325303094627,-0.020199999999078122,-7.709544808109925e-14,-92.67325303094627,0.0,0.0,0.0,-0.9106131113936806,0.02036818481436123,150.0,-0.9106131113936806,0.02036818481436123,150.0,0.0,0.0,0.0,1.5480999999946987,3.718429210375351e-12,105.95340957643508,1.5480999999946987,3.718429210375351e-12,105.95340957643508,0.0,0.0,0.0,-2.203507343932355,-0.012496923279562182,28.0,-2.203507343932355,-0.012496923279562182,28.0,0.0,0.0,0.0,-1.533106610027883,0.08202023153194377,-28.0,-1.533106610027883,0.08202023153194377,-28.0,0.0,0.0,0.0,5.736409912219334e-12,-1.3049468190057256e-12,-0.3850249513636594,5.736409912219334e-12,-1.3049468190057256e-12,-0.3850249513636594,0.0,0.0,0.0,robotiq_85_left_knuckle_joint,0.11515670491690448,-0.4999999370945912,,robotiq_85_left_knuckle_joint,0.11515670491690448,-0.4999999370945912,,0.0,0.0,
sentinel_joint_telemetry_v2,20260731_120941,20260731_120941:1,1,415,short_cube_pick_place,attack,mitm_trajectory_manipulation,joint_offset,medium,shoulder_pan_joint,cube,cube_transport,0.1,rad,,0,,6.182905,,cube_release,2026-07-31T12:09:53.789+01:00,8.781361,0.021973,45.510494,0,4859.238000000,4859.238000000,trusted_fallback,0.000000,-0.02019999999907469,4.002523139312597e-13,-93.93670056436758,-0.02019999999907469,4.002523139312597e-13,-93.93670056436758,0.0,0.0,0.0,-0.9100814644473441,0.030881194740991963,150.0,-0.9100814644473441,0.030881194740991963,150.0,0.0,0.0,0.0,1.5480999999947518,1.86509401672863e-12,105.54671960580065,1.5480999999947518,1.86509401672863e-12,105.54671960580065,0.0,0.0,0.0,-2.2038618042103533,-0.02254673123017932,28.0,-2.2038618042103533,-0.02254673123017932,28.0,0.0,0.0,0.0,-1.5327419356476037,-0.1010945546357678,-28.0,-1.5327419356476037,-0.1010945546357678,-28.0,0.0,0.0,0.0,5.3213509751296116e-12,-3.858184193135383e-11,-0.3127999024024099,5.3213509751296116e-12,-3.858184193135383e-11,-0.3127999024024099,0.0,0.0,0.0,robotiq_85_left_knuckle_joint,0.10415670628184608,-0.49999993904857404,,robotiq_85_left_knuckle_joint,0.10415670628184608,-0.49999993904857404,,0.0,0.0,
sentinel_joint_telemetry_v2,20260731_120941,20260731_120941:1,1,416,short_cube_pick_place,attack,mitm_trajectory_manipulation,joint_offset,medium,shoulder_pan_joint,cube,cube_transport,0.1,rad,,0,,6.182905,,cube_release,2026-07-31T12:09:53.811+01:00,8.803356,0.021995,45.465141,0,4859.260000000,4859.260000000,trusted_fallback,0.000000,-0.02019999999906339,1.1733504792776905e-12,-96.77808804248265,-0.02019999999906339,1.1733504792776905e-12,-96.77808804248265,0.0,0.0,0.0,-0.9089470902557735,0.058428070211426375,150.0,-0.9089470902557735,0.058428070211426375,150.0,0.0,0.0,0.0,1.5480999999947742,1.3422587694100763e-12,105.20025812098662,1.5480999999947742,1.3422587694100763e-12,105.20025812098662,0.0,0.0,0.0,-2.2047867167305197,-0.04801904483506609,28.0,-2.2047867167305197,-0.04801904483506609,28.0,0.0,0.0,0.0,-1.5425645422194878,-0.5358820175014911,-28.0,-1.5425645422194878,-0.5358820175014911,-28.0,0.0,0.0,0.0,5.031737848680157e-12,-3.941430038248428e-11,-0.27423899667034973,5.031737848680157e-12,-3.941430038248428e-11,-0.27423899667034973,0.0,0.0,0.0,robotiq_85_left_knuckle_joint,0.09315670761228902,-0.49999993984698293,,robotiq_85_left_knuckle_joint,0.09315670761228902,-0.49999993984698293,,0.0,0.0,
sentinel_joint_telemetry_v2,20260731_120941,20260731_120941:1,1,417,short_cube_pick_place,attack,mitm_trajectory_manipulation,joint_offset,medium,shoulder_pan_joint,cube,cube_transport,0.1,rad,,0,,6.182905,,cube_release,2026-07-31T12:09:53.833+01:00,8.825316,0.021960,45.538348,0,4859.282000000,4859.282000000,trusted_fallback,0.000000,-0.02019999999905011,1.277387267142882e-12,-98.24924407781847,-0.02019999999905011,1.277387267142882e-12,-98.24924407781847,0.0,0.0,0.0,-0.9079195972674633,0.040429886385227376,150.0,-0.9079195972674633,0.040429886385227376,150.0,0.0,0.0,0.0,1.548099999994764,1.3509783569620737e-12,105.47665695521799,1.548099999994764,1.3509783569620737e-12,105.47665695521799,0.0,0.0,0.0,-2.205593069960283,-0.030591058226510492,28.0,-2.205593069960283,-0.030591058226510492,28.0,0.0,0.0,0.0,-1.5496925968347046,-0.2117695378254116,-28.0,-1.5496925968347046,-0.2117695378254116,-28.0,0.0,0.0,0.0,5.956650345098229e-12,-6.800788664856894e-11,-0.3135492653741443,5.956650345098229e-12,-6.800788664856894e-11,-0.3135492653741443,0.0,0.0,0.0,robotiq_85_left_knuckle_joint,0.08215670897047561,-0.49999994011609844,,robotiq_85_left_knuckle_joint,0.08215670897047561,-0.49999994011609844,,0.0,0.0,
sentinel_joint_telemetry_v2,20260731_120941,20260731_120941:1,1,418,short_cube_pick_place,attack,mitm_trajectory_manipulation,joint_offset,medium,shoulder_pan_joint,cube,cube_transport,0.1,rad,,0,,6.182905,,cube_release,2026-07-31T12:09:53.853+01:00,8.845371,0.020055,49.862144,0,4859.302000000,4859.302000000,trusted_fallback,0.000000,-0.0201999999990366,7.620230401544914e-13,-98.63879976970192,-0.0201999999990366,7.620230401544914e-13,-98.63879976970192,0.0,0.0,0.0,-0.9073074346943653,0.02749293017929627,150.0,-0.9073074346943653,0.02749293017929627,150.0,0.0,0.0,0.0,1.5480999999948744,6.554624031041012e-12,101.40191033819582,1.5480999999948744,6.554624031041012e-12,101.40191033819582,0.0,0.0,0.0,-2.206023430275208,-0.01863202677993728,28.0,-2.206023430275208,-0.01863202677993728,28.0,0.0,0.0,0.0,-1.5508410841273892,-0.008140550380049556,-28.0,-1.5508410841273892,-0.008140550380049556,-28.0,0.0,0.0,0.0,-5.390343519380955e-12,-6.448906619219846e-10,1.167706101030204,-5.390343519380955e-12,-6.448906619219846e-10,1.167706101030204,0.0,0.0,0.0,robotiq_85_left_knuckle_joint,0.0721567102387703,-0.4999999363172829,,robotiq_85_left_knuckle_joint,0.0721567102387703,-0.4999999363172829,,0.0,0.0,
sentinel_joint_telemetry_v2,20260731_120941,20260731_120941:1,1,419,short_cube_pick_place,attack,mitm_trajectory_manipulation,joint_offset,medium,shoulder_pan_joint,cube,cube_transport,0.1,rad,,0,,6.182905,,cube_release,2026-07-31T12:09:53.873+01:00,8.865374,0.020003,49.992016,0,4859.322000000,4859.322000000,trusted_fallback,0.000000,-0.020199999999026757,4.784785848782613e-13,-99.16061020174884,-0.020199999999026757,4.784785848782613e-13,-99.16061020174884,0.0,0.0,0.0,-0.906749482659259,0.02839542912271903,150.0,-0.906749482659259,0.02839542912271903,150.0,0.0,0.0,0.0,1.5480999999949498,2.418276516535922e-12,101.38169076561405,1.5480999999949498,2.418276516535922e-12,101.38169076561405,0.0,0.0,0.0,-2.206402331873968,-0.019352434363467425,28.0,-2.206402331873968,-0.019352434363467425,28.0,0.0,0.0,0.0,-1.5510717410015666,-0.016785827194679144,-28.0,-1.5510717410015666,-0.016785827194679144,-28.0,0.0,0.0,0.0,-1.2865450929827652e-11,-2.2942969724569495e-10,1.1732075191992368,-1.2865450929827652e-11,-2.2942969724569495e-10,1.1732075191992368,0.0,0.0,0.0,robotiq_85_left_knuckle_joint,0.06215671150539339,-0.4999999370852938,,robotiq_85_left_knuckle_joint,0.06215671150539339,-0.4999999370852938,,0.0,0.0,
sentinel_joint_telemetry_v2,20260731_120941,20260731_120941:1,1,420,short_cube_pick_place,attack,mitm_trajectory_manipulation,joint_offset,medium,shoulder_pan_joint,cube,cube_transport,0.1,rad,,0,,6.182905,,cube_release,2026-07-31T12:09:53.895+01:00,8.887554,0.022180,45.086590,0,4859.344000000,4859.344000000,trusted_fallback,0.000000,-0.020199999999019648,3.85045294259978e-13,-99.75628090045976,-0.020199999999019648,3.85045294259978e-13,-99.75628090045976,0.0,0.0,0.0,-0.9061197184385116,0.02902933087818039,150.0,-0.9061197184385116,0.02902933087818039,150.0,0.0,0.0,0.0,1.5480999999949783,9.189159849709583e-13,101.35995440390988,1.5480999999949783,9.189159849709583e-13,101.35995440390988,0.0,0.0,0.0,-2.206831147809874,-0.019801234801232297,28.0,-2.206831147809874,-0.019801234801232297,28.0,0.0,0.0,0.0,-1.5514414008744704,-0.02003548238022842,-28.0,-1.5514414008744704,-0.02003548238022842,-28.0,0.0,0.0,0.0,-1.5598366708490706e-11,-7.723065719930644e-11,1.178931972394493,-1.5598366708490706e-11,-7.723065719930644e-11,1.178931972394493,0.0,0.0,0.0,robotiq_85_left_knuckle_joint,0.051156712881401445,-0.49999993792027075,,robotiq_85_left_knuckle_joint,0.051156712881401445,-0.49999993792027075,,0.0,0.0,
sentinel_joint_telemetry_v2,20260731_120941,20260731_120941:1,1,421,short_cube_pick_place,attack,mitm_trajectory_manipulation,joint_offset,medium,shoulder_pan_joint,cube,cube_transport,0.1,rad,,0,,6.182905,,cube_release,2026-07-31T12:09:53.917+01:00,8.909450,0.021896,45.669787,0,4859.366000000,4859.366000000,trusted_fallback,0.000000,-0.020199999999013677,3.5775180561026243e-13,-100.35785365545043,-0.020199999999013677,3.5775180561026243e-13,-100.35785365545043,0.0,0.0,0.0,-0.9054781556168091,0.029509795297578002,150.0,-0.9054781556168091,0.029509795297578002,150.0,0.0,0.0,0.0,1.5480999999949878,4.514218859830166e-13,101.33863577465287,1.5480999999949878,4.514218859830166e-13,101.33863577465287,0.0,0.0,0.0,-2.2072678208359777,-0.020105293068160418,28.0,-2.2072678208359777,-0.020105293068160418,28.0,0.0,0.0,0.0,-1.5518471024539535,-0.020714529626485265,-28.0,-1.5518471024539535,-0.020714529626485265,-28.0,0.0,0.0,0.0,-1.6447058867141753e-11,-2.965507527041833e-11,1.184493243823791,-1.6447058867141753e-11,-2.965507527041833e-11,1.184493243823791,0.0,0.0,0.0,robotiq_85_left_knuckle_joint,0.0401567142392195,-0.4999999387445951,,robotiq_85_left_knuckle_joint,0.0401567142392195,-0.4999999387445951,,0.0,0.0,
sentinel_joint_telemetry_v2,20260731_120941,20260731_120941:1,1,422,short_cube_pick_place,attack,mitm_trajectory_manipulation,joint_offset,medium,shoulder_pan_joint,cube,cube_transport,0.1,rad,,0,,6.182905,,cube_release,2026-07-31T12:09:53.939+01:00,8.931405,0.021955,45.547661,0,4859.388000000,4859.388000000,trusted_fallback,0.000000,-0.020199999999008022,3.4931324326137325e-13,-100.96267376995264,-0.020199999999008022,3.4931324326137325e-13,-100.96267376995264,0.0,0.0,0.0,-0.9048268903063024,0.029929222124717658,150.0,-0.9048268903063024,0.029929222124717658,150.0,0.0,0.0,0.0,1.5480999999949918,3.015305019560266e-13,101.3192354307127,1.5480999999949918,3.015305019560266e-13,101.3192354307127,0.0,0.0,0.0,-2.2077103989690783,-0.02035359821724959,28.0,-2.2077103989690783,-0.02035359821724959,28.0,0.0,0.0,0.0,-1.552254925761994,-0.02045699894121619,-28.0,-1.552254925761994,-0.02045699894121619,-28.0,0.0,0.0,0.0,-1.670738252256905e-11,-1.5033012595172535e-11,1.1903712602128689,-1.670738252256905e-11,-1.5033012595172535e-11,1.1903712602128689,0.0,0.0,0.0,robotiq_85_left_knuckle_joint,0.02915671557890299,-0.4999999395642204,,robotiq_85_left_knuckle_joint,0.02915671557890299,-0.4999999395642204,,0.0,0.0,
sentinel_joint_telemetry_v2,20260731_120941,20260731_120941:1,1,423,short_cube_pick_place,attack,mitm_trajectory_manipulation,joint_offset,medium,shoulder_pan_joint,cube,cube_transport,0.1,rad,,0,,6.182905,,cube_release,2026-07-31T12:09:53.961+01:00,8.953532,0.022126,45.194813,0,4859.410000000,4859.410000000,trusted_fallback,0.000000,-0.02019999999900248,3.4498402398663863e-13,-101.56514273865044,-0.02019999999900248,3.4498402398663863e-13,-101.56514273865044,0.0,0.0,0.0,-0.9041667850176193,0.030322706156364378,150.0,-0.9041667850176193,0.030322706156364378,150.0,0.0,0.0,0.0,1.548099999994994,2.561232476105957e-13,101.29817240327404,1.548099999994994,2.561232476105957e-13,101.29817240327404,0.0,0.0,0.0,-2.2081581125971375,-0.020579577532960937,28.0,-2.2081581125971375,-0.020579577532960937,28.0,0.0,0.0,0.0,-1.5526524693496562,-0.01986410331327277,-28.0,-1.5526524693496562,-0.01986410331327277,-28.0,0.0,0.0,0.0,-1.6782576889144386e-11,-1.0551981814363454e-11,1.1960289765661638,-1.6782576889144386e-11,-1.0551981814363454e-11,1.1960289765661638,0.0,0.0,0.0,robotiq_85_left_knuckle_joint,0.018156716900617327,-0.499999940373905,,robotiq_85_left_knuckle_joint,0.018156716900617327,-0.499999940373905,,0.0,0.0,
sentinel_joint_telemetry_v2,20260731_120941,20260731_120941:1,1,424,short_cube_pick_place,attack,mitm_trajectory_manipulation,joint_offset,medium,shoulder_pan_joint,cube,cube_transport,0.1,rad,,0,,6.182905,,cube_release,2026-07-31T12:09:53.983+01:00,8.975331,0.021799,45.873424,0,4859.432000000,4859.432000000,trusted_fallback,0.000000,-0.02019999999899645,5.355943553247977e-13,-102.57197125490696,-0.02019999999899645,5.355943553247977e-13,-102.57197125490696,0.0,0.0,0.0,-0.9035100356339016,0.025849269993224976,150.0,-0.9035100356339016,0.025849269993224976,150.0,0.0,0.0,0.0,1.5480999999949923,-5.235967909245076e-13,101.62405020917743,1.5480999999949923,-5.235967909245076e-13,101.62405020917743,0.0,0.0,0.0,-2.208601162872472,-0.01716571327991395,28.0,-2.208601162872472,-0.01716571327991395,28.0,0.0,0.0,0.0,-1.5529948325393488,-0.0061555534453480885,-28.0,-1.5529948325393488,-0.0061555534453480885,-28.0,0.0,0.0,0.0,-1.6650775744276484e-11,2.8927537448764085e-11,1.1425138493707963,-1.6650775744276484e-11,2.8927537448764085e-11,1.1425138493707963,0.0,0.0,0.0,robotiq_85_left_knuckle_joint,0.007416941779769951,-0.4120522554627259,,robotiq_85_left_knuckle_joint,0.007416941779769951,-0.4120522554627259,,0.0,0.0,
sentinel_joint_telemetry_v2,20260731_120941,20260731_120941:1,1,425,short_cube_pick_place,attack,mitm_trajectory_manipulation,joint_offset,medium,shoulder_pan_joint,cube,cube_transport,0.1,rad,,0,,6.182905,,cube_release,2026-07-31T12:09:54.003+01:00,8.995375,0.020044,49.889532,0,4859.452000000,4859.452000000,trusted_fallback,0.000000,-0.020199999998990817,2.2328471536992023e-13,-102.59596709574687,-0.020199999998990817,2.2328471536992023e-13,-102.59596709574687,0.0,0.0,0.0,-0.903189184510738,0.009840140762765945,150.0,-0.903189184510738,0.009840140762765945,150.0,0.0,0.0,0.0,1.548099999994988,2.73902428515882e-13,101.4152844641588,1.548099999994988,2.73902428515882e-13,101.4152844641588,0.0,0.0,0.0,-2.208814682230991,-0.006705491646834448,28.0,-2.208814682230991,-0.006705491646834448,28.0,0.0,0.0,0.0,-1.553181361734745,-0.013100990161845022,-28.0,-1.553181361734745,-0.013100990161845022,-28.0,0.0,0.0,0.0,-1.642285895813795e-11,-1.1702800620932985e-11,1.18200823182832,-1.642285895813795e-11,-1.1702800620932985e-11,1.18200823182832,0.0,0.0,0.0,robotiq_85_left_knuckle_joint,0.0025861284546849477,-0.14367373797894242,,robotiq_85_left_knuckle_joint,0.0025861284546849477,-0.14367373797894242,,0.0,0.0,
sentinel_joint_telemetry_v2,20260731_120941,20260731_120941:1,1,426,short_cube_pick_place,attack,mitm_trajectory_manipulation,joint_offset,medium,shoulder_pan_joint,cube,cube_transport,0.1,rad,,0,,6.182905,,cube_release,2026-07-31T12:09:54.024+01:00,9.016417,0.021042,47.523042,0,4859.472000000,4859.472000000,trusted_fallback,0.000000,-0.020199999998989176,1.258290346917157e-13,-102.59531535897841,-0.020199999998989176,1.258290346917157e-13,-102.59531535897841,0.0,0.0,0.0,-0.9030680181905164,0.00380043071220185,150.0,-0.9030680181905164,0.00380043071220185,150.0,0.0,0.0,0.0,1.5480999999949907,3.303624734884991e-13,101.34255250993573,1.5480999999949907,3.303624734884991e-13,101.34255250993573,0.0,0.0,0.0,-2.2088974586243504,-0.0026721426801323556,28.0,-2.2088974586243504,-0.0026721426801323556,28.0,0.0,0.0,0.0,-1.5533785394999144,-0.009961613782402226,-28.0,-1.5533785394999144,-0.009961613782402226,-28.0,0.0,0.0,0.0,-1.6539568671212375e-11,-1.5256588093565115e-11,1.1978196783257162,-1.6539568671212375e-11,-1.5256588093565115e-11,1.1978196783257162,0.0,0.0,0.0,robotiq_85_left_knuckle_joint,0.0009017279972165732,-0.050095934952111246,,robotiq_85_left_knuckle_joint,0.0009017279972165732,-0.050095934952111246,,0.0,0.0,
sentinel_joint_telemetry_v2,20260731_120941,20260731_120941:1,1,427,short_cube_pick_place,attack,mitm_trajectory_manipulation,joint_offset,medium,shoulder_pan_joint,cube,cube_transport,0.1,rad,,0,,6.182905,,cube_release,2026-07-31T12:09:54.046+01:00,9.038446,0.022029,45.394515,0,4859.494000000,4859.494000000,trusted_fallback,0.000000,-0.020199999998988534,9.541456166828333e-14,-102.60889580248055,-0.020199999998988534,9.541456166828333e-14,-102.60889580248055,0.0,0.0,0.0,-0.9030193257226015,0.0013940215718264634,150.0,-0.9030193257226015,0.0013940215718264634,150.0,0.0,0.0,0.0,1.5480999999949931,2.5895258159991386e-13,101.32051664444889,1.5480999999949931,2.5895258159991386e-13,101.32051664444889,0.0,0.0,0.0,-2.2089316182064738,-0.0010200016286657926,28.0,-2.2089316182064738,-0.0010200016286657926,28.0,0.0,0.0,0.0,-1.5535104449569455,-0.006029478937715892,-28.0,-1.5535104449569455,-0.006029478937715892,-28.0,0.0,0.0,0.0,-1.6650253626987846e-11,-1.1659787718665271e-11,1.2040701653000496,-1.6650253626987846e-11,-1.1659787718665271e-11,1.2040701653000496,0.0,0.0,0.0,robotiq_85_left_knuckle_joint,0.0002829726015465823,-0.015720635258018312,,robotiq_85_left_knuckle_joint,0.0002829726015465823,-0.015720635258018312,,0.0,0.0,
sentinel_joint_telemetry_v2,20260731_120941,20260731_120941:1,1,428,short_cube_pick_place,attack,mitm_trajectory_manipulation,joint_offset,medium,shoulder_pan_joint,cube,cube_transport,0.1,rad,,0,,6.182905,,cube_release,2026-07-31T12:09:54.066+01:00,9.058482,0.020035,49.912043,0,4859.514000000,4859.514000000,trusted_fallback,0.000000,-0.020199999998988267,8.556848805907347e-14,-102.61964833308978,-0.020199999998988267,8.556848805907347e-14,-102.61964833308978,0.0,0.0,0.0,-0.9030031535436857,0.0006109990499448149,150.0,-0.9030031535436857,0.0006109990499448149,150.0,0.0,0.0,0.0,1.5480999999949943,1.9727535577329647e-13,101.3167472313568,1.5480999999949943,1.9727535577329647e-13,101.3167472313568,0.0,0.0,0.0,-2.2089432588072273,-0.00046734229057581594,28.0,-2.2089432588072273,-0.00046734229057581594,28.0,0.0,0.0,0.0,-1.5535718624944255,-0.0038589441688065954,-28.0,-1.5535718624944255,-0.0038589441688065954,-28.0,0.0,0.0,0.0,-1.6693342042418985e-11,-8.910652164045851e-12,1.2062546955606055,-1.6693342042418985e-11,-8.910652164045851e-12,1.2062546955606055,0.0,0.0,0.0,robotiq_85_left_knuckle_joint,9.866720530610352e-05,-0.005481446600830545,,robotiq_85_left_knuckle_joint,9.866720530610352e-05,-0.005481446600830545,,0.0,0.0,
sentinel_joint_telemetry_v2,20260731_120941,20260731_120941:1,1,429,short_cube_pick_place,attack,mitm_trajectory_manipulation,joint_offset,medium,shoulder_pan_joint,cube,cube_transport,0.1,rad,,0,,6.182905,,cube_release,2026-07-31T12:09:54.088+01:00,9.080441,0.021959,45.538825,0,4859.536000000,4859.536000000,trusted_fallback,0.000000,-0.020199999998988107,6.648761402550107e-14,-102.5994411175734,-0.020199999998988107,6.648761402550107e-14,-102.5994411175734,0.0,0.0,0.0,-0.902996158667112,0.0002889681172460641,150.0,-0.902996158667112,0.0002889681172460641,150.0,0.0,0.0,0.0,1.5480999999949951,1.1960051005122097e-13,101.33253320163651,1.5480999999949951,1.1960051005122097e-13,101.33253320163651,0.0,0.0,0.0,-2.20894843395506,-0.00023280310938133403,28.0,-2.20894843395506,-0.00023280310938133403,28.0,0.0,0.0,0.0,-1.553607054432749,-0.0025409435604908845,-28.0,-1.553607054432749,-0.0025409435604908845,-28.0,0.0,0.0,0.0,-1.6698109869177395e-11,-5.696152534026555e-12,1.2051383147308161,-1.6698109869177395e-11,-5.696152534026555e-12,1.2051383147308161,0.0,0.0,0.0,robotiq_85_left_knuckle_joint,3.096361495827928e-05,-0.0017201359908523778,,robotiq_85_left_knuckle_joint,3.096361495827928e-05,-0.0017201359908523778,,0.0,0.0,
sentinel_joint_telemetry_v2,20260731_120941,20260731_120941:1,1,430,short_cube_pick_place,attack,mitm_trajectory_manipulation,joint_offset,medium,shoulder_pan_joint,cube,cube_transport,0.1,rad,,0,,6.182905,,cube_release,2026-07-31T12:09:54.110+01:00,9.102391,0.021950,45.557582,0,4859.558000000,4859.558000000,trusted_fallback,0.000000,-0.02019999999898813,-1.3530843112619095e-14,-102.43989286131239,-0.02019999999898813,-1.3530843112619095e-14,-102.43989286131239,0.0,0.0,0.0,-0.90299302354734,6.905004102651657e-05,150.0,-0.90299302354734,6.905004102651657e-05,150.0,0.0,0.0,0.0,1.548099999994995,-9.206177487008915e-15,101.38264481259391,1.548099999994995,-9.206177487008915e-15,101.38264481259391,0.0,0.0,0.0,-2.2089508526379107,-5.007701551251742e-05,28.0,-2.2089508526379107,-5.007701551251742e-05,28.0,0.0,0.0,0.0,-1.553629018011509,-0.00030856686393310444,-28.0,-1.553629018011509,-0.00030856686393310444,-28.0,0.0,0.0,0.0,-1.6669092575401266e-11,2.4939054727585175e-12,1.1943326096614093,-1.6669092575401266e-11,2.4939054727585175e-12,1.1943326096614093,0.0,0.0,0.0,robotiq_85_left_knuckle_joint,9.717510099549286e-06,-0.0005397970686283702,,robotiq_85_left_knuckle_joint,9.717510099549286e-06,-0.0005397970686283702,,0.0,0.0,
sentinel_joint_telemetry_v2,20260731_120941,20260731_120941:1,1,431,short_cube_pick_place,attack,mitm_trajectory_manipulation,joint_offset,medium,shoulder_pan_joint,cube,cube_transport,0.1,rad,,0,,6.182905,,cube_release,2026-07-31T12:09:54.130+01:00,9.122434,0.020042,49.894311,0,4859.578000000,4859.578000000,trusted_fallback,0.000000,-0.020199999998988003,-2.6166135230765164e-14,-102.42355808420417,-0.020199999998988003,-2.6166135230765164e-14,-102.42355808420417,0.0,0.0,0.0,-0.9029912968923923,5.069348077169078e-05,150.0,-0.9029912968923923,5.069348077169078e-05,150.0,0.0,0.0,0.0,1.548099999994995,-3.770681683556987e-14,101.39417620362138,1.548099999994995,-3.770681683556987e-14,101.39417620362138,0.0,0.0,0.0,-2.208952242179952,-3.908809077539377e-05,28.0,-2.208952242179952,-3.908809077539377e-05,28.0,0.0,0.0,0.0,-1.553644712617064,-0.00037250684647150995,-28.0,-1.553644712617064,-0.00037250684647150995,-28.0,0.0,0.0,0.0,-1.666575594863645e-11,2.9487929025656667e-12,1.1930975357290579,-1.666575594863645e-11,2.9487929025656667e-12,1.1930975357290579,0.0,0.0,0.0,robotiq_85_left_knuckle_joint,3.3890457878793513e-06,-0.00018821566965197128,,robotiq_85_left_knuckle_joint,3.3890457878793513e-06,-0.00018821566965197128,,0.0,0.0,
sentinel_joint_telemetry_v2,20260731_120941,20260731_120941:1,1,432,short_cube_pick_place,attack,mitm_trajectory_manipulation,joint_offset,medium,shoulder_pan_joint,cube,cube_transport,0.1,rad,,0,,6.182905,,cube_release,2026-07-31T12:09:54.150+01:00,9.142460,0.020027,49.933528,0,4859.598000000,4859.598000000,trusted_fallback,0.000000,-0.020199999998987927,-2.0389722896196893e-14,-102.443702891914,-0.020199999998987927,-2.0389722896196893e-14,-102.443702891914,0.0,0.0,0.0,-0.9029901639884906,4.4352536124184216e-05,150.0,-0.9029901639884906,4.4352536124184216e-05,150.0,0.0,0.0,0.0,1.548099999994995,-1.855980646947586e-14,101.38644579565693,1.548099999994995,-1.855980646947586e-14,101.38644579565693,0.0,0.0,0.0,-2.2089531587472298,-3.540299025919444e-05,28.0,-2.2089531587472298,-3.540299025919444e-05,28.0,0.0,0.0,0.0,-1.5536555097977545,-0.00040069305147968394,-28.0,-1.5536555097977545,-0.00040069305147968394,-28.0,0.0,0.0,0.0,-1.6667794852404492e-11,1.9872068400539344e-12,1.194614485988688,-1.6667794852404492e-11,1.9872068400539344e-12,1.194614485988688,0.0,0.0,0.0,robotiq_85_left_knuckle_joint,1.1824467492178335e-06,-6.562686319139255e-05,,robotiq_85_left_knuckle_joint,1.1824467492178335e-06,-6.562686319139255e-05,,0.0,0.0,
sentinel_joint_telemetry_v2,20260731_120941,20260731_120941:1,1,433,short_cube_pick_place,attack,mitm_trajectory_manipulation,joint_offset,medium,shoulder_pan_joint,cube,cube_transport,0.1,rad,,0,,6.182905,,cube_retreat,2026-07-31T12:09:54.172+01:00,9.164430,0.021970,45.517413,0,4859.620000000,4859.620000000,trusted_fallback,0.000000,-0.02019999999898789,-1.9887737290336105e-14,-102.44881239363343,-0.02019999999898789,-1.9887737290336105e-14,-102.44881239363343,0.0,0.0,0.0,-0.9029892135530928,4.212168041733619e-05,150.0,-0.9029892135530928,4.212168041733619e-05,150.0,0.0,0.0,0.0,1.548099999994995,-1.759703494030873e-14,101.38613338822127,1.548099999994995,-1.759703494030873e-14,101.38613338822127,0.0,0.0,0.0,-2.208953925747738,-3.423707727906802e-05,28.0,-2.208953925747738,-3.423707727906802e-05,28.0,0.0,0.0,0.0,-1.5536646098447626,-0.0004176237450200576,-28.0,-1.5536646098447626,-0.0004176237450200576,-28.0,0.0,0.0,0.0,-1.667056215181495e-11,1.865720468743892e-12,1.1949903658993948,-1.667056215181495e-11,1.865720468743892e-12,1.1949903658993948,0.0,0.0,0.0,robotiq_85_left_knuckle_joint,3.7186451188447143e-07,-2.0594522294968207e-05,,robotiq_85_left_knuckle_joint,3.7186451188447143e-07,-2.0594522294968207e-05,,0.0,0.0,
sentinel_joint_telemetry_v2,20260731_120941,20260731_120941:1,1,434,short_cube_pick_place,attack,mitm_trajectory_manipulation,joint_offset,medium,shoulder_pan_joint,cube,cube_transport,0.1,rad,,0,,6.182905,,cube_retreat,2026-07-31T12:09:54.194+01:00,9.186433,0.022003,45.448174,0,4859.642000000,4859.642000000,trusted_fallback,0.000000,-0.02019999999898785,-2.0608731735038965e-14,-102.45107176877342,-0.02019999999898785,-2.0608731735038965e-14,-102.45107176877342,0.0,0.0,0.0,-0.9029882933474099,4.151593595533472e-05,150.0,-0.9029882933474099,4.151593595533472e-05,150.0,0.0,0.0,0.0,1.548099999994995,-1.9722938560118308e-14,101.38696337640704,1.548099999994995,-1.9722938560118308e-14,101.38696337640704,0.0,0.0,0.0,-2.208954677621779,-3.405479955184004e-05,28.0,-2.208954677621779,-3.405479955184004e-05,28.0,0.0,0.0,0.0,-1.5536739632270595,-0.00042944733729805094,-28.0,-1.5536739632270595,-0.00042944733729805094,-28.0,0.0,0.0,0.0,-1.6672710146921387e-11,1.8953707960761568e-12,1.1951067347557183,-1.6672710146921387e-11,1.8953707960761568e-12,1.1951067347557183,0.0,0.0,0.0,robotiq_85_left_knuckle_joint,1.1749520538502146e-07,-6.46289491553452e-06,,robotiq_85_left_knuckle_joint,1.1749520538502146e-07,-6.46289491553452e-06,,0.0,0.0,
sentinel_joint_telemetry_v2,20260731_120941,20260731_120941:1,1,435,short_cube_pick_place,attack,mitm_trajectory_manipulation,joint_offset,medium,shoulder_pan_joint,cube,cube_transport,0.1,rad,,0,,6.182905,,cube_retreat,2026-07-31T12:09:54.216+01:00,9.208368,0.021935,45.589152,0,4859.664000000,4859.664000000,trusted_fallback,0.000000,-0.020199999999010003,-5.183470840053328e-13,-0.19444236738794252,-0.020199999999010003,-5.183470840053328e-13,-0.19444236738794252,0.0,0.0,0.0,-0.9044922939879892,-0.17553316513314607,-48.10025924541782,-0.9044922939879892,-0.17553316513314607,-48.10025924541782,0.0,0.0,0.0,1.54797723155316,-0.014265950695450181,-20.192363725569283,1.54797723155316,-0.014265950695450181,-20.192363725569283,0.0,0.0,0.0,-2.2073936284701845,0.18142892459812154,-2.6911715389733017,-2.2073936284701845,0.18142892459812154,-2.6911715389733017,0.0,0.0,0.0,-1.5538497284241863,-0.020022116629522156,-0.05248116637742961,-1.5538497284241863,-0.020022116629522156,-0.05248116637742961,0.0,0.0,0.0,-1.650538575971969e-11,1.9502286504463617e-11,-1.9292434577303957e-05,-1.650538575971969e-11,1.9502286504463617e-11,-1.9292434577303957e-05,0.0,0.0,0.0,robotiq_85_left_knuckle_joint,3.706550928965094e-08,-2.0590409611411647e-06,,robotiq_85_left_knuckle_joint,3.706550928965094e-08,-2.0590409611411647e-06,,0.0,0.0,
sentinel_joint_telemetry_v2,20260731_120941,20260731_120941:1,1,436,short_cube_pick_place,attack,mitm_trajectory_manipulation,joint_offset,medium,shoulder_pan_joint,cube,cube_transport,0.1,rad,,0,,6.182905,,cube_retreat,2026-07-31T12:09:54.238+01:00,9.230329,0.021961,45.535487,0,4859.686000000,4859.686000000,trusted_fallback,0.000000,-0.020199999999044038,-1.3236454033532796e-12,-0.16989071561862273,-0.020199999999044038,-1.3236454033532796e-12,-0.16989071561862273,0.0,0.0,0.0,-0.9098746868646845,-0.2836798400349793,-47.98931683404426,-0.9098746868646845,-0.2836798400349793,-47.98931683404426,0.0,0.0,0.0,1.5475394429423965,-0.023080163665851982,-20.2131772644776,1.5475394429423965,-0.023080163665851982,-20.2131772644776,0.0,0.0,0.0,-2.201825999747844,0.2935247259840347,-2.684419184392293,-2.201825999747844,0.2935247259840347,-2.684419184392293,0.0,0.0,0.0,-1.5544641602844704,-0.03239277480950777,-0.053604762980331816,-1.5544641602844704,-0.03239277480950777,-0.053604762980331816,0.0,0.0,0.0,-1.590707471166163e-11,3.154737538910157e-11,-1.8752890064920685e-05,-1.590707471166163e-11,3.154737538910157e-11,-1.8752890064920685e-05,0.0,0.0,0.0,robotiq_85_left_knuckle_joint,1.1633867536325738e-08,-6.461777852968809e-07,,robotiq_85_left_knuckle_joint,1.1633867536325738e-08,-6.461777852968809e-07,,0.0,0.0,
sentinel_joint_telemetry_v2,20260731_120941,20260731_120941:1,1,437,short_cube_pick_place,attack,mitm_trajectory_manipulation,joint_offset,medium,shoulder_pan_joint,cube,cube_transport,0.1,rad,,0,,6.182905,,cube_retreat,2026-07-31T12:09:54.260+01:00,9.252315,0.021986,45.484040,0,4859.708000000,4859.708000000,trusted_fallback,0.000000,-0.020199999999084887,-1.7881221676951942e-12,-0.1595376789809838,-0.020199999999084887,-1.7881221676951942e-12,-0.1595376789809838,0.0,0.0,0.0,-0.9165785030916566,-0.3184141065873387,-47.84628495677794,-0.9165785030916566,-0.3184141065873387,-47.84628495677794,0.0,0.0,0.0,1.5469939534241888,-0.025910992887907297,-20.284617922445715,1.5469939534241888,-0.025910992887907297,-20.284617922445715,0.0,0.0,0.0,-2.194888671931678,0.329526133271586,-2.6819225375480173,-2.194888671931678,0.329526133271586,-2.6819225375480173,0.0,0.0,0.0,-1.555229749271895,-0.03636581481508168,-0.05503838446088202,-1.555229749271895,-0.03636581481508168,-0.05503838446088202,0.0,0.0,0.0,-1.5161612563704665e-11,3.5417893227626673e-11,-1.8312904564470843e-05,-1.5161612563704665e-11,3.5417893227626673e-11,-1.8312904564470843e-05,0.0,0.0,0.0,robotiq_85_left_knuckle_joint,3.6528014074119743e-09,-2.0278695126926816e-07,,robotiq_85_left_knuckle_joint,3.6528014074119743e-09,-2.0278695126926816e-07,,0.0,0.0,
sentinel_joint_telemetry_v2,20260731_120941,20260731_120941:1,1,438,short_cube_pick_place,attack,mitm_trajectory_manipulation,joint_offset,medium,shoulder_pan_joint,cube,cube_transport,0.1,rad,,0,,6.182905,,cube_retreat,2026-07-31T12:09:54.280+01:00,9.272360,0.020045,49.886648,0,4859.728000000,4859.728000000,trusted_fallback,0.000000,-0.020199999999126167,-1.98985185967393e-12,-0.15643575475845095,-0.020199999999126167,-1.98985185967393e-12,-0.15643575475845095,0.0,0.0,0.0,-0.9230686421663878,-0.32800400773410854,-47.70497317254761,-0.9230686421663878,-0.32800400773410854,-47.70497317254761,0.0,0.0,0.0,1.5464658011337948,-0.02669265575470143,-20.36866031429569,1.5464658011337948,-0.02669265575470143,-20.36866031429569,0.0,0.0,0.0,-2.1881718323721477,0.33946702377039983,-2.681546890159171,-2.1881718323721477,0.33946702377039983,-2.681546890159171,0.0,0.0,0.0,-1.5559710056364973,-0.03746287069701726,-0.0564360365161573,-1.5559710056364973,-0.03746287069701726,-0.0564360365161573,0.0,0.0,0.0,-1.4439830984971973e-11,3.64873303012464e-11,-1.7956908041503624e-05,-1.4439830984971973e-11,3.64873303012464e-11,-1.7956908041503624e-05,0.0,0.0,0.0,robotiq_85_left_knuckle_joint,1.275411030861857e-09,-7.071009109314852e-08,,robotiq_85_left_knuckle_joint,1.275411030861857e-09,-7.071009109314852e-08,,0.0,0.0,
sentinel_joint_telemetry_v2,20260731_120941,20260731_120941:1,1,439,short_cube_pick_place,attack,mitm_trajectory_manipulation,joint_offset,medium,shoulder_pan_joint,cube,cube_transport,0.1,rad,,0,,6.182905,,cube_retreat,2026-07-31T12:09:54.300+01:00,9.292374,0.020014,49.965811,0,4859.748000000,4859.748000000,trusted_fallback,0.000000,-0.02019999999916951,-2.079226547879731e-12,-0.1552923424206643,-0.02019999999916951,-2.079226547879731e-12,-0.1552923424206643,0.0,0.0,0.0,-0.9296712112098596,-0.3313477995063441,-47.558924888214264,-0.9296712112098596,-0.3313477995063441,-47.558924888214264,0.0,0.0,0.0,1.5459284847935937,-0.026965204743203533,-20.457857802525837,1.5459284847935937,-0.026965204743203533,-20.457857802525837,0.0,0.0,0.0,-2.1813384479191176,0.34293319796392835,-2.681764749270017,-2.1813384479191176,0.34293319796392835,-2.681764749270017,0.0,0.0,0.0,-1.5567251236517696,-0.03784539043061267,-0.05786059639126256,-1.5567251236517696,-0.03784539043061267,-0.05786059639126256,0.0,0.0,0.0,-1.3705513910377464e-11,3.68603925594152e-11,-1.7615549272167036e-05,-1.3705513910377464e-11,3.68603925594152e-11,-1.7615549272167036e-05,0.0,0.0,0.0,robotiq_85_left_knuckle_joint,4.4643579795914997e-10,-2.4655956262775724e-08,,robotiq_85_left_knuckle_joint,4.4643579795914997e-10,-2.4655956262775724e-08,,0.0,0.0,
sentinel_joint_telemetry_v2,20260731_120941,20260731_120941:1,1,440,short_cube_pick_place,attack,mitm_trajectory_manipulation,joint_offset,medium,shoulder_pan_joint,cube,cube_transport,0.1,rad,,0,,6.182905,,cube_retreat,2026-07-31T12:09:54.322+01:00,9.314417,0.022043,45.365641,0,4859.770000000,4859.770000000,trusted_fallback,0.000000,-0.02019999999921824,-2.1199433267865553e-12,-0.15458460452829953,-0.02019999999921824,-2.1199433267865553e-12,-0.15458460452829953,0.0,0.0,0.0,-0.9369652279626429,-0.33329314795776,-47.395095453402796,-0.9369652279626429,-0.33329314795776,-47.395095453402796,0.0,0.0,0.0,1.5453348928385242,-0.027123676361176446,-20.55661803504402,1.5453348928385242,-0.027123676361176446,-20.55661803504402,0.0,0.0,0.0,-2.1737893716415524,0.34494857961950925,-2.6821725098515095,-2.1737893716415524,0.34494857961950925,-2.6821725098515095,0.0,0.0,0.0,-1.5575582239198247,-0.038067803734485275,-0.059434923942295395,-1.5575582239198247,-0.038067803734485275,-0.059434923942295395,0.0,0.0,0.0,-1.2894280863927403e-11,3.707720003416626e-11,-1.7244181600200253e-05,-1.2894280863927403e-11,3.707720003416626e-11,-1.7244181600200253e-05,0.0,0.0,0.0,robotiq_85_left_knuckle_joint,1.4191273132962763e-10,-7.73796340891586e-09,,robotiq_85_left_knuckle_joint,1.4191273132962763e-10,-7.73796340891586e-09,,0.0,0.0,
sentinel_joint_telemetry_v2,20260731_120941,20260731_120941:1,1,441,short_cube_pick_place,attack,mitm_trajectory_manipulation,joint_offset,medium,shoulder_pan_joint,cube,cube_transport,0.1,rad,,0,,6.182905,,cube_retreat,2026-07-31T12:09:54.344+01:00,9.336341,0.021924,45.611753,0,4859.792000000,4859.792000000,trusted_fallback,0.000000,-0.020199999999267422,-2.136376145434049e-12,-0.15453433138994502,-0.020199999999267422,-2.136376145434049e-12,-0.15453433138994502,0.0,0.0,0.0,-0.9442961789537728,-0.3331865942787979,-47.22780945647007,-0.9442961789537728,-0.3331865942787979,-47.22780945647007,0.0,0.0,0.0,1.5447382931956475,-0.027115054212035306,-20.65629147423018,1.5447382931956475,-0.027115054212035306,-20.65629147423018,0.0,0.0,0.0,-2.1662020447365786,0.3448389264191671,-2.6827879696622245,-2.1662020447365786,0.3448389264191671,-2.6827879696622245,0.0,0.0,0.0,-1.5583955454471126,-0.03805570263652605,-0.061018095641931655,-1.5583955454471126,-0.03805570263652605,-0.061018095641931655,0.0,0.0,0.0,-1.2078935406544722e-11,3.7065555702833763e-11,-1.6878090451398775e-05,-1.2078935406544722e-11,3.7065555702833763e-11,-1.6878090451398775e-05,0.0,0.0,0.0,robotiq_85_left_knuckle_joint,4.6338715019145884e-11,-2.428139952992403e-09,,robotiq_85_left_knuckle_joint,4.6338715019145884e-11,-2.428139952992403e-09,,0.0,0.0,
sentinel_joint_telemetry_v2,20260731_120941,20260731_120941:1,1,442,short_cube_pick_place,attack,mitm_trajectory_manipulation,joint_offset,medium,shoulder_pan_joint,cube,cube_transport,0.1,rad,,0,,6.182905,,cube_retreat,2026-07-31T12:09:54.364+01:00,9.356377,0.020036,49.910226,0,4859.812000000,4859.812000000,trusted_fallback,0.000000,-0.020199999999312324,-2.1405360123294415e-12,-0.15446056450731493,-0.020199999999312324,-2.1405360123294415e-12,-0.15446056450731493,0.0,0.0,0.0,-0.9509595075435943,-0.3331548556982403,-47.07354009484472,-0.9509595075435943,-0.3331548556982403,-47.07354009484472,0.0,0.0,0.0,1.5441960247454436,-0.0271124859781111,-20.745855080863194,1.5441960247454436,-0.0271124859781111,-20.745855080863194,0.0,0.0,0.0,-2.1593056812353275,0.3448062646005351,-2.6833413310324143,-2.1593056812353275,0.3448062646005351,-2.6833413310324143,0.0,0.0,0.0,-1.5591566136984103,-0.03805209814649222,-0.06245687623400918,-1.5591566136984103,-0.03805209814649222,-0.06245687623400918,0.0,0.0,0.0,-1.1337840237371552e-11,3.706208083487095e-11,-1.654507653467597e-05,-1.1337840237371552e-11,3.706208083487095e-11,-1.654507653467597e-05,0.0,0.0,0.0,robotiq_85_left_knuckle_joint,1.7872565985702755e-11,-8.465489958336958e-10,,robotiq_85_left_knuckle_joint,1.7872565985702755e-11,-8.465489958336958e-10,,0.0,0.0,
sentinel_joint_telemetry_v2,20260731_120941,20260731_120941:1,1,443,short_cube_pick_place,attack,mitm_trajectory_manipulation,joint_offset,medium,shoulder_pan_joint,cube,cube_transport,0.1,rad,,0,,6.182905,,cube_retreat,2026-07-31T12:09:54.386+01:00,9.378372,0.021995,45.464250,0,4859.834000000,4859.834000000,trusted_fallback,0.000000,-0.020199999999361774,-2.1420571479774386e-12,-0.1543643204274152,-0.020199999999361774,-2.1420571479774386e-12,-0.1543643204274152,0.0,0.0,0.0,-0.9582887504304279,-0.3331431967023961,-46.90142026442757,-0.9582887504304279,-0.3331431967023961,-46.90142026442757,0.0,0.0,0.0,1.5435995633195678,-0.02711154255126822,-20.843264154921446,1.5435995633195678,-0.02711154255126822,-20.843264154921446,0.0,0.0,0.0,-2.151720112121398,0.3447942664581572,-2.683948162965646,-2.151720112121398,0.3447942664581572,-2.683948162965646,0.0,0.0,0.0,-1.5599937412395533,-0.038050774056585406,-0.06403923211209371,-1.5599937412395533,-0.038050774056585406,-0.06403923211209371,0.0,0.0,0.0,-1.0522681277941368e-11,3.706079410373264e-11,-1.6178681230139448e-05,-1.0522681277941368e-11,3.706079410373264e-11,-1.6178681230139448e-05,0.0,0.0,0.0,robotiq_85_left_knuckle_joint,7.417595315248999e-12,-2.6556655138842977e-10,,robotiq_85_left_knuckle_joint,7.417595315248999e-12,-2.6556655138842977e-10,,0.0,0.0,
sentinel_joint_telemetry_v2,20260731_120941,20260731_120941:1,1,444,short_cube_pick_place,attack,mitm_trajectory_manipulation,joint_offset,medium,shoulder_pan_joint,cube,cube_transport,0.1,rad,,0,,6.182905,,cube_retreat,2026-07-31T12:09:54.406+01:00,9.398402,0.020030,49.926149,0,4859.854000000,4859.854000000,trusted_fallback,0.000000,-0.020199999999406748,-2.1423934674913436e-12,-0.1542676569974313,-0.020199999999406748,-2.1423934674913436e-12,-0.1542676569974313,0.0,0.0,0.0,-0.9649515702362604,-0.3331397238990027,-46.74274518580117,-0.9649515702362604,-0.3331397238990027,-46.74274518580117,0.0,0.0,0.0,1.5430573360393307,-0.027111261537718933,-20.930816936272485,1.5430573360393307,-0.027111261537718933,-20.930816936272485,0.0,0.0,0.0,-2.144824272204066,0.34479069263501816,-2.6844995639388203,-2.144824272204066,0.34479069263501816,-2.6844995639388203,0.0,0.0,0.0,-1.5607547517092242,-0.03805037965691157,-0.06547752272447177,-1.5607547517092242,-0.03805037965691157,-0.06547752272447177,0.0,0.0,0.0,-9.781641685188397e-12,3.7060407477237933e-11,-1.5845563901913772e-05,-9.781641685188397e-12,3.7060407477237933e-11,-1.5845563901913772e-05,0.0,0.0,0.0,robotiq_85_left_knuckle_joint,4.305114313150176e-12,-9.251449085978525e-11,,robotiq_85_left_knuckle_joint,4.305114313150176e-12,-9.251449085978525e-11,,0.0,0.0,
sentinel_joint_telemetry_v2,20260731_120941,20260731_120941:1,1,445,short_cube_pick_place,attack,mitm_trajectory_manipulation,joint_offset,medium,shoulder_pan_joint,cube,cube_transport,0.1,rad,,0,,6.182905,,cube_retreat,2026-07-31T12:09:54.428+01:00,9.420366,0.021964,45.529019,0,4859.876000000,4859.876000000,trusted_fallback,0.000000,-0.020199999999456368,-2.133399793630142e-12,-0.1536734790020971,-0.020199999999456368,-2.133399793630142e-12,-0.1536734790020971,0.0,0.0,0.0,-0.9722536420569977,-0.33463756857519605,-46.56648665096553,-0.9722536420569977,-0.33463756857519605,-46.56648665096553,0.0,0.0,0.0,1.542463085737026,-0.02723315830931156,-21.02454659929312,1.542463085737026,-0.02723315830931156,-21.02454659929312,0.0,0.0,0.0,-2.137266823316974,0.34634092931690696,-2.6849475652500394,-2.137266823316974,0.34634092931690696,-2.6849475652500394,0.0,0.0,0.0,-1.5615887759609484,-0.0382214605347292,-0.06705256899141286,-1.5615887759609484,-0.0382214605347292,-0.06705256899141286,0.0,0.0,0.0,-8.969502504412775e-12,3.7226878697727006e-11,-1.547510235899977e-05,-8.969502504412775e-12,3.7226878697727006e-11,-1.547510235899977e-05,0.0,0.0,0.0,robotiq_85_left_knuckle_joint,3.187993288992335e-12,-3.0384117097326246e-11,,robotiq_85_left_knuckle_joint,3.187993288992335e-12,-3.0384117097326246e-11,,0.0,0.0,
sentinel_joint_telemetry_v2,20260731_120941,20260731_120941:1,1,446,short_cube_pick_place,attack,mitm_trajectory_manipulation,joint_offset,medium,shoulder_pan_joint,cube,cube_transport,0.1,rad,,0,,6.182905,,cube_retreat,2026-07-31T12:09:54.450+01:00,9.442452,0.022086,45.277320,0,4859.898000000,4859.898000000,trusted_fallback,0.000000,-0.020199999999505693,-2.142538967422891e-12,-0.1538803911427084,-0.020199999999505693,-2.142538967422891e-12,-0.1538803911427084,0.0,0.0,0.0,-0.9796011985374059,-0.33360848771409646,-46.3865236410746,-0.9796011985374059,-0.33360848771409646,-46.3865236410746,0.0,0.0,0.0,1.541865133837799,-0.02714941080737996,-21.119610698364717,1.541865133837799,-0.02714941080737996,-21.119610698364717,0.0,0.0,0.0,-2.129662298931043,0.34527586050780745,-2.685663502945434,-2.129662298931043,0.34527586050780745,-2.685663502945434,0.0,0.0,0.0,-1.5624279953662634,-0.03810392176859495,-0.06863894908095389,-1.5624279953662634,-0.03810392176859495,-0.06863894908095389,0.0,0.0,0.0,-8.152307943911208e-12,3.71125161852115e-11,-1.5111397670571623e-05,-8.152307943911208e-12,3.71125161852115e-11,-1.5111397670571623e-05,0.0,0.0,0.0,robotiq_85_left_knuckle_joint,2.8098923877096842e-12,-9.172561148129699e-12,,robotiq_85_left_knuckle_joint,2.8098923877096842e-12,-9.172561148129699e-12,,0.0,0.0,
sentinel_joint_telemetry_v2,20260731_120941,20260731_120941:1,1,447,short_cube_pick_place,attack,mitm_trajectory_manipulation,joint_offset,medium,shoulder_pan_joint,cube,cube_transport,0.1,rad,,0,,6.182905,,cube_retreat,2026-07-31T12:09:54.472+01:00,9.464423,0.021971,45.515197,0,4859.920000000,4859.920000000,trusted_fallback,0.000000,-0.020199999999555303,-2.1343226665193615e-12,-0.1534238577130414,-0.020199999999555303,-2.1343226665193615e-12,-0.1534238577130414,0.0,0.0,0.0,-0.98691175866858,-0.3346347595882388,-46.205017662419365,-0.98691175866858,-0.3346347595882388,-46.205017662419365,0.0,0.0,0.0,1.5412701927382506,-0.027232929954300756,-21.211490532514254,1.5412701927382506,-0.027232929954300756,-21.211490532514254,0.0,0.0,0.0,-2.122096064747879,0.346338025185721,-2.6861605622445226,-2.122096064747879,0.346338025185721,-2.6861605622445226,0.0,0.0,0.0,-1.563262989144887,-0.03822114004088089,-0.07021564133797198,-1.563262989144887,-0.03822114004088089,-0.07021564133797198,0.0,0.0,0.0,-7.339225293657699e-12,3.7226575337959145e-11,-1.474215733223779e-05,-7.339225293657699e-12,3.7226575337959145e-11,-1.474215733223779e-05,0.0,0.0,0.0,robotiq_85_left_knuckle_joint,2.7171785242134436e-12,-3.928333353053759e-12,,robotiq_85_left_knuckle_joint,2.7171785242134436e-12,-3.928333353053759e-12,,0.0,0.0,
sentinel_joint_telemetry_v2,20260731_120941,20260731_120941:1,1,448,short_cube_pick_place,attack,mitm_trajectory_manipulation,joint_offset,medium,shoulder_pan_joint,cube,cube_transport,0.1,rad,,0,,6.182905,,cube_retreat,2026-07-31T12:09:54.494+01:00,9.486351,0.021928,45.603245,0,4859.942000000,4859.942000000,trusted_fallback,0.000000,-0.020199999999604645,-2.1422364750167677e-12,-0.1536121552508391,-0.020199999999604645,-2.1422364750167677e-12,-0.1536121552508391,0.0,0.0,0.0,-0.9942592804540407,-0.33360760622422997,-46.0200198930256,-0.9942592804540407,-0.33360760622422997,-46.0200198930256,0.0,0.0,0.0,1.5406722436595293,-0.02714933914716746,-21.304216611240918,1.5406722436595293,-0.02714933914716746,-21.304216611240918,0.0,0.0,0.0,-2.1144915762320613,0.34527494916068346,-2.6868789945935947,-2.1144915762320613,0.34527494916068346,-2.6868789945935947,0.0,0.0,0.0,-1.5641022045916513,-0.03810382119424009,-0.07180164817719072,-1.5641022045916513,-0.03810382119424009,-0.07180164817719072,0.0,0.0,0.0,-6.5220342442364424e-12,3.711240386186643e-11,-1.4378443310365063e-05,-6.5220342442364424e-12,3.711240386186643e-11,-1.4378443310365063e-05,0.0,0.0,0.0,robotiq_85_left_knuckle_joint,2.6658537594627173e-12,-8.711096080582514e-13,,robotiq_85_left_knuckle_joint,2.6658537594627173e-12,-8.711096080582514e-13,,0.0,0.0,
sentinel_joint_telemetry_v2,20260731_120941,20260731_120941:1,1,449,short_cube_pick_place,attack,mitm_trajectory_manipulation,joint_offset,medium,shoulder_pan_joint,cube,cube_transport,0.1,rad,,0,,6.182905,,cube_retreat,2026-07-31T12:09:54.514+01:00,9.506426,0.020075,49.813091,0,4859.962000000,4859.962000000,trusted_fallback,0.000000,-0.020199999999649634,-2.1419773506975437e-12,-0.1535761187564243,-0.020199999999649634,-2.1419773506975437e-12,-0.1535761187564243,0.0,0.0,0.0,-1.000927544898689,-0.33330165348661683,-45.84996950942731,-1.000927544898689,-0.33330165348661683,-45.84996950942731,0.0,0.0,0.0,1.5401295732600113,-0.027124440395797436,-21.386876285632884,1.5401295732600113,-0.027124440395797436,-21.386876285632884,0.0,0.0,0.0,-2.1075901008925935,0.344958296329984,-2.687465476576564,-2.1075901008925935,0.344958296329984,-2.687465476576564,0.0,0.0,0.0,-1.5648638369747219,-0.03806887605014455,-0.0732403894229675,-1.5648638369747219,-0.03806887605014455,-0.0732403894229675,0.0,0.0,0.0,-5.780389160782492e-12,3.7078376827204274e-11,-1.4046095469540868e-05,-5.780389160782492e-12,3.7078376827204274e-11,-1.4046095469540868e-05,0.0,0.0,0.0,robotiq_85_left_knuckle_joint,2.655347735460563e-12,-1.347732689338521e-13,,robotiq_85_left_knuckle_joint,2.655347735460563e-12,-1.347732689338521e-13,,0.0,0.0,
sentinel_joint_telemetry_v2,20260731_120941,20260731_120941:1,1,450,short_cube_pick_place,attack,mitm_trajectory_manipulation,joint_offset,medium,shoulder_pan_joint,cube,cube_transport,0.1,rad,,0,,6.182905,,cube_retreat,2026-07-31T12:09:54.536+01:00,9.528356,0.021930,45.598691,0,4859.984000000,4859.984000000,trusted_fallback,0.000000,-0.020199999999699132,-2.1406626471431878e-12,-0.15345788674116104,-0.020199999999699132,-2.1406626471431878e-12,-0.15345788674116104,0.0,0.0,0.0,-1.0082586009450871,-0.3331892634038767,-45.66064513761563,-1.0082586009450871,-0.3331892634038767,-45.66064513761563,0.0,0.0,0.0,1.5395329641802302,-0.02711529397423052,-21.47645621726781,1.5395329641802302,-0.02711529397423052,-21.47645621726781,0.0,0.0,0.0,-2.1000026539725516,0.34484197562583047,-2.6880870817524665,-2.1000026539725516,0.34484197562583047,-2.6880870817524665,0.0,0.0,0.0,-1.5657011717466196,-0.038056039140528165,-0.07482175570522283,-1.5657011717466196,-0.038056039140528165,-0.07482175570522283,0.0,0.0,0.0,-4.965028114957815e-12,3.706586860358074e-11,-1.3679901902184511e-05,-4.965028114957815e-12,3.706586860358074e-11,-1.3679901902184511e-05,0.0,0.0,0.0,robotiq_85_left_knuckle_joint,2.654393943727469e-12,7.37031963238266e-14,,robotiq_85_left_knuckle_joint,2.654393943727469e-12,7.37031963238266e-14,,0.0,0.0,
sentinel_joint_telemetry_v2,20260731_120941,20260731_120941:1,1,451,short_cube_pick_place,attack,mitm_trajectory_manipulation,joint_offset,medium,shoulder_pan_joint,cube,cube_transport,0.1,rad,,0,,6.182905,,cube_retreat,2026-07-31T12:09:54.558+01:00,9.550313,0.021957,45.544571,0,4860.006000000,4860.006000000,trusted_fallback,0.000000,-0.02019999999974863,-2.13953204111772e-12,-0.15330747812191542,-0.02019999999974863,-2.13953204111772e-12,-0.15330747812191542,0.0,0.0,0.0,-1.0155882688155753,-0.333153994205005,-45.468877633832776,-1.0155882688155753,-0.333153994205005,-45.468877633832776,0.0,0.0,0.0,1.5389364680716449,-0.027112423730223448,-21.564775686457175,1.5389364680716449,-0.027112423730223448,-21.564775686457175,0.0,0.0,0.0,-2.0924166437771343,0.34480547295632047,-2.6887009352387796,-2.0924166437771343,0.34480547295632047,-2.6887009352387796,0.0,0.0,0.0,-1.566538347964593,-0.038052010782277726,-0.0764025417873526,-1.566538347964593,-0.038052010782277726,-0.0764025417873526,0.0,0.0,0.0,-4.14982144044054e-12,3.706193490125853e-11,-1.331349246302711e-05,-4.14982144044054e-12,3.706193490125853e-11,-1.331349246302711e-05,0.0,0.0,0.0,robotiq_85_left_knuckle_joint,2.6563119407386822e-12,1.1857181902996672e-13,,robotiq_85_left_knuckle_joint,2.6563119407386822e-12,1.1857181902996672e-13,,0.0,0.0,
sentinel_joint_telemetry_v2,20260731_120941,20260731_120941:1,1,452,short_cube_pick_place,attack,mitm_trajectory_manipulation,joint_offset,medium,shoulder_pan_joint,cube,cube_transport,0.1,rad,,0,,6.182905,,cube_retreat,2026-07-31T12:09:54.578+01:00,9.570339,0.020026,49.935670,0,4860.026000000,4860.026000000,trusted_fallback,0.000000,-0.02019999999979362,-2.138955462402392e-12,-0.15315719405061945,-0.02019999999979362,-2.138955462402392e-12,-0.15315719405061945,0.0,0.0,0.0,-1.0222512152090402,-0.3331434887553779,-45.29240957921159,-1.0222512152090402,-0.3331434887553779,-45.29240957921159,0.0,0.0,0.0,1.5383942304606524,-0.027111568785844142,-21.644012051305477,1.5383942304606524,-0.027111568785844142,-21.644012051305477,0.0,0.0,0.0,-2.085520672477193,0.344794600099283,-2.689257147048811,-2.085520672477193,0.344794600099283,-2.689257147048811,0.0,0.0,0.0,-1.5672993729333735,-0.03805081087651893,-0.07783932683747134,-1.5672993729333735,-0.03805081087651893,-0.07783932683747134,0.0,0.0,0.0,-3.408767641820184e-12,3.7060758108220515e-11,-1.2980327954032367e-05,-3.408767641820184e-12,3.7060758108220515e-11,-1.2980327954032367e-05,0.0,0.0,0.0,robotiq_85_left_knuckle_joint,2.6586335792798183e-12,1.2577786034917438e-13,,robotiq_85_left_knuckle_joint,2.6586335792798183e-12,1.2577786034917438e-13,,0.0,0.0,
sentinel_joint_telemetry_v2,20260731_120941,20260731_120941:1,1,453,short_cube_pick_place,attack,mitm_trajectory_manipulation,joint_offset,medium,shoulder_pan_joint,cube,cube_transport,0.1,rad,,0,,6.182905,,cube_retreat,2026-07-31T12:09:54.598+01:00,9.590377,0.020038,49.904174,0,4860.046000000,4860.046000000,trusted_fallback,0.000000,-0.020199999999838604,-2.138552356034662e-12,-0.15299833541051977,-0.020199999999838604,-2.138552356034662e-12,-0.15299833541051977,0.0,0.0,0.0,-1.02891403843884,-0.3331398257315662,-45.113909987657294,-1.02891403843884,-0.3331398257315662,-45.113909987657294,0.0,0.0,0.0,1.5378520028728464,-0.027111270685184003,-21.722253668187747,1.5378520028728464,-0.027111270685184003,-21.722253668187747,0.0,0.0,0.0,-2.0786248286483233,0.34479080896846936,-2.6898130972720806,-2.0786248286483233,0.34479080896846936,-2.6898130972720806,0.0,0.0,0.0,-1.5680603838347134,-0.03805039249524958,-0.07927589593496406,-1.5680603838347134,-0.03805039249524958,-0.07927589593496406,0.0,0.0,0.0,-2.667727548165809e-12,3.706034134090541e-11,-1.2647138690843696e-05,-2.667727548165809e-12,3.706034134090541e-11,-1.2647138690843696e-05,0.0,0.0,0.0,robotiq_85_left_knuckle_joint,2.6610686010820687e-12,1.263737378631724e-13,,robotiq_85_left_knuckle_joint,2.6610686010820687e-12,1.263737378631724e-13,,0.0,0.0,
sentinel_joint_telemetry_v2,20260731_120941,20260731_120941:1,1,454,short_cube_pick_place,attack,mitm_trajectory_manipulation,joint_offset,medium,shoulder_pan_joint,cube,cube_transport,0.1,rad,,0,,6.182905,,cube_retreat,2026-07-31T12:09:54.620+01:00,9.612373,0.021995,45.464107,0,4860.068000000,4860.068000000,trusted_fallback,0.000000,-0.020199999999888096,-2.1374072217000828e-12,-0.15281534295675603,-0.020199999999888096,-2.1374072217000828e-12,-0.15281534295675603,0.0,0.0,0.0,-1.036243095684404,-0.33313848013959757,-44.91522020580193,-1.036243095684404,-0.33313848013959757,-44.91522020580193,0.0,0.0,0.0,1.5372555564575507,-0.02711116117950503,-21.80717076536332,1.5372555564575507,-0.02711116117950503,-21.80717076536332,0.0,0.0,0.0,-2.0710394504332323,0.34478941631708393,-2.6904249145436308,-2.0710394504332323,0.34478941631708393,-2.6904249145436308,0.0,0.0,0.0,-1.5688974903086594,-0.03805023880515177,-0.08085589613029294,-1.5688974903086594,-0.03805023880515177,-0.08085589613029294,0.0,0.0,0.0,-1.8525888333922704e-12,3.7060180445303015e-11,-1.2280616332891291e-05,-1.8525888333922704e-12,3.7060180445303015e-11,-1.2280616332891291e-05,0.0,0.0,0.0,robotiq_85_left_knuckle_joint,2.6637637845681812e-12,1.2584898401168942e-13,,robotiq_85_left_knuckle_joint,2.6637637845681812e-12,1.2584898401168942e-13,,0.0,0.0,
sentinel_joint_telemetry_v2,20260731_120941,20260731_120941:1,1,455,short_cube_pick_place,attack,mitm_trajectory_manipulation,joint_offset,medium,shoulder_pan_joint,cube,cube_transport,0.1,rad,,0,,6.182905,,cube_retreat,2026-07-31T12:09:54.640+01:00,9.632385,0.020012,49.969881,0,4860.088000000,4860.088000000,trusted_fallback,0.000000,-0.020199999999933094,-2.136468519459145e-12,-0.15264200946296136,-0.020199999999933094,-2.136468519459145e-12,-0.15264200946296136,0.0,0.0,0.0,-1.0429058601942536,-0.3331380793352592,-44.732472923005055,-1.0429058601942536,-0.3331380793352592,-44.732472923005055,0.0,0.0,0.0,1.5367133336484349,-0.027111128561621775,-21.883321109726154,1.5367133336484349,-0.027111128561621775,-21.883321109726154,0.0,0.0,0.0,-2.0641436673779263,0.3447890014953394,-2.690981541228471,-2.0641436673779263,0.3447890014953394,-2.690981541228471,0.0,0.0,0.0,-1.5696584945031558,-0.03805019302632001,-0.08229206141798012,-1.5696584945031558,-0.03805019302632001,-0.08229206141798012,0.0,0.0,0.0,-1.1115552826811663e-12,3.706012948780091e-11,-1.1947405981866573e-05,-1.1115552826811663e-12,3.706012948780091e-11,-1.1947405981866573e-05,0.0,0.0,0.0,robotiq_85_left_knuckle_joint,2.6662102798314997e-12,1.253649961618919e-13,,robotiq_85_left_knuckle_joint,2.6662102798314997e-12,1.253649961618919e-13,,0.0,0.0,
sentinel_joint_telemetry_v2,20260731_120941,20260731_120941:1,1,456,short_cube_pick_place,attack,mitm_trajectory_manipulation,joint_offset,medium,shoulder_pan_joint,cube,cube_transport,0.1,rad,,0,,6.182905,,cube_retreat,2026-07-31T12:09:54.662+01:00,9.654599,0.022214,45.016121,0,4860.110000000,4860.110000000,trusted_fallback,0.000000,-0.020199999999960912,-1.895177157568151e-12,-0.18578773586280187,-0.020199999999960912,-1.895177157568151e-12,-0.18578773586280187,0.0,0.0,0.0,-1.0493591363878845,-0.1967146450924496,-44.54992845020567,-1.0493591363878845,-0.1967146450924496,-44.54992845020567,0.0,0.0,0.0,1.5361881592193403,-0.01600884545924093,-22.038545030864185,1.5361881592193403,-0.01600884545924093,-22.038545030864185,0.0,0.0,0.0,-2.057464699127364,0.20359439607551658,-2.703673995898704,-2.057464699127364,0.20359439607551658,-2.703673995898704,0.0,0.0,0.0,-1.5703955714693811,-0.022468251696541337,-0.08380661196228388,-1.5703955714693811,-0.022468251696541337,-0.08380661196228388,0.0,0.0,0.0,-3.9385815200602587e-13,2.1888927953170323e-11,-1.1997997310829266e-05,-3.9385815200602587e-13,2.1888927953170323e-11,-1.1997997310829266e-05,0.0,0.0,0.0,robotiq_85_left_knuckle_joint,1.731813475109428e-12,4.1916449478041073e-11,,robotiq_85_left_knuckle_joint,1.731813475109428e-12,4.1916449478041073e-11,,0.0,0.0,
sentinel_joint_telemetry_v2,20260731_120941,20260731_120941:1,1,457,short_cube_pick_place,attack,mitm_trajectory_manipulation,joint_offset,medium,shoulder_pan_joint,cube,cube_transport,0.1,rad,,0,,6.182905,,cube_retreat,2026-07-31T12:09:54.684+01:00,9.676358,0.021759,45.958303,0,4860.132000000,4860.132000000,trusted_fallback,0.000000,-0.02019999999997689,-1.1167160945957377e-12,-0.2017297763382661,-0.02019999999997689,-1.1167160945957377e-12,-0.2017297763382661,0.0,0.0,0.0,-1.0517888394789991,-0.061731140029142956,-44.478408821172735,-1.0517888394789991,-0.061731140029142956,-44.478408821172735,0.0,0.0,0.0,1.535990427416962,-0.005023745324535211,-22.106288532092556,1.535990427416962,-0.005023745324535211,-22.106288532092556,0.0,0.0,0.0,-2.0549500214165737,0.06389007881392028,-2.7097886665562987,-2.0549500214165737,0.06389007881392028,-2.7097886665562987,0.0,0.0,0.0,-1.570673086041746,-0.007050775453865422,-0.08440749155984371,-1.570673086041746,-0.007050775453865422,-0.08440749155984371,0.0,0.0,0.0,-1.2362240589923087e-13,6.87614136636594e-12,-1.2002863980586523e-05,-1.2362240589923087e-13,6.87614136636594e-12,-1.2002863980586523e-05,0.0,0.0,0.0,robotiq_85_left_knuckle_joint,1.732205534758063e-12,4.9181189502867095e-11,,robotiq_85_left_knuckle_joint,1.732205534758063e-12,4.9181189502867095e-11,,0.0,0.0,
sentinel_joint_telemetry_v2,20260731_120941,20260731_120941:1,1,458,short_cube_pick_place,attack,mitm_trajectory_manipulation,joint_offset,medium,shoulder_pan_joint,cube,cube_transport,0.1,rad,,0,,6.182905,,cube_retreat,2026-07-31T12:09:54.704+01:00,9.696384,0.020026,49.934775,0,4860.152000000,4860.152000000,trusted_fallback,0.000000,-0.020199999999980015,6.40624706060855e-14,-0.18660936292719385,-0.020199999999980015,6.40624706060855e-14,-0.18660936292719385,0.0,0.0,0.0,-1.0529865965471312,-0.0977525784852681,-44.5203807631677,-1.0529865965471312,-0.0977525784852681,-44.5203807631677,0.0,0.0,0.0,1.5341998801218808,-0.17569904963045035,-22.12677627778435,1.5341998801218808,-0.17569904963045035,-22.12677627778435,0.0,0.0,0.0,-2.051971951242259,0.27340837587137773,-2.707532015359269,-2.051971951242259,0.27340837587137773,-2.707532015359269,0.0,0.0,0.0,-1.5706982741270676,-0.00010645116803808738,-0.0845602032811538,-1.5706982741270676,-0.00010645116803808738,-0.0845602032811538,0.0,0.0,0.0,-9.915173323221287e-14,1.1520905757178568e-13,-1.22196726943292e-05,-9.915173323221287e-14,1.1520905757178568e-13,-1.22196726943292e-05,0.0,0.0,0.0,robotiq_85_left_knuckle_joint,3.1614016599200216e-12,-1.942122764692078e-11,,robotiq_85_left_knuckle_joint,3.1614016599200216e-12,-1.942122764692078e-11,,0.0,0.0,
sentinel_joint_telemetry_v2,20260731_120941,20260731_120941:1,1,459,short_cube_pick_place,attack,mitm_trajectory_manipulation,joint_offset,medium,shoulder_pan_joint,cube,cube_transport,0.1,rad,,0,,6.182905,,cube_retreat,2026-07-31T12:09:54.726+01:00,9.718398,0.022014,45.426187,0,4860.174000000,4860.174000000,trusted_fallback,0.000000,-0.020199999999982367,1.5242169505713665e-13,-0.16452563250302912,-0.020199999999982367,1.5242169505713665e-13,-0.16452563250302912,0.0,0.0,0.0,-1.0558500283803267,-0.14845089891312696,-44.566382934983366,-1.0558500283803267,-0.14845089891312696,-44.566382934983366,0.0,0.0,0.0,1.5290531897781463,-0.2668234665535034,-22.190038513121955,1.5290531897781463,-0.2668234665535034,-22.190038513121955,0.0,0.0,0.0,-2.0439630960379542,0.4152086808433288,-2.703532490881476,-2.0439630960379542,0.4152086808433288,-2.703532490881476,0.0,0.0,0.0,-1.5707013923637638,-0.000161660920866058,-0.08467490077871596,-1.5707013923637638,-0.000161660920866058,-0.08467490077871596,0.0,0.0,0.0,-9.609042486395271e-14,1.6818035679377896e-13,-1.2546660507794284e-05,-9.609042486395271e-14,1.6818035679377896e-13,-1.2546660507794284e-05,0.0,0.0,0.0,robotiq_85_left_knuckle_joint,3.290169800167892e-12,-3.142319217330769e-11,,robotiq_85_left_knuckle_joint,3.290169800167892e-12,-3.142319217330769e-11,,0.0,0.0,
sentinel_joint_telemetry_v2,20260731_120941,20260731_120941:1,1,460,short_cube_pick_place,attack,mitm_trajectory_manipulation,joint_offset,medium,shoulder_pan_joint,cube,cube_transport,0.1,rad,,0,,6.182905,,cube_retreat,2026-07-31T12:09:54.748+01:00,9.740437,0.022039,45.373237,0,4860.196000000,4860.196000000,trusted_fallback,0.000000,-0.020199999999982718,1.2687203718164675e-13,-0.1556426687950598,-0.020199999999982718,1.2687203718164675e-13,-0.1556426687950598,0.0,0.0,0.0,-1.0593396559184887,-0.16436056906454527,-44.55660981776039,-1.0593396559184887,-0.16436056906454527,-44.55660981776039,0.0,0.0,0.0,1.5227809844663596,-0.2954192741386452,-22.279662879395502,1.5227809844663596,-0.2954192741386452,-22.279662879395502,0.0,0.0,0.0,-2.0342028072324934,0.4597071190874218,-2.7017000611572977,-2.0342028072324934,0.4597071190874218,-2.7017000611572977,0.0,0.0,0.0,-1.5707051925187132,-0.00017898632630510697,-0.08471986980916069,-1.5707051925187132,-0.00017898632630510697,-0.08471986980916069,0.0,0.0,0.0,-9.236363038329531e-14,1.8384252453707006e-13,-1.2677551066096911e-05,-9.236363038329531e-14,1.8384252453707006e-13,-1.2677551066096911e-05,0.0,0.0,0.0,robotiq_85_left_knuckle_joint,3.0181853816736494e-12,-1.7826731410486296e-11,,robotiq_85_left_knuckle_joint,3.0181853816736494e-12,-1.7826731410486296e-11,,0.0,0.0,
sentinel_joint_telemetry_v2,20260731_120941,20260731_120941:1,1,461,short_cube_pick_place,attack,mitm_trajectory_manipulation,joint_offset,medium,shoulder_pan_joint,cube,cube_transport,0.1,rad,,0,,6.182905,,cube_retreat,2026-07-31T12:09:54.770+01:00,9.762361,0.021924,45.611255,0,4860.218000000,4860.218000000,trusted_fallback,0.000000,-0.020199999999983072,1.0128573327272683e-13,-0.15259902973382847,-0.020199999999983072,1.0128573327272683e-13,-0.15259902973382847,0.0,0.0,0.0,-1.0630257903040607,-0.16935319213745476,-44.521612049293026,-1.0630257903040607,-0.16935319213745476,-44.521612049293026,0.0,0.0,0.0,1.5161555806316367,-0.3043929415601357,-22.37719449236168,1.5161555806316367,-0.3043929415601357,-22.37719449236168,0.0,0.0,0.0,-2.023892900004455,0.47367120052260964,-2.700858681627184,-2.023892900004455,0.47367120052260964,-2.700858681627184,0.0,0.0,0.0,-1.5707092066668356,-0.00018442322212455786,-0.08473468763545865,-1.5707092066668356,-0.00018442322212455786,-0.08473468763545865,0.0,0.0,0.0,-8.844028240867106e-14,1.8846382787707228e-13,-1.2721709481106488e-05,-8.844028240867106e-14,1.8846382787707228e-13,-1.2721709481106488e-05,0.0,0.0,0.0,robotiq_85_left_knuckle_joint,2.834530641820216e-12,-8.104018324461837e-12,,robotiq_85_left_knuckle_joint,2.834530641820216e-12,-8.104018324461837e-12,,0.0,0.0,
sentinel_joint_telemetry_v2,20260731_120941,20260731_120941:1,1,462,short_cube_pick_place,attack,mitm_trajectory_manipulation,joint_offset,medium,shoulder_pan_joint,cube,cube_transport,0.1,rad,,0,,6.182905,,cube_retreat,2026-07-31T12:09:54.790+01:00,9.782378,0.020016,49.959271,0,4860.238000000,4860.238000000,trusted_fallback,0.000000,-0.02019999999998358,8.847284883872764e-14,-0.1516138623193072,-0.02019999999998358,8.847284883872764e-14,-0.1516138623193072,0.0,0.0,0.0,-1.0664317507602241,-0.17084031835483013,-44.48072116932988,-1.0664317507602241,-0.17084031835483013,-44.48072116932988,0.0,0.0,0.0,1.5100337573048865,-0.3070658803925526,-22.46685976656436,1.5100337573048865,-0.3070658803925526,-22.46685976656436,0.0,0.0,0.0,-2.014366623246036,0.4778306075739437,-2.7004065654009364,-2.014366623246036,0.4778306075739437,-2.7004065654009364,0.0,0.0,0.0,-1.5707129157095188,-0.00018604268151116952,-0.0847391804635303,-1.5707129157095188,-0.00018604268151116952,-0.0847391804635303,0.0,0.0,0.0,-8.482193069666742e-14,1.8976161787753743e-13,-1.2735308566145087e-05,-8.482193069666742e-14,1.8976161787753743e-13,-1.2735308566145087e-05,0.0,0.0,0.0,robotiq_85_left_knuckle_joint,2.751269717623356e-12,-3.6261870242637606e-12,,robotiq_85_left_knuckle_joint,2.751269717623356e-12,-3.6261870242637606e-12,,0.0,0.0,
sentinel_joint_telemetry_v2,20260731_120941,20260731_120941:1,1,463,short_cube_pick_place,attack,mitm_trajectory_manipulation,joint_offset,medium,shoulder_pan_joint,cube,cube_transport,0.1,rad,,0,,6.182905,,cube_retreat,2026-07-31T12:09:54.810+01:00,9.802383,0.020005,49.987243,0,4860.258000000,4860.258000000,trusted_fallback,0.000000,-0.020199999999984262,8.53343003898166e-14,-0.15085897705552873,-0.020199999999984262,8.53343003898166e-14,-0.15085897705552873,0.0,0.0,0.0,-1.0698450110090714,-0.171921900534187,-44.4368288006517,-1.0698450110090714,-0.171921900534187,-44.4368288006517,0.0,0.0,0.0,1.5038988134379323,-0.3090099003247202,-22.555098204027214,1.5038988134379323,-0.3090099003247202,-22.555098204027214,0.0,0.0,0.0,-2.00481992938457,0.48085573112273877,-2.699992421322997,-2.00481992938457,0.48085573112273877,-2.699992421322997,0.0,0.0,0.0,-1.5707166327015727,-0.0001872205091888639,-0.08474233752280878,-1.5707166327015727,-0.0001872205091888639,-0.08474233752280878,0.0,0.0,0.0,-8.119938355593711e-14,1.9082110024049026e-13,-1.274532005261779e-05,-8.119938355593711e-14,1.9082110024049026e-13,-1.274532005261779e-05,0.0,0.0,0.0,robotiq_85_left_knuckle_joint,2.727152599598498e-12,-2.3961639963876458e-12,,robotiq_85_left_knuckle_joint,2.727152599598498e-12,-2.3961639963876458e-12,,0.0,0.0,
sentinel_joint_telemetry_v2,20260731_120941,20260731_120941:1,1,464,short_cube_pick_place,attack,mitm_trajectory_manipulation,joint_offset,medium,shoulder_pan_joint,cube,cube_transport,0.1,rad,,0,,6.182905,,cube_retreat,2026-07-31T12:09:54.832+01:00,9.824417,0.022034,45.384501,0,4860.280000000,4860.280000000,trusted_fallback,0.000000,-0.02019999999998497,7.934538442944117e-14,-0.15087401787366614,-0.02019999999998497,7.934538442944117e-14,-0.15087401787366614,0.0,0.0,0.0,-1.0736245384942602,-0.17172601807273935,-44.382857966733205,-1.0736245384942602,-0.17172601807273935,-44.382857966733205,0.0,0.0,0.0,1.497105546216928,-0.3086578240636671,-22.651353713041075,1.497105546216928,-0.3086578240636671,-22.651353713041075,0.0,0.0,0.0,-1.994248806993815,0.48030785907411816,-2.699700600813093,-1.994248806993815,0.48030785907411816,-2.699700600813093,0.0,0.0,0.0,-1.5707207485534582,-0.00018700719595297465,-0.08474193636563333,-1.5707207485534582,-0.00018700719595297465,-0.08474193636563333,0.0,0.0,0.0,-7.718864671780621e-14,1.9052879933478817e-13,-1.2743677049124586e-05,-7.718864671780621e-14,1.9052879933478817e-13,-1.2743677049124586e-05,0.0,0.0,0.0,robotiq_85_left_knuckle_joint,2.696055119972401e-12,-6.568729934985917e-13,,robotiq_85_left_knuckle_joint,2.696055119972401e-12,-6.568729934985917e-13,,0.0,0.0,
sentinel_joint_telemetry_v2,20260731_120941,20260731_120941:1,1,465,short_cube_pick_place,attack,mitm_trajectory_manipulation,joint_offset,medium,shoulder_pan_joint,cube,cube_transport,0.1,rad,,0,,6.182905,,cube_retreat,2026-07-31T12:09:54.854+01:00,9.846343,0.021926,45.607051,0,4860.302000000,4860.302000000,trusted_fallback,0.000000,-0.020199999999985754,7.782316457927152e-14,-0.15079820238416167,-0.020199999999985754,7.782316457927152e-14,-0.15079820238416167,0.0,0.0,0.0,-1.0774016465549985,-0.17166454808078954,-44.3266607490666,-1.0774016465549985,-0.17166454808078954,-44.3266607490666,0.0,0.0,0.0,1.4903166276339188,-0.30854733880235674,-22.745254755215683,1.4903166276339188,-0.30854733880235674,-22.745254755215683,0.0,0.0,0.0,-1.9836844515949594,0.4801359310199151,-2.6993938515613385,-1.9836844515949594,0.4801359310199151,-2.6993938515613385,0.0,0.0,0.0,-1.5707248617706246,-0.00018694025600835083,-0.084741876122643,-1.5707248617706246,-0.00018694025600835083,-0.084741876122643,0.0,0.0,0.0,-7.318153523489966e-14,1.9043360638404394e-13,-1.274317297414086e-05,-7.318153523489966e-14,1.9043360638404394e-13,-1.274317297414086e-05,0.0,0.0,0.0,robotiq_85_left_knuckle_joint,2.687433627563524e-12,-1.7899830923040483e-13,,robotiq_85_left_knuckle_joint,2.687433627563524e-12,-1.7899830923040483e-13,,0.0,0.0,
sentinel_joint_telemetry_v2,20260731_120941,20260731_120941:1,1,466,short_cube_pick_place,attack,mitm_trajectory_manipulation,joint_offset,medium,shoulder_pan_joint,cube,cube_transport,0.1,rad,,0,,6.182905,,cube_retreat,2026-07-31T12:09:54.874+01:00,9.866386,0.020043,49.893044,0,4860.322000000,4860.322000000,trusted_fallback,0.000000,-0.02019999999998653,7.99635965081924e-14,-0.15044247569893401,-0.02019999999998653,7.99635965081924e-14,-0.15044247569893401,0.0,0.0,0.0,-1.0808273164726243,-0.17205670421688976,-44.27442903844708,-1.0808273164726243,-0.17205670421688976,-44.27442903844708,0.0,0.0,0.0,1.4841593788104719,-0.309252194484908,-22.828265695810764,1.4841593788104719,-0.309252194484908,-22.828265695810764,0.0,0.0,0.0,-1.9741030485990512,0.4812327693219416,-2.699057361986992,-1.9741030485990512,0.4812327693219416,-2.699057361986992,0.0,0.0,0.0,-1.5707285922766323,-0.00018736730847754898,-0.08474290283837592,-1.5707285922766323,-0.00018736730847754898,-0.08474290283837592,0.0,0.0,0.0,-6.954770718740508e-14,1.9085991467826524e-13,-1.2746751319197115e-05,-6.954770718740508e-14,1.9085991467826524e-13,-1.2746751319197115e-05,0.0,0.0,0.0,robotiq_85_left_knuckle_joint,2.6934111255739803e-12,-5.558227489377288e-13,,robotiq_85_left_knuckle_joint,2.6934111255739803e-12,-5.558227489377288e-13,,0.0,0.0,
sentinel_joint_telemetry_v2,20260731_120941,20260731_120941:1,1,467,short_cube_pick_place,attack,mitm_trajectory_manipulation,joint_offset,medium,shoulder_pan_joint,cube,cube_transport,0.1,rad,,0,,6.182905,,cube_retreat,2026-07-31T12:09:54.896+01:00,9.888327,0.021941,45.576226,0,4860.344000000,4860.344000000,trusted_fallback,0.000000,-0.020199999999987304,7.783725920751383e-14,-0.15049336982162495,-0.020199999999987304,7.783725920751383e-14,-0.15049336982162495,0.0,0.0,0.0,-1.0846085089732695,-0.17176832089675517,-44.21280890596012,-1.0846085089732695,-0.17176832089675517,-44.21280890596012,0.0,0.0,0.0,1.477363118915131,-0.30873385853848995,-22.918094636457397,1.477363118915131,-0.30873385853848995,-22.918094636457397,0.0,0.0,0.0,-1.9635272692551882,0.4804261776561964,-2.698782034460568,-1.9635272692551882,0.4804261776561964,-2.698782034460568,0.0,0.0,0.0,-1.5707327099416961,-0.00018705326311909982,-0.08474221895542776,-1.5707327099416961,-0.00018705326311909982,-0.08474221895542776,0.0,0.0,0.0,-6.553644667962486e-14,1.9053725611173356e-13,-1.274400311852856e-05,-6.553644667962486e-14,1.9053725611173356e-13,-1.274400311852856e-05,0.0,0.0,0.0,robotiq_85_left_knuckle_joint,2.684345127621619e-12,-3.133691223178303e-14,,robotiq_85_left_knuckle_joint,2.684345127621619e-12,-3.133691223178303e-14,,0.0,0.0,
sentinel_joint_telemetry_v2,20260731_120941,20260731_120941:1,1,468,short_cube_pick_place,attack,mitm_trajectory_manipulation,joint_offset,medium,shoulder_pan_joint,cube,cube_transport,0.1,rad,,0,,6.182905,,cube_retreat,2026-07-31T12:09:54.916+01:00,9.908329,0.020001,49.996465,0,4860.364000000,4860.364000000,trusted_fallback,0.000000,-0.02019999999998805,7.824448554349939e-14,-0.15042271120683312,-0.02019999999998805,7.824448554349939e-14,-0.15042271120683312,0.0,0.0,0.0,-1.0880427838871904,-0.17168242168310335,-44.15498367519112,-1.0880427838871904,-0.17168242168310335,-44.15498367519112,0.0,0.0,0.0,1.4711904035976562,-0.30857946455280655,-22.997635940526354,1.4711904035976562,-0.30857946455280655,-22.997635940526354,0.0,0.0,0.0,-1.9539217985763924,0.48018592246450076,-2.698509985346461,-1.9539217985763924,0.48018592246450076,-2.698509985346461,0.0,0.0,0.0,-1.5707364498184224,-0.0001869597200994562,-0.08474201715005142,-1.5707364498184224,-0.0001869597200994562,-0.08474201715005142,0.0,0.0,0.0,-6.189339814317462e-14,1.904433642035963e-13,-1.2743047569164428e-05,-6.189339814317462e-14,1.904433642035963e-13,-1.2743047569164428e-05,0.0,0.0,0.0,robotiq_85_left_knuckle_joint,2.6832392691612598e-12,3.1787940335537e-14,,robotiq_85_left_knuckle_joint,2.6832392691612598e-12,3.1787940335537e-14,,0.0,0.0,
sentinel_joint_telemetry_v2,20260731_120941,20260731_120941:1,1,469,short_cube_pick_place,attack,mitm_trajectory_manipulation,joint_offset,medium,shoulder_pan_joint,cube,cube_transport,0.1,rad,,0,,6.182905,,cube_retreat,2026-07-31T12:09:54.936+01:00,9.928353,0.020024,49.938912,0,4860.384000000,4860.384000000,trusted_fallback,0.000000,-0.020199999999988786,7.811741704888409e-14,-0.15031042395370597,-0.020199999999988786,7.811741704888409e-14,-0.15031042395370597,0.0,0.0,0.0,-1.0914760517369348,-0.17165247047928678,-44.09516471282022,-1.0914760517369348,-0.17165247047928678,-44.09516471282022,0.0,0.0,0.0,1.4650194983625506,-0.30852563069874833,-23.075253432671506,1.4650194983625506,-0.30852563069874833,-23.075253432671506,0.0,0.0,0.0,-1.9443191445985484,0.4801021506589935,-2.6982313615683124,-1.9443191445985484,0.4801021506589935,-2.6982313615683124,0.0,0.0,0.0,-1.5707401885984704,-0.00018692710365469413,-0.08474192584948745,-1.5707401885984704,-0.00018692710365469413,-0.08474192584948745,0.0,0.0,0.0,-5.82514487708868e-14,1.9041213918102873e-13,-1.274253565001139e-05,-5.82514487708868e-14,1.9041213918102873e-13,-1.274253565001139e-05,0.0,0.0,0.0,robotiq_85_left_knuckle_joint,2.683323803970968e-12,2.3545401739433203e-14,,robotiq_85_left_knuckle_joint,2.683323803970968e-12,2.3545401739433203e-14,,0.0,0.0,
sentinel_joint_telemetry_v2,20260731_120941,20260731_120941:1,1,470,short_cube_pick_place,attack,mitm_trajectory_manipulation,joint_offset,medium,shoulder_pan_joint,cube,cube_transport,0.1,rad,,0,,6.182905,,cube_retreat,2026-07-31T12:09:54.958+01:00,9.950369,0.022015,45.422826,0,4860.406000000,4860.406000000,trusted_fallback,0.000000,-0.0201999999999896,7.79894811925308e-14,-0.15016544368330154,-0.0201999999999896,7.79894811925308e-14,-0.15016544368330154,0.0,0.0,0.0,-1.0952522513812453,-0.17164146806662553,-44.02695255336314,-1.0952522513812453,-0.17164146806662553,-44.02695255336314,0.0,0.0,0.0,1.4582322125538945,-0.30850585512374046,-23.158441476783413,1.4582322125538945,-0.30850585512374046,-23.158441476783413,0.0,0.0,0.0,-1.9337573299885182,0.48007137753949225,-2.697922836208342,-1.9337573299885182,0.48007137753949225,-2.697922836208342,0.0,0.0,0.0,-1.5707443008263844,-0.00018691512218127568,-0.08474184710593025,-1.5707443008263844,-0.00018691512218127568,-0.08474184710593025,0.0,0.0,0.0,-5.4245708153207136e-14,1.9039782771235192e-13,-1.2742093581891826e-05,-5.4245708153207136e-14,1.9039782771235192e-13,-1.2742093581891826e-05,0.0,0.0,0.0,robotiq_85_left_knuckle_joint,2.683474677208482e-12,8.724791722425351e-15,,robotiq_85_left_knuckle_joint,2.683474677208482e-12,8.724791722425351e-15,,0.0,0.0,
sentinel_joint_telemetry_v2,20260731_120941,20260731_120941:1,1,471,short_cube_pick_place,attack,mitm_trajectory_manipulation,joint_offset,medium,shoulder_pan_joint,cube,cube_transport,0.1,rad,,0,,6.182905,,cube_retreat,2026-07-31T12:09:54.980+01:00,9.972386,0.022018,45.417873,0,4860.428000000,4860.428000000,trusted_fallback,0.000000,-0.020199999999990413,7.82136942018008e-14,-0.15000762053090808,-0.020199999999990413,7.82136942018008e-14,-0.15000762053090808,0.0,0.0,0.0,-1.0990283151302542,-0.17163801539295293,-43.956170395690165,-1.0990283151302542,-0.17163801539295293,-43.956170395690165,0.0,0.0,0.0,1.4514451710014589,-0.30849964933876173,-23.239339100268623,1.4514451710014589,-0.30849964933876173,-23.239339100268623,0.0,0.0,0.0,-1.9231958954698816,0.48006172060851654,-2.6976142588992125,-1.9231958954698816,0.48006172060851654,-2.6976142588992125,0.0,0.0,0.0,-1.5707484129063098,-0.0001869113622868599,-0.08474175462886183,-1.5707484129063098,-0.0001869113622868599,-0.08474175462886183,0.0,0.0,0.0,-5.024012821428943e-14,1.9039696035061393e-13,-1.2741636404357486e-05,-5.024012821428943e-14,1.9039696035061393e-13,-1.2741636404357486e-05,0.0,0.0,0.0,robotiq_85_left_knuckle_joint,2.683498845375949e-12,1.222980050563649e-16,,robotiq_85_left_knuckle_joint,2.683498845375949e-12,1.222980050563649e-16,,0.0,0.0,
sentinel_joint_telemetry_v2,20260731_120941,20260731_120941:1,1,472,short_cube_pick_place,attack,mitm_trajectory_manipulation,joint_offset,medium,shoulder_pan_joint,cube,cube_transport,0.1,rad,,0,,6.182905,,cube_retreat,2026-07-31T12:09:55.002+01:00,9.994434,0.022047,45.357164,0,4860.449000000,4860.449000000,trusted_fallback,0.000000,-0.020199999999991336,8.445956607705529e-14,-0.14944153845695496,-0.020199999999991336,8.445956607705529e-14,-0.14944153845695496,0.0,0.0,0.0,-1.1027930751672825,-0.17226254671822533,-43.884325390837056,-1.1027930751672825,-0.17226254671822533,-43.884325390837056,0.0,0.0,0.0,1.44467844657501,-0.3096221727753233,-23.31739677559596,1.44467844657501,-0.3096221727753233,-23.31739677559596,0.0,0.0,0.0,-1.912666076787671,0.4818084990344911,-2.697210946396357,-1.912666076787671,0.4818084990344911,-2.697210946396357,0.0,0.0,0.0,-1.5707525126766535,-0.0001875914680453906,-0.08474284518915551,-1.5707525126766535,-0.0001875914680453906,-0.08474284518915551,0.0,0.0,0.0,-4.624650594113207e-14,1.910581068353956e-13,-1.2746925722616077e-05,-4.624650594113207e-14,1.910581068353956e-13,-1.2746925722616077e-05,0.0,0.0,0.0,robotiq_85_left_knuckle_joint,2.700861997090971e-12,-1.034426017065826e-12,,robotiq_85_left_knuckle_joint,2.700861997090971e-12,-1.034426017065826e-12,,0.0,0.0,
sentinel_joint_telemetry_v2,20260731_120941,20260731_120941:1,1,473,short_cube_pick_place,attack,mitm_trajectory_manipulation,joint_offset,medium,shoulder_pan_joint,cube,cube_transport,0.1,rad,,0,,6.182905,,cube_retreat,2026-07-31T12:09:55.024+01:00,10.016352,0.021919,45.623385,0,4860.472000000,4860.472000000,trusted_fallback,0.000000,-0.02019999999999209,8.108357735236993e-14,-0.1493263473196563,-0.02019999999999209,8.108357735236993e-14,-0.1493263473196563,0.0,0.0,0.0,-1.1065708255204147,-0.1721653938154866,-43.80812164840412,-1.1065708255204147,-0.1721653938154866,-43.80812164840412,0.0,0.0,0.0,1.4378883735450787,-0.309447551573918,-23.393786447992746,1.4378883735450787,-0.309447551573918,-23.393786447992746,0.0,0.0,0.0,-1.9020999249336967,0.4815367679180851,-2.6969168795935445,-1.9020999249336967,0.4815367679180851,-2.6969168795935445,0.0,0.0,0.0,-1.5707566265932673,-0.00018748566989538681,-0.08474246390876312,-1.5707566265932673,-0.00018748566989538681,-0.08474246390876312,0.0,0.0,0.0,-4.223910671096894e-14,1.9095489078857497e-13,-1.274543474782966e-05,-4.223910671096894e-14,1.9095489078857497e-13,-1.274543474782966e-05,0.0,0.0,0.0,robotiq_85_left_knuckle_joint,2.6903608797541684e-12,-4.491537350381769e-13,,robotiq_85_left_knuckle_joint,2.6903608797541684e-12,-4.491537350381769e-13,,0.0,0.0,
sentinel_joint_telemetry_v2,20260731_120941,20260731_120941:1,1,474,short_cube_pick_place,attack,mitm_trajectory_manipulation,joint_offset,medium,shoulder_pan_joint,cube,cube_transport,0.1,rad,,0,,6.182905,,cube_retreat,2026-07-31T12:09:55.046+01:00,10.038370,0.022018,45.417524,0,4860.494000000,4860.494000000,trusted_fallback,0.000000,-0.02019999999999285,7.815471360361759e-14,-0.14937364762623168,-0.02019999999999285,7.815471360361759e-14,-0.14937364762623168,0.0,0.0,0.0,-1.1103533604907756,-0.17180242884447994,-43.728655961757966,-1.1103533604907756,-0.17180242884447994,-43.728655961757966,0.0,0.0,0.0,1.4310897007143772,-0.3087951636630549,-23.46809175509726,1.4310897007143772,-0.3087951636630549,-23.46809175509726,0.0,0.0,0.0,-1.8915203907787552,0.48052157563685455,-2.696667078807936,-1.8915203907787552,0.48052157563685455,-2.696667078807936,0.0,0.0,0.0,-1.5707607457202617,-0.00018709040617168396,-0.08474160824839419,-1.5707607457202617,-0.00018709040617168396,-0.08474160824839419,0.0,0.0,0.0,-3.822669347943892e-14,1.9056934849603913e-13,-1.2741380376386817e-05,-3.822669347943892e-14,1.9056934849603913e-13,-1.2741380376386817e-05,0.0,0.0,0.0,robotiq_85_left_knuckle_joint,2.6820157105804174e-12,4.310310788846472e-14,,robotiq_85_left_knuckle_joint,2.6820157105804174e-12,4.310310788846472e-14,,0.0,0.0,
sentinel_joint_telemetry_v2,20260731_120941,20260731_120941:1,1,475,short_cube_pick_place,attack,mitm_trajectory_manipulation,joint_offset,medium,shoulder_pan_joint,cube,cube_transport,0.1,rad,,0,,6.182905,,cube_retreat,2026-07-31T12:09:55.068+01:00,10.060474,0.022104,45.239874,0,4860.516000000,4860.516000000,trusted_fallback,0.000000,-0.020199999999993657,7.809139619674443e-14,-0.14925389915244067,-0.020199999999993657,7.809139619674443e-14,-0.14925389915244067,0.0,0.0,0.0,-1.1141314123322281,-0.17168852659060047,-43.647184536751055,-1.1141314123322281,-0.17168852659060047,-43.647184536751055,0.0,0.0,0.0,1.4242990857937665,-0.30859043742391834,-23.539861905074382,1.4242990857937665,-0.30859043742391834,-23.539861905074382,0.0,0.0,0.0,-1.880953395679166,0.48020299754184187,-2.6963803064960956,-1.880953395679166,0.48020299754184187,-2.6963803064960956,0.0,0.0,0.0,-1.5707648599651916,-0.00018696636824535717,-0.08474120442491224,-1.5707648599651916,-0.00018696636824535717,-0.08474120442491224,0.0,0.0,0.0,-3.421901300723225e-14,1.904444484057688e-13,-1.273955589857047e-05,-3.421901300723225e-14,1.904444484057688e-13,-1.273955589857047e-05,0.0,0.0,0.0,robotiq_85_left_knuckle_joint,2.681626813332679e-12,6.828955803617198e-14,,robotiq_85_left_knuckle_joint,2.681626813332679e-12,6.828955803617198e-14,,0.0,0.0,
sentinel_joint_telemetry_v2,20260731_120941,20260731_120941:1,1,476,short_cube_pick_place,attack,mitm_trajectory_manipulation,joint_offset,medium,shoulder_pan_joint,cube,cube_transport,0.1,rad,,0,,6.182905,,cube_retreat,2026-07-31T12:09:55.090+01:00,10.082346,0.021872,45.720861,0,4860.538000000,4860.538000000,trusted_fallback,0.000000,-0.02019999999999457,8.354493312434652e-14,-0.14874981839018492,-0.02019999999999457,8.354493312434652e-14,-0.14874981839018492,0.0,0.0,0.0,-1.117898935856385,-0.17215953085318517,-43.564536022157725,-1.117898935856385,-0.17215953085318517,-43.564536022157725,0.0,0.0,0.0,1.4175273943161188,-0.3094370135716676,-23.60881412957292,1.4175273943161188,-0.3094370135716676,-23.60881412957292,0.0,0.0,0.0,-1.870415847681387,0.48152036954733013,-2.695997885831381,-1.870415847681387,0.48152036954733013,-2.695997885831381,0.0,0.0,0.0,-1.5707689627449335,-0.00018747928521893175,-0.08474170654624628,-1.5707689627449335,-0.00018747928521893175,-0.08474170654624628,0.0,0.0,0.0,-3.022227777279725e-14,1.9093450778773224e-13,-1.274310299437144e-05,-3.022227777279725e-14,1.9093450778773224e-13,-1.274310299437144e-05,0.0,0.0,0.0,robotiq_85_left_knuckle_joint,2.6944660759718537e-12,-7.005897598166833e-13,,robotiq_85_left_knuckle_joint,2.6944660759718537e-12,-7.005897598166833e-13,,0.0,0.0,
sentinel_joint_telemetry_v2,20260731_120941,20260731_120941:1,1,477,short_cube_pick_place,attack,mitm_trajectory_manipulation,joint_offset,medium,shoulder_pan_joint,cube,cube_transport,0.1,rad,,0,,6.182905,,cube_retreat,2026-07-31T12:09:55.110+01:00,10.102374,0.020028,49.931085,0,4860.558000000,4860.558000000,trusted_fallback,0.000000,-0.02019999999999524,7.957978893913253e-14,-0.148779432179098,-0.02019999999999524,7.957978893913253e-14,-0.148779432179098,0.0,0.0,0.0,-1.1213377972329295,-0.1718188281604336,-43.48522438288871,-1.1213377972329295,-0.1718188281604336,-43.48522438288871,0.0,0.0,0.0,1.4113464353580478,-0.30882463955287714,-23.67011793073764,1.4113464353580478,-0.30882463955287714,-23.67011793073764,0.0,0.0,0.0,-1.8607975489287452,0.4805674435863608,-2.6957792356635855,-1.8607975489287452,0.4805674435863608,-2.6957792356635855,0.0,0.0,0.0,-1.570772707616253,-0.00018710826480281342,-0.08474093091328268,-1.570772707616253,-0.00018710826480281342,-0.08474093091328268,0.0,0.0,0.0,-2.6574581261633557e-14,1.9058279260297795e-13,-1.2739074730737738e-05,-2.6574581261633557e-14,1.9058279260297795e-13,-1.2739074730737738e-05,0.0,0.0,0.0,robotiq_85_left_knuckle_joint,2.683412633088641e-12,-5.918312714903173e-14,,robotiq_85_left_knuckle_joint,2.683412633088641e-12,-5.918312714903173e-14,,0.0,0.0,
sentinel_joint_telemetry_v2,20260731_120941,20260731_120941:1,1,478,short_cube_pick_place,attack,mitm_trajectory_manipulation,joint_offset,medium,shoulder_pan_joint,cube,cube_transport,0.1,rad,,0,,6.182905,,cube_retreat,2026-07-31T12:09:55.132+01:00,10.124376,0.022002,45.451066,0,4860.580000000,4860.580000000,trusted_fallback,0.000000,-0.02019999999999604,7.919121088051373e-14,-0.148643658168733,-0.02019999999999604,7.919121088051373e-14,-0.148643658168733,0.0,0.0,0.0,-1.1251160516290455,-0.17169367286969464,-43.3960860869294,-1.1251160516290455,-0.17169367286969464,-43.3960860869294,0.0,0.0,0.0,1.4045554563686584,-0.30859968727050374,-23.735106324691635,1.4045554563686584,-0.30859968727050374,-23.735106324691635,0.0,0.0,0.0,-1.8502299872953394,0.48021739139041897,-2.69549903352622,-1.8502299872953394,0.48021739139041897,-2.69549903352622,0.0,0.0,0.0,-1.5707768220817624,-0.00018697197246793883,-0.08474046572940483,-1.5707768220817624,-0.00018697197246793883,-0.08474046572940483,0.0,0.0,0.0,-2.2566711270887124e-14,1.9045008625706572e-13,-1.2736892235828316e-05,-2.2566711270887124e-14,1.9045008625706572e-13,-1.2736892235828316e-05,0.0,0.0,0.0,robotiq_85_left_knuckle_joint,2.681668856090843e-12,4.215638255145038e-14,,robotiq_85_left_knuckle_joint,2.681668856090843e-12,4.215638255145038e-14,,0.0,0.0,
sentinel_joint_telemetry_v2,20260731_120941,20260731_120941:1,1,479,short_cube_pick_place,attack,mitm_trajectory_manipulation,joint_offset,medium,shoulder_pan_joint,cube,cube_transport,0.1,rad,,0,,6.182905,,cube_retreat,2026-07-31T12:09:55.152+01:00,10.144412,0.020037,49.908632,0,4860.600000000,4860.600000000,trusted_fallback,0.000000,-0.020199999999996783,7.928618699082346e-14,-0.148463884458558,-0.020199999999996783,7.928618699082346e-14,-0.148463884458558,0.0,0.0,0.0,-1.1285494513853165,-0.17165639352547743,-43.31295344014695,-1.1285494513853165,-0.17165639352547743,-43.31295344014695,0.0,0.0,0.0,1.3983843140466958,-0.30853268192445654,-23.792085328153526,1.3983843140466958,-0.30853268192445654,-23.792085328153526,0.0,0.0,0.0,-1.8406269643824777,0.4801131231949904,-2.695232643260672,-1.8406269643824777,0.4801131231949904,-2.695232643260672,0.0,0.0,0.0,-1.5707805610054548,-0.00018693137577353598,-0.08474014115803637,-1.5707805610054548,-0.00018693137577353598,-0.08474014115803637,0.0,0.0,0.0,-1.8924615097625177e-14,1.9040932025538027e-13,-1.2735547381824384e-05,-1.8924615097625177e-14,1.9040932025538027e-13,-1.2735547381824384e-05,0.0,0.0,0.0,robotiq_85_left_knuckle_joint,2.6818052933932717e-12,3.120377220500181e-14,,robotiq_85_left_knuckle_joint,2.6818052933932717e-12,3.120377220500181e-14,,0.0,0.0,
sentinel_joint_telemetry_v2,20260731_120941,20260731_120941:1,1,480,short_cube_pick_place,attack,mitm_trajectory_manipulation,joint_offset,medium,shoulder_pan_joint,cube,cube_transport,0.1,rad,,0,,6.182905,,cube_retreat,2026-07-31T12:09:55.174+01:00,10.166359,0.021947,45.564119,0,4860.622000000,4860.622000000,trusted_fallback,0.000000,-0.020199999999997605,8.008242506629681e-14,-0.14824068545101843,-0.020199999999997605,8.008242506629681e-14,-0.14824068545101843,0.0,0.0,0.0,-1.1323256994847761,-0.17164269916009367,-43.21905535643376,-1.1323256994847761,-0.17164269916009367,-43.21905535643376,0.0,0.0,0.0,1.3915969411454654,-0.3085080678731315,-23.852492103069977,1.3915969411454654,-0.3085080678731315,-23.852492103069977,0.0,0.0,0.0,-1.8300650142461656,0.48007482083754965,-2.6949362044868845,-1.8300650142461656,0.48007482083754965,-2.6949362044868845,0.0,0.0,0.0,-1.5707846732861355,-0.0001869164628118744,-0.08473980195359013,-1.5707846732861355,-0.0001869164628118744,-0.08473980195359013,0.0,0.0,0.0,-1.491883913495469e-14,1.903915393397515e-13,-1.2734240946371986e-05,-1.491883913495469e-14,1.903915393397515e-13,-1.2734240946371986e-05,0.0,0.0,0.0,robotiq_85_left_knuckle_joint,2.6820222301049225e-12,1.2165615737025348e-14,,robotiq_85_left_knuckle_joint,2.6820222301049225e-12,1.2165615737025348e-14,,0.0,0.0,
sentinel_joint_telemetry_v2,20260731_120941,20260731_120941:1,1,481,short_cube_pick_place,attack,mitm_trajectory_manipulation,joint_offset,medium,shoulder_pan_joint,cube,cube_transport,0.1,rad,,0,,6.182905,,cube_retreat,2026-07-31T12:09:55.196+01:00,10.188350,0.021991,45.473574,0,4860.644000000,4860.644000000,trusted_fallback,0.000000,-0.020199999999998428,8.035802925854263e-14,-0.14800319065171172,-0.020199999999998428,8.035802925854263e-14,-0.14800319065171172,0.0,0.0,0.0,-1.1361017784395246,-0.17163840172312272,-43.12253645577732,-1.1361017784395246,-0.17163840172312272,-43.12253645577732,0.0,0.0,0.0,1.3848098722624562,-0.30850034372302304,-23.910530121701136,1.3848098722624562,-0.30850034372302304,-23.910530121701136,0.0,0.0,0.0,-1.8195035371979462,0.48006280115190975,-2.6946394648934415,-1.8195035371979462,0.48006280115190975,-2.6946394648934415,0.0,0.0,0.0,-1.5707887853826201,-0.00018691178296459734,-0.08473945324077369,-1.5707887853826201,-0.00018691178296459734,-0.08473945324077369,0.0,0.0,0.0,-1.0913239463557447e-14,1.9038525096715109e-13,-1.2732936241857444e-05,-1.0913239463557447e-14,1.9038525096715109e-13,-1.2732936241857444e-05,0.0,0.0,0.0,robotiq_85_left_knuckle_joint,2.6820775330893365e-12,1.3682631416767066e-15,,robotiq_85_left_knuckle_joint,2.6820775330893365e-12,1.3682631416767066e-15,,0.0,0.0,
sentinel_joint_telemetry_v2,20260731_120941,20260731_120941:1,1,482,short_cube_pick_place,attack,mitm_trajectory_manipulation,joint_offset,medium,shoulder_pan_joint,cube,cube_transport,0.1,rad,,0,,6.182905,,cube_retreat,2026-07-31T12:09:55.216+01:00,10.208351,0.020001,49.996990,0,4860.664000000,4860.664000000,trusted_fallback,0.000000,-0.020199999999999177,8.097624133729386e-14,-0.14777843967015825,-0.020199999999999177,8.097624133729386e-14,-0.14777843967015825,0.0,0.0,0.0,-1.1395345302085869,-0.17163712166827633,-43.03250044941438,-1.1395345302085869,-0.17163712166827633,-43.03250044941438,0.0,0.0,0.0,1.3786398946231917,-0.30849804297130634,-23.96123552758559,1.3786398946231917,-0.30849804297130634,-23.96123552758559,0.0,0.0,0.0,-1.8099023266682797,0.480059220911742,-2.6943704189915163,-1.8099023266682797,0.480059220911742,-2.6943704189915163,0.0,0.0,0.0,-1.5707925236006635,-0.0001869103890001743,-0.08473912086536221,-1.5707925236006635,-0.0001869103890001743,-0.08473912086536221,0.0,0.0,0.0,-7.271853876399351e-15,1.903841667649786e-13,-1.2731699952156017e-05,-7.271853876399351e-15,1.903841667649786e-13,-1.2731699952156017e-05,0.0,0.0,0.0,robotiq_85_left_knuckle_joint,2.6820284295729448e-12,-3.3822770972857796e-15,,robotiq_85_left_knuckle_joint,2.6820284295729448e-12,-3.3822770972857796e-15,,0.0,0.0,
sentinel_joint_telemetry_v2,20260731_120941,20260731_120941:1,1,483,short_cube_pick_place,attack,mitm_trajectory_manipulation,joint_offset,medium,shoulder_pan_joint,cube,cube_transport,0.1,rad,,0,,6.182905,,cube_retreat,2026-07-31T12:09:55.236+01:00,10.228425,0.020074,49.816861,0,4860.684000000,4860.684000000,trusted_fallback,0.000000,-0.02019999999999992,8.125379709345015e-14,-0.14754633558430766,-0.02019999999999992,8.125379709345015e-14,-0.14754633558430766,0.0,0.0,0.0,-1.1429672669705573,-0.17163667534077248,-42.94027475303652,-1.1429672669705573,-0.17163667534077248,-42.94027475303652,0.0,0.0,0.0,1.3724699439574526,-0.30849724074879514,-24.00997895409541,1.3724699439574526,-0.30849724074879514,-24.00997895409541,0.0,0.0,0.0,-1.80030115811259,0.48005797255919813,-2.694102374860808,-1.80030115811259,0.48005797255919813,-2.694102374860808,0.0,0.0,0.0,-1.5707962618023643,-0.00018690990295394064,-0.08473877232954165,-1.5707962618023643,-0.00018690990295394064,-0.08473877232954165,0.0,0.0,0.0,-3.630464602953868e-15,1.9038156467976464e-13,-1.2730400202614976e-05,-3.630464602953868e-15,1.9038156467976464e-13,-1.2730400202614976e-05,0.0,0.0,0.0,robotiq_85_left_knuckle_joint,2.681930767243333e-12,-5.5485130379118175e-15,,robotiq_85_left_knuckle_joint,2.681930767243333e-12,-5.5485130379118175e-15,,0.0,0.0,
