command_id,run_key,dataset_class,task_type,task_phase,pose_name,attack_severity,attack_target_object,attack_active,outer_fold,target_reference_deviation_l2_rad,final_position_reference_deviation_l2_rad,velocity_profile_reference_deviation_l2_rad_s,effort_profile_reference_deviation_l2_nm,proxy_time_reference_deviation_s,final_tracking_error_l2_rad,analysis_label,target_reference_deviation_l2_rad_normal_percentile,final_position_reference_deviation_l2_rad_normal_percentile,velocity_profile_reference_deviation_l2_rad_s_normal_percentile,effort_profile_reference_deviation_l2_nm_normal_percentile,proxy_time_reference_deviation_s_normal_percentile,final_tracking_error_l2_rad_normal_percentile,composite_impact_percentile
d5d1fa06a9d04fc4afa65d73c52741e0,20260721_022322:24,mitm_trajectory_manipulation,long_cube_then_cylinder_sort,cube_transport,long_cube_place_high,high,cube,1,1,0.15,0.14909230060128695,0.04488903400388655,0.27545149789527185,0.025458511499999892,0.0015738673391232,MITM manipulation,100.0,100.0,95.88461538461537,58.38461538461538,75.11538461538461,7.730769230769232,72.8525641025641
4d8b1a8ad5774a5c8792863ad5537441,20260721_022451:27,mitm_trajectory_manipulation,short_cube_pick_place,cube_transport,long_cube_place_high,high,cube,1,1,0.15,0.1478421868831062,0.0603141779185103,0.23526112814126962,0.04898290450000009,0.0178007006269234,MITM manipulation,100.0,100.0,96.61538461538461,56.46153846153846,75.34615384615385,66.23076923076923,82.4423076923077
c321aae149e147c2a76fe3120311d9a5,20260721_022741:33,mitm_trajectory_manipulation,long_cube_then_cylinder_sort,cube_transport,long_cube_place_high,medium,cube,1,1,0.1,0.09923060890743043,0.08859111848116032,0.20254220797388062,0.0256251675000001,0.0017444666978879,MITM manipulation,100.0,99.96153846153845,97.26923076923077,54.42307692307692,75.11538461538461,8.923076923076923,72.6153846153846
a53fcb09c2e94c2292b9cf2f8e786a18,20260721_022817:34,mitm_trajectory_manipulation,short_cube_pick_place,cube_transport,long_cube_place_high,low,cube,1,1,0.05,0.05137674487087653,0.06055858800604461,0.3195484921951641,0.0009098844999999578,0.0195821914076319,MITM manipulation,100.0,99.84615384615385,96.65384615384616,59.88461538461538,73.5,71.6923076923077,83.59615384615384
8a481d2ef717455fb4efd516f856cf83,20260721_023230:44,mitm_trajectory_manipulation,short_cube_pick_place,cube_transport,long_cube_place_high,medium,cube,1,1,0.1,0.09882379248381773,0.12089941003390703,0.33679245614843684,0.05057430549999997,0.0104851900884275,MITM manipulation,100.0,99.96153846153845,97.84615384615385,60.65384615384616,97.42307692307692,40.57692307692308,82.74358974358974
49d122a3b187441b8e662fd0e727e362,20260721_023327:46,mitm_trajectory_manipulation,short_cube_pick_place,cube_transport,long_cube_place_high,low,cube,1,1,0.05,0.04921217687604656,0.06141658634756652,0.1436093920653957,0.0007766154999999664,0.0096448497196978,MITM manipulation,100.0,99.84615384615385,96.6923076923077,48.84615384615385,73.3076923076923,38.19230769230769,76.1474358974359
6bb752322b254a318c9a25b0c2ba8525,20260721_023539:50,mitm_trajectory_manipulation,long_cube_then_cylinder_sort,cylinder_transport,long_cylinder_place_high,medium,cylinder,1,1,0.10000000000000003,0.09802135935591628,0.09020122536205458,0.4074226550904996,0.049364197000000054,0.0144787283503432,MITM manipulation,100.0,99.96153846153845,97.3076923076923,64.3076923076923,76.76923076923077,56.80769230769231,82.52564102564104
831d923ee2e4424083e8c97314f85e5f,20260721_023839:54,mitm_trajectory_manipulation,long_cube_then_cylinder_sort,cube_transport,long_cube_place_high,high,cube,1,1,0.15,0.14960651483719753,0.13274607425510568,0.19699733442012554,0.02535137349999994,0.003866445142511,MITM manipulation,100.0,100.0,97.96153846153847,54.07692307692308,75.11538461538461,20.192307692307693,74.5576923076923
1424b6eee6994c8ba4d59ff8e1111229,20260721_024447:65,mitm_trajectory_manipulation,short_cube_pick_place,cube_transport,long_cube_place_high,high,cube,1,1,0.15,0.14670831156286657,0.18473285346472945,0.334705074992862,0.0006350294999999395,0.0137215800328202,MITM manipulation,100.0,100.0,98.38461538461539,60.57692307692307,72.11538461538461,54.26923076923077,80.89102564102565
3f8adcbedcd44eabad0aac98ca14506f,20260721_024520:67,mitm_trajectory_manipulation,long_cube_then_cylinder_sort,cylinder_transport,long_cylinder_place_high,low,cylinder,1,1,0.04999999999999999,0.049836134457521546,0.04655168111493448,0.23704032073096923,0.04904811499999995,0.015624375259789,MITM manipulation,100.0,99.84615384615385,96.0,56.49999999999999,75.38461538461539,60.53846153846154,81.37820512820514
e84beaf3ed9144f29077fedc7bb3ccb4,20260721_024556:68,mitm_trajectory_manipulation,long_cube_then_cylinder_sort,cube_transport,long_cube_place_high,low,cube,1,1,0.05,0.05004922424407452,0.04436496429669733,0.1350479564821768,0.02536515550000007,0.0104855977351019,MITM manipulation,100.0,99.84615384615385,95.84615384615385,47.80769230769231,75.11538461538461,40.57692307692308,76.53205128205128
19467a16b5b64bf7a5674156e68eb7a2,20260721_024748:71,mitm_trajectory_manipulation,short_cube_pick_place,cube_transport,long_cube_place_high,low,cube,1,1,0.05,0.05076663288827839,0.060138225903290245,0.6196239225041668,0.051064357499999935,0.0033625909747843,MITM manipulation,100.0,99.84615384615385,96.61538461538461,67.03846153846153,97.61538461538461,18.23076923076923,79.89102564102565
c4126de9710b4bc9be39037a0df078b9,20260721_024804:72,mitm_trajectory_manipulation,short_cube_pick_place,cube_transport,long_cube_place_high,medium,cube,1,1,0.1,0.09897801458252935,0.12116540334090378,0.235290573584384,0.0006225904999999088,0.01438245712022,MITM manipulation,100.0,99.96153846153845,97.88461538461539,56.46153846153846,71.96153846153847,56.42307692307692,80.44871794871794
98e9d883a5954cf9b34079f4d5b0f8c7,20260721_025044:77,mitm_trajectory_manipulation,long_cube_then_cylinder_sort,cube_transport,long_cube_place_high,medium,cube,1,1,0.09999999999999999,0.098733454767014,0.0887433821014606,0.11716943566312253,0.02454996450000002,0.0079219713909329,MITM manipulation,100.0,99.96153846153845,97.26923076923077,44.92307692307692,74.38461538461539,31.538461538461537,74.67948717948718
492d0513eac542358d45367ffb25e1d1,20260721_025255:81,mitm_trajectory_manipulation,long_cube_then_cylinder_sort,cylinder_transport,long_cylinder_place_high,low,cylinder,1,1,0.04999999999999999,0.05357177068161848,0.02735225956685695,0.4720826775800523,0.049198419999999965,0.023253306219074,MITM manipulation,100.0,99.84615384615385,91.96153846153847,66.07692307692308,75.84615384615384,77.73076923076923,85.24358974358975
419590aa8a0e420992ad90503257068e,20260721_025505:85,mitm_trajectory_manipulation,short_cube_pick_place,cube_transport,long_cube_place_high,medium,cube,1,1,0.09999999999999999,0.09633372959557966,0.12371718121133621,0.7387182336084575,0.0008935854999999604,0.0202919862025096,MITM manipulation,100.0,99.96153846153845,97.92307692307692,67.15384615384615,73.42307692307692,72.65384615384616,85.18589743589742
66ed3e9fd453496a8968b9d4af63b2bc,20260721_025658:89,mitm_trajectory_manipulation,long_cube_then_cylinder_sort,cube_transport,long_cube_place_high,high,cube,1,1,0.15,0.14986349397568957,0.13257874742348352,0.20869593626019634,0.025230264499999988,0.0031316871350182,MITM manipulation,100.0,100.0,97.96153846153847,54.96153846153846,75.07692307692308,17.346153846153847,74.22435897435898
9cb3e447221a4e7f88bcab90e9c6f59a,20260721_025822:91,mitm_trajectory_manipulation,short_cube_pick_place,cube_transport,long_cube_place_high,medium,cube,1,1,0.09999999999999999,0.10070312305601294,0.119953182080206,0.4917992144937595,0.050754015499999916,0.0024919864035774,MITM manipulation,100.0,99.96153846153845,97.84615384615385,66.38461538461539,97.53846153846155,14.423076923076922,79.35897435897436
f7baa25c58044d1bbf57751b89889ab0,20260721_030026:96,mitm_trajectory_manipulation,long_cube_then_cylinder_sort,cube_transport,long_cube_place_high,low,cube,1,1,0.05,0.048850005375402135,0.04520386096210891,0.0549618610646654,0.02472441549999993,0.010690422427089,MITM manipulation,100.0,99.84615384615385,95.88461538461537,28.423076923076923,74.46153846153845,42.15384615384615,73.46153846153845
8cc2cbfd98c4429a9c5fb2b08ad39d77,20260721_030138:98,mitm_trajectory_manipulation,short_cube_pick_place,cube_transport,long_cube_place_high,high,cube,1,1,0.15,0.14426975476953682,0.18374544035550186,0.5266186477131052,0.0005494454999999121,0.0225880991905651,MITM manipulation,100.0,100.0,98.38461538461539,66.6923076923077,70.53846153846153,76.73076923076924,85.39102564102564
6d48091ed0534da08444ded5576a551c,20260721_040557:12,command_injection,long_cube_then_cylinder_sort,cylinder_transport,long_cylinder_place_high,high,cylinder,1,1,0.15000000000000002,0.14538067798674287,0.13500832278997477,0.46641359656782316,0.050366724000000085,0.02406275790039,Command injection,100.0,100.0,97.96153846153847,66.03846153846153,96.8076923076923,78.57692307692308,89.8974358974359
8efdaaa74d3d4d5fbd6a5069df6a4d44,20260721_040835:17,command_injection,short_cube_pick_place,cube_transport,long_cube_place_high,medium,cube,1,1,0.1,0.09923498013657664,0.12101829413869826,0.36571346619465844,0.0006021175000000545,0.0177559900557581,Command injection,100.0,99.96153846153845,97.84615384615385,61.38461538461538,71.6923076923077,66.1923076923077,82.84615384615384
9913baa4e3be430ebb215ce2c4deb318,20260721_041302:26,command_injection,short_cube_pick_place,cube_transport,long_cube_place_high,low,cube,1,1,0.05,0.04929096942323918,0.06201119045536702,0.4991765347344785,0.04971138349999993,0.0040719880329837,Command injection,100.0,99.84615384615385,96.6923076923077,66.53846153846153,82.3076923076923,20.846153846153843,77.70512820512822
19922add4b9b41d5a0f6035a14375986,20260721_041711:33,command_injection,long_cube_then_cylinder_sort,cube_transport,long_cube_place_high,medium,cube,1,1,0.1,0.09915370400094088,0.08848478328919401,0.07989346686955975,0.025892131500000026,0.004052465718495,Command injection,100.0,99.96153846153845,97.26923076923077,36.769230769230774,75.11538461538461,20.807692307692307,71.65384615384616
1838a94d638c474399b1273b0612842e,20260721_042739:39,command_injection,short_cube_pick_place,cube_transport,long_cube_place_high,low,cube,1,1,0.05,0.04933881086301836,0.062119612487885695,0.20471866778444892,0.04959875449999995,0.0026719071959629,Command injection,100.0,99.84615384615385,96.6923076923077,54.53846153846153,80.11538461538461,15.0,74.36538461538463
7f8f4914884545e19cd069b5546f04e3,20260721_042845:41,command_injection,short_cube_pick_place,cube_transport,long_cube_place_high,high,cube,1,1,0.15,0.14947003387456947,0.18205638189679763,0.3641038159927573,0.04958234149999996,0.0053160312772648,Command injection,100.0,100.0,98.38461538461539,61.38461538461538,79.92307692307692,24.192307692307693,77.31410256410255
9d6a0e3f94c04f2e805e82956870aca7,20260721_042903:42,command_injection,short_cube_pick_place,cube_transport,long_cube_place_high,high,cube,1,1,0.15,0.14793142115725233,0.0605883255379841,0.1304073195792528,0.0002824715000000477,0.0136999428270274,Command injection,100.0,100.0,96.65384615384616,47.23076923076923,56.03846153846154,54.230769230769226,75.6923076923077
14b17e5cef214182b3d27b7aa55123b3,20260721_043008:45,command_injection,long_cube_then_cylinder_sort,cube_transport,long_cube_place_high,low,cube,1,1,0.05,0.04977921390754971,0.04439260242171867,0.15767065758265572,0.02580828249999989,0.008493822735596,Command injection,100.0,99.84615384615385,95.84615384615385,50.46153846153846,75.11538461538461,32.96153846153846,75.70512820512822
0754ce66521142dc9e1c927d730e442d,20260721_043952:60,command_injection,long_cube_then_cylinder_sort,cylinder_transport,long_cylinder_place_high,high,cylinder,1,1,0.15000000000000002,0.14572617888553568,0.13410838312683696,0.5343338284612852,0.05033063299999996,0.021389057739264,Command injection,100.0,100.0,97.96153846153847,66.8076923076923,96.65384615384616,74.46153846153845,89.31410256410255
1d85524a651d47d3a1769e3d103368db,20260721_044051:61,command_injection,short_cube_pick_place,cube_transport,long_cube_place_high,low,cube,1,1,0.05,0.04929448931279039,0.06097852713683026,0.10900632507569587,0.0003169345000000323,0.0062064880649319,Command injection,100.0,99.84615384615385,96.65384615384616,43.34615384615385,59.61538461538461,26.576923076923077,71.00641025641026
3f4701589c63430aa011b451ae4fdd4a,20260721_044131:63,command_injection,short_cube_pick_place,cube_transport,long_cube_place_high,medium,cube,1,1,0.09999999999999999,0.10028158575386499,0.1202077909753775,0.425082897459132,0.049638947499999975,0.0037984517782742,Command injection,100.0,99.96153846153845,97.84615384615385,65.6923076923077,80.73076923076923,20.192307692307693,77.40384615384615
b1dd9b19729a4634ae0a70bde7533462,20260721_044707:74,command_injection,long_cube_then_cylinder_sort,cylinder_transport,long_cylinder_place_high,medium,cylinder,1,1,0.10000000000000003,0.09985642512220463,0.08837071822225341,0.15532871693328096,0.0004421150000000207,0.0016006318561553,Command injection,100.0,99.96153846153845,97.26923076923077,50.30769230769231,67.15384615384615,7.961538461538462,70.4423076923077
9aa3577d16fc42b0b0269ea816c9df1d,20260721_045026:80,command_injection,long_cube_then_cylinder_sort,cube_transport,long_cube_place_high,high,cube,1,1,0.15,0.14874048336697987,0.04397770623943433,0.24893811303956567,0.02468364649999999,0.0055735946085369,Command injection,100.0,100.0,95.8076923076923,57.11538461538461,74.46153846153845,24.807692307692307,75.36538461538461
90bd893200464767a65e9ddbcd02cf36,20260721_045400:85,command_injection,short_cube_pick_place,cube_transport,long_cube_place_high,medium,cube,1,1,0.09999999999999999,0.0976535637787436,0.12257667626779087,0.29038753564402797,0.0002384205000000028,0.0134474615424091,Command injection,100.0,99.96153846153845,97.92307692307692,59.03846153846154,51.42307692307693,53.46153846153846,76.96794871794872
635600ef77fa4b04a81f7f8df904afe2,20260721_045632:90,command_injection,long_cube_then_cylinder_sort,cube_transport,long_cube_place_high,low,cube,1,1,0.05,0.04942521660863617,0.0449708313776989,0.03829016185124877,0.024341316499999932,0.0070138599956311,Command injection,100.0,99.84615384615385,95.88461538461537,21.923076923076923,74.38461538461539,28.576923076923077,70.1025641025641
f1243aefd47740f2a970d6a1ca984b24,20260721_045913:95,command_injection,long_cube_then_cylinder_sort,cube_transport,long_cube_place_high,low,cube,1,1,0.05,0.04947611549411897,0.044376289063556035,0.15175410839510559,0.024355535500000025,0.0045137239199979,Command injection,100.0,99.84615384615385,95.84615384615385,49.84615384615385,74.38461538461539,22.038461538461537,73.66025641025642
ad087df312cb4493be3a15feb6eb83a0,20260721_050050:97,command_injection,long_cube_then_cylinder_sort,cylinder_transport,long_cylinder_place_high,medium,cylinder,1,1,0.09999999999999998,0.09975887997414286,0.018307014763862983,0.13376792517220748,0.0003675009999999368,0.0011485882250338,Command injection,100.0,99.96153846153845,88.84615384615384,47.38461538461539,63.07692307692307,4.923076923076923,67.3653846153846
35f562b9d69a4b3187477f9ffb8cbfe8,20260721_050129:98,command_injection,short_cube_pick_place,cube_transport,long_cube_place_high,high,cube,1,1,0.15,0.15012628345023696,0.1781426961767407,0.3894505847913716,0.04945222349999989,0.0034881643166647,Command injection,100.0,100.0,98.38461538461539,62.42307692307693,77.53846153846153,18.73076923076923,76.17948717948717
199e763235cb410cb7332a3035ab6bd1,20260721_050146:99,command_injection,short_cube_pick_place,cube_transport,long_cube_place_high,medium,cube,1,1,0.1,0.09987172633608415,0.12162070844573665,0.18871187593876076,0.0003212275000000764,0.0230831591546356,Command injection,100.0,99.96153846153845,97.88461538461539,53.65384615384615,59.92307692307692,77.46153846153845,81.48076923076921
4068f91a75624c0098b431b7f2ed649b,20260721_050204:100,command_injection,long_cube_then_cylinder_sort,cylinder_transport,long_cylinder_place_high,low,cylinder,1,1,0.04999999999999999,0.05356922335971524,0.0281549344796524,0.49934121290176237,0.05027644600000003,0.0232466328720265,Command injection,100.0,99.84615384615385,92.03846153846153,66.53846153846153,95.92307692307692,77.73076923076923,88.67948717948718
ac12a0b3cb95431b92c4ad999a8f8369,20260721_072348:11,replay_attack,short_cube_pick_place,cube_retreat,long_cube_place_mid,high,cube,1,1,0.7258389490789262,0.7215265943023921,0.7124034630744209,7.891663115096542,0.3997620635,0.0030647274291543,Replay,100.0,100.0,100.0,87.34615384615385,98.65384615384616,17.346153846153847,83.89102564102565
6e4dd0e7803d415b8a3095b064707d91,20260721_072555:16,replay_attack,long_cube_then_cylinder_sort,cube_retreat,long_cube_place_mid,low,cube,1,1,0.25487985404892244,0.20829843896037964,0.3019166425740994,170.08224552529433,0.09933532400000011,0.0641663013995359,Replay,100.0,100.0,99.96153846153845,100.0,97.65384615384616,85.46153846153847,97.17948717948718
778abc7cbf2a4cfe93fd8a62bdc49073,20260721_073536:37,replay_attack,long_cube_then_cylinder_sort,cylinder_retreat,long_cylinder_place_mid,medium,cylinder,1,1,0.3266925465938884,0.317202743514365,0.16068322427289938,1.3015268994493887,0.39945707900000005,0.0197311950368419,Replay,100.0,100.0,98.26923076923076,69.76923076923077,98.65384615384616,72.03846153846155,89.78846153846155
647d785e4d3641ec906fe11774ee5b32,20260721_073651:39,replay_attack,short_cube_pick_place,cube_retreat,long_cube_place_mid,low,cube,1,1,0.25487985404892244,0.2031949788581263,0.4630603011979504,170.23124695985823,0.09939947950000005,0.0642115312677359,Replay,100.0,100.0,99.96153846153845,100.0,97.6923076923077,85.46153846153847,97.18589743589745
6bd06c63f74e484c9a3cc1d0aac1fcf9,20260721_073823:43,replay_attack,short_cube_pick_place,cube_retreat,long_cube_place_mid,high,cube,1,1,0.7258389490789262,0.6944943417236568,0.7220751754452627,17.619240942934358,0.3496323735,0.0312399756138433,Replay,100.0,100.0,100.0,94.8076923076923,98.57692307692307,80.96153846153847,95.72435897435896
b953bb3b80ce4f7393e232685b5d4020,20260721_073942:46,replay_attack,short_cube_pick_place,cube_retreat,long_cube_place_mid,low,cube,1,1,0.25487985404892244,0.20252264268589443,0.4630648179814519,170.2558082926976,0.09979698050000008,0.0642142339257882,Replay,100.0,100.0,99.96153846153845,100.0,97.96153846153847,85.46153846153847,97.23076923076923
4218fecd840e4657a93f564c7b2df14a,20260721_074037:48,replay_attack,short_cube_pick_place,cube_retreat,long_cube_place_mid,low,cube,1,1,0.25487985404892244,0.20319918996571915,0.4630642431216369,170.25953948887374,0.14961318850000005,0.0642245435058028,Replay,100.0,100.0,99.96153846153845,100.0,98.38461538461539,85.46153846153847,97.30128205128204
ae4a840d61cc4c9abcf5712235407c14,20260721_074252:52,replay_attack,long_cube_then_cylinder_sort,cube_retreat,long_cube_place_mid,medium,cube,1,1,0.3266925465938884,0.3177550681772918,0.2136644213653161,15.77131546263406,0.3994122230000001,0.0159322957118337,Replay,100.0,100.0,98.76923076923076,93.11538461538461,98.65384615384616,61.53846153846154,92.01282051282051
36746ce285c94305b4042175c2343d21,20260721_074329:53,replay_attack,long_cube_then_cylinder_sort,cylinder_retreat,long_cylinder_place_mid,medium,cylinder,1,1,0.3266925465938884,0.3248356148815741,0.16073334107209078,1.3332270452863715,0.39955092999999997,0.0120500641241295,Replay,100.0,100.0,98.26923076923076,69.88461538461539,98.65384615384616,46.5,85.55128205128206
1b77187fb2a74f2bbcca475682ecd6ec,20260721_074406:54,replay_attack,long_cube_then_cylinder_sort,cube_retreat,long_cube_place_mid,high,cube,1,1,0.7258389490789262,0.7079095694917585,0.41601526150105456,7.289974235918121,0.6996782450000001,0.0178492829168001,Replay,100.0,100.0,99.96153846153845,86.0,98.73076923076923,66.73076923076923,91.90384615384615
2ffe691c4e024a1ca751edae0920d34a,20260721_074444:55,replay_attack,short_cube_pick_place,cube_retreat,long_cube_place_mid,medium,cube,1,1,0.3266925465938884,0.32200255034343006,0.27016433666517964,1.3028281917641913,0.3493668685,0.0155257466069101,Replay,100.0,100.0,99.8076923076923,69.76923076923077,98.57692307692307,60.03846153846154,88.03205128205128
a59ef58d453e4daca8e75a9a616655a4,20260721_074505:56,replay_attack,long_cube_then_cylinder_sort,cylinder_retreat,long_cylinder_place_mid,high,cylinder,1,1,0.7956422500093872,0.7788599898094095,0.37770212766132016,8.821114208192316,0.4994852350000001,0.0167037692845164,Replay,100.0,100.0,99.96153846153845,88.1923076923077,98.65384615384616,64.42307692307693,91.87179487179486
0141778e8a3b4069a58c6bdb4f3cc4b9,20260721_074854:63,replay_attack,short_cube_pick_place,cube_retreat,long_cube_place_mid,medium,cube,1,1,0.3266925465938884,0.3219765004071571,0.2684883224860814,1.3129534815316788,0.34959222050000005,0.015552438092544,Replay,100.0,100.0,99.8076923076923,69.76923076923077,98.57692307692307,60.192307692307686,88.05769230769232
19b9c6116da040fbb89f26d4d541415e,20260721_075118:68,replay_attack,long_cube_then_cylinder_sort,cube_retreat,long_cube_place_mid,low,cube,1,1,0.25487985404892244,0.20835845431409256,0.3019159310648605,170.08434779218442,0.0993010740000001,0.0641624034679168,Replay,100.0,100.0,99.96153846153845,100.0,97.65384615384616,85.46153846153847,97.17948717948718
25647d63086c4888bb8d4065f151fa49,20260721_075848:84,replay_attack,short_cube_pick_place,cube_retreat,long_cube_place_mid,high,cube,1,1,0.7258389490789262,0.6980200069538061,0.7261561017484444,7.323115365741257,0.3493388525000001,0.0275627753799444,Replay,100.0,100.0,100.0,86.15384615384616,98.57692307692307,80.57692307692308,94.21794871794873
256dd0e024564a9bba5782e8f29617e4,20260721_075913:85,replay_attack,short_cube_pick_place,cube_retreat,long_cube_place_mid,medium,cube,1,1,0.3266925465938884,0.3220496099420357,0.26836129222001615,1.2982997349310945,0.3496395015,0.0154770850107318,Replay,100.0,100.0,99.8076923076923,69.76923076923077,98.57692307692307,59.57692307692307,87.95512820512822
efdde937e6b94d318e4211eb3fba7644,20260721_075935:86,replay_attack,short_cube_pick_place,cube_retreat,long_cube_place_mid,medium,cube,1,1,0.3266925465938884,0.31443022274080484,0.26732813266783956,18.97127305692323,0.3495663325,0.0233289492545755,Replay,100.0,100.0,99.8076923076923,96.26923076923077,98.57692307692307,78.11538461538461,95.46153846153847
58b3b29353144084884d128e3230e6c4,20260721_075954:87,replay_attack,long_cube_then_cylinder_sort,cylinder_retreat,long_cylinder_place_mid,low,cylinder,1,1,0.2940887961143711,0.2689729943536817,0.3906176446173014,143.272686811079,0.09976391100000004,0.0340173392850055,Replay,100.0,100.0,99.96153846153845,100.0,97.92307692307692,81.03846153846153,96.48717948717949
9f52eb901eaf4b8aa4538ee669b2bb2a,20260721_080048:89,replay_attack,long_cube_then_cylinder_sort,cube_retreat,long_cube_place_mid,high,cube,1,1,0.7258389490789262,0.7119151696871174,0.41704260418026085,7.620342551964326,0.6995633130000001,0.0136646942847595,Replay,100.0,100.0,99.96153846153845,87.07692307692308,98.73076923076923,54.11538461538462,89.98076923076923
22d84884c6ef4ab4bc87c43d29aea561,20260721_080126:90,replay_attack,long_cube_then_cylinder_sort,cube_retreat,long_cube_place_mid,low,cube,1,1,0.25487985404892244,0.20862459959039187,0.3019165077842772,170.08513721239626,0.14942889300000006,0.0641802995087328,Replay,100.0,100.0,99.96153846153845,100.0,98.34615384615385,85.46153846153847,97.29487179487181
681f8ae1244b43d5886f52bf68e72f05,20260721_053307:3,denial_of_service,short_cube_pick_place,cube_transport,long_cube_place_high,low,cube,1,1,0.0,0.006986631974886068,0.11241740728699041,1.6115681003187772,0.3010001414999999,0.001589135659225,Delay DoS,100.0,76.03846153846155,97.6923076923077,70.88461538461537,98.57692307692307,7.923076923076923,75.18589743589742
1d9c3f54910f43fbaeafa9c181ac59c2,20260721_054112:10,denial_of_service,short_cube_pick_place,cube_transport,long_cube_place_high,low,cube,1,1,0.0,0.004495325540364866,0.10227605625315947,2.160407955178471,0.2510263294999999,0.0130710883398307,Delay DoS,100.0,63.11538461538462,97.57692307692307,72.96153846153847,98.57692307692307,49.80769230769231,80.33974358974358
b3741659976f4215a0654ab9bade074e,20260721_054248:13,denial_of_service,long_cube_then_cylinder_sort,cube_transport,long_cube_place_high,low,cube,1,1,0.0,5.86984073558761e-06,0.05747141398304273,1.6062991085373428,0.2753317984999999,0.0062370600193454,Delay DoS,100.0,1.8461538461538463,96.53846153846153,70.76923076923077,98.57692307692307,26.615384615384613,65.72435897435896
699f947302494aef8cca0a7524a11e82,20260721_054505:18,denial_of_service,short_cube_pick_place,cube_transport,long_cube_place_high,high,cube,1,1,0.0,0.007561380303098418,0.3409433908728509,6.240285041524007,1.5010866225,0.0161371442796349,Delay DoS,100.0,77.8076923076923,99.96153846153845,83.76923076923077,98.88461538461539,61.80769230769231,87.03846153846153
d31b4d8a88c7428ab982905a7c48459c,20260721_054523:19,denial_of_service,long_cube_then_cylinder_sort,cylinder_transport,long_cylinder_place_high,high,cylinder,1,1,0.0,0.011415442209892938,0.2138125415458502,5.799622903310733,1.45130357,0.0142272052172498,Delay DoS,100.0,87.65384615384615,98.76923076923076,82.42307692307692,98.88461538461539,55.46153846153846,87.19871794871794
27743d86987a4d8496ed6c9960383d32,20260721_054601:20,denial_of_service,short_cube_pick_place,cube_transport,long_cube_place_high,high,cube,1,1,0.0,0.014733437071106498,0.34398273705661003,6.32105979902312,1.5011594055000002,0.0233092018708038,Delay DoS,100.0,92.15384615384615,99.96153846153845,84.03846153846153,98.88461538461539,77.84615384615384,92.1474358974359
84fb2579b0c54878bba1a5a176597e08,20260721_054854:25,denial_of_service,long_cube_then_cylinder_sort,cube_transport,long_cube_place_high,low,cube,1,1,0.0,0.004279183555941318,0.06060401841472683,1.3467615722693163,0.2758113955000001,0.0019572522341118,Delay DoS,100.0,61.88461538461538,96.65384615384616,69.96153846153847,98.57692307692307,10.346153846153847,72.90384615384616
b3932402f7614e6b8559352864608978,20260721_055027:28,denial_of_service,short_cube_pick_place,cube_transport,long_cube_place_high,high,cube,1,1,0.0,0.018319486207949976,0.3527016512806388,6.438580781880992,1.4515223224999998,0.0268952512367603,Delay DoS,100.0,95.8076923076923,99.96153846153845,84.38461538461539,98.88461538461539,80.3076923076923,93.22435897435896
cd4ba04f6e31477e9a11792951e0a601,20260721_055428:35,denial_of_service,long_cube_then_cylinder_sort,cube_transport,long_cube_place_high,medium,cube,1,1,0.0,0.008107718184292722,0.1372489327513177,3.7655931294041323,0.7256358205,0.014344147837489,Delay DoS,100.0,79.53846153846153,97.96153846153847,76.42307692307693,98.73076923076923,56.11538461538461,84.79487179487178
973c1f4b5caa48bfb33a77c50d6f18ae,20260721_055934:45,denial_of_service,long_cube_then_cylinder_sort,cube_transport,long_cube_place_high,low,cube,1,1,0.0,0.004809598188025638,0.06354379415824368,1.388902472686753,0.27576898149999995,0.0014268371528769,Delay DoS,100.0,65.8076923076923,96.76923076923077,70.0,98.57692307692307,6.615384615384616,72.96153846153847
2ec85ce8668449a08096886d6d2831a4,20260721_060011:46,denial_of_service,short_cube_pick_place,cube_transport,long_cube_place_high,low,cube,1,1,0.0,0.004495326784928659,0.10213259765651514,2.117364618681589,0.2511941094999999,0.0130710896036915,Delay DoS,100.0,63.11538461538462,97.5,72.76923076923076,98.57692307692307,49.80769230769231,80.2948717948718
74d2780d26074b7182af690bd020d78a,20260721_060248:51,denial_of_service,long_cube_then_cylinder_sort,cube_transport,long_cube_place_high,high,cube,1,1,0.0,0.004651059333965487,0.21560463291346518,5.229029894613571,1.5258136745000002,0.0015853761196845,Delay DoS,100.0,63.76923076923077,98.8076923076923,80.07692307692308,98.88461538461539,7.730769230769232,74.87820512820512
45f8f587110f43e89a03f0f6c1ecc192,20260721_060743:57,denial_of_service,long_cube_then_cylinder_sort,cube_transport,long_cube_place_high,medium,cube,1,1,0.0,0.001463648041066877,0.1323740595545208,3.5761235911889515,0.8257592914999998,0.0077000680582066,Delay DoS,100.0,29.46153846153846,97.96153846153847,76.07692307692308,98.73076923076923,30.76923076923077,72.16666666666667
a49e75d17255490c8a96340cb31bfacb,20260721_060958:60,denial_of_service,long_cube_then_cylinder_sort,cylinder_transport,long_cylinder_place_high,high,cylinder,1,1,0.0,0.00014881801549499236,0.2169200555007046,5.594681263214468,1.5012737909999998,0.0026629594427856,Delay DoS,100.0,5.461538461538462,98.84615384615385,82.07692307692308,98.88461538461539,14.76923076923077,66.67307692307693
2c0c55f538a74e38b62c46e9cd81ca75,20260721_061127:63,denial_of_service,short_cube_pick_place,cube_transport,long_cube_place_high,medium,cube,1,1,0.0,0.012940436200216482,0.22776126279682685,4.512602572874349,0.7512260184999999,0.0215162009338285,Delay DoS,100.0,90.5,99.03846153846155,78.07692307692308,98.73076923076923,74.6923076923077,90.17307692307692
441228ff8663492f992757919eba31a6,20260721_061427:68,denial_of_service,long_cube_then_cylinder_sort,cube_transport,long_cube_place_high,low,cube,1,1,0.0,0.0016896246426928803,0.059262254642640136,1.5710261804049444,0.22572166250000003,0.0045468172332672,Delay DoS,100.0,32.730769230769226,96.61538461538461,70.65384615384616,98.57692307692307,22.038461538461537,70.1025641025641
d3f53762746644ee99436c861bc9f10b,20260721_061552:70,denial_of_service,short_cube_pick_place,cube_transport,long_cube_place_high,medium,cube,1,1,0.0,0.0009530737109458378,0.2281943211292114,4.284986944587517,0.8010149144999998,0.0095288257819465,Delay DoS,100.0,19.153846153846153,99.07692307692308,77.8076923076923,98.73076923076923,36.57692307692308,71.89102564102565
6ed67cdbfd814ce598b34ac7b5fef64a,20260721_062429:85,denial_of_service,short_cube_pick_place,cube_transport,long_cube_place_high,medium,cube,1,1,0.0,0.0020118170132767846,0.23407645250754375,4.435376736615566,0.7510853184999999,0.0105875760724164,Delay DoS,100.0,36.42307692307693,99.1923076923077,78.03846153846153,98.73076923076923,41.11538461538461,75.58333333333333
9774b0b9ba9747b29ac11e0c675a2c1f,20260721_063051:97,denial_of_service,long_cube_then_cylinder_sort,cylinder_transport,long_cylinder_place_high,medium,cylinder,1,1,0.0,0.00014881801549499236,0.14240448842594403,3.7642281721901227,0.751437691,0.0026629594427856,Delay DoS,100.0,5.461538461538462,98.0,76.42307692307693,98.73076923076923,14.76923076923077,65.56410256410255
7010ee20e5674d3b92f6bc11feb2b28f,20260721_063204:99,denial_of_service,short_cube_pick_place,cube_transport,long_cube_place_high,medium,cube,1,1,0.0,0.005585521474677336,0.23373458736126368,4.054092878337622,0.8009392625,0.0029902465921951,Delay DoS,100.0,70.88461538461537,99.1923076923077,77.34615384615384,98.73076923076923,16.538461538461537,77.11538461538461
39e4744f3c5947af893d3484a1f3c271,20260721_021226:5,mitm_trajectory_manipulation,long_cube_then_cylinder_sort,cylinder_transport,long_cylinder_place_high,high,cylinder,1,2,0.15000000000000002,0.14585199048066544,0.062394502759726196,0.2093491381824752,5.43999999935707e-07,0.0248355158478086,MITM manipulation,100.0,100.0,96.6923076923077,55.07692307692308,0.2692307692307692,79.1923076923077,71.87179487179488
edc145e8a98f4d26b9f86113f8b1e59c,20260721_021615:12,mitm_trajectory_manipulation,long_cube_then_cylinder_sort,cylinder_transport,long_cylinder_place_high,high,cylinder,1,2,0.15000000000000002,0.1466307469664932,0.1353242039964004,0.18436631586876992,0.0003072449999999005,0.0160465274029886,MITM manipulation,100.0,100.0,97.96153846153847,53.11538461538462,58.769230769230774,61.65384615384616,78.58333333333333
0586d17ab17f434d8b7b8659183dec97,20260721_021738:14,mitm_trajectory_manipulation,short_cube_pick_place,cube_transport,long_cube_place_high,low,cube,1,2,0.05,0.048838517242310815,0.060713485314078317,0.1723924936827784,0.001173865499999982,0.0119069610326994,MITM manipulation,100.0,99.84615384615385,96.65384615384616,52.19230769230769,74.0,45.84615384615385,78.08974358974359
e5e800d5476e47839a64c2ca9292cd3c,20260721_022121:20,mitm_trajectory_manipulation,short_cube_pick_place,cube_transport,long_cube_place_high,high,cube,1,2,0.15,0.14814271008972577,0.06039067904014901,0.2017519637713922,0.050946525499999895,0.0094610786909789,MITM manipulation,100.0,100.0,96.65384615384616,54.38461538461539,97.61538461538461,36.42307692307693,80.84615384615385
e71d6a97d01347c5b616b621f434b0d7,20260721_022359:25,mitm_trajectory_manipulation,long_cube_then_cylinder_sort,cube_transport,long_cube_place_high,low,cube,1,2,0.05,0.051415668331148974,0.044447193253387696,0.17729331270906148,0.0003095454999999525,0.0168308186768199,MITM manipulation,100.0,99.84615384615385,95.84615384615385,52.61538461538462,59.0,64.65384615384615,78.66025641025642
bd0f5a7a046c4dc6b3a7c4005289a144,20260721_022508:28,mitm_trajectory_manipulation,short_cube_pick_place,cube_transport,long_cube_place_high,high,cube,1,2,0.15,0.1442697340511813,0.1866875767179629,0.3157859234136933,0.0006666654999999411,0.0225873950190102,MITM manipulation,100.0,100.0,98.38461538461539,59.84615384615385,72.61538461538461,76.73076923076924,84.59615384615384
cbdf50c9484042f2ad663a31dfe57cdb,20260721_022524:29,mitm_trajectory_manipulation,long_cube_then_cylinder_sort,cylinder_transport,long_cylinder_place_high,low,cylinder,1,2,0.04999999999999999,0.049131631632279855,0.0456697345379617,0.07890490283998448,4.731199999996605e-05,0.0130170347940996,MITM manipulation,100.0,99.84615384615385,95.92307692307692,36.61538461538461,13.115384615384615,49.19230769230769,65.78205128205128
d5a7a8f7b24543beab9adfa59f0043ca,20260721_022637:31,mitm_trajectory_manipulation,long_cube_then_cylinder_sort,cube_transport,long_cube_place_high,medium,cube,1,2,0.1,0.09915361204587902,0.0887253931249097,0.10111359816807432,0.04999229550000006,0.0040524778625518,MITM manipulation,100.0,99.96153846153845,97.26923076923077,41.73076923076923,91.3076923076923,20.807692307692307,75.17948717948718
6cf77c0ad2a2458fa72a6f6a3b96e732,20260721_023139:41,mitm_trajectory_manipulation,short_cube_pick_place,cube_transport,long_cube_place_high,high,cube,1,2,0.15,0.14850750665098925,0.1821932750242643,0.3250059422858834,0.05095921449999996,0.0081024136987403,MITM manipulation,100.0,100.0,98.38461538461539,60.23076923076923,97.61538461538461,32.34615384615385,81.42948717948717
cc8ffa2a0631435b9cc8c22740336d7f,20260721_023251:45,mitm_trajectory_manipulation,long_cube_then_cylinder_sort,cube_transport,long_cube_place_high,low,cube,1,2,0.05,0.052613322025011,0.04443325868179897,0.3491580882073964,0.0004584625000001452,0.0207133283796591,MITM manipulation,100.0,99.84615384615385,95.84615384615385,61.0,67.92307692307692,73.84615384615385,83.07692307692308
bc77d9ebaf70418da81d05652b317b31,20260721_023740:53,mitm_trajectory_manipulation,long_cube_then_cylinder_sort,cylinder_transport,long_cylinder_place_high,medium,cylinder,1,2,0.09999999999999998,0.0977549045912389,0.018385945868047426,0.14083191920543484,0.00039658800000008654,0.0233271620067031,MITM manipulation,100.0,99.96153846153845,88.84615384615384,48.42307692307693,64.92307692307693,78.11538461538461,80.04487179487178
c9a05412541049f7a65f0e40ef61882f,20260721_023938:55,mitm_trajectory_manipulation,short_cube_pick_place,cube_transport,long_cube_place_high,medium,cube,1,2,0.1,0.09892389570208335,0.12111286626406281,0.34367981701780564,0.05078904349999991,0.0036559019882508,MITM manipulation,100.0,99.96153846153845,97.84615384615385,60.88461538461538,97.57692307692307,19.30769230769231,79.26282051282051
b66f77365a414559ae9e3e14618bd9a2,20260721_024144:59,mitm_trajectory_manipulation,long_cube_then_cylinder_sort,cylinder_transport,long_cylinder_place_high,medium,cylinder,1,2,0.10000000000000003,0.09679963870727218,0.08941960505162495,0.2098826491619773,0.0001608090000000395,0.0223760401230943,MITM manipulation,100.0,99.96153846153845,97.26923076923077,55.07692307692308,38.230769230769226,76.5,77.83974358974359
19e9ca5e4bd14b32939cc19c50a411ba,20260721_024346:63,mitm_trajectory_manipulation,short_cube_pick_place,cube_transport,long_cube_place_high,medium,cube,1,2,0.09999999999999999,0.09530746549198443,0.12318722296774419,1.0092685210668815,0.0006929154999999465,0.029519688460125,MITM manipulation,100.0,99.96153846153845,97.92307692307692,67.88461538461539,72.84615384615385,80.92307692307692,86.58974358974359
085306483c6c432498d090fb018cfbbe,20260721_024410:64,mitm_trajectory_manipulation,long_cube_then_cylinder_sort,cylinder_transport,long_cylinder_place_high,high,cylinder,1,2,0.15000000000000002,0.14630795068777003,0.13518656112444855,0.16410979426735303,9.921500000009686e-05,0.0173826743209545,MITM manipulation,100.0,100.0,97.96153846153847,51.46153846153846,25.92307692307692,65.26923076923077,73.43589743589743
32816bbdf8cb4e3f8a2e35e83758c321,20260721_025013:76,mitm_trajectory_manipulation,short_cube_pick_place,cube_transport,long_cube_place_high,low,cube,1,2,0.05,0.0504858194158985,0.06056844296044035,0.2636912681250557,0.0005605114999999161,0.0160209608202662,MITM manipulation,100.0,99.84615384615385,96.65384615384616,57.84615384615385,70.8076923076923,61.65384615384616,81.1346153846154
de215ef054fb43659daea9f514bf74be,20260721_025342:82,mitm_trajectory_manipulation,short_cube_pick_place,cube_transport,long_cube_place_high,low,cube,1,2,0.05,0.05039869091983376,0.05977820132367503,0.2517690210990805,0.05079459749999993,0.0046127308971158,MITM manipulation,100.0,99.84615384615385,96.61538461538461,57.230769230769226,97.57692307692307,22.538461538461537,78.96794871794872
72f624591835426082de3a4b9c97e87a,20260721_025839:92,mitm_trajectory_manipulation,short_cube_pick_place,cube_transport,long_cube_place_high,low,cube,1,2,0.05,0.04939759637527887,0.06124206414287809,1.5417628739094518,0.049058576500000006,0.0290406224291887,MITM manipulation,100.0,99.84615384615385,96.65384615384616,70.61538461538461,75.38461538461539,80.92307692307692,87.23717948717949
6e161444f6bb4981be1bc52e75cfb4df,20260721_025950:95,mitm_trajectory_manipulation,long_cube_then_cylinder_sort,cube_transport,long_cube_place_high,low,cube,1,2,0.05,0.05076632590707129,0.04445767175998999,0.0893880424531131,2.4668500000046834e-05,0.014240022740043,MITM manipulation,100.0,99.84615384615385,95.84615384615385,38.96153846153847,7.1923076923076925,55.69230769230769,66.25641025641026
5b576821615d41f196b01447875c31e8,20260721_030159:99,mitm_trajectory_manipulation,short_cube_pick_place,cube_transport,long_cube_place_high,medium,cube,1,2,0.1,0.0988538146705505,0.1209564773919257,0.2593161620388691,0.0008852094999999283,0.0116495594609707,MITM manipulation,100.0,99.96153846153845,97.84615384615385,57.61538461538461,73.42307692307692,44.730769230769226,78.92948717948717
feb39bc466714d85844bf86dbdc8e436,20260721_040048:1,command_injection,short_cube_pick_place,cube_transport,long_cube_place_high,medium,cube,1,2,0.09999999999999999,0.0973259683301828,0.1223426071119126,0.2602662257691151,0.0004134105000000998,0.0149429762115223,Command injection,100.0,99.96153846153845,97.92307692307692,57.65384615384615,65.65384615384615,58.11538461538461,79.88461538461537
33deb358f4ff47d38c2c609b4410f681,20260721_040239:6,command_injection,long_cube_then_cylinder_sort,cylinder_transport,long_cylinder_place_high,low,cylinder,1,2,0.04999999999999999,0.049307911272167215,0.027269857222319116,0.06598693451958283,0.0009839689999999734,0.0193725707296082,Command injection,100.0,99.84615384615385,91.88461538461539,32.5,73.61538461538461,71.1923076923077,78.17307692307693
51da1f6db2124eedba9019e5c385f28a,20260721_040522:10,command_injection,short_cube_pick_place,cube_transport,long_cube_place_high,low,cube,1,2,0.05,0.04840603506438433,0.061762697991750506,0.2567251507517193,0.0004551875000000649,0.0163346530640499,Command injection,100.0,99.84615384615385,96.6923076923077,57.49999999999999,67.73076923076923,62.69230769230769,80.74358974358974
b5cbed235a4b4faabd8b1b6685e3c742,20260721_040741:15,command_injection,short_cube_pick_place,cube_transport,long_cube_place_high,low,cube,1,2,0.05,0.049054719559426856,0.06300848751921027,0.32107596457346704,0.0003653475000000572,0.0272218721658631,Command injection,100.0,99.84615384615385,96.73076923076923,59.92307692307692,62.92307692307693,80.57692307692308,83.33333333333333
55772e532b7a4de7899e9afab7792424,20260721_041336:27,command_injection,short_cube_pick_place,cube_transport,long_cube_place_high,high,cube,1,2,0.15,0.1480790002430648,0.06023025001411605,0.13667425522385684,0.00046253650000005475,0.01051116773957,Command injection,100.0,100.0,96.61538461538461,47.92307692307693,68.11538461538461,40.61538461538461,75.54487179487181
78889c3a06f84c2a8d0f6a6982aec87b,20260721_041354:28,command_injection,short_cube_pick_place,cube_transport,long_cube_place_high,high,cube,1,2,0.15,0.14712996743629286,0.18216027579078659,0.292306711956106,0.00048749650000001754,0.0123522203975022,Command injection,100.0,100.0,98.38461538461539,59.11538461538461,68.76923076923077,47.96153846153846,79.03846153846153
502af8c68ee348e3bc4a381416acd45f,20260721_041600:31,command_injection,long_cube_then_cylinder_sort,cube_transport,long_cube_place_high,medium,cube,1,2,0.1,0.09913019564556352,0.08870543361614373,0.1465908505255441,0.04916625250000006,0.0061766163824842,Command injection,100.0,99.96153846153845,97.26923076923077,49.15384615384615,75.73076923076924,26.269230769230766,74.73076923076923
39ac2734e17d4a858c50ea99e1e904b2,20260721_041808:35,command_injection,long_cube_then_cylinder_sort,cube_transport,long_cube_place_high,medium,cube,1,2,0.1,0.0993567699637944,0.0889482809536677,0.1357345067061435,0.0011106644999998583,0.012913672747472,Command injection,100.0,99.96153846153845,97.26923076923077,47.84615384615385,73.96153846153845,48.96153846153846,78.0
21f4cbc9f4c64670beda4a7c36e4daba,20260721_041845:36,command_injection,short_cube_pick_place,cube_transport,long_cube_place_high,low,cube,1,2,0.05,0.053823982971967575,0.060564856477568596,0.47076599172352196,0.050474568500000094,0.0266998048654988,Command injection,100.0,99.84615384615385,96.65384615384616,66.07692307692308,97.23076923076923,79.8076923076923,89.93589743589745
cc715966a6bc4c62afcb52ef26a2aac1,20260721_043107:47,command_injection,long_cube_then_cylinder_sort,cylinder_transport,long_cylinder_place_high,low,cylinder,1,2,0.04999999999999999,0.04904068196064339,0.027208224066137692,0.050612452624486194,0.0009689159999999308,0.0142061906927829,Command injection,100.0,99.84615384615385,91.88461538461539,27.153846153846157,73.61538461538461,55.46153846153846,74.66025641025641
536e58723c324553b0e42f9edd8704c7,20260721_043605:54,command_injection,long_cube_then_cylinder_sort,cube_transport,long_cube_place_high,high,cube,1,2,0.15,0.15024623689234104,0.13267641606525027,0.3574980633777804,0.048925615499999964,0.0020547097053111,Command injection,100.0,100.0,97.96153846153847,61.23076923076923,75.34615384615385,11.846153846153847,74.3974358974359
65560498e538443eb10ff449b341b26e,20260721_043659:56,command_injection,long_cube_then_cylinder_sort,cylinder_transport,long_cylinder_place_high,high,cylinder,1,2,0.15000000000000002,0.1495736107258167,0.06157568522472131,0.5681843232037629,0.04898766700000001,0.0011581528624073,Command injection,100.0,100.0,96.6923076923077,67.03846153846153,75.34615384615385,5.0,74.01282051282051
3c85b7a238924ad1a20e2ad160f94963,20260721_043915:59,command_injection,long_cube_then_cylinder_sort,cylinder_transport,long_cylinder_place_high,medium,cylinder,1,2,0.10000000000000003,0.09772806999482365,0.08997993660715232,0.1082706195407487,0.0009354660000000514,0.0157992139560608,Command injection,100.0,99.96153846153845,97.3076923076923,43.230769230769226,73.53846153846155,61.53846153846154,79.26282051282051
f4b0f25f4a724c49b634d3206a2ee9f3,20260721_044243:66,command_injection,short_cube_pick_place,cube_transport,long_cube_place_high,medium,cube,1,2,0.09999999999999999,0.09796712108971467,0.12180387594202845,1.231085354078763,0.0003752455000000099,0.0121043143397199,Command injection,100.0,99.96153846153845,97.92307692307692,69.42307692307692,63.57692307692307,46.84615384615385,79.62179487179488
354374507e684c9491341782eb55c8f7,20260721_044449:69,command_injection,long_cube_then_cylinder_sort,cylinder_transport,long_cylinder_place_high,high,cylinder,1,2,0.15000000000000002,0.14630795070220876,0.13492966632217632,0.16236414742524993,0.0009019089999999785,0.0173826749534344,Command injection,100.0,100.0,97.96153846153847,51.30769230769231,73.42307692307692,65.26923076923077,81.32692307692308
bdaf9a5d0abe442493c17e4d2e1485d5,20260721_045009:79,command_injection,short_cube_pick_place,cube_transport,long_cube_place_high,high,cube,1,2,0.15,0.14848865052528779,0.06140002490907913,0.23825662423357274,0.00012067550000005589,0.0050736627940183,Command injection,100.0,100.0,96.6923076923077,56.57692307692308,30.538461538461537,23.423076923076923,67.87179487179488
c85976f37bd64a78af7876fe175d0abd,20260721_045148:81,command_injection,long_cube_then_cylinder_sort,cylinder_transport,long_cylinder_place_high,low,cylinder,1,2,0.04999999999999999,0.05025097266263995,0.02785860209404616,0.31951795396297833,0.0492498910000001,0.0032836075072095,Command injection,100.0,99.84615384615385,92.0,59.88461538461538,76.03846153846155,17.653846153846153,74.23717948717949
81ed3df88da849f89124ae9f258669e3,20260721_045248:82,command_injection,short_cube_pick_place,cube_transport,long_cube_place_high,low,cube,1,2,0.05,0.04883857001669413,0.06033090374052011,0.23114203298054906,0.00039926550000002337,0.0119077479521754,Command injection,100.0,99.84615384615385,96.61538461538461,56.30769230769231,65.0,45.92307692307692,77.28205128205128
12997f4af3b2451db6a96547ae28a373,20260721_045305:83,command_injection,long_cube_then_cylinder_sort,cylinder_transport,long_cylinder_place_high,low,cylinder,1,2,0.04999999999999999,0.04868267069316874,0.045131896395584396,0.12525014435489934,0.0008932530000000938,0.0182289947495464,Command injection,100.0,99.84615384615385,95.88461538461537,46.19230769230769,73.42307692307692,68.07692307692308,80.57051282051282
d9ef7b0ce39f4bc0a473b00a92c10437,20260721_045418:86,command_injection,short_cube_pick_place,cube_transport,long_cube_place_high,medium,cube,1,2,0.09999999999999999,0.0966437677382939,0.12444995213503678,0.9207747970380328,0.05007912850000007,0.0184488905084288,Command injection,100.0,99.96153846153845,97.92307692307692,67.6923076923077,93.61538461538461,68.3076923076923,87.91666666666664
9d05e2e0d98444e4a58d8c7b122c58ef,20260721_071920:1,replay_attack,short_cube_pick_place,cube_retreat,long_cube_place_mid,medium,cube,1,2,0.3266925465938884,0.3218047868730635,0.26575445071327125,1.3069957251927697,0.34969798299999993,0.0154690691781327,Replay,100.0,100.0,99.76923076923076,69.76923076923077,98.57692307692307,59.5,87.93589743589745
6e5a2aec20ab46798d1124d4f82056ee,20260721_072105:6,replay_attack,long_cube_then_cylinder_sort,cylinder_retreat,long_cylinder_place_mid,low,cylinder,1,2,0.2940887961143711,0.27070551663947034,0.3909106482819035,148.02326319679767,0.09966748699999994,0.033853870185382,Replay,100.0,100.0,99.96153846153845,100.0,97.8076923076923,81.03846153846153,96.46794871794872
5115183ecb7446489726adda5020473a,20260721_072142:7,replay_attack,long_cube_then_cylinder_sort,cylinder_retreat,long_cylinder_place_mid,high,cylinder,1,2,0.7956422500093872,0.794828289029509,0.3593814579877977,13.585892361606183,0.549440991,0.0122461782649759,Replay,100.0,100.0,99.96153846153845,92.46153846153847,98.65384615384616,47.26923076923077,89.72435897435896
5549915a31434c30abdca8598df52ce1,20260721_072219:8,replay_attack,long_cube_then_cylinder_sort,cube_retreat,long_cube_place_mid,medium,cube,1,2,0.3266925465938884,0.32135248515962905,0.21544145409193685,1.292594958178093,0.3996472575000001,0.0122089527573167,Replay,100.0,100.0,98.8076923076923,69.6923076923077,98.65384615384616,47.15384615384615,85.71794871794873
dc995907c5484900a1902c441695cf84,20260721_072318:10,replay_attack,short_cube_pick_place,cube_retreat,long_cube_place_mid,low,cube,1,2,0.25487985404892244,0.20358034688874418,0.46318103932150445,170.2202220279565,0.09944508899999999,0.0641864103007128,Replay,100.0,100.0,99.96153846153845,100.0,97.76923076923076,85.46153846153847,97.19871794871796
5427d11c91aa48159ce667ef5daed31b,20260721_072405:12,replay_attack,long_cube_then_cylinder_sort,cylinder_retreat,long_cylinder_place_mid,high,cylinder,1,2,0.7956422500093872,0.7826284423220128,0.366266820831533,9.664177345926943,0.4995799719999998,0.0143683722517357,Replay,100.0,100.0,99.96153846153845,88.73076923076924,98.65384615384616,56.38461538461539,90.62179487179486
261c50a3ba67495ebe605bf5142f52f8,20260721_072443:13,replay_attack,long_cube_then_cylinder_sort,cube_retreat,long_cube_place_mid,low,cube,1,2,0.25487985404892244,0.2079095056099321,0.30209460173555763,170.0836552574015,0.09954507150000003,0.0641329928391041,Replay,100.0,100.0,99.96153846153845,100.0,97.8076923076923,85.46153846153847,97.20512820512822
ec7e31bf48e44e3d8bf97346ddb7aa12,20260721_072538:15,replay_attack,short_cube_pick_place,cube_retreat,long_cube_place_mid,low,cube,1,2,0.25487985404892244,0.20284207799952322,0.46318464507966406,170.25789569959576,0.14949291199999998,0.0642071967464516,Replay,100.0,100.0,99.96153846153845,100.0,98.38461538461539,85.46153846153847,97.30128205128204
ed8f25dfbfb9464d8279092dd01bc515,20260721_072709:19,replay_attack,long_cube_then_cylinder_sort,cylinder_retreat,long_cylinder_place_mid,high,cylinder,1,2,0.7956422500093872,0.7803278961476146,0.37649349570960666,8.773155358907717,0.5000187249999999,0.0159079181487161,Replay,100.0,100.0,99.96153846153845,88.15384615384615,98.65384615384616,61.53846153846154,91.38461538461537
a8a7774cfb9f4bcb919f2008bf7e5d3f,20260721_073055:27,replay_attack,short_cube_pick_place,cube_retreat,long_cube_place_mid,high,cube,1,2,0.7258389490789262,0.6964118644035037,0.7315427549019397,7.224900270499321,0.34937356199999997,0.0294042592720643,Replay,100.0,100.0,100.0,85.8076923076923,98.57692307692307,80.92307692307692,94.21794871794872
92e21c48d40d4b5ba20f8907dc4afe70,20260721_073418:34,replay_attack,short_cube_pick_place,cube_retreat,long_cube_place_mid,low,cube,1,2,0.25487985404892244,0.20460052901083856,0.46318690529054124,170.2238170953248,0.09940730699999994,0.0642913839902931,Replay,100.0,100.0,99.96153846153845,100.0,97.6923076923077,85.46153846153847,97.18589743589745
1a9a5f4d48454fb3a2b0377e9060dcef,20260721_073748:41,replay_attack,short_cube_pick_place,cube_retreat,long_cube_place_mid,high,cube,1,2,0.7258389490789262,0.6893518259346837,0.7303712157709618,7.44034003643332,0.349612054,0.0367500001686547,Replay,100.0,100.0,100.0,86.6923076923077,98.57692307692307,81.42307692307692,94.44871794871794
2e8640bf3dd94504bc667b9ccb2cc3fc,20260721_075042:67,replay_attack,long_cube_then_cylinder_sort,cylinder_retreat,long_cylinder_place_mid,low,cylinder,1,2,0.2940887961143711,0.269465313235171,0.39090229281678524,153.24685320877296,0.09945411699999995,0.0340096804925521,Replay,100.0,100.0,99.96153846153845,100.0,97.76923076923076,81.03846153846153,96.46153846153845
ed71e6c0c87547c9b52b4c552160a9fd,20260721_075349:74,replay_attack,long_cube_then_cylinder_sort,cylinder_retreat,long_cylinder_place_mid,medium,cylinder,1,2,0.3266925465938884,0.32010537247351434,0.15978706173779622,1.2993229979071088,0.399481561,0.0164141413328266,Replay,100.0,100.0,98.26923076923076,69.76923076923077,98.65384615384616,63.07692307692307,88.29487179487181
59c615c0aec2404d9e5a6dd17c22a32b,20260721_075504:76,replay_attack,short_cube_pick_place,cube_retreat,long_cube_place_mid,low,cube,1,2,0.25487985404892244,0.2032577990622748,0.4631898149149876,170.1979913687641,0.09942356699999993,0.0642580165776533,Replay,100.0,100.0,99.96153846153845,100.0,97.76923076923076,85.46153846153847,97.19871794871796
f80a80a7a4db4470a5c6b4a25858134e,20260721_075521:77,replay_attack,long_cube_then_cylinder_sort,cube_retreat,long_cube_place_mid,medium,cube,1,2,0.3266925465938884,0.33197041839704106,0.20930970887590747,1.4504859706907665,0.4493200305,0.0012708971841221,Replay,100.0,100.0,98.65384615384616,70.23076923076923,98.65384615384616,5.6923076923076925,78.87179487179488
6059c4205d1d4efda0b956e1077f5aff,20260721_075716:81,replay_attack,long_cube_then_cylinder_sort,cylinder_retreat,long_cylinder_place_mid,low,cylinder,1,2,0.2940887961143711,0.26947166743726436,0.3909042707297374,153.63027746943112,0.09983855699999988,0.0340064288287857,Replay,100.0,100.0,99.96153846153845,100.0,97.96153846153847,81.03846153846153,96.49358974358974
1e368a6bd6654da688dad293cf81a014,20260721_080204:91,replay_attack,short_cube_pick_place,cube_retreat,long_cube_place_mid,medium,cube,1,2,0.3266925465938884,0.3356026054484547,0.2590690011829419,1.500697319899084,0.399427092,0.00127868055974,Replay,100.0,100.0,99.76923076923076,70.5,98.65384615384616,5.769230769230769,79.11538461538461
f3a0259afa53456fb9e75c79d990360e,20260721_080526:98,replay_attack,short_cube_pick_place,cube_retreat,long_cube_place_mid,high,cube,1,2,0.7258389490789262,0.6999086461859689,0.7237347459861623,7.0806603651452376,0.349395815,0.0257258147758075,Replay,100.0,100.0,100.0,85.5,98.57692307692307,79.53846153846153,93.93589743589745
eb994cc78f1545b58a57fcec4c4f8ea8,20260721_080607:99,replay_attack,short_cube_pick_place,cube_retreat,long_cube_place_mid,medium,cube,1,2,0.3266925465938884,0.3229882465109593,0.26932653192366846,1.296038875978985,0.34939704499999996,0.0142508901098312,Replay,100.0,100.0,99.8076923076923,69.76923076923077,98.57692307692307,55.69230769230769,87.30769230769232
ddb93c59e0e64976a597c701129e462f,20260721_053233:1,denial_of_service,short_cube_pick_place,cube_transport,long_cube_place_high,medium,cube,1,2,0.0,0.0016288209301488792,0.2291463386276728,4.321631081459597,0.8010080964999999,0.0069465025494624,Delay DoS,100.0,31.346153846153847,99.07692307692308,77.88461538461539,98.73076923076923,28.384615384615387,72.57051282051282
8943a8ba9da74cb8909f038b702e4c6b,20260721_053504:6,denial_of_service,long_cube_then_cylinder_sort,cylinder_transport,long_cylinder_place_high,low,cylinder,1,2,0.0,0.0071115175405015146,0.06190363137194638,1.8620804851959463,0.250970575,0.0206941166661794,Delay DoS,100.0,76.5,96.6923076923077,71.76923076923077,98.57692307692307,73.65384615384616,86.19871794871796
464b2917a54a4ce9a2750474b7521db4,20260721_053944:8,denial_of_service,long_cube_then_cylinder_sort,cube_transport,long_cube_place_high,medium,cube,1,2,0.0,0.0014598485218730915,0.14108523362472825,3.7556792377924184,0.7504473535,0.0077000637347178,Delay DoS,100.0,29.26923076923077,98.0,76.42307692307693,98.73076923076923,30.76923076923077,72.19871794871796
0f3a720aeb2e462e9655f21d293f906b,20260721_054055:9,denial_of_service,short_cube_pick_place,cube_transport,long_cube_place_high,high,cube,1,2,0.0,0.0016288088210164322,0.3473161213856307,6.192895683536229,1.5012392955,0.0069465142575442,Delay DoS,100.0,31.346153846153847,99.96153846153845,83.57692307692308,98.88461538461539,28.384615384615387,73.69230769230768
76bbdcef4a224c34aee5017dada96675,20260721_054159:12,denial_of_service,long_cube_then_cylinder_sort,cylinder_transport,long_cylinder_place_high,high,cylinder,1,2,0.0,0.0032313863526153303,0.21883130486480878,5.550142781750266,1.5002164390000001,0.0168139697904926,Delay DoS,100.0,52.15384615384615,98.88461538461539,81.92307692307692,98.88461538461539,64.46153846153845,82.71794871794872
f0818ed9be434288ac3628aded569dbc,20260721_054952:26,denial_of_service,short_cube_pick_place,cube_transport,long_cube_place_high,low,cube,1,2,0.0,0.0020122688158574196,0.10004738152497923,1.9704637471929045,0.25043581849999996,0.0105875745418729,Delay DoS,100.0,36.42307692307693,97.46153846153847,72.15384615384616,98.57692307692307,41.11538461538461,74.28846153846155
d4f11767859a4db491adcad26770fcca,20260721_055133:30,denial_of_service,long_cube_then_cylinder_sort,cylinder_transport,long_cylinder_place_high,low,cylinder,1,2,0.0,0.01164132273654915,0.06609371757362761,1.336947432482453,0.30080171199999994,0.001941297434934,Delay DoS,100.0,88.5,96.84615384615385,69.96153846153847,98.57692307692307,10.23076923076923,77.3525641025641
7e124df70549484095a254c25f003a22,20260721_055917:44,denial_of_service,short_cube_pick_place,cube_transport,long_cube_place_high,medium,cube,1,2,0.0,0.009354848013512282,0.22880459609406528,4.507379271368099,0.7511492865,0.017930159959984,Delay DoS,100.0,83.11538461538461,99.07692307692308,78.07692307692308,98.73076923076923,66.96153846153847,87.66025641025641
2e9805d93ced41e49148ae51c637f9bb,20260721_060116:48,denial_of_service,short_cube_pick_place,cube_transport,long_cube_place_high,low,cube,1,2,0.0,0.023698988512609515,0.10322825804791988,2.493680416644279,0.20131325649999998,0.0322743014964072,Delay DoS,100.0,98.1923076923077,97.57692307692307,73.65384615384616,98.57692307692307,80.96153846153847,91.49358974358974
6d16d2c805ec4c2e8e19cc2a747002dc,20260721_061333:66,denial_of_service,short_cube_pick_place,cube_transport,long_cube_place_high,medium,cube,1,2,0.0,0.0075618286919364106,0.22966372052379083,4.402082469712022,0.7512059785,0.0161371402191717,Delay DoS,100.0,77.8076923076923,99.11538461538461,78.0,98.73076923076923,61.80769230769231,85.91025641025641
1d3ec60b92494985bcaa7ef0b0eebeb7,20260721_061504:69,denial_of_service,long_cube_then_cylinder_sort,cylinder_transport,long_cylinder_place_high,high,cylinder,1,2,0.0,0.0006447371386011599,0.22094828159791843,5.55550023704496,1.500693705,0.0142272052074149,Delay DoS,100.0,12.692307692307692,98.88461538461539,81.96153846153847,98.88461538461539,55.46153846153846,74.6474358974359
9aa82e4fa609402f80fbc3228a2080a0,20260721_061646:73,denial_of_service,short_cube_pick_place,cube_transport,long_cube_place_high,high,cube,1,2,0.0,0.00588409619927802,0.3431705011551963,5.936186558043461,1.5513199735,0.0026912200761448,Delay DoS,100.0,71.92307692307692,99.96153846153845,83.03846153846153,98.88461538461539,15.269230769230768,78.17948717948717
6b413387c5104b8091603d85f56779b0,20260721_061704:74,denial_of_service,long_cube_then_cylinder_sort,cylinder_transport,long_cylinder_place_high,medium,cylinder,1,2,0.0,0.0032313863526153065,0.14197534081379698,3.8098828769245077,0.750904182,0.0168139697904926,Delay DoS,100.0,52.15384615384615,98.0,76.53846153846153,98.73076923076923,64.46153846153845,81.6474358974359
4c0eb3fca5fb47638174cec60e729f21,20260721_061803:75,denial_of_service,long_cube_then_cylinder_sort,cube_transport,long_cube_place_high,medium,cube,1,2,0.0,0.00810391921901246,0.138433200349863,3.827860286147159,0.7504602245,0.0143441529007334,Delay DoS,100.0,79.53846153846153,97.96153846153847,76.57692307692308,98.73076923076923,56.11538461538461,84.82051282051282
1830142e4c7a405ea7ca3a096243f12b,20260721_061840:76,denial_of_service,short_cube_pick_place,cube_transport,long_cube_place_high,low,cube,1,2,0.0,0.007561837279319013,0.09859964894146156,2.2138428318951515,0.25114117150000004,0.0161371488579612,Delay DoS,100.0,77.8076923076923,97.34615384615385,73.15384615384616,98.57692307692307,61.80769230769231,84.7820512820513
a64ad6dc83174f73b5fcbc554b112612,20260721_061957:78,denial_of_service,short_cube_pick_place,cube_transport,long_cube_place_high,high,cube,1,2,0.0,0.020112961082088078,0.34530487032536145,6.356621165461374,1.5013662134999999,0.0286882739618664,Delay DoS,100.0,97.57692307692307,99.96153846153845,84.11538461538461,98.88461538461539,80.84615384615384,93.56410256410255
cee6014e0f7b4374a50560702610c7b8,20260721_062503:87,denial_of_service,long_cube_then_cylinder_sort,cylinder_transport,long_cylinder_place_high,low,cylinder,1,2,0.0,0.011425623172010877,0.06649629874507927,1.324878793017568,0.3005326610000001,0.0021569971501405,Delay DoS,100.0,87.6923076923077,96.84615384615385,69.84615384615384,98.57692307692307,12.076923076923077,77.50641025641026
d7c086756a104888870663b4227c3d54,20260721_062552:88,denial_of_service,short_cube_pick_place,cube_transport,long_cube_place_high,low,cube,1,2,0.0,0.012940887862266475,0.09664626491360069,2.200898438276417,0.25122925949999986,0.0215162003037849,Delay DoS,100.0,90.5,97.34615384615385,73.07692307692307,98.57692307692307,74.6923076923077,89.03205128205128
d3f605cb0aab46a18ca66e0035ec496a,20260721_062609:89,denial_of_service,long_cube_then_cylinder_sort,cube_transport,long_cube_place_high,high,cube,1,2,0.0,0.0029256221126351344,0.21527633442471047,5.283726863243776,1.5504890245000003,0.0033146264613688,Delay DoS,100.0,49.03846153846153,98.8076923076923,80.38461538461539,98.88461538461539,17.692307692307693,74.13461538461539
1706c8dd25234fb09915f732c9ad0c47,20260721_063228:100,denial_of_service,long_cube_then_cylinder_sort,cylinder_transport,long_cylinder_place_high,low,cylinder,1,2,0.0,0.009698278648740302,0.059620460762689856,1.8772431508109186,0.25121478100000005,0.0232808812591902,Delay DoS,100.0,83.88461538461539,96.61538461538461,71.84615384615385,98.57692307692307,77.73076923076923,88.10897435897436
db63d2f667514204a7f09a6d6a62a780,20260721_021136:2,mitm_trajectory_manipulation,short_cube_pick_place,cube_transport,long_cube_place_high,low,cube,1,3,0.05,0.04866776745482425,0.0613590733171884,0.17263958087613443,0.0003477169999999141,0.0132322986022172,MITM manipulation,100.0,99.84615384615385,96.65384615384616,52.19230769230769,61.73076923076923,51.53846153846153,76.99358974358974
47674c6257574c2daac885d1436a3d77,20260721_021525:9,mitm_trajectory_manipulation,short_cube_pick_place,cube_transport,long_cube_place_high,high,cube,1,3,0.15,0.14785743622454,0.06057195149878991,0.21532308157406813,0.0005035849999999176,0.0213632348999343,MITM manipulation,100.0,100.0,96.65384615384616,55.53846153846153,69.23076923076923,74.38461538461539,82.6346153846154
d62f801144c24d77961f563ef5fef66a,20260721_022028:18,mitm_trajectory_manipulation,short_cube_pick_place,cube_transport,long_cube_place_high,high,cube,1,3,0.15,0.14850749446923428,0.18146407068738696,0.3024190854129642,0.05109751299999998,0.0081032108832164,MITM manipulation,100.0,100.0,98.38461538461539,59.5,97.61538461538461,32.34615384615385,81.3076923076923
2baa0c861a244678bf7d36c85c9fd2da,20260721_022138:21,mitm_trajectory_manipulation,short_cube_pick_place,cube_transport,long_cube_place_high,medium,cube,1,3,0.1,0.09962890008752855,0.1215242874320685,0.26040132163856655,0.0007031829999999406,0.0213104446992099,MITM manipulation,100.0,99.96153846153845,97.88461538461539,57.65384615384615,72.84615384615385,74.03846153846155,83.73076923076923
18888c3ca02e42b885be7b45177bdf60,20260721_022435:26,mitm_trajectory_manipulation,short_cube_pick_place,cube_transport,long_cube_place_high,low,cube,1,3,0.05,0.04991347663329464,0.06072890431440082,0.23989799161348555,0.0005467629999998946,0.0129774577631566,MITM manipulation,100.0,99.84615384615385,96.65384615384616,56.84615384615385,70.42307692307692,49.15384615384615,78.82051282051282
46ff14787f44477b9d78d7f026a2420b,20260721_022600:30,mitm_trajectory_manipulation,long_cube_then_cylinder_sort,cylinder_transport,long_cylinder_place_high,low,cylinder,1,3,0.04999999999999999,0.048664679547514376,0.044555105292034415,0.2503867776858279,0.00010004499999993754,0.0208272104889757,MITM manipulation,100.0,99.84615384615385,95.88461538461537,57.1923076923077,26.115384615384617,73.88461538461539,75.48717948717949
a90174f7f60e487c93809d4a4b6f95aa,20260721_022833:35,mitm_trajectory_manipulation,long_cube_then_cylinder_sort,cube_transport,long_cube_place_high,medium,cube,1,3,0.1,0.09929928217623316,0.0884908238672169,0.2242867961262353,0.0008982814999998201,0.0023931611901936,MITM manipulation,100.0,99.96153846153845,97.26923076923077,55.92307692307692,73.42307692307692,13.423076923076923,73.33333333333333
b0d1150d36bd48e9a393ee1f2edfddfb,20260721_023041:39,mitm_trajectory_manipulation,short_cube_pick_place,cube_transport,long_cube_place_high,low,cube,1,3,0.05,0.05090222889720932,0.06054512574424714,0.31781949231916357,0.0010141419999999401,0.017800737536653,MITM manipulation,100.0,99.84615384615385,96.65384615384616,59.84615384615385,73.73076923076923,66.23076923076923,82.71794871794872
8fba5ed9e0aa47f39adb4ed35504109c,20260721_023616:51,mitm_trajectory_manipulation,long_cube_then_cylinder_sort,cube_transport,long_cube_place_high,high,cube,1,3,0.15,0.14529401311680246,0.13514255634478478,0.24538368885405598,0.049179375500000067,0.0177955462570784,MITM manipulation,100.0,100.0,97.96153846153847,56.96153846153847,75.84615384615384,66.23076923076923,82.83333333333333
25e2cd80828f4ccf94408f7862201eef,20260721_023652:52,mitm_trajectory_manipulation,long_cube_then_cylinder_sort,cube_transport,long_cube_place_high,medium,cube,1,3,0.09999999999999999,0.09917866438070479,0.08956993111271354,0.178350111433502,0.04911173450000006,0.0057746695783886,MITM manipulation,100.0,99.96153846153845,97.26923076923077,52.69230769230769,75.46153846153845,25.769230769230766,75.1923076923077
499a5f814f6a4cd49907bc0b8122cd8e,20260721_023954:56,mitm_trajectory_manipulation,long_cube_then_cylinder_sort,cylinder_transport,long_cylinder_place_high,high,cylinder,1,3,0.15000000000000002,0.14933784381999696,0.06168234717400045,0.4164239771592481,0.0506077749999998,0.0021792443241335,MITM manipulation,100.0,100.0,96.6923076923077,65.1923076923077,97.46153846153847,12.538461538461537,78.6474358974359
280dbc3cdb2340819f66347f74f977c2,20260721_024031:57,mitm_trajectory_manipulation,long_cube_then_cylinder_sort,cube_transport,long_cube_place_high,medium,cube,1,3,0.09999999999999999,0.097156737836675,0.09020369735914116,0.20543747102624613,0.04881035850000015,0.0147563106121284,MITM manipulation,100.0,99.96153846153845,97.3076923076923,54.61538461538461,75.3076923076923,57.692307692307686,80.81410256410255
19c1b7e0881e4bb5aeff90c2377fb51a,20260721_024231:60,mitm_trajectory_manipulation,long_cube_then_cylinder_sort,cylinder_transport,long_cylinder_place_high,high,cylinder,1,3,0.15000000000000002,0.14461518944774238,0.13420970441139027,0.23279560495944024,0.00011531600000025399,0.0253994415002727,MITM manipulation,100.0,100.0,97.96153846153847,56.42307692307692,29.19230769230769,79.53846153846153,77.18589743589743
16252b64a1204b7396967045562c36b1,20260721_024328:62,mitm_trajectory_manipulation,short_cube_pick_place,cube_transport,long_cube_place_high,medium,cube,1,3,0.09999999999999999,0.09698749810390646,0.12346474145360428,0.3172838526468887,0.049475252000000025,0.0166008755956276,MITM manipulation,100.0,99.96153846153845,97.92307692307692,59.84615384615385,77.88461538461539,64.0,83.26923076923077
66316eae465a4376a7cbb5d785a08c2f,20260721_024503:66,mitm_trajectory_manipulation,short_cube_pick_place,cube_transport,long_cube_place_high,medium,cube,1,3,0.09999999999999999,0.09732593368084673,0.12400126556851496,0.249011392175716,0.000497461999999893,0.0149414013627149,MITM manipulation,100.0,99.96153846153845,97.92307692307692,57.11538461538461,69.11538461538461,58.07692307692308,80.36538461538463
1ef0e8814be04e14a4f0846f79daa35a,20260721_025148:79,mitm_trajectory_manipulation,short_cube_pick_place,cube_transport,long_cube_place_high,high,cube,1,3,0.15,0.14826883302311294,0.06015429508333239,0.17210022203664463,0.0012609869999998802,0.0076624987829956,MITM manipulation,100.0,100.0,96.61538461538461,52.19230769230769,74.07692307692308,30.76923076923077,75.60897435897436
c3f0bb1377124bd5847de1808b07c2c6,20260721_025359:83,mitm_trajectory_manipulation,long_cube_then_cylinder_sort,cylinder_transport,long_cylinder_place_high,low,cylinder,1,3,0.04999999999999999,0.04932933843280891,0.04527395331966764,0.05577429036449821,0.0003161509999998202,0.0117182811361293,MITM manipulation,100.0,99.84615384615385,95.88461538461537,28.692307692307693,59.53846153846154,44.76923076923077,71.4551282051282
719b670cb98245b891e937df23caa4d8,20260721_025638:88,mitm_trajectory_manipulation,short_cube_pick_place,cube_transport,long_cube_place_high,low,cube,1,3,0.05,0.050653470996779824,0.06024619794155481,0.3772153596787812,0.0005557009999999085,0.0037370681333498,MITM manipulation,100.0,99.84615384615385,96.61538461538461,61.76923076923077,70.73076923076923,19.884615384615383,74.8076923076923
41aa64a601514a9ea9f907482696bdfe,20260721_030102:97,mitm_trajectory_manipulation,long_cube_then_cylinder_sort,cylinder_transport,long_cylinder_place_high,medium,cylinder,1,3,0.09999999999999998,0.09778326543449721,0.01774510851127499,0.26610274596880096,0.0002731339999999527,0.0246290875695353,MITM manipulation,100.0,99.96153846153845,88.61538461538461,57.96153846153847,55.42307692307692,79.1923076923077,80.1923076923077
e17049556b2b4e0f9fd00dee19b47110,20260721_030219:100,mitm_trajectory_manipulation,long_cube_then_cylinder_sort,cylinder_transport,long_cylinder_place_high,low,cylinder,1,3,0.04999999999999999,0.04904063614080691,0.027196629055783156,0.0666938404410834,0.00041570299999982296,0.0142064929058238,MITM manipulation,100.0,99.84615384615385,91.88461538461539,32.69230769230769,65.8076923076923,55.46153846153846,74.28205128205128
a8bce0b5b9c041df9d194474e49489f9,20260721_040106:2,command_injection,short_cube_pick_place,cube_transport,long_cube_place_high,low,cube,1,3,0.05,0.04939875585518547,0.06524650345467663,0.25064284327527003,0.050515403000000014,0.0290421389383789,Command injection,100.0,99.84615384615385,96.76923076923077,57.1923076923077,97.34615384615385,80.92307692307692,88.67948717948718
9ef796256685414d82695379eae86573,20260721_040127:3,command_injection,short_cube_pick_place,cube_transport,long_cube_place_high,low,cube,1,3,0.05,0.05090229012089324,0.061353813237317215,0.10325354658501637,0.0006458020000000841,0.0178010636776233,Command injection,100.0,99.84615384615385,96.65384615384616,42.23076923076923,72.42307692307692,66.23076923076923,79.56410256410255
43ce22a094fd4d409e9e7cf1340b1621,20260721_040145:4,command_injection,short_cube_pick_place,cube_transport,long_cube_place_high,medium,cube,1,3,0.1,0.09881783794411526,0.12093310611217956,0.16899676195567284,0.0003621530000000872,0.0068800837582774,Command injection,100.0,99.96153846153845,97.84615384615385,52.07692307692307,62.76923076923077,28.23076923076923,73.48076923076924
577af635bab941e0a0fa5fcae5893cdf,20260721_040202:5,command_injection,long_cube_then_cylinder_sort,cylinder_transport,long_cylinder_place_high,high,cylinder,1,3,0.15000000000000002,0.14585168946011606,0.06275402922081749,0.22139394641147833,0.0011820650000000654,0.0248355172887312,Command injection,100.0,100.0,96.6923076923077,55.88461538461539,74.0,79.1923076923077,84.2948717948718
1a76391a622c4fa1b8139a1640bdcd4d,20260721_040339:7,command_injection,long_cube_then_cylinder_sort,cylinder_transport,long_cylinder_place_high,high,cylinder,1,3,0.15000000000000002,0.1487070062062407,0.06197193704570823,0.29121439129742727,0.04914566499999995,0.0050625666369766,Command injection,100.0,100.0,96.6923076923077,59.03846153846154,75.61538461538461,23.307692307692307,75.77564102564102
5233ca433006404680106842d6e571f3,20260721_040910:19,command_injection,long_cube_then_cylinder_sort,cylinder_transport,long_cylinder_place_high,high,cylinder,1,3,0.15000000000000002,0.14569671318803137,0.13388937289611205,0.2170130739407392,0.00118116200000018,0.0200523611382674,Command injection,100.0,100.0,97.96153846153847,55.57692307692308,74.0,72.26923076923077,83.30128205128206
1a5d37e18e1d408a832040b8cf145658,20260721_040958:20,command_injection,short_cube_pick_place,cube_transport,long_cube_place_high,high,cube,1,3,0.15,0.14789727338484435,0.06023224270601908,0.3640316102909441,5.0430000000045716e-05,0.0231453440642664,Command injection,100.0,100.0,96.61538461538461,61.38461538461538,13.923076923076923,77.73076923076923,74.9423076923077
a1c4a6a3c8c34efba51ac7568e1d63a4,20260721_041118:23,command_injection,short_cube_pick_place,cube_transport,long_cube_place_high,medium,cube,1,3,0.1,0.10014682638174544,0.12139676025352897,0.28550551407358976,0.0005314490000000172,0.0248617601934475,Command injection,100.0,99.96153846153845,97.88461538461539,58.73076923076923,69.92307692307692,79.1923076923077,84.28205128205127
06bcc2cbfb924bcd9dcc9855f07bcaa9,20260721_041225:25,command_injection,long_cube_then_cylinder_sort,cube_transport,long_cube_place_high,low,cube,1,3,0.05,0.049540839393224595,0.0443251607860153,0.29730124172716016,0.0003517635000001018,0.0036620331925696,Command injection,100.0,99.84615384615385,95.84615384615385,59.34615384615385,62.03846153846154,19.30769230769231,72.73076923076924
bc5f1d23cf154f8ca33e0533aa221cc1,20260721_041423:29,command_injection,long_cube_then_cylinder_sort,cylinder_transport,long_cylinder_place_high,low,cylinder,1,3,0.04999999999999999,0.051594138358974626,0.04427460313561572,0.3260134321578118,0.048868158999999745,0.0026800920252223,Command injection,100.0,99.84615384615385,95.8076923076923,60.23076923076923,75.34615384615385,15.0,74.37179487179488
2ca0d3f9e34145b6bfe514e237824bc2,20260721_041511:30,command_injection,long_cube_then_cylinder_sort,cylinder_transport,long_cylinder_place_high,low,cylinder,1,3,0.04999999999999999,0.04874284046516996,0.044734951523481246,0.13957722217324653,0.0007858740000001863,0.0169264100546374,Command injection,100.0,99.84615384615385,95.88461538461537,48.23076923076923,73.34615384615385,64.96153846153845,80.37820512820512
384516d657024c3fbf6bd94adc8e1041,20260721_041748:34,command_injection,short_cube_pick_place,cube_transport,long_cube_place_high,low,cube,1,3,0.05,0.056184513252591974,0.06139411734463262,0.36570526757461297,0.0503368540000001,0.032038963879383,Command injection,100.0,99.84615384615385,96.6923076923077,61.38461538461538,96.65384615384616,80.96153846153847,89.25641025641026
8de0e903a01f4dbc8bc039c82d0eff86,20260721_043045:46,command_injection,short_cube_pick_place,cube_transport,long_cube_place_high,low,cube,1,3,0.05,0.049212198320215395,0.06265677740821797,0.12335847098665605,0.00021780800000004152,0.0096442105368018,Command injection,100.0,99.84615384615385,96.6923076923077,46.07692307692307,47.73076923076923,38.19230769230769,71.42307692307692
34fe0209c71a439684974110674aab4d,20260721_043213:49,command_injection,long_cube_then_cylinder_sort,cylinder_transport,long_cylinder_place_high,medium,cylinder,1,3,0.09999999999999998,0.09787171624619005,0.01827103663531908,0.0425022857565685,0.0011187250000002091,0.016847457203407,Command injection,100.0,99.96153846153845,88.84615384615384,23.807692307692307,74.0,64.65384615384615,75.21153846153845
eef71082ca1d4ea28255fda6f55fa6c0,20260721_043417:52,command_injection,long_cube_then_cylinder_sort,cube_transport,long_cube_place_high,medium,cube,1,3,0.09999999999999999,0.09740887669978072,0.09089492094639215,0.15956690170411128,0.05014750850000005,0.0134157822586789,Command injection,100.0,99.96153846153845,97.3076923076923,50.88461538461539,94.8076923076923,53.26923076923077,82.70512820512822
92f4c8a11f4d4819a5761ed5d3b1742e,20260721_043737:57,command_injection,long_cube_then_cylinder_sort,cube_transport,long_cube_place_high,medium,cube,1,3,0.09999999999999999,0.09960964113842591,0.08935665930871206,0.18181826450240543,0.05026927250000002,0.0042096958610973,Command injection,100.0,99.96153846153845,97.26923076923077,52.96153846153846,95.88461538461537,21.53846153846154,77.93589743589743
e4f23efe5d0c49f28917fc58ce6ccd3b,20260721_044617:72,command_injection,short_cube_pick_place,cube_transport,long_cube_place_high,medium,cube,1,3,0.1,0.09880425769323753,0.12098978244052545,0.17703753028226218,0.00039370900000001985,0.0084928337080888,Command injection,100.0,99.96153846153845,97.84615384615385,52.61538461538462,64.84615384615384,32.96153846153846,74.70512820512822
2a058f9d32f242a7984c6a017643b9a9,20260721_044940:78,command_injection,short_cube_pick_place,cube_transport,long_cube_place_high,high,cube,1,3,0.15,0.1485074930073807,0.18139781869165397,0.3371846041356611,0.049695682999999935,0.0081029281969555,Command injection,100.0,100.0,98.38461538461539,60.65384615384616,82.0,32.34615384615385,78.8974358974359
f799447563cc4a379a454aeddef4d447,20260721_045814:93,command_injection,long_cube_then_cylinder_sort,cube_transport,long_cube_place_high,medium,cube,1,3,0.1,0.09929928630633209,0.08852822745680589,0.20184642900166563,0.0002475905000001166,0.0023930499512806,Command injection,100.0,99.96153846153845,97.26923076923077,54.42307692307692,52.57692307692308,13.423076923076923,69.60897435897435
59cfb0d823d0468da3f22b39dd8ca80a,20260721_045851:94,command_injection,short_cube_pick_place,cube_transport,long_cube_place_high,high,cube,1,3,0.15,0.14801697875788075,0.06012459314410118,0.37747511909808557,0.049657527999999895,0.0116796283386103,Command injection,100.0,100.0,96.61538461538461,61.76923076923077,81.11538461538461,44.730769230769226,80.7051282051282
6c3d8ccc5ca643deaa15d1678e01acf4,20260721_072011:4,replay_attack,short_cube_pick_place,cube_retreat,long_cube_place_mid,medium,cube,1,3,0.3266925465938884,0.3173468140669628,0.2678881619345759,1.3098216506726543,0.3494340315000001,0.0206572565865709,Replay,100.0,100.0,99.8076923076923,69.76923076923077,98.57692307692307,73.61538461538461,90.29487179487181
4f1a47a4e99a48c58e4289068f867e04,20260721_072632:17,replay_attack,short_cube_pick_place,cube_retreat,long_cube_place_mid,medium,cube,1,3,0.3266925465938884,0.3198643097335547,0.2673103246538404,1.3088359763795243,0.34957379450000003,0.0180636409655184,Replay,100.0,100.0,99.8076923076923,69.76923076923077,98.57692307692307,67.34615384615384,89.25
e35273e6ac7f4e2c83bf1d914ac13edb,20260721_072652:18,replay_attack,short_cube_pick_place,cube_retreat,long_cube_place_mid,high,cube,1,3,0.7258389490789262,0.7015215382688305,0.7298469039673017,7.487199883794608,0.34932810550000004,0.0238896946806905,Replay,100.0,100.0,100.0,86.8076923076923,98.57692307692307,78.57692307692308,93.99358974358974
6efb19e30da64d7db174aa5d9ec79d01,20260721_072826:22,replay_attack,long_cube_then_cylinder_sort,cylinder_retreat,long_cylinder_place_mid,high,cylinder,1,3,0.7956422500093872,0.7794120224895122,0.3665338662605597,10.738213250218157,0.499200082,0.0167377844533395,Replay,100.0,100.0,99.96153846153845,89.76923076923077,98.65384615384616,64.46153846153845,92.14102564102564
574737ef42484ccc94b9fdd201da7f47,20260721_073038:26,replay_attack,short_cube_pick_place,cube_retreat,long_cube_place_mid,low,cube,1,3,0.25487985404892244,0.20307821551019029,0.46403656511219,170.36679037982253,0.09943188950000004,0.0642372145558122,Replay,100.0,100.0,99.96153846153845,100.0,97.76923076923076,85.46153846153847,97.19871794871796
61a1bbd0065240d48b93a7b75f519531,20260721_073130:29,replay_attack,long_cube_then_cylinder_sort,cylinder_retreat,long_cylinder_place_mid,low,cylinder,1,3,0.2940887961143711,0.27034538419516396,0.39103439192508993,157.30762178984202,0.09939598699999996,0.0339297943599863,Replay,100.0,100.0,99.96153846153845,100.0,97.6923076923077,81.03846153846153,96.44871794871794
bed8b0c6abac4349a33f9ad7973e0607,20260721_073341:33,replay_attack,long_cube_then_cylinder_sort,cube_retreat,long_cube_place_mid,medium,cube,1,3,0.3266925465938884,0.3167695169320483,0.2172945712107125,1.2856476219774036,0.39958845099999996,0.0169030039472177,Replay,100.0,100.0,98.84615384615385,69.6923076923077,98.65384615384616,64.65384615384615,88.64102564102565
be2a5c3fb477465f869fa6a03e751585,20260721_073517:36,replay_attack,short_cube_pick_place,cube_retreat,long_cube_place_mid,low,cube,1,3,0.25487985404892244,0.20290568936096873,0.4640378811855251,170.36553269654905,0.09954829650000008,0.0642371819710254,Replay,100.0,100.0,99.96153846153845,100.0,97.8076923076923,85.46153846153847,97.20512820512822
4c7df3c4b3694ef68f3ee658c9df63a6,20260721_073613:38,replay_attack,long_cube_then_cylinder_sort,cube_retreat,long_cube_place_mid,high,cube,1,3,0.7258389490789262,0.7119344261432689,0.41473624786947133,13.447203464557832,0.6997721570000001,0.0136598756602055,Replay,100.0,100.0,99.96153846153845,92.38461538461539,98.73076923076923,54.11538461538462,90.8653846153846
ce8c6e3efd27498db754f9ae8a16f5d7,20260721_074543:57,replay_attack,long_cube_then_cylinder_sort,cube_retreat,long_cube_place_mid,medium,cube,1,3,0.3266925465938884,0.3186233018277588,0.21329424554719212,15.762736370839113,0.39934729,0.0149898533067913,Replay,100.0,100.0,98.76923076923076,93.11538461538461,98.65384615384616,58.30769230769231,91.47435897435896
0637c193083f4eb591e3bd33793386da,20260721_074956:65,replay_attack,short_cube_pick_place,cube_retreat,long_cube_place_mid,high,cube,1,3,0.7258389490789262,0.7015120843347662,0.7278233597377437,7.4086022395038125,0.3496682715,0.0238923021636346,Replay,100.0,100.0,100.0,86.5,98.57692307692307,78.57692307692308,93.9423076923077
5b3ec00524ff421588b7ff575426ebbc,20260721_075233:70,replay_attack,short_cube_pick_place,cube_retreat,long_cube_place_mid,medium,cube,1,3,0.3266925465938884,0.31358162422420854,0.26889062490463617,1.312654749117928,0.34948657150000006,0.0245387223267966,Replay,100.0,100.0,99.8076923076923,69.76923076923077,98.57692307692307,78.96153846153847,91.18589743589745
a6dc568ad65446f68a2e748df4f71de0,20260721_075251:71,replay_attack,short_cube_pick_place,cube_retreat,long_cube_place_mid,low,cube,1,3,0.25487985404892244,0.2035542423538406,0.46404067864153353,170.36487882984392,0.09953954549999999,0.0642858938443031,Replay,100.0,100.0,99.96153846153845,100.0,97.8076923076923,85.46153846153847,97.20512820512822
78a12e2f83554556b4a036121a622482,20260721_075427:75,replay_attack,long_cube_then_cylinder_sort,cube_retreat,long_cube_place_mid,medium,cube,1,3,0.3266925465938884,0.3158386364693449,0.21743797650781274,1.2789628808153437,0.399421433,0.0178640047010025,Replay,100.0,100.0,98.84615384615385,69.65384615384616,98.65384615384616,66.8076923076923,88.99358974358974
c47d43c4eb824ca4a93cff1c008913ac,20260721_075619:79,replay_attack,short_cube_pick_place,cube_retreat,long_cube_place_mid,high,cube,1,3,0.7258389490789262,0.6961622014655775,0.7212461800606721,17.61029334648964,0.3494072415,0.0294775488681081,Replay,100.0,100.0,100.0,94.8076923076923,98.57692307692307,80.92307692307692,95.71794871794872
242426470b5346bd9b564f073331fd5b,20260721_075637:80,replay_attack,long_cube_then_cylinder_sort,cube_retreat,long_cube_place_mid,high,cube,1,3,0.7258389490789262,0.7079231475461475,0.4161406367389005,7.294057953660058,0.699238938,0.0178502467038034,Replay,100.0,100.0,99.96153846153845,86.03846153846155,98.73076923076923,66.73076923076923,91.91025641025641
c2cd66dfacda4dfc8c7bd3de9287b84d,20260721_075753:82,replay_attack,short_cube_pick_place,cube_retreat,long_cube_place_mid,low,cube,1,3,0.25487985404892244,0.20342936401758355,0.46403979252335803,170.31908673273938,0.09965857550000001,0.0642608330951458,Replay,100.0,100.0,99.96153846153845,100.0,97.8076923076923,85.46153846153847,97.20512820512822
f00a8c2555eb488fa98888416c698f75,20260721_075811:83,replay_attack,long_cube_then_cylinder_sort,cylinder_retreat,long_cylinder_place_mid,low,cylinder,1,3,0.2940887961143711,0.27004050333300816,0.39103550191494424,157.20983392280988,0.09966255699999993,0.0339669941549379,Replay,100.0,100.0,99.96153846153845,100.0,97.8076923076923,81.03846153846153,96.46794871794872
9e0f76dba12b4a5abb66611a92cc7274,20260721_080238:93,replay_attack,long_cube_then_cylinder_sort,cube_retreat,long_cube_place_mid,medium,cube,1,3,0.3266925465938884,0.3185855257210896,0.2149033181765742,1.2762927775960795,0.39929217500000014,0.0150289852654118,Replay,100.0,100.0,98.8076923076923,69.65384615384616,98.65384615384616,58.34615384615385,87.57692307692308
06ea61144d2a4e92bf10b1c2fede650f,20260721_080626:100,replay_attack,long_cube_then_cylinder_sort,cylinder_retreat,long_cylinder_place_mid,low,cylinder,1,3,0.2940887961143711,0.27047161255488567,0.39105167543758756,137.27443499050028,0.0994875569999999,0.0339303279242486,Replay,100.0,100.0,99.96153846153845,100.0,97.8076923076923,81.03846153846153,96.46794871794872
f8a16296e8e74266997f93370c2d1246,20260721_053250:2,denial_of_service,short_cube_pick_place,cube_transport,long_cube_place_high,low,cube,1,3,0.0,0.007563115367859076,0.0945796141822934,2.1320860063049056,0.250811723,0.0161371426892121,Delay DoS,100.0,77.88461538461539,97.34615384615385,72.84615384615385,98.57692307692307,61.80769230769231,84.74358974358975
c4f65945989544469abe05b692373c70,20260721_054129:11,denial_of_service,short_cube_pick_place,cube_transport,long_cube_place_high,high,cube,1,3,0.0,0.0009547853926665462,0.32597495568582474,6.004050401633966,1.6008653339999999,0.0095288065694244,Delay DoS,100.0,19.230769230769234,99.96153846153845,83.26923076923077,98.88461538461539,36.57692307692308,72.98717948717949
297e62bfd21e44f08a270cb078590c10,20260721_054410:16,denial_of_service,long_cube_then_cylinder_sort,cube_transport,long_cube_place_high,low,cube,1,3,0.0,0.0007862626728882892,0.0581208605665395,1.5932145352591698,0.2511524784999999,0.0045468102903342,Delay DoS,100.0,15.384615384615385,96.57692307692308,70.76923076923077,98.57692307692307,22.038461538461537,67.22435897435896
f7bcd2bef8dc48a3a01f11576436c228,20260721_055009:27,denial_of_service,short_cube_pick_place,cube_transport,long_cube_place_high,high,cube,1,3,0.0,0.0020135355752992057,0.34475928178879955,6.191523751379841,1.500923104,0.0105875604386497,Delay DoS,100.0,36.5,99.96153846153845,83.57692307692308,98.88461538461539,41.11538461538461,76.67307692307692
e67da9dd0fa84af982ed365ce69fc506,20260721_055222:31,denial_of_service,long_cube_then_cylinder_sort,cube_transport,long_cube_place_high,medium,cube,1,3,0.0,0.006403039052120594,0.1358087623804388,3.7863103800785134,0.7012992544999999,0.0117361067020554,Delay DoS,100.0,74.11538461538461,97.96153846153847,76.42307692307693,98.73076923076923,44.76923076923077,82.0
d30f132e7d514325a890d25f4975841c,20260721_055536:37,denial_of_service,long_cube_then_cylinder_sort,cylinder_transport,long_cylinder_place_high,medium,cylinder,1,3,0.0,0.000641023437699714,0.14342243678990205,3.8548406597481626,0.7503145449999999,0.0142272052074149,Delay DoS,100.0,12.615384615384615,98.0,76.73076923076924,98.73076923076923,55.46153846153846,73.58974358974359
0bb91076cc174d4489d5685799e1b758,20260721_055624:38,denial_of_service,long_cube_then_cylinder_sort,cube_transport,long_cube_place_high,high,cube,1,3,0.0,0.00390622731759709,0.21619029997128833,5.261498829144763,1.5011444684999997,0.0014268418794967,Delay DoS,100.0,59.15384615384616,98.8076923076923,80.23076923076923,98.88461538461539,6.615384615384616,73.94871794871796
36622ba59a874ad79fa3d19eed38d8bb,20260721_055713:39,denial_of_service,short_cube_pick_place,cube_transport,long_cube_place_high,low,cube,1,3,0.0,0.014735190017287424,0.10535174087703568,2.4338928718332733,0.200932895,0.0233092177485316,Delay DoS,100.0,92.23076923076923,97.6923076923077,73.53846153846155,98.57692307692307,77.84615384615384,89.98076923076923
0f1008fef04f49eebb338bc865842369,20260721_055821:41,denial_of_service,short_cube_pick_place,cube_transport,long_cube_place_high,high,cube,1,3,0.0,0.0052515330648205735,0.35167197989215704,6.107480953375484,1.501222662,0.0033224962354048,Delay DoS,100.0,69.07692307692308,99.96153846153845,83.34615384615385,98.88461538461539,17.923076923076923,78.19871794871796
6d3d1b3449e74194a618d6865b9f429a,20260721_060414:53,denial_of_service,long_cube_then_cylinder_sort,cylinder_transport,long_cylinder_place_high,medium,cylinder,1,3,0.0,0.004520831193098837,0.14440829959873328,3.892357440809654,0.7506314669999998,0.0181073520820317,Delay DoS,100.0,63.30769230769231,98.0,76.73076923076924,98.73076923076923,67.34615384615384,84.01923076923077
c494b68c0f774e31ae220230255a5f5c,20260721_060624:55,denial_of_service,short_cube_pick_place,cube_transport,long_cube_place_high,medium,cube,1,3,0.0,0.014735190007364672,0.23380482016044493,4.670757240182817,0.7509165359999999,0.0233092177385891,Delay DoS,100.0,92.23076923076923,99.1923076923077,78.34615384615384,98.73076923076923,77.84615384615384,91.0576923076923
e993af07c24b43a7a88c62fee43b9560,20260721_060654:56,denial_of_service,long_cube_then_cylinder_sort,cylinder_transport,long_cylinder_place_high,high,cylinder,1,3,0.0,0.005814201025165068,0.22153421799870485,5.633353145930729,1.5006915539999999,0.0194007343735704,Delay DoS,100.0,71.6923076923077,98.92307692307692,82.07692307692308,98.88461538461539,71.1923076923077,87.12820512820514
bacfc0fcdbe24b4098722d092ba6c3e8,20260721_060821:58,denial_of_service,long_cube_then_cylinder_sort,cube_transport,long_cube_place_high,high,cube,1,3,0.0,0.010315078289873532,0.21582048409625113,5.630502523788197,1.4512984565,0.0156481461743358,Delay DoS,100.0,85.34615384615385,98.8076923076923,82.07692307692308,98.88461538461539,60.53846153846154,87.60897435897436
73c94331620a459fa17314af88d01eb4,20260721_061049:61,denial_of_service,short_cube_pick_place,cube_transport,long_cube_place_high,low,cube,1,3,0.0,0.021907256883168448,0.10777437814859704,2.5045760991747796,0.20097523399999995,0.0304812847493781,Delay DoS,100.0,97.96153846153847,97.6923076923077,73.65384615384616,98.57692307692307,80.96153846153847,91.47435897435896
07c436a044dc4aa89d7553eaf319cfb3,20260721_061110:62,denial_of_service,short_cube_pick_place,cube_transport,long_cube_place_high,medium,cube,1,3,0.0,0.005251533177175877,0.23387539269675264,4.099757408065499,0.8011336739999999,0.0033224961232733,Delay DoS,100.0,69.07692307692308,99.1923076923077,77.5,98.73076923076923,17.923076923076923,77.07051282051282
676d4cf9815448518dd6f6c7c572b62a,20260721_061629:72,denial_of_service,short_cube_pick_place,cube_transport,long_cube_place_high,medium,cube,1,3,0.0,0.009356130933042496,0.23165992029140275,4.590427858299277,0.7511466089999999,0.0179301584150653,Delay DoS,100.0,83.15384615384616,99.15384615384616,78.23076923076923,98.73076923076923,66.96153846153847,87.70512820512822
2b938384b9cd408cb881d2d8cdeac926,20260721_061857:77,denial_of_service,long_cube_then_cylinder_sort,cube_transport,long_cube_place_high,medium,cube,1,3,0.0,0.0026482144178729956,0.14041551656001908,3.5727979725453034,0.7512282694999999,0.0026848552072747,Delay DoS,100.0,46.11538461538461,98.0,76.03846153846155,98.73076923076923,15.0,72.31410256410257
a2af488c5962471fbdda0bbbff33e486,20260721_062245:82,denial_of_service,short_cube_pick_place,cube_transport,long_cube_place_high,low,cube,1,3,0.0,0.016528195713438748,0.09647967143506243,2.2870589433847814,0.251411171,0.0251022234742485,Delay DoS,100.0,94.73076923076923,97.34615384615385,73.23076923076923,98.57692307692307,79.1923076923077,90.51282051282051
6ced7229fbab44d9ab6295536d35b0a7,20260721_062302:83,denial_of_service,long_cube_then_cylinder_sort,cylinder_transport,long_cylinder_place_high,low,cylinder,1,3,0.0,0.011429601902540023,0.06261610412252992,1.1833263316109712,0.3006381349999998,0.0021569971498756,Delay DoS,100.0,87.6923076923077,96.6923076923077,69.23076923076923,98.57692307692307,12.076923076923077,77.37820512820512
77870c61ab044abda371746c2fee27be,20260721_063004:96,denial_of_service,long_cube_then_cylinder_sort,cube_transport,long_cube_place_high,low,cube,1,3,0.0,0.0037476948566836175,0.061019180644400914,1.3057420550661258,0.2514267244999999,0.0015853743873223,Delay DoS,100.0,57.692307692307686,96.65384615384616,69.76923076923077,98.57692307692307,7.730769230769232,71.73717948717949
97611d8018034ceda04168d14b6f5f70,20260721_021116:1,mitm_trajectory_manipulation,short_cube_pick_place,cube_transport,long_cube_place_high,medium,cube,1,4,0.09999999999999999,0.10051261376746021,0.118654530315725,0.35825387293699756,0.0008463675000000004,0.0030761678335936,MITM manipulation,100.0,99.96153846153845,97.84615384615385,61.23076923076923,73.42307692307692,17.346153846153847,74.96794871794872
856666b7fe82401facdd6279adc4ed9b,20260721_021152:3,mitm_trajectory_manipulation,short_cube_pick_place,cube_transport,long_cube_place_high,low,cube,1,4,0.05,0.049477307544271876,0.06082222941027891,0.17298327161739965,0.0009480075000000143,0.0094596431410247,MITM manipulation,100.0,99.84615384615385,96.65384615384616,52.23076923076923,73.53846153846155,36.42307692307693,76.44871794871794
f89bd066c7bf44d684f7422bdb7fce62,20260721_021313:6,mitm_trajectory_manipulation,long_cube_then_cylinder_sort,cylinder_transport,long_cylinder_place_high,low,cylinder,1,4,0.04999999999999999,0.049280418615017654,0.02700006880013085,0.07109668958077435,0.00030198599999997633,0.0155027372121243,MITM manipulation,100.0,99.84615384615385,91.84615384615384,34.11538461538461,58.269230769230774,59.84615384615385,73.9871794871795
68e6cbe4979148b2b84d28347acfebc7,20260721_021413:7,mitm_trajectory_manipulation,long_cube_then_cylinder_sort,cylinder_transport,long_cylinder_place_high,high,cylinder,1,4,0.15000000000000002,0.1487172305147959,0.062131167411448356,0.2150607079717627,0.04991071600000008,0.0050626056350235,MITM manipulation,100.0,100.0,96.6923076923077,55.42307692307692,89.0,23.307692307692307,77.40384615384615
cd18532e529943b282cb44c727b479f0,20260721_021559:11,mitm_trajectory_manipulation,short_cube_pick_place,cube_transport,long_cube_place_high,high,cube,1,4,0.15,0.1478422814954335,0.060108522601609926,0.33896215086154885,0.0005597765000000532,0.0178019621612084,MITM manipulation,100.0,100.0,96.61538461538461,60.76923076923077,70.8076923076923,66.23076923076923,82.40384615384616
0f6ac682343a4ac489c8a3ae447d0e2a,20260721_022011:17,mitm_trajectory_manipulation,short_cube_pick_place,cube_transport,long_cube_place_high,medium,cube,1,4,0.1,0.0988316926793598,0.12100641341179731,0.12113407663115346,0.05127677450000001,0.0061912613112643,MITM manipulation,100.0,99.96153846153845,97.84615384615385,45.76923076923077,97.61538461538461,26.461538461538463,77.9423076923077
35f9d2bbd445453fade689813f110782,20260721_022154:22,mitm_trajectory_manipulation,long_cube_then_cylinder_sort,cylinder_transport,long_cylinder_place_high,high,cylinder,1,4,0.15000000000000002,0.14683692394809605,0.06264061219301172,0.10561959735284987,0.00016267599999997273,0.0169872892146127,MITM manipulation,100.0,100.0,96.6923076923077,42.73076923076923,38.65384615384615,65.07692307692308,73.85897435897435
c7a8a976bf814d3aac9abfc5167e3bf0,20260721_022304:23,mitm_trajectory_manipulation,short_cube_pick_place,cube_transport,long_cube_place_high,medium,cube,1,4,0.1,0.09880425908838578,0.12099499269768037,0.2539815474744161,0.050644794500000034,0.0084946899984273,MITM manipulation,100.0,99.96153846153845,97.84615384615385,57.30769230769231,97.5,32.96153846153846,80.92948717948718
de160b5b00954c58b7022a627647592d,20260721_022713:32,mitm_trajectory_manipulation,short_cube_pick_place,cube_transport,long_cube_place_high,high,cube,1,4,0.15,0.14298211945274827,0.185696998796671,0.33566071052762986,0.0010969334999999525,0.0282381406824597,MITM manipulation,100.0,100.0,98.38461538461539,60.57692307692307,73.92307692307692,80.61538461538461,85.58333333333333
eeaba2075fa641538ef127f14b15ff94,20260721_022909:36,mitm_trajectory_manipulation,short_cube_pick_place,cube_transport,long_cube_place_high,low,cube,1,4,0.05,0.049724057233091104,0.06086393315592887,0.13795143896038897,0.0008220644999999971,0.0116814525676881,MITM manipulation,100.0,99.84615384615385,96.65384615384616,48.19230769230769,73.42307692307692,44.730769230769226,77.14102564102564
6d24b3285dfb4ed0bd6dc91d3236725f,20260721_022928:37,mitm_trajectory_manipulation,long_cube_then_cylinder_sort,cylinder_transport,long_cylinder_place_high,medium,cylinder,1,4,0.09999999999999998,0.09812827597481774,0.017726394420013978,0.24812963810604494,0.00034086200000005284,0.0246290882005795,MITM manipulation,100.0,99.96153846153845,88.61538461538461,57.11538461538461,61.30769230769231,79.1923076923077,81.03205128205128
67f027ea246b4d91baee08ee295a5dc5,20260721_023004:38,mitm_trajectory_manipulation,long_cube_then_cylinder_sort,cube_transport,long_cube_place_high,high,cube,1,4,0.15,0.14893365404004036,0.04472296679549381,0.19169432225677854,0.0498313050000001,0.0023991259632139,MITM manipulation,100.0,100.0,95.88461538461537,53.84615384615385,85.84615384615385,13.576923076923078,74.85897435897436
0a955dd02c534ab28bea0da5aebfaed7,20260721_023102:40,mitm_trajectory_manipulation,long_cube_then_cylinder_sort,cube_transport,long_cube_place_high,high,cube,1,4,0.15,0.14577002596661165,0.13422558787042863,0.22561295087023273,0.00019810399999986572,0.016427440941902,MITM manipulation,100.0,100.0,97.96153846153847,55.96153846153846,44.5,63.07692307692307,76.91666666666667
b1cb83f919a84f9cbb7cf08394f5dd35,20260721_023157:42,mitm_trajectory_manipulation,short_cube_pick_place,cube_transport,long_cube_place_high,high,cube,1,4,0.15,0.1482688416704726,0.06046995395311785,0.18701068109450808,0.0014616825000000055,0.0076624815516331,MITM manipulation,100.0,100.0,96.65384615384616,53.46153846153846,74.15384615384616,30.76923076923077,75.8397435897436
0d360e24cea64cb8837b5e3e36a2f3b8,20260721_023214:43,mitm_trajectory_manipulation,short_cube_pick_place,cube_transport,long_cube_place_high,high,cube,1,4,0.15,0.14786703887020758,0.06019022695382379,0.2099975655672149,0.0007067335000000563,0.0160233342422411,MITM manipulation,100.0,100.0,96.61538461538461,55.07692307692308,72.84615384615385,61.65384615384616,81.03205128205128
ce78c497e59e45bf8be83f1a26debf1c,20260721_023344:47,mitm_trajectory_manipulation,long_cube_then_cylinder_sort,cylinder_transport,long_cylinder_place_high,low,cylinder,1,4,0.04999999999999999,0.05042911844876768,0.028725055205854187,0.4346312802399669,0.05010150999999996,0.0011448915263736,MITM manipulation,100.0,99.84615384615385,92.23076923076923,65.8076923076923,94.11538461538461,4.807692307692308,76.13461538461539
24b1e97f481f4313a7e649d4f267e892,20260721_023432:48,mitm_trajectory_manipulation,short_cube_pick_place,cube_transport,long_cube_place_high,low,cube,1,4,0.05,0.04932534187674805,0.06140983694399836,0.3344822924755669,0.0008308245000000491,0.002968579148346,MITM manipulation,100.0,99.84615384615385,96.6923076923077,60.57692307692307,73.42307692307692,16.153846153846153,74.44871794871794
2f3adcdb742f47cc91912d36b1252f95,20260721_023451:49,mitm_trajectory_manipulation,long_cube_then_cylinder_sort,cylinder_transport,long_cylinder_place_high,medium,cylinder,1,4,0.09999999999999998,0.09974887829090352,0.01948579170119114,0.3378455944821227,0.04973542199999992,0.001418002872549,MITM manipulation,100.0,99.96153846153845,89.73076923076924,60.73076923076923,83.15384615384616,6.615384615384616,73.36538461538463
8fcd5b4f21534abfb185245da2417065,20260721_024849:74,mitm_trajectory_manipulation,long_cube_then_cylinder_sort,cylinder_transport,long_cylinder_place_high,medium,cylinder,1,4,0.10000000000000003,0.09687781012913746,0.0891964527324914,0.24638385513924307,0.0002661999999999942,0.0223760926781222,MITM manipulation,100.0,99.96153846153845,97.26923076923077,56.99999999999999,54.61538461538461,76.5,80.89102564102564
1e8bea2a079440d08829cad7e30ff15f,20260721_025745:90,mitm_trajectory_manipulation,long_cube_then_cylinder_sort,cube_transport,long_cube_place_high,low,cube,1,4,0.05,0.04852680915169997,0.04589569691713909,0.13394814619967602,0.00019960899999982296,0.0145171823178831,MITM manipulation,100.0,99.84615384615385,95.96153846153847,47.5,44.88461538461539,57.11538461538461,74.21794871794873
93060f24b52f4f43b2fe525fe630b9e2,20260721_040416:8,command_injection,long_cube_then_cylinder_sort,cube_transport,long_cube_place_high,medium,cube,1,4,0.09999999999999999,0.09999007627911075,0.08804446292155353,0.1938432712156815,0.04896030800000006,0.003788889245906,Command injection,100.0,99.96153846153845,97.23076923076923,54.0,75.34615384615385,20.192307692307693,74.4551282051282
6051b9b140f9490d8910e779cb95007d,20260721_040634:13,command_injection,long_cube_then_cylinder_sort,cube_transport,long_cube_place_high,low,cube,1,4,0.05,0.05057863628044287,0.04392590511413101,0.22780040730404968,0.048926308000000196,0.0027173038606194,Command injection,100.0,99.84615384615385,95.8076923076923,56.11538461538461,75.34615384615385,15.538461538461537,73.77564102564104
902413948e634903814a2fd1fed7328c,20260721_040711:14,command_injection,short_cube_pick_place,cube_transport,long_cube_place_high,low,cube,1,4,0.05,0.048405608934957496,0.06169659440657827,0.2522626123549412,0.000330108500000037,0.0163322064497166,Command injection,100.0,99.84615384615385,96.6923076923077,57.269230769230774,60.69230769230769,62.69230769230769,79.53205128205128
2fc11c7d18de4067b420762cde92976e,20260721_041041:22,command_injection,long_cube_then_cylinder_sort,cylinder_transport,long_cylinder_place_high,high,cylinder,1,4,0.15000000000000002,0.14953452519830457,0.06157036863183033,0.4514335873652493,0.04889790599999988,0.0011581164556012,Command injection,100.0,100.0,96.6923076923077,65.96153846153847,75.34615384615385,5.0,73.83333333333333
d2b1854d34b240cb8573b437c5ef7d1e,20260721_041148:24,command_injection,long_cube_then_cylinder_sort,cube_transport,long_cube_place_high,high,cube,1,4,0.15,0.1481952674066486,0.044138599221014534,0.2397932831482085,0.0013189509999997906,0.0194186091056039,Command injection,100.0,100.0,95.8076923076923,56.80769230769231,74.07692307692308,71.38461538461539,83.01282051282051
b097e2343f4b48139974ec4535040314,20260721_041914:37,command_injection,long_cube_then_cylinder_sort,cylinder_transport,long_cylinder_place_high,medium,cylinder,1,4,0.09999999999999998,0.09803170302950354,0.01824814812302847,0.09355094254764358,0.0012689139999999544,0.0181431839343066,Command injection,100.0,99.96153846153845,88.84615384615384,40.26923076923077,74.07692307692308,68.03846153846153,78.53205128205128
6717b8c536a14c1cbdad932e80d06924,20260721_042700:38,command_injection,long_cube_then_cylinder_sort,cube_transport,long_cube_place_high,high,cube,1,4,0.15,0.1481819075728392,0.0442000561645197,0.2495267095140931,0.0012676379999998488,0.0168308376216079,Command injection,100.0,100.0,95.8076923076923,57.11538461538461,74.07692307692308,64.65384615384615,81.9423076923077
b3e79b663f0c4530809aad4e0eee0798,20260721_042920:43,command_injection,short_cube_pick_place,cube_transport,long_cube_place_high,high,cube,1,4,0.15,0.14866513014706198,0.06101517717474934,0.34927671574593966,0.04969870949999999,0.0032984887358387,Command injection,100.0,100.0,96.65384615384616,61.0,82.07692307692308,17.692307692307693,76.23717948717949
55980604ae4849a8b8d8e7fafdb0a9e2,20260721_042939:44,command_injection,short_cube_pick_place,cube_transport,long_cube_place_high,medium,cube,1,4,0.1,0.09941650943929368,0.121550795100725,0.31151936230486077,0.0004745444999999515,0.0195363018470313,Command injection,100.0,99.96153846153845,97.88461538461539,59.73076923076923,68.5,71.53846153846153,82.93589743589743
5e172acf131147d3881f3b361193c9fc,20260721_043505:53,command_injection,long_cube_then_cylinder_sort,cylinder_transport,long_cylinder_place_high,medium,cylinder,1,4,0.09999999999999998,0.0982632115948286,0.018704702716184494,0.03238721630194935,0.0010332109999999783,0.0129630787637227,Command injection,100.0,99.96153846153845,88.88461538461539,19.192307692307693,73.84615384615385,49.15384615384615,71.83974358974358
e037c2619ee34861bd9503e018530cfb,20260721_043642:55,command_injection,short_cube_pick_place,cube_transport,long_cube_place_high,medium,cube,1,4,0.1,0.09880852700700471,0.12100767351798954,0.1458907301964308,0.00029069250000002267,0.0094385399358487,Command injection,100.0,99.96153846153845,97.84615384615385,49.11538461538461,56.99999999999999,36.42307692307693,73.39102564102564
7d5027fa6d9f4f909bd0dffc148f137f,20260721_043837:58,command_injection,long_cube_then_cylinder_sort,cube_transport,long_cube_place_high,high,cube,1,4,0.15,0.14884675957234692,0.04499802793977722,0.14345119946306317,0.04884803300000007,0.0032906621005452,Command injection,100.0,100.0,95.88461538461537,48.84615384615385,75.34615384615385,17.692307692307693,72.96153846153847
d2e0d936be0d46d98e7b0b3771f9402a,20260721_044225:65,command_injection,short_cube_pick_place,cube_transport,long_cube_place_high,high,cube,1,4,0.15,0.14947002613946161,0.18057965172944385,0.3051864954882322,0.000478336499999954,0.0053161027905025,Command injection,100.0,100.0,98.38461538461539,59.53846153846154,68.61538461538461,24.192307692307693,75.12179487179488
78bc97747b854245a15234bf443e9f18,20260721_044526:70,command_injection,short_cube_pick_place,cube_transport,long_cube_place_high,medium,cube,1,4,0.09999999999999999,0.09581795009264403,0.12443168177171209,0.26284599503330447,0.00041191750000002525,0.0239830350417503,Command injection,100.0,99.96153846153845,97.92307692307692,57.769230769230774,65.53846153846153,78.57692307692308,83.2948717948718
13119d4842684f1dbd79dc00ee84d565,20260721_044555:71,command_injection,short_cube_pick_place,cube_transport,long_cube_place_high,low,cube,1,4,0.05,0.049940576787804634,0.06136723390809236,0.23521131266770062,0.00042354749999995445,0.0063275346406651,Command injection,100.0,99.84615384615385,96.65384615384616,56.46153846153846,66.07692307692308,27.03846153846154,74.34615384615385
f708c69be2eb4a4caca7b719f8137e3b,20260721_044637:73,command_injection,short_cube_pick_place,cube_transport,long_cube_place_high,high,cube,1,4,0.15,0.1438169579122601,0.18326204389142148,0.42332417326937183,0.00032041849999997485,0.0244693644662079,Command injection,100.0,100.0,98.38461538461539,65.65384615384615,59.92307692307692,78.92307692307692,83.81410256410255
d1cadd8d2c874982af2336d896c24332,20260721_045343:84,command_injection,short_cube_pick_place,cube_transport,long_cube_place_high,high,cube,1,4,0.15,0.14838689605167982,0.060615679435147306,0.17075610639401037,0.0003719905000000301,0.0062067202100103,Command injection,100.0,100.0,96.65384615384616,52.19230769230769,63.42307692307693,26.576923076923077,73.14102564102565
9c56c1de1ba74057b4c486ef5826f151,20260721_045446:87,command_injection,long_cube_then_cylinder_sort,cylinder_transport,long_cylinder_place_high,low,cylinder,1,4,0.04999999999999999,0.04880073218425256,0.04490098484670772,0.11926155525977807,0.0010887079999999383,0.0169264064883905,Command injection,100.0,99.84615384615385,95.88461538461537,45.5,73.92307692307692,64.96153846153845,80.01923076923076
e211745739c64ad1beadf3c1e76a4493,20260721_045738:92,command_injection,short_cube_pick_place,cube_transport,long_cube_place_high,low,cube,1,4,0.05,0.04883844945825855,0.06061993437979748,0.13843058612379722,0.0002359275000000105,0.0119061516944915,Command injection,100.0,99.84615384615385,96.65384615384616,48.19230769230769,50.80769230769231,45.84615384615385,73.5576923076923
ff72f05f70284334b5f4db0f819df418,20260721_045950:96,command_injection,long_cube_then_cylinder_sort,cube_transport,long_cube_place_high,low,cube,1,4,0.05,0.048470907967752885,0.04537442426093863,0.13488795453373217,0.0010300379999998999,0.0158372757014631,Command injection,100.0,99.84615384615385,95.92307692307692,47.80769230769231,73.84615384615385,61.53846153846154,79.82692307692308
35dde8a202374d6ea9b66f8d5a4ee7f6,20260721_071954:3,replay_attack,short_cube_pick_place,cube_retreat,long_cube_place_mid,low,cube,1,4,0.25487985404892244,0.20280238025678848,0.4640126312805724,170.32606435105933,0.09948790650000006,0.0642483049468913,Replay,100.0,100.0,99.96153846153845,100.0,97.8076923076923,85.46153846153847,97.20512820512822
40eb5a839c9640e08bd32ce54e19b1eb,20260721_072257:9,replay_attack,short_cube_pick_place,cube_retreat,long_cube_place_mid,high,cube,1,4,0.7258389490789262,0.7226145577839789,0.7111361834450918,7.858125373331058,0.39964849550000003,0.0020104196954845,Replay,100.0,100.0,100.0,87.3076923076923,98.65384615384616,11.423076923076923,82.8974358974359
39b66642623d42ff992911765f15a6e9,20260721_072521:14,replay_attack,short_cube_pick_place,cube_retreat,long_cube_place_mid,low,cube,1,4,0.25487985404892244,0.20238628269142395,0.464010187518021,170.32758011307226,0.09975642350000002,0.0642164611217807,Replay,100.0,100.0,99.96153846153845,100.0,97.92307692307692,85.46153846153847,97.22435897435896
ea00dcb1a3474228a3d56a2d8540aa7d,20260721_072809:21,replay_attack,short_cube_pick_place,cube_retreat,long_cube_place_mid,medium,cube,1,4,0.3266925465938884,0.33566959685718695,0.2561046668866154,1.4571651600059439,0.3994879455,0.0019385958220954,Replay,100.0,100.0,99.76923076923076,70.23076923076923,98.65384615384616,10.23076923076923,79.81410256410257
0301e676743b4c4797ad40a61d5366a3,20260721_073207:30,replay_attack,long_cube_then_cylinder_sort,cylinder_retreat,long_cylinder_place_mid,low,cylinder,1,4,0.2940887961143711,0.27018705338897386,0.39078137444350197,151.5081275974676,0.1492565039999999,0.0339564460423555,Replay,100.0,100.0,99.96153846153845,100.0,98.34615384615385,81.03846153846153,96.5576923076923
0eaba93721db45e39c4376257e6bf4b4,20260721_073245:31,replay_attack,long_cube_then_cylinder_sort,cube_retreat,long_cube_place_mid,medium,cube,1,4,0.3266925465938884,0.32316778540005386,0.2159696417235728,1.3192280541142742,0.399458391,0.0103240382213597,Replay,100.0,100.0,98.8076923076923,69.76923076923077,98.65384615384616,39.96153846153846,84.53205128205128
64dfc02ece724e5b8d1d6d274883e625,20260721_073806:42,replay_attack,short_cube_pick_place,cube_retreat,long_cube_place_mid,high,cube,1,4,0.7258389490789262,0.6998471919609204,0.7215081390797191,17.65777712423786,0.34949585250000004,0.0257267480778526,Replay,100.0,100.0,100.0,94.8076923076923,98.57692307692307,79.53846153846153,95.48717948717949
2f6e33d7556444e7bbdd98d453be626e,20260721_073905:45,replay_attack,long_cube_then_cylinder_sort,cube_retreat,long_cube_place_mid,low,cube,1,4,0.25487985404892244,0.20852844968706988,0.30212850427116283,170.08501087117796,0.09928787400000005,0.0641770130035431,Replay,100.0,100.0,99.96153846153845,100.0,97.65384615384616,85.46153846153847,97.17948717948718
ed6d8b9352ab4fe09202f53dcebd58c0,20260721_074135:50,replay_attack,long_cube_then_cylinder_sort,cylinder_retreat,long_cylinder_place_mid,medium,cylinder,1,4,0.3266925465938884,0.322978236820463,0.16286299173931432,1.3502456620216967,0.39941985299999994,0.0131257007731348,Replay,100.0,100.0,98.26923076923076,69.96153846153847,98.65384615384616,50.96153846153846,86.3076923076923
1fc4e1a792a2428c949a138606cce00d,20260721_074620:58,replay_attack,long_cube_then_cylinder_sort,cube_retreat,long_cube_place_mid,high,cube,1,4,0.7258389490789262,0.7119334853260623,0.41687466876290974,7.681478265629314,0.6994343350000001,0.0136543127031078,Replay,100.0,100.0,99.96153846153845,87.1923076923077,98.73076923076923,54.11538461538462,90.0
4d05bf40421e455fa5dba5b6b34386f0,20260721_074737:60,replay_attack,long_cube_then_cylinder_sort,cylinder_retreat,long_cylinder_place_mid,high,cylinder,1,4,0.7956422500093872,0.7828957986559004,0.3644720125257511,15.060088460573537,0.49942418099999997,0.0143825343681716,Replay,100.0,100.0,99.96153846153845,92.88461538461539,98.65384615384616,56.42307692307692,91.32051282051282
c9043e93454e4ecc81d22b0cf582e47c,20260721_074832:62,replay_attack,short_cube_pick_place,cube_retreat,long_cube_place_mid,medium,cube,1,4,0.3266925465938884,0.3199465991149788,0.2715753108924543,1.365295145602785,0.3494611395,0.0181074840769786,Replay,100.0,100.0,99.8076923076923,69.96153846153847,98.57692307692307,67.34615384615384,89.28205128205127
25c54984855b461aadfd9da4769658de,20260721_074919:64,replay_attack,long_cube_then_cylinder_sort,cylinder_retreat,long_cylinder_place_mid,high,cylinder,1,4,0.7956422500093872,0.779356099441063,0.37565581094055067,9.778150013865968,0.49936154199999994,0.0167082625514894,Replay,100.0,100.0,99.96153846153845,88.88461538461539,98.65384615384616,64.42307692307693,91.98717948717949
8781318f7ae04841b3e7a092cbe5ba81,20260721_075017:66,replay_attack,short_cube_pick_place,cube_retreat,long_cube_place_mid,medium,cube,1,4,0.3266925465938884,0.3124798038203335,0.26902563383807154,1.2998664419053354,0.3496224305000001,0.0258021802102025,Replay,100.0,100.0,99.8076923076923,69.76923076923077,98.57692307692307,79.6923076923077,91.30769230769232
bf0259a2f5514bd79b1938f2fb286d28,20260721_075155:69,replay_attack,long_cube_then_cylinder_sort,cylinder_retreat,long_cylinder_place_mid,high,cylinder,1,4,0.7956422500093872,0.7770048466947909,0.36367780857945486,11.45281256474775,0.4997621429999999,0.0184931495196588,Replay,100.0,100.0,99.96153846153845,90.92307692307692,98.65384615384616,68.34615384615384,92.98076923076923
9a3c0b665cd9499d95af5803eece1aa7,20260721_075558:78,replay_attack,short_cube_pick_place,cube_retreat,long_cube_place_mid,high,cube,1,4,0.7258389490789262,0.7016019005416078,0.7245554983212926,7.1541604526170595,0.3496870605,0.0238906597026232,Replay,100.0,100.0,100.0,85.6923076923077,98.57692307692307,78.57692307692308,93.8076923076923
b8252c5159694efea786d63bd329db46,20260721_080031:88,replay_attack,short_cube_pick_place,cube_retreat,long_cube_place_mid,low,cube,1,4,0.25487985404892244,0.20281910153655155,0.4640107127060218,170.3283636173315,0.09950813450000007,0.0642389371998299,Replay,100.0,100.0,99.96153846153845,100.0,97.8076923076923,85.46153846153847,97.20512820512822
aae28a8a37734f48979ed26c11836b04,20260721_080316:94,replay_attack,short_cube_pick_place,cube_retreat,long_cube_place_mid,high,cube,1,4,0.7258389490789262,0.7033758974757787,0.7304452730235276,7.492091383959415,0.3494941815,0.0220487922840657,Replay,100.0,100.0,100.0,86.84615384615385,98.57692307692307,75.73076923076924,93.52564102564104
25049d8ba03b4154a9b16c2451925e81,20260721_080334:95,replay_attack,long_cube_then_cylinder_sort,cube_retreat,long_cube_place_mid,low,cube,1,4,0.25487985404892244,0.2071895974378793,0.3021274527833299,170.0845609671903,0.09926641300000005,0.0641154566749602,Replay,100.0,100.0,99.96153846153845,100.0,97.65384615384616,85.46153846153847,97.17948717948718
e27277a9df6946a98f3ab8da7ca77d23,20260721_080448:97,replay_attack,long_cube_then_cylinder_sort,cylinder_retreat,long_cylinder_place_mid,medium,cylinder,1,4,0.3266925465938884,0.3240582700297196,0.16253148254253585,1.3306470392595768,0.3993460099999999,0.0120393507246039,Replay,100.0,100.0,98.26923076923076,69.88461538461539,98.65384615384616,46.5,85.55128205128206
75e8e84a1d8f41018a1dc5a29ddaed9c,20260721_053341:5,denial_of_service,long_cube_then_cylinder_sort,cylinder_transport,long_cylinder_place_high,high,cylinder,1,4,0.0,0.0038760164928680085,0.21851335285289789,5.567870092432259,1.500231319,0.0155205874989538,Delay DoS,100.0,58.84615384615385,98.88461538461539,82.0,98.88461538461539,59.88461538461538,83.08333333333333
ef95385546ba40fdb253e9d704df5e97,20260721_053614:7,denial_of_service,long_cube_then_cylinder_sort,cylinder_transport,long_cylinder_place_high,high,cylinder,1,4,0.0,0.01037090203405084,0.2192105161243577,5.178484931857456,1.550389119,0.001273685246552,Delay DoS,100.0,85.61538461538461,98.88461538461539,79.76923076923077,98.88461538461539,5.6923076923076925,78.14102564102565
29b34304dd454224b4aa8aa7b2c021ac,20260721_054341:15,denial_of_service,short_cube_pick_place,cube_transport,long_cube_place_high,low,cube,1,4,0.0,0.0044955509966028255,0.10298516427399886,2.101209860159867,0.2509594344999999,0.0130710876435239,Delay DoS,100.0,63.153846153846146,97.57692307692307,72.6923076923077,98.57692307692307,49.80769230769231,80.30128205128203
a394a0154bb7406fa59ec51657841f20,20260721_054447:17,denial_of_service,short_cube_pick_place,cube_transport,long_cube_place_high,medium,cube,1,4,0.0,0.002948869230539476,0.22907870658979002,4.252906728233637,0.8013601505000001,0.0056266754222465,Delay DoS,100.0,49.30769230769231,99.07692307692308,77.76923076923077,98.73076923076923,24.961538461538463,74.97435897435898
d22f6f65372a4af08a370fece2ec653f,20260721_054725:23,denial_of_service,short_cube_pick_place,cube_transport,long_cube_place_high,medium,cube,1,4,0.0,0.0071453195838817925,0.2378747581682289,3.936943548730587,0.8011951405,0.0014302222695932,Delay DoS,100.0,76.73076923076924,99.42307692307692,76.84615384615384,98.73076923076923,6.769230769230769,76.41666666666667
e85b9aa9e8a8486ea24baaaed8f67c84,20260721_055057:29,denial_of_service,long_cube_then_cylinder_sort,cylinder_transport,long_cylinder_place_high,low,cylinder,1,4,0.0,0.009703290151240516,0.06728036779601382,1.3371173282301811,0.300811277,0.0019412974339952,Delay DoS,100.0,83.96153846153847,96.84615384615385,69.96153846153847,98.57692307692307,10.23076923076923,76.59615384615384
1498f90aa4cc4792b881cb2f33eb40cf,20260721_055258:32,denial_of_service,short_cube_pick_place,cube_transport,long_cube_place_high,high,cube,1,4,0.0,0.007561612770763781,0.35015277698074454,6.281268167413755,1.4509610405000002,0.0161371507422475,Delay DoS,100.0,77.8076923076923,99.96153846153845,83.8076923076923,98.88461538461539,61.846153846153854,87.05128205128204
fe4ffa292f584381b48f309d90c7d507,20260721_055316:33,denial_of_service,long_cube_then_cylinder_sort,cube_transport,long_cube_place_high,medium,cube,1,4,0.0,0.0013176863854385025,0.14310360376084333,3.6529215658495953,0.7504229470000001,0.0056133449860405,Delay DoS,100.0,27.03846153846154,98.0,76.15384615384615,98.73076923076923,24.884615384615387,70.80128205128204
168b4c6da9134c17a07c8cdced8d31a2,20260721_055517:36,denial_of_service,short_cube_pick_place,cube_transport,long_cube_place_high,low,cube,1,4,0.0,5.33221140122596e-06,0.10358362248710508,1.8820376349754764,0.25099702749999997,0.0085759435281476,Delay DoS,100.0,1.7692307692307692,97.61538461538461,71.84615384615385,98.57692307692307,33.07692307692307,67.1474358974359
bd29eda2150f4b17a68a499cf2677baa,20260721_055743:40,denial_of_service,long_cube_then_cylinder_sort,cube_transport,long_cube_place_high,high,cube,1,4,0.0,0.0036163984238258696,0.2161897490478538,5.245005841668189,1.551149681,0.0033146303704197,Delay DoS,100.0,56.34615384615385,98.8076923076923,80.11538461538461,98.88461538461539,17.692307692307693,75.30769230769229
5f81f450cfc34f778f6d5c56f34a683e,20260721_055840:42,denial_of_service,short_cube_pick_place,cube_transport,long_cube_place_high,high,cube,1,4,0.0,0.020112720110605102,0.3449547424887889,6.300255722698995,1.5009823414999999,0.0286882592268878,Delay DoS,100.0,97.53846153846155,99.96153846153845,84.03846153846153,98.88461538461539,80.84615384615384,93.54487179487178
04ea751a78f745009e20dd265ee8305a,20260721_055858:43,denial_of_service,short_cube_pick_place,cube_transport,long_cube_place_high,high,cube,1,4,0.0,0.004017965207953958,0.34897753879773474,6.014087916539779,1.5016184765,0.0045575785820909,Delay DoS,100.0,59.96153846153847,99.96153846153845,83.26923076923077,98.88461538461539,22.115384615384613,77.36538461538463
b8c607d4dc4240978e8d862c83b92c3c,20260721_060039:47,denial_of_service,long_cube_then_cylinder_sort,cylinder_transport,long_cylinder_place_high,low,cylinder,1,4,0.0,0.002582640135327692,0.05862641952572074,1.7357646152781496,0.2507484200000001,0.0142272052085348,Delay DoS,100.0,45.07692307692307,96.61538461538461,71.42307692307692,98.57692307692307,55.46153846153846,77.85897435897435
4e5b13e5024a4b0a8a1544ec910911f5,20260721_060211:50,denial_of_service,long_cube_then_cylinder_sort,cylinder_transport,long_cylinder_place_high,medium,cylinder,1,4,0.0,0.009487590544081744,0.1489988004335615,3.5136247852155646,0.8006573180000001,0.0021569971487424,Delay DoS,100.0,83.46153846153847,98.11538461538461,75.96153846153845,98.73076923076923,12.076923076923077,78.0576923076923
43dcb82ab2eb4cc986945c8388e6ad34,20260721_061309:65,denial_of_service,short_cube_pick_place,cube_transport,long_cube_place_high,high,cube,1,4,0.0,0.0020120030353069254,0.3442674555443687,6.095130624952612,1.5009231765000002,0.0105875345286627,Delay DoS,100.0,36.42307692307693,99.96153846153845,83.34615384615385,98.88461538461539,41.11538461538461,76.62179487179488
9d0ca35b324e4c3caf23f5119565ef82,20260721_061612:71,denial_of_service,short_cube_pick_place,cube_transport,long_cube_place_high,low,cube,1,4,0.0,0.011147641440562846,0.1014255367245975,2.233117677108402,0.2511830975,0.0197231799947095,Delay DoS,100.0,87.26923076923076,97.5,73.15384615384616,98.57692307692307,72.0,88.08333333333333
55281a27c811436599c83bf2862d4653,20260721_062058:80,denial_of_service,long_cube_then_cylinder_sort,cube_transport,long_cube_place_high,high,cube,1,4,0.0,0.0036164011273223367,0.21635800276249298,5.284686117760928,1.550289508,0.0033146276391061,Delay DoS,100.0,56.34615384615385,98.8076923076923,80.38461538461539,98.88461538461539,17.692307692307693,75.3525641025641
47efb73305204930b543ea53d6796e52,20260721_062647:90,denial_of_service,long_cube_then_cylinder_sort,cube_transport,long_cube_place_high,low,cube,1,4,0.0,0.0006939851606423754,0.05843337885167611,1.588435844631833,0.3004493640000001,0.0062370498532228,Delay DoS,100.0,13.76923076923077,96.61538461538461,70.73076923076923,98.57692307692307,26.615384615384613,67.71794871794873
d8d77cf2ce08425dbbb4dc5f1bcd3250,20260721_062735:91,denial_of_service,short_cube_pick_place,cube_transport,long_cube_place_high,medium,cube,1,4,0.0,0.016526695502178786,0.24197995555093,4.724216450125847,0.7014264944999999,0.0251022344876743,Delay DoS,100.0,94.73076923076923,99.46153846153845,78.57692307692308,98.73076923076923,79.1923076923077,91.78205128205128
23d2d7508def49cbbcce01fcb432bcbe,20260721_062810:93,denial_of_service,long_cube_then_cylinder_sort,cube_transport,long_cube_place_high,medium,cube,1,4,0.0,0.004246182047234942,0.14356961743203273,3.5364814898425116,0.8004914980000002,0.0026848465271558,Delay DoS,100.0,61.76923076923077,98.0,76.0,98.73076923076923,15.0,74.91666666666667
430ff2d35f594196a6edb04778bbc0fe,20260721_021209:4,mitm_trajectory_manipulation,short_cube_pick_place,cube_transport,long_cube_place_high,medium,cube,1,5,0.1,0.09880849405274389,0.12089414056828886,0.12405216335733323,0.0005213574999999304,0.0094376962578959,MITM manipulation,100.0,99.96153846153845,97.84615384615385,46.11538461538461,69.53846153846153,36.42307692307693,74.98076923076923
c79a150a9f98438e94807ef142b4ecd7,20260721_021449:8,mitm_trajectory_manipulation,long_cube_then_cylinder_sort,cube_transport,long_cube_place_high,medium,cube,1,5,0.09999999999999999,0.10046919199467962,0.08708865983555127,0.2201838238960456,0.04929441450000005,0.0014678685190813,MITM manipulation,100.0,99.96153846153845,97.1923076923077,55.8076923076923,76.34615384615384,7.076923076923077,72.73076923076923
5b9a3c083ab147bb8e86785119f2b7af,20260721_021542:10,mitm_trajectory_manipulation,short_cube_pick_place,cube_transport,long_cube_place_high,low,cube,1,5,0.05,0.05065387951329136,0.05935902699514908,0.12812349421093044,0.0508773065,0.0037366479295376,MITM manipulation,100.0,99.84615384615385,96.61538461538461,46.53846153846154,97.57692307692307,19.884615384615383,76.74358974358974
48083b23a11a43a690a497af5a152910,20260721_021651:13,mitm_trajectory_manipulation,long_cube_then_cylinder_sort,cube_transport,long_cube_place_high,low,cube,1,5,0.05,0.04916960083242785,0.045196962513046605,0.37881872800318017,0.0005892364999999788,0.0237566306366241,MITM manipulation,100.0,99.84615384615385,95.88461538461537,61.76923076923077,71.53846153846153,78.26923076923077,84.55128205128206
8c3e41f0fed5471daa98b466c4cd2bb4,20260721_021817:15,mitm_trajectory_manipulation,short_cube_pick_place,cube_transport,long_cube_place_high,low,cube,1,5,0.05,0.04939444353670103,0.0635512142371254,0.4237261910330844,0.0008431454999999755,0.0290355072640868,MITM manipulation,100.0,99.84615384615385,96.76923076923077,65.65384615384615,73.42307692307692,80.92307692307692,86.1025641025641
d9e1d70584c946629d776b35989e308f,20260721_021923:16,mitm_trajectory_manipulation,long_cube_then_cylinder_sort,cube_transport,long_cube_place_high,low,cube,1,5,0.05,0.04960866850689235,0.044293769651316046,0.0505029810219731,0.00012877649999998297,0.005681207774353,MITM manipulation,100.0,99.84615384615385,95.84615384615385,27.076923076923077,32.30769230769231,25.153846153846153,63.37179487179488
319123b2eb664ba287587f2f3902ae57,20260721_022044:19,mitm_trajectory_manipulation,long_cube_then_cylinder_sort,cylinder_transport,long_cylinder_place_high,high,cylinder,1,5,0.15000000000000002,0.15011579666223815,0.13218296470002988,0.2080564775790373,0.050132383,0.0030582353672281,MITM manipulation,100.0,100.0,97.96153846153847,54.96153846153846,94.61538461538461,17.307692307692307,77.47435897435898
f18965bf3c9e4e11872cdd932001f651,20260721_024108:58,mitm_trajectory_manipulation,long_cube_then_cylinder_sort,cube_transport,long_cube_place_high,high,cube,1,5,0.15,0.1487836250103309,0.04396868779945643,0.12428301501280815,0.04923696850000003,0.0061924842370081,MITM manipulation,100.0,100.0,95.8076923076923,46.15384615384615,76.0,26.461538461538463,74.07051282051282
b36e58f8025a4e0d96c800fde952d936,20260721_024308:61,mitm_trajectory_manipulation,short_cube_pick_place,cube_transport,long_cube_place_high,low,cube,1,5,0.05,0.05137584242684086,0.06093300000152453,0.24308771997292855,0.000587639499999959,0.0195801625648487,MITM manipulation,100.0,99.84615384615385,96.65384615384616,56.92307692307692,71.5,71.6923076923077,82.76923076923076
d51efcb8425542b0987f02b26e027fa7,20260721_024632:69,mitm_trajectory_manipulation,long_cube_then_cylinder_sort,cylinder_transport,long_cylinder_place_high,high,cylinder,1,5,0.15000000000000002,0.14567795940854358,0.13392961764868602,0.6952904712685218,0.000246447000000094,0.0200521447788838,MITM manipulation,100.0,100.0,97.96153846153847,67.11538461538461,52.57692307692308,72.26923076923077,81.65384615384616
cce39e1111b04dcca4e11273375ad4ba,20260721_024730:70,mitm_trajectory_manipulation,short_cube_pick_place,cube_transport,long_cube_place_high,medium,cube,1,5,0.09999999999999999,0.09561126998180519,0.1221316027666571,0.42603007801196763,0.0005123044999999493,0.0258241717446659,MITM manipulation,100.0,99.96153846153845,97.92307692307692,65.6923076923077,69.34615384615384,79.76923076923077,85.44871794871794
f2deee0850f144daa587ac35aca6a29e,20260721_024821:73,mitm_trajectory_manipulation,short_cube_pick_place,cube_transport,long_cube_place_high,high,cube,1,5,0.15,0.14338738081669847,0.18291742382371834,0.46591730901739575,0.0011195244999999687,0.0263528157594906,MITM manipulation,100.0,100.0,98.38461538461539,66.03846153846153,74.0,79.8076923076923,86.37179487179486
600fb41c4eb043b5bcb2c21b194f152c,20260721_024937:75,mitm_trajectory_manipulation,long_cube_then_cylinder_sort,cube_transport,long_cube_place_high,medium,cube,1,5,0.09999999999999999,0.09742648838906706,0.0897277599651119,0.17508158889187755,0.0007600924999999759,0.0134162654680771,MITM manipulation,100.0,99.96153846153845,97.26923076923077,52.5,73.1923076923077,53.26923076923077,79.36538461538461
6d0e5e27aa6f4a2287fdaa34bc9b3290,20260721_025131:78,mitm_trajectory_manipulation,short_cube_pick_place,cube_transport,long_cube_place_high,high,cube,1,5,0.15,0.14820638708551062,0.18101944941047257,0.30022353298527493,0.0008691275000000109,0.0090026618496447,MITM manipulation,100.0,100.0,98.38461538461539,59.5,73.42307692307692,35.30769230769231,77.76923076923076
2941a994dbc543209fe44ac605c4d951,20260721_025207:80,mitm_trajectory_manipulation,long_cube_then_cylinder_sort,cube_transport,long_cube_place_high,high,cube,1,5,0.15,0.14921483398480995,0.04510279170800281,0.41883677427565313,0.04964170950000013,0.0010326308159438,MITM manipulation,100.0,100.0,95.88461538461537,65.34615384615384,80.76923076923077,3.8461538461538463,74.3076923076923
8bca3ac555bc4e46a93beaa21ca6c892,20260721_025446:84,mitm_trajectory_manipulation,short_cube_pick_place,cube_transport,long_cube_place_high,high,cube,1,5,0.15,0.1482692944843268,0.06009085633103268,0.6197800936794928,0.04931263650000006,0.0302669905802328,MITM manipulation,100.0,100.0,96.61538461538461,67.03846153846153,76.5,80.96153846153847,86.8525641025641
89ecc3ad881e46ce8daa46fe5ce616ee,20260721_025522:86,mitm_trajectory_manipulation,short_cube_pick_place,cube_transport,long_cube_place_high,medium,cube,1,5,0.09999999999999999,0.0966435210782947,0.12549036614158368,0.4209289846165554,0.04924035250000003,0.0184488863590931,MITM manipulation,100.0,99.96153846153845,97.92307692307692,65.53846153846153,76.0,68.3076923076923,84.62179487179488
997806049213435cbcd1430488ffd326,20260721_025539:87,mitm_trajectory_manipulation,long_cube_then_cylinder_sort,cylinder_transport,long_cylinder_place_high,low,cylinder,1,5,0.04999999999999999,0.04884475139708849,0.044807773283558706,0.13004882408230853,0.00010836900000010807,0.0156243751451014,MITM manipulation,100.0,99.84615384615385,95.88461538461537,47.11538461538461,28.076923076923077,60.53846153846154,71.91025641025641
56098da3a70143fdb0fe5f94e084ecba,20260721_025857:93,mitm_trajectory_manipulation,long_cube_then_cylinder_sort,cube_transport,long_cube_place_high,medium,cube,1,5,0.1,0.09923622973066738,0.08856614378865774,0.08225881061558266,0.049623754500000006,0.0036499673321005,MITM manipulation,100.0,99.96153846153845,97.26923076923077,37.269230769230774,80.42307692307692,19.30769230769231,72.37179487179488
98e407cfbcc54906851b32b24eac6954,20260721_025933:94,mitm_trajectory_manipulation,short_cube_pick_place,cube_transport,long_cube_place_high,high,cube,1,5,0.15,0.14789649462643573,0.060831082028653505,0.12756165492996036,0.050529964500000024,0.0231413700532282,MITM manipulation,100.0,100.0,96.65384615384616,46.42307692307692,97.42307692307692,77.73076923076923,86.37179487179488
fa66d384cd4c4ebcbae0df27441d818f,20260721_040453:9,command_injection,short_cube_pick_place,cube_transport,long_cube_place_high,high,cube,1,5,0.15,0.14820638765543895,0.060134764651280606,0.0850449101599321,0.00034707950000001375,0.0085143633416793,Command injection,100.0,100.0,96.61538461538461,37.88461538461539,61.69230769230769,32.96153846153846,71.52564102564102
998057836ed14cb39d9aee505f79c509,20260721_040540:11,command_injection,short_cube_pick_place,cube_transport,long_cube_place_high,high,cube,1,5,0.15,0.14786694137337178,0.060135418793101345,0.2082039266252408,0.0005494095000000421,0.0160236718962484,Command injection,100.0,100.0,96.61538461538461,54.96153846153846,70.53846153846153,61.65384615384616,80.62820512820514
fb385f91380c47d3b341e8ee5c541f00,20260721_040758:16,command_injection,long_cube_then_cylinder_sort,cube_transport,long_cube_place_high,low,cube,1,5,0.05,0.04948225864796661,0.04487698861759221,0.05113331574377138,0.0018498954999999206,0.006312880346002,Command injection,100.0,99.84615384615385,95.88461538461537,27.23076923076923,74.1923076923077,27.03846153846154,70.69871794871794
7afee4ea1f7e4776b61f243a72581012,20260721_040852:18,command_injection,short_cube_pick_place,cube_transport,long_cube_place_high,high,cube,1,5,0.15,0.14381729780600638,0.1876909214892449,0.3057782648676307,0.000431878500000038,0.0244747505285367,Command injection,100.0,100.0,98.42307692307692,59.53846153846154,66.76923076923077,78.92307692307692,83.9423076923077
7708aae4239346f5adf8eb5cf7a5979a,20260721_041017:21,command_injection,short_cube_pick_place,cube_transport,long_cube_place_high,medium,cube,1,5,0.1,0.09882374575668543,0.1209225287900646,0.18495277517300893,0.0002854174999999959,0.0104850242106777,Command injection,100.0,99.96153846153845,97.84615384615385,53.230769230769226,56.269230769230774,40.57692307692308,74.6474358974359
bc94b7ac38ad434980afc65f83053129,20260721_041649:32,command_injection,short_cube_pick_place,cube_transport,long_cube_place_high,high,cube,1,5,0.15,0.14576522158378646,0.18745614434963945,0.3625290459645165,0.0002573595000000539,0.016940332155414,Command injection,100.0,100.0,98.42307692307692,61.38461538461538,53.42307692307692,64.96153846153845,79.69871794871794
3f5e4d594a664b0c85544e5d4773b2a8,20260721_042756:40,command_injection,long_cube_then_cylinder_sort,cube_transport,long_cube_place_high,high,cube,1,5,0.15,0.14642418616247316,0.13516450124081839,0.17647320153890558,0.001508044499999972,0.0136904161216635,Command injection,100.0,100.0,97.96153846153847,52.57692307692308,74.15384615384616,54.15384615384615,79.8076923076923
c88cc41ec8ea4281826c30ecbeaa9052,20260721_043156:48,command_injection,short_cube_pick_place,cube_transport,long_cube_place_high,low,cube,1,5,0.05,0.04937942651655302,0.06305330408302333,0.36350935623837544,0.04960944449999993,0.0019476848820764,Command injection,100.0,99.84615384615385,96.73076923076923,61.38461538461538,80.1923076923077,10.346153846153847,74.75
9181774230f3460a8b1e7bb152fa9d5f,20260721_043302:50,command_injection,long_cube_then_cylinder_sort,cylinder_transport,long_cylinder_place_high,medium,cylinder,1,5,0.10000000000000003,0.09767660880849932,0.09061751472321697,0.11541309347649,0.001137066999999936,0.015799739997632,Command injection,100.0,99.96153846153845,97.3076923076923,44.80769230769231,74.0,61.53846153846154,79.6025641025641
e3286be2ed394eeb9bd62c0832b50d8c,20260721_043339:51,command_injection,long_cube_then_cylinder_sort,cube_transport,long_cube_place_high,high,cube,1,5,0.15,0.14718385354413785,0.13472535963765514,0.1708149463187049,0.0018544965000000246,0.0110880523439928,Command injection,100.0,100.0,97.96153846153847,52.19230769230769,74.1923076923077,42.96153846153846,77.88461538461537
00decfc660a94accac3b65629dea906a,20260721_044113:62,command_injection,short_cube_pick_place,cube_transport,long_cube_place_high,medium,cube,1,5,0.09999999999999999,0.09664315242791255,0.12629946252224117,0.21080498915194754,0.0005189955000000079,0.0184455375340381,Command injection,100.0,99.96153846153845,97.92307692307692,55.07692307692308,69.46153846153847,68.3076923076923,81.78846153846153
bfa1da0d8ede4281893bfc0847dd4b87,20260721_044148:64,command_injection,long_cube_then_cylinder_sort,cylinder_transport,long_cylinder_place_high,high,cylinder,1,5,0.15000000000000002,0.1451486469581962,0.1341593204733775,0.33455644872274154,0.0009490359999999587,0.0227257641034939,Command injection,100.0,100.0,97.96153846153847,60.57692307692307,73.53846153846155,77.1923076923077,84.87820512820512
d122368c6cfc4ce3b06b33b0f0a07148,20260721_044300:67,command_injection,long_cube_then_cylinder_sort,cylinder_transport,long_cylinder_place_high,low,cylinder,1,5,0.04999999999999999,0.04880140296234983,0.04473520329606743,0.1634824928312509,0.0011785760000000423,0.0169264059111624,Command injection,100.0,99.84615384615385,95.88461538461537,51.46153846153846,74.0,64.96153846153845,81.02564102564102
d1dcd89007564cafafd75773511e70ff,20260721_044338:68,command_injection,long_cube_then_cylinder_sort,cube_transport,long_cube_place_high,low,cube,1,5,0.05,0.04957280144845212,0.04443312488916543,0.059487797703130306,0.048935865500000064,0.0050155190538832,Command injection,100.0,99.84615384615385,95.84615384615385,30.26923076923077,75.34615384615385,23.23076923076923,70.75641025641026
a26c512c933d46c3b4a25574a63d2864,20260721_044745:75,command_injection,long_cube_then_cylinder_sort,cube_transport,long_cube_place_high,medium,cube,1,5,0.09999999999999999,0.09977343086778043,0.08833000388635177,0.142864553989014,0.048492174499999985,0.0037887915448383,Command injection,100.0,99.96153846153845,97.26923076923077,48.769230769230774,75.15384615384615,20.192307692307693,73.5576923076923
ece7e77746b643a38283ac0218ce9ab9,20260721_044833:76,command_injection,short_cube_pick_place,cube_transport,long_cube_place_high,low,cube,1,5,0.05,0.051375832759036996,0.060542729317286985,0.45844232177270433,0.0002272285000000096,0.0195800824831644,Command injection,100.0,99.84615384615385,96.65384615384616,66.0,49.30769230769231,71.6923076923077,80.58333333333333
e684242715084bceae625e8dd48dcf1a,20260721_044851:77,command_injection,long_cube_then_cylinder_sort,cube_transport,long_cube_place_high,medium,cube,1,5,0.09999999999999999,0.09921733577187503,0.08859126872927232,0.16377500085301078,0.09853344050000001,0.0057748004152561,Command injection,100.0,99.96153846153845,97.26923076923077,51.46153846153846,97.61538461538461,25.769230769230766,78.67948717948717
4328444b6a144739ad1eac6ec7f3b7c6,20260721_045527:88,command_injection,short_cube_pick_place,cube_transport,long_cube_place_high,low,cube,1,5,0.05,0.04892681733091787,0.06070739867784336,0.18015966690645754,0.0012287134999999783,0.0113110025564907,Command injection,100.0,99.84615384615385,96.65384615384616,52.807692307692314,74.07692307692308,43.53846153846154,77.82051282051283
830c1c5c826c4a6ebee0b1dc97e11dc7,20260721_045554:89,command_injection,long_cube_then_cylinder_sort,cube_transport,long_cube_place_high,high,cube,1,5,0.15,0.14752049769108647,0.133700263760051,0.2017719380765585,0.0016247784999998682,0.0099794133290808,Command injection,100.0,100.0,97.96153846153847,54.38461538461539,74.15384615384616,39.69230769230769,77.69871794871794
abecf871688246ba9f872c0f8d32ecaa,20260721_045721:91,command_injection,short_cube_pick_place,cube_transport,long_cube_place_high,medium,cube,1,5,0.09999999999999999,0.09698737169519295,0.1262525017182247,0.20278495879469785,0.0001877584999999682,0.0166030262563342,Command injection,100.0,99.96153846153845,97.92307692307692,54.42307692307692,42.73076923076923,64.0,76.50641025641025
49263265ba3649f981676c725573b246,20260721_071937:2,replay_attack,short_cube_pick_place,cube_retreat,long_cube_place_mid,low,cube,1,5,0.25487985404892244,0.20670684107381068,0.46346842344511596,172.76610798954542,0.099379675,0.0641924077402628,Replay,100.0,100.0,99.96153846153845,100.0,97.65384615384616,85.46153846153847,97.17948717948718
01f0a6d372f64671b6195103d9bb6a98,20260721_072028:5,replay_attack,long_cube_then_cylinder_sort,cylinder_retreat,long_cylinder_place_mid,high,cylinder,1,5,0.7956422500093872,0.7755838937787732,0.3758586044386716,7.305984523994625,0.4996371180000001,0.0194353279827773,Replay,100.0,100.0,99.96153846153845,86.07692307692307,98.65384615384616,71.38461538461539,92.67948717948718
0df9b95da3fc4cbeaa87a97494bfafa2,20260721_072746:20,replay_attack,short_cube_pick_place,cube_retreat,long_cube_place_mid,high,cube,1,5,0.7258389490789262,0.7034349603383594,0.7275989590114871,7.4086921495128175,0.34934435900000005,0.0220421415650705,Replay,100.0,100.0,100.0,86.5,98.57692307692307,75.73076923076924,93.46794871794873
0eeb5da0a26e4fc789513ed7d8f1e9de,20260721_072904:23,replay_attack,short_cube_pick_place,cube_retreat,long_cube_place_mid,medium,cube,1,5,0.3266925465938884,0.3205611767361905,0.2713506469523882,1.35094313468128,0.3499434130000001,0.0168148072736762,Replay,100.0,100.0,99.8076923076923,69.96153846153847,98.61538461538461,64.53846153846153,88.82051282051282
c61ade563219430fbd28390e94a928ed,20260721_072923:24,replay_attack,long_cube_then_cylinder_sort,cube_retreat,long_cube_place_mid,high,cube,1,5,0.7258389490789262,0.708930855823675,0.4172357560215431,7.603875488259951,0.699448704,0.0167972899219508,Replay,100.0,100.0,99.96153846153845,87.07692307692308,98.73076923076923,64.46153846153845,91.70512820512822
7247f6887daf4fa1a96fcced458d4cf0,20260721_073000:25,replay_attack,long_cube_then_cylinder_sort,cube_retreat,long_cube_place_mid,low,cube,1,5,0.25487985404892244,0.2082608492058416,0.30175236250072196,170.1313827297429,0.09954693800000003,0.0641429555930101,Replay,100.0,100.0,99.96153846153845,100.0,97.8076923076923,85.46153846153847,97.20512820512822
90333b563b7a45438a35f0ddc48772c2,20260721_073112:28,replay_attack,short_cube_pick_place,cube_retreat,long_cube_place_mid,high,cube,1,5,0.7258389490789262,0.6928350328906301,0.7217576655760227,17.608586708332393,0.34944004000000006,0.0330785760253416,Replay,100.0,100.0,100.0,94.8076923076923,98.57692307692307,81.03846153846153,95.73717948717949
b58aaf2b72644a93beddfd385e44a69a,20260721_073323:32,replay_attack,short_cube_pick_place,cube_retreat,long_cube_place_mid,high,cube,1,5,0.7258389490789262,0.7034032110301989,0.7279682203765869,7.506952091869445,0.3496706850000001,0.0220504225136163,Replay,100.0,100.0,100.0,86.92307692307692,98.57692307692307,75.73076923076924,93.53846153846155
3a3e15f519c643e0ab5bd5861f409e7e,20260721_073440:35,replay_attack,long_cube_then_cylinder_sort,cube_retreat,long_cube_place_mid,medium,cube,1,5,0.3266925465938884,0.3158824360960095,0.2146744289825967,1.2449186383617612,0.399443157,0.0178356328688945,Replay,100.0,100.0,98.76923076923076,69.61538461538461,98.65384615384616,66.6923076923077,88.95512820512822
d6105cf3dc9c4b6c9b871b4ea99e41cf,20260721_073710:40,replay_attack,long_cube_then_cylinder_sort,cube_retreat,long_cube_place_mid,high,cube,1,5,0.7258389490789262,0.7240324788029044,0.41004060616728333,7.692549224040569,0.74935534,0.0010346200178206,Replay,100.0,100.0,99.96153846153845,87.1923076923077,98.73076923076923,3.8461538461538463,81.62179487179488
719768ed694c4ab4817f9d5b0f3a372b,20260721_073844:44,replay_attack,short_cube_pick_place,cube_retreat,long_cube_place_mid,medium,cube,1,5,0.3266925465938884,0.3130373995527513,0.2664414219330911,19.017567280723735,0.3494622030000001,0.0245698385577596,Replay,100.0,100.0,99.76923076923076,96.26923076923077,98.57692307692307,78.96153846153847,95.59615384615385
5c8d92b19ecf497e821a45629c16dc19,20260721_074000:47,replay_attack,long_cube_then_cylinder_sort,cylinder_retreat,long_cylinder_place_mid,low,cylinder,1,5,0.2940887961143711,0.2693681733019854,0.3905874944670095,141.67507222648305,0.09977986800000005,0.0340236641779027,Replay,100.0,100.0,99.96153846153845,100.0,97.92307692307692,81.03846153846153,96.48717948717949
ccd745371f4f443984a4b0ae21645f5f,20260721_074057:49,replay_attack,long_cube_then_cylinder_sort,cylinder_retreat,long_cylinder_place_mid,medium,cylinder,1,5,0.3266925465938884,0.33559878470645227,0.1495459218281514,1.467322689124824,0.449335437,0.0008288193952963,Replay,100.0,100.0,98.11538461538461,70.3076923076923,98.65384615384616,2.307692307692308,78.23076923076924
40f568ef290146b5b42b91c48e48f9e2,20260721_074214:51,replay_attack,long_cube_then_cylinder_sort,cube_retreat,long_cube_place_mid,high,cube,1,5,0.7258389490789262,0.706905753358907,0.41445871134016005,13.409957128833497,0.6997497810000001,0.01890563070139,Replay,100.0,100.0,99.96153846153845,92.34615384615384,98.73076923076923,69.11538461538461,93.35897435897435
3f01f69462004a5d9ac09d07d6450706,20260721_074700:59,replay_attack,long_cube_then_cylinder_sort,cylinder_retreat,long_cylinder_place_mid,medium,cylinder,1,5,0.3266925465938884,0.32011092121374807,0.15961947481679883,1.2867923031737187,0.39930699599999997,0.0164088409029629,Replay,100.0,100.0,98.26923076923076,69.6923076923077,98.65384615384616,63.07692307692307,88.28205128205128
d97d502f58f841d4b4501f9b4f615deb,20260721_074815:61,replay_attack,short_cube_pick_place,cube_retreat,long_cube_place_mid,low,cube,1,5,0.25487985404892244,0.20472464288345613,0.4634308049464684,170.31208132976644,0.09939710400000001,0.0643055625303249,Replay,100.0,100.0,99.96153846153845,100.0,97.6923076923077,85.46153846153847,97.18589743589745
90d33df95246497e9d983e47428a32d6,20260721_075308:72,replay_attack,short_cube_pick_place,cube_retreat,long_cube_place_mid,medium,cube,1,5,0.3266925465938884,0.31676673436288694,0.26578854372113947,18.98834152268767,0.34954128100000004,0.0207243059324537,Replay,100.0,100.0,99.76923076923076,96.26923076923077,98.57692307692307,73.84615384615385,94.74358974358974
81a5593bc4cd43e08bc4e0f430322bb0,20260721_075327:73,replay_attack,short_cube_pick_place,cube_retreat,long_cube_place_mid,high,cube,1,5,0.7258389490789262,0.705169788799419,0.7263682618421686,7.186522399295203,0.350073481,0.020215960828144,Replay,100.0,100.0,100.0,85.76923076923076,98.61538461538461,72.38461538461539,92.79487179487178
0c08b484408f40559c604a01b55b9ed9,20260721_080221:92,replay_attack,short_cube_pick_place,cube_retreat,long_cube_place_mid,low,cube,1,5,0.25487985404892244,0.20293905877013874,0.46343199121450884,170.28559926045787,0.09939773600000001,0.0642395746664224,Replay,100.0,100.0,99.96153846153845,100.0,97.6923076923077,85.46153846153847,97.18589743589745
9f44559ecbb741bda54410406fe4a705,20260721_080411:96,replay_attack,long_cube_then_cylinder_sort,cube_retreat,long_cube_place_mid,low,cube,1,5,0.25487985404892244,0.20787530452226183,0.301753744552986,170.0759243421155,0.099578693,0.064154765388345,Replay,100.0,100.0,99.96153846153845,100.0,97.8076923076923,85.46153846153847,97.20512820512822
9a38bfef8e2e486e9ec809056e104e2d,20260721_053324:4,denial_of_service,short_cube_pick_place,cube_transport,long_cube_place_high,medium,cube,1,5,0.0,0.00447604900418195,0.23427178342107294,4.147903321606343,0.8010943755,0.0041018248463843,Delay DoS,100.0,62.92307692307693,99.1923076923077,77.65384615384615,98.73076923076923,21.0,76.58333333333333
7e28c2a2cf094968a583ab2b42ecf397,20260721_054325:14,denial_of_service,short_cube_pick_place,cube_transport,long_cube_place_high,low,cube,1,5,0.0,0.011145313251292876,0.09876075199816466,2.189557011178114,0.2511530875000001,0.0197231796634586,Delay DoS,100.0,87.26923076923076,97.34615384615385,73.07692307692307,98.57692307692307,72.0,88.04487179487181
3af73bffb9204a72b41666d7ed2e2cf1,20260721_054619:21,denial_of_service,short_cube_pick_place,cube_transport,long_cube_place_high,medium,cube,1,5,0.0,0.012938333582617203,0.23001389684129248,4.504533771076166,0.7508618224999999,0.0215162002972378,Delay DoS,100.0,90.46153846153845,99.15384615384616,78.07692307692308,98.73076923076923,74.6923076923077,90.18589743589745
e949e3d8124545ab90309af2b10f6aec,20260721_054636:22,denial_of_service,long_cube_then_cylinder_sort,cylinder_transport,long_cylinder_place_high,high,cylinder,1,5,0.0,0.010349214477322987,0.21948009308586486,5.641481897141312,1.5007723240000002,0.0219874989566484,Delay DoS,100.0,85.46153846153847,98.88461538461539,82.11538461538461,98.88461538461539,75.5,90.14102564102564
0e299552b8734341af55c651334d647a,20260721_054805:24,denial_of_service,long_cube_then_cylinder_sort,cube_transport,long_cube_place_high,high,cube,1,5,0.0,0.00612263403129159,0.21464981509504194,5.533241206530802,1.4997759785000002,0.0117361493794353,Delay DoS,100.0,73.76923076923076,98.76923076923076,81.92307692307692,98.88461538461539,44.76923076923077,83.01923076923076
85e38ac5bd024960a5f16299b81dcb6d,20260721_055404:34,denial_of_service,short_cube_pick_place,cube_transport,long_cube_place_high,low,cube,1,5,0.0,0.005886650185623092,0.10751215033361819,1.6391752742035406,0.3007656205,0.0026912219510707,Delay DoS,100.0,71.92307692307692,97.6923076923077,70.96153846153847,98.57692307692307,15.269230769230768,75.73717948717947
610fa6335db64e77b5fdc42e9c6f4b6f,20260721_060134:49,denial_of_service,long_cube_then_cylinder_sort,cylinder_transport,long_cylinder_place_high,medium,cylinder,1,5,0.0,0.0038823044820710815,0.14285964870185,3.8433077352900513,0.7508159649999999,0.0155205874989537,Delay DoS,100.0,58.96153846153847,98.0,76.61538461538461,98.73076923076923,59.88461538461538,82.03205128205128
f4e4dd4e230b4d8c9a8139ebafcbd9a1,20260721_060337:52,denial_of_service,long_cube_then_cylinder_sort,cube_transport,long_cube_place_high,medium,cube,1,5,0.0,0.002086552788913802,0.1355546542074088,3.673540958333909,0.7996348005,0.0077000676399955,Delay DoS,100.0,37.230769230769226,97.96153846153847,76.23076923076924,98.73076923076923,30.76923076923077,73.48717948717949
8925962d2a424ce9a78e6a2dbc2de8d0,20260721_060502:54,denial_of_service,long_cube_then_cylinder_sort,cube_transport,long_cube_place_high,high,cube,1,5,0.0,0.013946667320223196,0.21344232560106002,5.643322954888348,1.4999953415,0.0195601827179166,Delay DoS,100.0,91.5,98.76923076923076,82.11538461538461,98.88461538461539,71.53846153846153,90.46794871794872
32276e2145644698b6a1fea6d0194d09,20260721_060910:59,denial_of_service,long_cube_then_cylinder_sort,cylinder_transport,long_cylinder_place_high,medium,cylinder,1,5,0.0,0.0038823044820710815,0.14175945367404563,3.8383004834193613,0.7510118130000001,0.0155205874989537,Delay DoS,100.0,58.96153846153847,98.0,76.61538461538461,98.73076923076923,59.88461538461538,82.03205128205128
efa30f5b5aa345fbad0ce7b2386dd9e8,20260721_061147:64,denial_of_service,long_cube_then_cylinder_sort,cylinder_transport,long_cylinder_place_high,high,cylinder,1,5,0.0,0.009055832311175994,0.22000464720500043,5.665949882072543,1.500825371,0.0206941166651094,Delay DoS,100.0,82.26923076923077,98.88461538461539,82.11538461538461,98.88461538461539,73.65384615384616,89.30128205128206
da9905563efb40c9a4266d284c7d85c9,20260721_061350:67,denial_of_service,long_cube_then_cylinder_sort,cylinder_transport,long_cylinder_place_high,low,cylinder,1,5,0.0,0.009481289165722375,0.06831885914031646,1.4510445586293323,0.3005642500000001,0.0021569971498756,Delay DoS,100.0,83.46153846153847,96.88461538461539,70.23076923076923,98.57692307692307,12.076923076923077,76.87179487179486
c630052ee2be4c78912f8ce4644b40a8,20260721_062017:79,denial_of_service,short_cube_pick_place,cube_transport,long_cube_place_high,high,cube,1,5,0.0,0.011145284950644981,0.34454505338671065,6.297784947078878,1.5016059384999998,0.0197231511264975,Delay DoS,100.0,87.26923076923076,99.96153846153845,84.0,98.88461538461539,72.0,90.3525641025641
8067dbd7912c401bb3b27869f4ac474a,20260721_062146:81,denial_of_service,long_cube_then_cylinder_sort,cylinder_transport,long_cylinder_place_high,low,cylinder,1,5,0.0,0.010491969500739148,0.06851761213196783,1.2418531754546744,0.3003545999999999,0.0011463167225461,Delay DoS,100.0,85.92307692307692,96.88461538461539,69.61538461538461,98.57692307692307,4.807692307692308,75.96794871794872
5cccf9eb9c194e70a866458a6d5c68b3,20260721_062400:84,denial_of_service,short_cube_pick_place,cube_transport,long_cube_place_high,high,cube,1,5,0.0,0.007559292487481864,0.33833955328480575,6.104650048330767,1.5010616575,0.0161371580010543,Delay DoS,100.0,77.8076923076923,99.96153846153845,83.34615384615385,98.88461538461539,61.846153846153854,86.97435897435896
5569c3ca183c4d12b3974be0dc6f2918,20260721_062446:86,denial_of_service,short_cube_pick_place,cube_transport,long_cube_place_high,medium,cube,1,5,0.0,0.003186119829860517,0.23159566237685295,4.37074977122176,0.7508586415,0.0117639812607704,Delay DoS,100.0,51.65384615384615,99.15384615384616,77.92307692307693,98.73076923076923,45.11538461538461,78.76282051282051
75ac8dc88502436fb9fbe4085c4b3184,20260721_062753:92,denial_of_service,short_cube_pick_place,cube_transport,long_cube_place_high,low,cube,1,5,0.0,0.006155775577874136,0.11562449847612105,1.774392814389495,0.2510406784999999,0.002422096438789,Delay DoS,100.0,73.84615384615385,97.76923076923076,71.53846153846153,98.57692307692307,13.923076923076923,75.9423076923077
ec8a7c2bda324fb88df1e98af1383175,20260721_062858:94,denial_of_service,short_cube_pick_place,cube_transport,long_cube_place_high,high,cube,1,5,0.0,0.004020265689599592,0.34111468955824276,5.964022421044454,1.5514295734999999,0.0045576081726539,Delay DoS,100.0,60.03846153846154,99.96153846153845,83.11538461538461,98.88461538461539,22.115384615384613,77.3525641025641
4e7b5b76c17b4ab989acb6d31122b37d,20260721_062927:95,denial_of_service,long_cube_then_cylinder_sort,cube_transport,long_cube_place_high,low,cube,1,5,0.0,1.7076669130459282e-06,0.05988768291209298,1.599192008368278,0.25003146249999997,0.0056133956716019,Delay DoS,100.0,1.0,96.61538461538461,70.76923076923077,98.57692307692307,24.884615384615387,65.3076923076923
b7753d4e7bc44fa1aad910caf3ed4964,20260721_063141:98,denial_of_service,short_cube_pick_place,cube_transport,long_cube_place_high,high,cube,1,5,0.0,0.0052540513254117575,0.3498677800566664,6.016528792884339,1.5012621924999998,0.0033238212612748,Delay DoS,100.0,69.15384615384616,99.96153846153845,83.26923076923077,98.88461538461539,18.03846153846154,78.21794871794873
